# DAATA HAMLET RESIDENCE 3D ARCHITECTURAL MODEL
mtllib daata_hamlet.mtl

o Plaster_White_Stucco
usemtl Plaster_White_Stucco
v 25.71750 14.28750 3.35280
v 25.71750 14.28750 4.26720
v 25.71750 17.02643 3.35280
v 25.71750 17.02643 4.26720
v 25.94610 14.28750 3.35280
v 25.94610 14.28750 4.26720
v 25.94610 17.02643 3.35280
v 25.94610 17.02643 4.26720
v 11.01090 0.18288 6.70560
v 11.01090 0.18288 7.62000
v 11.01090 9.23361 6.70560
v 11.01090 9.23361 7.62000
v 11.23950 0.18288 6.70560
v 11.23950 0.18288 7.62000
v 11.23950 9.23361 6.70560
v 11.23950 9.23361 7.62000
v 12.64310 10.05840 6.70560
v 12.64310 10.05840 7.62000
v 12.64310 10.28700 6.70560
v 12.64310 10.28700 7.62000
v 15.65910 10.05840 6.70560
v 15.65910 10.05840 7.62000
v 15.65910 10.28700 6.70560
v 15.65910 10.28700 7.62000
v 15.65910 10.05840 6.70560
v 15.65910 10.05840 7.62000
v 15.65910 11.90518 6.70560
v 15.65910 11.90518 7.62000
v 15.88770 10.05840 6.70560
v 15.88770 10.05840 7.62000
v 15.88770 11.90518 6.70560
v 15.88770 11.90518 7.62000
v 17.66407 12.72540 6.70560
v 17.66407 12.72540 7.62000
v 17.66407 12.95400 6.70560
v 17.66407 12.95400 7.62000
v 21.14550 12.72540 6.70560
v 21.14550 12.72540 7.62000
v 21.14550 12.95400 6.70560
v 21.14550 12.95400 7.62000
v 11.01090 0.91440 0.00000
v 11.01090 0.91440 3.20040
v 11.01090 1.14300 0.00000
v 11.01090 1.14300 3.20040
v 12.38250 0.91440 0.00000
v 12.38250 0.91440 3.20040
v 12.38250 1.14300 0.00000
v 12.38250 1.14300 3.20040
v 12.38250 0.91440 0.00000
v 12.38250 0.91440 0.60960
v 12.38250 1.14300 0.00000
v 12.38250 1.14300 0.60960
v 14.51610 0.91440 0.00000
v 14.51610 0.91440 0.60960
v 14.51610 1.14300 0.00000
v 14.51610 1.14300 0.60960
v 12.38250 0.91440 2.43840
v 12.38250 0.91440 3.20040
v 12.38250 1.14300 2.43840
v 12.38250 1.14300 3.20040
v 14.51610 0.91440 2.43840
v 14.51610 0.91440 3.20040
v 14.51610 1.14300 2.43840
v 14.51610 1.14300 3.20040
v 14.51610 0.91440 0.00000
v 14.51610 0.91440 3.20040
v 14.51610 1.14300 0.00000
v 14.51610 1.14300 3.20040
v 16.30680 0.91440 0.00000
v 16.30680 0.91440 3.20040
v 16.30680 1.14300 0.00000
v 16.30680 1.14300 3.20040
v 16.30680 0.91440 2.43840
v 16.30680 0.91440 3.20040
v 16.30680 1.14300 2.43840
v 16.30680 1.14300 3.20040
v 17.37360 0.91440 2.43840
v 17.37360 0.91440 3.20040
v 17.37360 1.14300 2.43840
v 17.37360 1.14300 3.20040
v 17.37360 0.91440 0.00000
v 17.37360 0.91440 3.20040
v 17.37360 1.14300 0.00000
v 17.37360 1.14300 3.20040
v 17.98320 0.91440 0.00000
v 17.98320 0.91440 3.20040
v 17.98320 1.14300 0.00000
v 17.98320 1.14300 3.20040
v 17.98320 0.91440 0.00000
v 17.98320 0.91440 0.60960
v 17.98320 1.14300 0.00000
v 17.98320 1.14300 0.60960
v 20.42160 0.91440 0.00000
v 20.42160 0.91440 0.60960
v 20.42160 1.14300 0.00000
v 20.42160 1.14300 0.60960
v 17.98320 0.91440 2.43840
v 17.98320 0.91440 3.20040
v 17.98320 1.14300 2.43840
v 17.98320 1.14300 3.20040
v 20.42160 0.91440 2.43840
v 20.42160 0.91440 3.20040
v 20.42160 1.14300 2.43840
v 20.42160 1.14300 3.20040
v 20.42160 0.91440 0.00000
v 20.42160 0.91440 3.20040
v 20.42160 1.14300 0.00000
v 20.42160 1.14300 3.20040
v 22.36470 0.91440 0.00000
v 22.36470 0.91440 3.20040
v 22.36470 1.14300 0.00000
v 22.36470 1.14300 3.20040
v 22.36470 0.91440 0.00000
v 22.36470 0.91440 0.60960
v 22.36470 1.14300 0.00000
v 22.36470 1.14300 0.60960
v 24.49830 0.91440 0.00000
v 24.49830 0.91440 0.60960
v 24.49830 1.14300 0.00000
v 24.49830 1.14300 0.60960
v 22.36470 0.91440 2.43840
v 22.36470 0.91440 3.20040
v 22.36470 1.14300 2.43840
v 22.36470 1.14300 3.20040
v 24.49830 0.91440 2.43840
v 24.49830 0.91440 3.20040
v 24.49830 1.14300 2.43840
v 24.49830 1.14300 3.20040
v 24.49830 0.91440 0.00000
v 24.49830 0.91440 3.20040
v 24.49830 1.14300 0.00000
v 24.49830 1.14300 3.20040
v 25.94610 0.91440 0.00000
v 25.94610 0.91440 3.20040
v 25.94610 1.14300 0.00000
v 25.94610 1.14300 3.20040
v 11.01090 0.91440 0.00000
v 11.01090 0.91440 3.20040
v 11.01090 6.70560 0.00000
v 11.01090 6.70560 3.20040
v 11.23950 0.91440 0.00000
v 11.23950 0.91440 3.20040
v 11.23950 6.70560 0.00000
v 11.23950 6.70560 3.20040
v 11.01090 6.70560 2.43840
v 11.01090 6.70560 3.20040
v 11.01090 8.07720 2.43840
v 11.01090 8.07720 3.20040
v 11.23950 6.70560 2.43840
v 11.23950 6.70560 3.20040
v 11.23950 8.07720 2.43840
v 11.23950 8.07720 3.20040
v 11.01090 8.07720 0.00000
v 11.01090 8.07720 3.20040
v 11.01090 8.76300 0.00000
v 11.01090 8.76300 3.20040
v 11.23950 8.07720 0.00000
v 11.23950 8.07720 3.20040
v 11.23950 8.76300 0.00000
v 11.23950 8.76300 3.20040
v 11.01090 8.76300 0.00000
v 11.01090 8.76300 1.98120
v 11.01090 9.22020 0.00000
v 11.01090 9.22020 1.98120
v 11.23950 8.76300 0.00000
v 11.23950 8.76300 1.98120
v 11.23950 9.22020 0.00000
v 11.23950 9.22020 1.98120
v 11.01090 8.76300 2.43840
v 11.01090 8.76300 3.20040
v 11.01090 9.22020 2.43840
v 11.01090 9.22020 3.20040
v 11.23950 8.76300 2.43840
v 11.23950 8.76300 3.20040
v 11.23950 9.22020 2.43840
v 11.23950 9.22020 3.20040
v 11.01090 9.22020 0.00000
v 11.01090 9.22020 3.20040
v 11.01090 9.23361 0.00000
v 11.01090 9.23361 3.20040
v 11.23950 9.22020 0.00000
v 11.23950 9.22020 3.20040
v 11.23950 9.23361 0.00000
v 11.23950 9.23361 3.20040
v 12.64310 10.05840 0.00000
v 12.64310 10.05840 3.20040
v 12.64310 10.28700 0.00000
v 12.64310 10.28700 3.20040
v 15.65910 10.05840 0.00000
v 15.65910 10.05840 3.20040
v 15.65910 10.28700 0.00000
v 15.65910 10.28700 3.20040
v 15.65910 1.14300 0.00000
v 15.65910 1.14300 3.20040
v 15.65910 6.01980 0.00000
v 15.65910 6.01980 3.20040
v 15.88770 1.14300 0.00000
v 15.88770 1.14300 3.20040
v 15.88770 6.01980 0.00000
v 15.88770 6.01980 3.20040
v 15.65910 6.24840 0.00000
v 15.65910 6.24840 3.20040
v 15.65910 6.40080 0.00000
v 15.65910 6.40080 3.20040
v 15.88770 6.24840 0.00000
v 15.88770 6.24840 3.20040
v 15.88770 6.40080 0.00000
v 15.88770 6.40080 3.20040
v 15.65910 6.40080 2.59080
v 15.65910 6.40080 3.20040
v 15.65910 8.07720 2.59080
v 15.65910 8.07720 3.20040
v 15.88770 6.40080 2.59080
v 15.88770 6.40080 3.20040
v 15.88770 8.07720 2.59080
v 15.88770 8.07720 3.20040
v 15.65910 8.07720 0.00000
v 15.65910 8.07720 3.20040
v 15.65910 8.68680 0.00000
v 15.65910 8.68680 3.20040
v 15.88770 8.07720 0.00000
v 15.88770 8.07720 3.20040
v 15.88770 8.68680 0.00000
v 15.88770 8.68680 3.20040
v 15.65910 8.68680 2.59080
v 15.65910 8.68680 3.20040
v 15.65910 9.90600 2.59080
v 15.65910 9.90600 3.20040
v 15.88770 8.68680 2.59080
v 15.88770 8.68680 3.20040
v 15.88770 9.90600 2.59080
v 15.88770 9.90600 3.20040
v 15.65910 9.90600 0.00000
v 15.65910 9.90600 3.20040
v 15.65910 10.05840 0.00000
v 15.65910 10.05840 3.20040
v 15.88770 9.90600 0.00000
v 15.88770 9.90600 3.20040
v 15.88770 10.05840 0.00000
v 15.88770 10.05840 3.20040
v 15.65910 10.05840 0.00000
v 15.65910 10.05840 3.20040
v 15.65910 10.66800 0.00000
v 15.65910 10.66800 3.20040
v 15.88770 10.05840 0.00000
v 15.88770 10.05840 3.20040
v 15.88770 10.66800 0.00000
v 15.88770 10.66800 3.20040
v 15.65910 10.66800 2.43840
v 15.65910 10.66800 3.20040
v 15.65910 11.65860 2.43840
v 15.65910 11.65860 3.20040
v 15.88770 10.66800 2.43840
v 15.88770 10.66800 3.20040
v 15.88770 11.65860 2.43840
v 15.88770 11.65860 3.20040
v 15.65910 11.65860 0.00000
v 15.65910 11.65860 3.20040
v 15.65910 11.90518 0.00000
v 15.65910 11.90518 3.20040
v 15.88770 11.65860 0.00000
v 15.88770 11.65860 3.20040
v 15.88770 11.90518 0.00000
v 15.88770 11.90518 3.20040
v 17.66407 12.72540 0.00000
v 17.66407 12.72540 3.20040
v 17.66407 12.95400 0.00000
v 17.66407 12.95400 3.20040
v 18.36420 12.72540 0.00000
v 18.36420 12.72540 3.20040
v 18.36420 12.95400 0.00000
v 18.36420 12.95400 3.20040
v 18.36420 12.72540 0.00000
v 18.36420 12.72540 0.91440
v 18.36420 12.95400 0.00000
v 18.36420 12.95400 0.91440
v 20.49780 12.72540 0.00000
v 20.49780 12.72540 0.91440
v 20.49780 12.95400 0.00000
v 20.49780 12.95400 0.91440
v 18.36420 12.72540 2.43840
v 18.36420 12.72540 3.20040
v 18.36420 12.95400 2.43840
v 18.36420 12.95400 3.20040
v 20.49780 12.72540 2.43840
v 20.49780 12.72540 3.20040
v 20.49780 12.95400 2.43840
v 20.49780 12.95400 3.20040
v 20.49780 12.72540 0.00000
v 20.49780 12.72540 3.20040
v 20.49780 12.95400 0.00000
v 20.49780 12.95400 3.20040
v 20.91690 12.72540 0.00000
v 20.91690 12.72540 3.20040
v 20.91690 12.95400 0.00000
v 20.91690 12.95400 3.20040
v 20.91690 1.14300 0.00000
v 20.91690 1.14300 3.20040
v 20.91690 6.01980 0.00000
v 20.91690 6.01980 3.20040
v 21.14550 1.14300 0.00000
v 21.14550 1.14300 3.20040
v 21.14550 6.01980 0.00000
v 21.14550 6.01980 3.20040
v 20.91690 6.24840 0.00000
v 20.91690 6.24840 3.20040
v 20.91690 8.61060 0.00000
v 20.91690 8.61060 3.20040
v 21.14550 6.24840 0.00000
v 21.14550 6.24840 3.20040
v 21.14550 8.61060 0.00000
v 21.14550 8.61060 3.20040
v 20.91690 10.85850 0.00000
v 20.91690 10.85850 3.20040
v 20.91690 11.43000 0.00000
v 20.91690 11.43000 3.20040
v 21.14550 10.85850 0.00000
v 21.14550 10.85850 3.20040
v 21.14550 11.43000 0.00000
v 21.14550 11.43000 3.20040
v 20.91690 11.43000 2.13360
v 20.91690 11.43000 3.20040
v 20.91690 12.49680 2.13360
v 20.91690 12.49680 3.20040
v 21.14550 11.43000 2.13360
v 21.14550 11.43000 3.20040
v 21.14550 12.49680 2.13360
v 21.14550 12.49680 3.20040
v 20.91690 12.49680 0.00000
v 20.91690 12.49680 3.20040
v 20.91690 15.16776 0.00000
v 20.91690 15.16776 3.20040
v 21.14550 12.49680 0.00000
v 21.14550 12.49680 3.20040
v 21.14550 15.16776 0.00000
v 21.14550 15.16776 3.20040
v 25.71750 1.14300 0.00000
v 25.71750 1.14300 3.20040
v 25.71750 6.85800 0.00000
v 25.71750 6.85800 3.20040
v 25.94610 1.14300 0.00000
v 25.94610 1.14300 3.20040
v 25.94610 6.85800 0.00000
v 25.94610 6.85800 3.20040
v 25.71750 6.85800 0.00000
v 25.71750 6.85800 1.98120
v 25.71750 7.46760 0.00000
v 25.71750 7.46760 1.98120
v 25.94610 6.85800 0.00000
v 25.94610 6.85800 1.98120
v 25.94610 7.46760 0.00000
v 25.94610 7.46760 1.98120
v 25.71750 6.85800 2.43840
v 25.71750 6.85800 3.20040
v 25.71750 7.46760 2.43840
v 25.71750 7.46760 3.20040
v 25.94610 6.85800 2.43840
v 25.94610 6.85800 3.20040
v 25.94610 7.46760 2.43840
v 25.94610 7.46760 3.20040
v 25.71750 7.46760 0.00000
v 25.71750 7.46760 3.20040
v 25.71750 8.99160 0.00000
v 25.71750 8.99160 3.20040
v 25.94610 7.46760 0.00000
v 25.94610 7.46760 3.20040
v 25.94610 8.99160 0.00000
v 25.94610 8.99160 3.20040
v 25.71750 8.99160 0.00000
v 25.71750 8.99160 0.30480
v 25.71750 10.51560 0.00000
v 25.71750 10.51560 0.30480
v 25.94610 8.99160 0.00000
v 25.94610 8.99160 0.30480
v 25.94610 10.51560 0.00000
v 25.94610 10.51560 0.30480
v 25.71750 8.99160 3.12420
v 25.71750 8.99160 3.20040
v 25.71750 10.51560 3.12420
v 25.71750 10.51560 3.20040
v 25.94610 8.99160 3.12420
v 25.94610 8.99160 3.20040
v 25.94610 10.51560 3.12420
v 25.94610 10.51560 3.20040
v 25.71750 10.51560 0.00000
v 25.71750 10.51560 3.20040
v 25.71750 11.58240 0.00000
v 25.71750 11.58240 3.20040
v 25.94610 10.51560 0.00000
v 25.94610 10.51560 3.20040
v 25.94610 11.58240 0.00000
v 25.94610 11.58240 3.20040
v 25.71750 11.58240 0.00000
v 25.71750 11.58240 1.06680
v 25.71750 13.25880 0.00000
v 25.71750 13.25880 1.06680
v 25.94610 11.58240 0.00000
v 25.94610 11.58240 1.06680
v 25.94610 13.25880 0.00000
v 25.94610 13.25880 1.06680
v 25.71750 11.58240 2.13360
v 25.71750 11.58240 3.20040
v 25.71750 13.25880 2.13360
v 25.71750 13.25880 3.20040
v 25.94610 11.58240 2.13360
v 25.94610 11.58240 3.20040
v 25.94610 13.25880 2.13360
v 25.94610 13.25880 3.20040
v 25.71750 13.25880 0.00000
v 25.71750 13.25880 3.20040
v 25.71750 14.63040 0.00000
v 25.71750 14.63040 3.20040
v 25.94610 13.25880 0.00000
v 25.94610 13.25880 3.20040
v 25.94610 14.63040 0.00000
v 25.94610 14.63040 3.20040
v 25.71750 14.63040 2.13360
v 25.71750 14.63040 3.20040
v 25.71750 15.54480 2.13360
v 25.71750 15.54480 3.20040
v 25.94610 14.63040 2.13360
v 25.94610 14.63040 3.20040
v 25.94610 15.54480 2.13360
v 25.94610 15.54480 3.20040
v 25.71750 15.54480 0.00000
v 25.71750 15.54480 3.20040
v 25.71750 15.69720 0.00000
v 25.71750 15.69720 3.20040
v 25.94610 15.54480 0.00000
v 25.94610 15.54480 3.20040
v 25.94610 15.69720 0.00000
v 25.94610 15.69720 3.20040
v 25.71750 15.69720 0.00000
v 25.71750 15.69720 1.98120
v 25.71750 16.30680 0.00000
v 25.71750 16.30680 1.98120
v 25.94610 15.69720 0.00000
v 25.94610 15.69720 1.98120
v 25.94610 16.30680 0.00000
v 25.94610 16.30680 1.98120
v 25.71750 15.69720 2.43840
v 25.71750 15.69720 3.20040
v 25.71750 16.30680 2.43840
v 25.71750 16.30680 3.20040
v 25.94610 15.69720 2.43840
v 25.94610 15.69720 3.20040
v 25.94610 16.30680 2.43840
v 25.94610 16.30680 3.20040
v 25.71750 16.30680 0.00000
v 25.71750 16.30680 3.20040
v 25.71750 17.02643 0.00000
v 25.71750 17.02643 3.20040
v 25.94610 16.30680 0.00000
v 25.94610 16.30680 3.20040
v 25.94610 17.02643 0.00000
v 25.94610 17.02643 3.20040
v 11.23950 6.01980 0.00000
v 11.23950 6.01980 3.20040
v 11.23950 6.24840 0.00000
v 11.23950 6.24840 3.20040
v 13.25880 6.01980 0.00000
v 13.25880 6.01980 3.20040
v 13.25880 6.24840 0.00000
v 13.25880 6.24840 3.20040
v 13.25880 6.01980 2.13360
v 13.25880 6.01980 3.20040
v 13.25880 6.24840 2.13360
v 13.25880 6.24840 3.20040
v 14.32560 6.01980 2.13360
v 14.32560 6.01980 3.20040
v 14.32560 6.24840 2.13360
v 14.32560 6.24840 3.20040
v 14.32560 6.01980 0.00000
v 14.32560 6.01980 3.20040
v 14.32560 6.24840 0.00000
v 14.32560 6.24840 3.20040
v 16.15440 6.01980 0.00000
v 16.15440 6.01980 3.20040
v 16.15440 6.24840 0.00000
v 16.15440 6.24840 3.20040
v 16.15440 6.01980 2.13360
v 16.15440 6.01980 3.20040
v 16.15440 6.24840 2.13360
v 16.15440 6.24840 3.20040
v 17.22120 6.01980 2.13360
v 17.22120 6.01980 3.20040
v 17.22120 6.24840 2.13360
v 17.22120 6.24840 3.20040
v 17.22120 6.01980 0.00000
v 17.22120 6.01980 3.20040
v 17.22120 6.24840 0.00000
v 17.22120 6.24840 3.20040
v 19.35480 6.01980 0.00000
v 19.35480 6.01980 3.20040
v 19.35480 6.24840 0.00000
v 19.35480 6.24840 3.20040
v 19.35480 6.01980 2.13360
v 19.35480 6.01980 3.20040
v 19.35480 6.24840 2.13360
v 19.35480 6.24840 3.20040
v 20.11680 6.01980 2.13360
v 20.11680 6.01980 3.20040
v 20.11680 6.24840 2.13360
v 20.11680 6.24840 3.20040
v 20.11680 6.01980 0.00000
v 20.11680 6.01980 3.20040
v 20.11680 6.24840 0.00000
v 20.11680 6.24840 3.20040
v 21.33600 6.01980 0.00000
v 21.33600 6.01980 3.20040
v 21.33600 6.24840 0.00000
v 21.33600 6.24840 3.20040
v 21.33600 6.01980 2.13360
v 21.33600 6.01980 3.20040
v 21.33600 6.24840 2.13360
v 21.33600 6.24840 3.20040
v 22.40280 6.01980 2.13360
v 22.40280 6.01980 3.20040
v 22.40280 6.24840 2.13360
v 22.40280 6.24840 3.20040
v 22.40280 6.01980 0.00000
v 22.40280 6.01980 3.20040
v 22.40280 6.24840 0.00000
v 22.40280 6.24840 3.20040
v 25.71750 6.01980 0.00000
v 25.71750 6.01980 3.20040
v 25.71750 6.24840 0.00000
v 25.71750 6.24840 3.20040
v 11.23950 8.03910 0.00000
v 11.23950 8.03910 3.20040
v 11.23950 8.15340 0.00000
v 11.23950 8.15340 3.20040
v 12.80160 8.03910 0.00000
v 12.80160 8.03910 3.20040
v 12.80160 8.15340 0.00000
v 12.80160 8.15340 3.20040
v 12.80160 8.03910 2.13360
v 12.80160 8.03910 3.20040
v 12.80160 8.15340 2.13360
v 12.80160 8.15340 3.20040
v 13.56360 8.03910 2.13360
v 13.56360 8.03910 3.20040
v 13.56360 8.15340 2.13360
v 13.56360 8.15340 3.20040
v 13.56360 8.03910 0.00000
v 13.56360 8.03910 3.20040
v 13.56360 8.15340 0.00000
v 13.56360 8.15340 3.20040
v 13.83030 8.03910 0.00000
v 13.83030 8.03910 3.20040
v 13.83030 8.15340 0.00000
v 13.83030 8.15340 3.20040
v 13.71600 8.15340 0.00000
v 13.71600 8.15340 3.20040
v 13.71600 10.05840 0.00000
v 13.71600 10.05840 3.20040
v 13.83030 8.15340 0.00000
v 13.83030 8.15340 3.20040
v 13.83030 10.05840 0.00000
v 13.83030 10.05840 3.20040
v 22.13610 8.38200 0.00000
v 22.13610 8.38200 3.20040
v 22.13610 8.61060 0.00000
v 22.13610 8.61060 3.20040
v 25.71750 8.38200 0.00000
v 25.71750 8.38200 3.20040
v 25.71750 8.61060 0.00000
v 25.71750 8.61060 3.20040
v 21.14550 10.85850 0.00000
v 21.14550 10.85850 3.20040
v 21.14550 11.08710 0.00000
v 21.14550 11.08710 3.20040
v 25.71750 10.85850 0.00000
v 25.71750 10.85850 3.20040
v 25.71750 11.08710 0.00000
v 25.71750 11.08710 3.20040
v 21.14550 14.05890 0.00000
v 21.14550 14.05890 3.20040
v 21.14550 14.28750 0.00000
v 21.14550 14.28750 3.20040
v 22.55520 14.05890 0.00000
v 22.55520 14.05890 3.20040
v 22.55520 14.28750 0.00000
v 22.55520 14.28750 3.20040
v 22.55520 14.05890 2.13360
v 22.55520 14.05890 3.20040
v 22.55520 14.28750 2.13360
v 22.55520 14.28750 3.20040
v 23.46960 14.05890 2.13360
v 23.46960 14.05890 3.20040
v 23.46960 14.28750 2.13360
v 23.46960 14.28750 3.20040
v 23.46960 14.05890 0.00000
v 23.46960 14.05890 3.20040
v 23.46960 14.28750 0.00000
v 23.46960 14.28750 3.20040
v 25.71750 14.05890 0.00000
v 25.71750 14.05890 3.20040
v 25.71750 14.28750 0.00000
v 25.71750 14.28750 3.20040
v 23.92680 6.24840 0.00000
v 23.92680 6.24840 3.20040
v 23.92680 6.85800 0.00000
v 23.92680 6.85800 3.20040
v 24.04110 6.24840 0.00000
v 24.04110 6.24840 3.20040
v 24.04110 6.85800 0.00000
v 24.04110 6.85800 3.20040
v 23.92680 6.85800 2.13360
v 23.92680 6.85800 3.20040
v 23.92680 7.77240 2.13360
v 23.92680 7.77240 3.20040
v 24.04110 6.85800 2.13360
v 24.04110 6.85800 3.20040
v 24.04110 7.77240 2.13360
v 24.04110 7.77240 3.20040
v 23.92680 7.77240 0.00000
v 23.92680 7.77240 3.20040
v 23.92680 8.38200 0.00000
v 23.92680 8.38200 3.20040
v 24.04110 7.77240 0.00000
v 24.04110 7.77240 3.20040
v 24.04110 8.38200 0.00000
v 24.04110 8.38200 3.20040
v 12.72540 8.15340 0.00000
v 12.72540 8.15340 3.20040
v 12.72540 8.68680 0.00000
v 12.72540 8.68680 3.20040
v 12.83970 8.15340 0.00000
v 12.83970 8.15340 3.20040
v 12.83970 8.68680 0.00000
v 12.83970 8.68680 3.20040
v 12.72540 8.68680 2.13360
v 12.72540 8.68680 3.20040
v 12.72540 9.44880 2.13360
v 12.72540 9.44880 3.20040
v 12.83970 8.68680 2.13360
v 12.83970 8.68680 3.20040
v 12.83970 9.44880 2.13360
v 12.83970 9.44880 3.20040
v 12.72540 9.44880 0.00000
v 12.72540 9.44880 3.20040
v 12.72540 10.05840 0.00000
v 12.72540 10.05840 3.20040
v 12.83970 9.44880 0.00000
v 12.83970 9.44880 3.20040
v 12.83970 10.05840 0.00000
v 12.83970 10.05840 3.20040
v 17.29740 6.24840 0.00000
v 17.29740 6.24840 3.20040
v 17.29740 8.07720 0.00000
v 17.29740 8.07720 3.20040
v 17.41170 6.24840 0.00000
v 17.41170 6.24840 3.20040
v 17.41170 8.07720 0.00000
v 17.41170 8.07720 3.20040
v 18.82140 6.24840 0.00000
v 18.82140 6.24840 3.20040
v 18.82140 6.85800 0.00000
v 18.82140 6.85800 3.20040
v 18.93570 6.24840 0.00000
v 18.93570 6.24840 3.20040
v 18.93570 6.85800 0.00000
v 18.93570 6.85800 3.20040
v 18.82140 6.85800 0.00000
v 18.82140 6.85800 1.98120
v 18.82140 7.46760 0.00000
v 18.82140 7.46760 1.98120
v 18.93570 6.85800 0.00000
v 18.93570 6.85800 1.98120
v 18.93570 7.46760 0.00000
v 18.93570 7.46760 1.98120
v 18.82140 6.85800 2.43840
v 18.82140 6.85800 3.20040
v 18.82140 7.46760 2.43840
v 18.82140 7.46760 3.20040
v 18.93570 6.85800 2.43840
v 18.93570 6.85800 3.20040
v 18.93570 7.46760 2.43840
v 18.93570 7.46760 3.20040
v 18.82140 7.46760 0.00000
v 18.82140 7.46760 3.20040
v 18.82140 8.07720 0.00000
v 18.82140 8.07720 3.20040
v 18.93570 7.46760 0.00000
v 18.93570 7.46760 3.20040
v 18.93570 8.07720 0.00000
v 18.93570 8.07720 3.20040
v 17.29740 7.96290 0.00000
v 17.29740 7.96290 3.20040
v 17.29740 8.07720 0.00000
v 17.29740 8.07720 3.20040
v 17.52600 7.96290 0.00000
v 17.52600 7.96290 3.20040
v 17.52600 8.07720 0.00000
v 17.52600 8.07720 3.20040
v 17.52600 7.96290 0.00000
v 17.52600 7.96290 0.76200
v 17.52600 8.07720 0.00000
v 17.52600 8.07720 0.76200
v 18.59280 7.96290 0.00000
v 18.59280 7.96290 0.76200
v 18.59280 8.07720 0.00000
v 18.59280 8.07720 0.76200
v 17.52600 7.96290 2.28600
v 17.52600 7.96290 3.20040
v 17.52600 8.07720 2.28600
v 17.52600 8.07720 3.20040
v 18.59280 7.96290 2.28600
v 18.59280 7.96290 3.20040
v 18.59280 8.07720 2.28600
v 18.59280 8.07720 3.20040
v 18.59280 7.96290 0.00000
v 18.59280 7.96290 3.20040
v 18.59280 8.07720 0.00000
v 18.59280 8.07720 3.20040
v 20.91690 7.96290 0.00000
v 20.91690 7.96290 3.20040
v 20.91690 8.07720 0.00000
v 20.91690 8.07720 3.20040
v 22.13610 9.67740 0.00000
v 22.13610 9.67740 3.20040
v 22.13610 9.79170 0.00000
v 22.13610 9.79170 3.20040
v 24.65070 9.67740 0.00000
v 24.65070 9.67740 3.20040
v 24.65070 9.79170 0.00000
v 24.65070 9.79170 3.20040
v 11.01090 0.91440 3.35280
v 11.01090 0.91440 6.55320
v 11.01090 1.14300 3.35280
v 11.01090 1.14300 6.55320
v 12.38250 0.91440 3.35280
v 12.38250 0.91440 6.55320
v 12.38250 1.14300 3.35280
v 12.38250 1.14300 6.55320
v 12.38250 0.91440 5.79120
v 12.38250 0.91440 6.55320
v 12.38250 1.14300 5.79120
v 12.38250 1.14300 6.55320
v 14.51610 0.91440 5.79120
v 14.51610 0.91440 6.55320
v 14.51610 1.14300 5.79120
v 14.51610 1.14300 6.55320
v 14.51610 0.91440 3.35280
v 14.51610 0.91440 6.55320
v 14.51610 1.14300 3.35280
v 14.51610 1.14300 6.55320
v 17.18310 0.91440 3.35280
v 17.18310 0.91440 6.55320
v 17.18310 1.14300 3.35280
v 17.18310 1.14300 6.55320
v 17.18310 0.91440 5.79120
v 17.18310 0.91440 6.55320
v 17.18310 1.14300 5.79120
v 17.18310 1.14300 6.55320
v 19.62150 0.91440 5.79120
v 19.62150 0.91440 6.55320
v 19.62150 1.14300 5.79120
v 19.62150 1.14300 6.55320
v 19.62150 0.91440 3.35280
v 19.62150 0.91440 6.55320
v 19.62150 1.14300 3.35280
v 19.62150 1.14300 6.55320
v 22.36470 0.91440 3.35280
v 22.36470 0.91440 6.55320
v 22.36470 1.14300 3.35280
v 22.36470 1.14300 6.55320
v 22.36470 0.91440 5.79120
v 22.36470 0.91440 6.55320
v 22.36470 1.14300 5.79120
v 22.36470 1.14300 6.55320
v 24.49830 0.91440 5.79120
v 24.49830 0.91440 6.55320
v 24.49830 1.14300 5.79120
v 24.49830 1.14300 6.55320
v 24.49830 0.91440 3.35280
v 24.49830 0.91440 6.55320
v 24.49830 1.14300 3.35280
v 24.49830 1.14300 6.55320
v 25.94610 0.91440 3.35280
v 25.94610 0.91440 6.55320
v 25.94610 1.14300 3.35280
v 25.94610 1.14300 6.55320
v 11.01090 0.91440 3.35280
v 11.01090 0.91440 6.55320
v 11.01090 3.04800 3.35280
v 11.01090 3.04800 6.55320
v 11.23950 0.91440 3.35280
v 11.23950 0.91440 6.55320
v 11.23950 3.04800 3.35280
v 11.23950 3.04800 6.55320
v 11.01090 3.04800 5.48640
v 11.01090 3.04800 6.55320
v 11.01090 3.96240 5.48640
v 11.01090 3.96240 6.55320
v 11.23950 3.04800 5.48640
v 11.23950 3.04800 6.55320
v 11.23950 3.96240 5.48640
v 11.23950 3.96240 6.55320
v 11.01090 3.96240 3.35280
v 11.01090 3.96240 6.55320
v 11.01090 7.01040 3.35280
v 11.01090 7.01040 6.55320
v 11.23950 3.96240 3.35280
v 11.23950 3.96240 6.55320
v 11.23950 7.01040 3.35280
v 11.23950 7.01040 6.55320
v 11.01090 7.01040 3.35280
v 11.01090 7.01040 5.33400
v 11.01090 7.62000 3.35280
v 11.01090 7.62000 5.33400
v 11.23950 7.01040 3.35280
v 11.23950 7.01040 5.33400
v 11.23950 7.62000 3.35280
v 11.23950 7.62000 5.33400
v 11.01090 7.01040 5.79120
v 11.01090 7.01040 6.55320
v 11.01090 7.62000 5.79120
v 11.01090 7.62000 6.55320
v 11.23950 7.01040 5.79120
v 11.23950 7.01040 6.55320
v 11.23950 7.62000 5.79120
v 11.23950 7.62000 6.55320
v 11.01090 7.62000 3.35280
v 11.01090 7.62000 6.55320
v 11.01090 9.23361 3.35280
v 11.01090 9.23361 6.55320
v 11.23950 7.62000 3.35280
v 11.23950 7.62000 6.55320
v 11.23950 9.23361 3.35280
v 11.23950 9.23361 6.55320
v 12.64310 10.05840 3.35280
v 12.64310 10.05840 6.55320
v 12.64310 10.28700 3.35280
v 12.64310 10.28700 6.55320
v 15.65910 10.05840 3.35280
v 15.65910 10.05840 6.55320
v 15.65910 10.28700 3.35280
v 15.65910 10.28700 6.55320
v 15.65910 1.14300 3.35280
v 15.65910 1.14300 6.55320
v 15.65910 6.01980 3.35280
v 15.65910 6.01980 6.55320
v 15.88770 1.14300 3.35280
v 15.88770 1.14300 6.55320
v 15.88770 6.01980 3.35280
v 15.88770 6.01980 6.55320
v 15.65910 6.24840 3.35280
v 15.65910 6.24840 6.55320
v 15.65910 8.61060 3.35280
v 15.65910 8.61060 6.55320
v 15.88770 6.24840 3.35280
v 15.88770 6.24840 6.55320
v 15.88770 8.61060 3.35280
v 15.88770 8.61060 6.55320
v 15.65910 10.05840 3.35280
v 15.65910 10.05840 6.55320
v 15.65910 10.66800 3.35280
v 15.65910 10.66800 6.55320
v 15.88770 10.05840 3.35280
v 15.88770 10.05840 6.55320
v 15.88770 10.66800 3.35280
v 15.88770 10.66800 6.55320
v 15.65910 10.66800 3.35280
v 15.65910 10.66800 3.96240
v 15.65910 11.65860 3.35280
v 15.65910 11.65860 3.96240
v 15.88770 10.66800 3.35280
v 15.88770 10.66800 3.96240
v 15.88770 11.65860 3.35280
v 15.88770 11.65860 3.96240
v 15.65910 10.66800 5.79120
v 15.65910 10.66800 6.55320
v 15.65910 11.65860 5.79120
v 15.65910 11.65860 6.55320
v 15.88770 10.66800 5.79120
v 15.88770 10.66800 6.55320
v 15.88770 11.65860 5.79120
v 15.88770 11.65860 6.55320
v 15.65910 11.65860 3.35280
v 15.65910 11.65860 6.55320
v 15.65910 11.90518 3.35280
v 15.65910 11.90518 6.55320
v 15.88770 11.65860 3.35280
v 15.88770 11.65860 6.55320
v 15.88770 11.90518 3.35280
v 15.88770 11.90518 6.55320
v 17.66407 12.72540 3.35280
v 17.66407 12.72540 6.55320
v 17.66407 12.95400 3.35280
v 17.66407 12.95400 6.55320
v 18.36420 12.72540 3.35280
v 18.36420 12.72540 6.55320
v 18.36420 12.95400 3.35280
v 18.36420 12.95400 6.55320
v 18.36420 12.72540 3.35280
v 18.36420 12.72540 4.26720
v 18.36420 12.95400 3.35280
v 18.36420 12.95400 4.26720
v 20.49780 12.72540 3.35280
v 20.49780 12.72540 4.26720
v 20.49780 12.95400 3.35280
v 20.49780 12.95400 4.26720
v 18.36420 12.72540 5.79120
v 18.36420 12.72540 6.55320
v 18.36420 12.95400 5.79120
v 18.36420 12.95400 6.55320
v 20.49780 12.72540 5.79120
v 20.49780 12.72540 6.55320
v 20.49780 12.95400 5.79120
v 20.49780 12.95400 6.55320
v 20.49780 12.72540 3.35280
v 20.49780 12.72540 6.55320
v 20.49780 12.95400 3.35280
v 20.49780 12.95400 6.55320
v 20.91690 12.72540 3.35280
v 20.91690 12.72540 6.55320
v 20.91690 12.95400 3.35280
v 20.91690 12.95400 6.55320
v 20.91690 1.14300 3.35280
v 20.91690 1.14300 6.55320
v 20.91690 6.01980 3.35280
v 20.91690 6.01980 6.55320
v 21.14550 1.14300 3.35280
v 21.14550 1.14300 6.55320
v 21.14550 6.01980 3.35280
v 21.14550 6.01980 6.55320
v 20.91690 6.24840 3.35280
v 20.91690 6.24840 6.55320
v 20.91690 6.40080 3.35280
v 20.91690 6.40080 6.55320
v 21.14550 6.24840 3.35280
v 21.14550 6.24840 6.55320
v 21.14550 6.40080 3.35280
v 21.14550 6.40080 6.55320
v 20.91690 6.40080 5.48640
v 20.91690 6.40080 6.55320
v 20.91690 8.07720 5.48640
v 20.91690 8.07720 6.55320
v 21.14550 6.40080 5.48640
v 21.14550 6.40080 6.55320
v 21.14550 8.07720 5.48640
v 21.14550 8.07720 6.55320
v 20.91690 8.07720 3.35280
v 20.91690 8.07720 6.55320
v 20.91690 8.61060 3.35280
v 20.91690 8.61060 6.55320
v 21.14550 8.07720 3.35280
v 21.14550 8.07720 6.55320
v 21.14550 8.61060 3.35280
v 21.14550 8.61060 6.55320
v 20.91690 10.85850 3.35280
v 20.91690 10.85850 6.55320
v 20.91690 14.28750 3.35280
v 20.91690 14.28750 6.55320
v 21.14550 10.85850 3.35280
v 21.14550 10.85850 6.55320
v 21.14550 14.28750 3.35280
v 21.14550 14.28750 6.55320
v 25.71750 1.14300 3.35280
v 25.71750 1.14300 6.55320
v 25.71750 6.85800 3.35280
v 25.71750 6.85800 6.55320
v 25.94610 1.14300 3.35280
v 25.94610 1.14300 6.55320
v 25.94610 6.85800 3.35280
v 25.94610 6.85800 6.55320
v 25.71750 6.85800 3.35280
v 25.71750 6.85800 5.33400
v 25.71750 7.46760 3.35280
v 25.71750 7.46760 5.33400
v 25.94610 6.85800 3.35280
v 25.94610 6.85800 5.33400
v 25.94610 7.46760 3.35280
v 25.94610 7.46760 5.33400
v 25.71750 6.85800 5.79120
v 25.71750 6.85800 6.55320
v 25.71750 7.46760 5.79120
v 25.71750 7.46760 6.55320
v 25.94610 6.85800 5.79120
v 25.94610 6.85800 6.55320
v 25.94610 7.46760 5.79120
v 25.94610 7.46760 6.55320
v 25.71750 7.46760 3.35280
v 25.71750 7.46760 6.55320
v 25.71750 8.99160 3.35280
v 25.71750 8.99160 6.55320
v 25.94610 7.46760 3.35280
v 25.94610 7.46760 6.55320
v 25.94610 8.99160 3.35280
v 25.94610 8.99160 6.55320
v 25.71750 8.99160 3.35280
v 25.71750 8.99160 3.65760
v 25.71750 10.51560 3.35280
v 25.71750 10.51560 3.65760
v 25.94610 8.99160 3.35280
v 25.94610 8.99160 3.65760
v 25.94610 10.51560 3.35280
v 25.94610 10.51560 3.65760
v 25.71750 8.99160 6.47700
v 25.71750 8.99160 6.55320
v 25.71750 10.51560 6.47700
v 25.71750 10.51560 6.55320
v 25.94610 8.99160 6.47700
v 25.94610 8.99160 6.55320
v 25.94610 10.51560 6.47700
v 25.94610 10.51560 6.55320
v 25.71750 10.51560 3.35280
v 25.71750 10.51560 6.55320
v 25.71750 11.58240 3.35280
v 25.71750 11.58240 6.55320
v 25.94610 10.51560 3.35280
v 25.94610 10.51560 6.55320
v 25.94610 11.58240 3.35280
v 25.94610 11.58240 6.55320
v 25.71750 11.58240 3.35280
v 25.71750 11.58240 4.41960
v 25.71750 13.25880 3.35280
v 25.71750 13.25880 4.41960
v 25.94610 11.58240 3.35280
v 25.94610 11.58240 4.41960
v 25.94610 13.25880 3.35280
v 25.94610 13.25880 4.41960
v 25.71750 11.58240 5.48640
v 25.71750 11.58240 6.55320
v 25.71750 13.25880 5.48640
v 25.71750 13.25880 6.55320
v 25.94610 11.58240 5.48640
v 25.94610 11.58240 6.55320
v 25.94610 13.25880 5.48640
v 25.94610 13.25880 6.55320
v 25.71750 13.25880 3.35280
v 25.71750 13.25880 6.55320
v 25.71750 14.40180 3.35280
v 25.71750 14.40180 6.55320
v 25.94610 13.25880 3.35280
v 25.94610 13.25880 6.55320
v 25.94610 14.40180 3.35280
v 25.94610 14.40180 6.55320
v 11.23950 6.01980 3.35280
v 11.23950 6.01980 6.55320
v 11.23950 6.24840 3.35280
v 11.23950 6.24840 6.55320
v 13.41120 6.01980 3.35280
v 13.41120 6.01980 6.55320
v 13.41120 6.24840 3.35280
v 13.41120 6.24840 6.55320
v 13.41120 6.01980 5.48640
v 13.41120 6.01980 6.55320
v 13.41120 6.24840 5.48640
v 13.41120 6.24840 6.55320
v 14.47800 6.01980 5.48640
v 14.47800 6.01980 6.55320
v 14.47800 6.24840 5.48640
v 14.47800 6.24840 6.55320
v 14.47800 6.01980 3.35280
v 14.47800 6.01980 6.55320
v 14.47800 6.24840 3.35280
v 14.47800 6.24840 6.55320
v 16.15440 6.01980 3.35280
v 16.15440 6.01980 6.55320
v 16.15440 6.24840 3.35280
v 16.15440 6.24840 6.55320
v 16.15440 6.01980 5.48640
v 16.15440 6.01980 6.55320
v 16.15440 6.24840 5.48640
v 16.15440 6.24840 6.55320
v 17.22120 6.01980 5.48640
v 17.22120 6.01980 6.55320
v 17.22120 6.24840 5.48640
v 17.22120 6.24840 6.55320
v 17.22120 6.01980 3.35280
v 17.22120 6.01980 6.55320
v 17.22120 6.24840 3.35280
v 17.22120 6.24840 6.55320
v 19.35480 6.01980 3.35280
v 19.35480 6.01980 6.55320
v 19.35480 6.24840 3.35280
v 19.35480 6.24840 6.55320
v 19.35480 6.01980 5.48640
v 19.35480 6.01980 6.55320
v 19.35480 6.24840 5.48640
v 19.35480 6.24840 6.55320
v 20.11680 6.01980 5.48640
v 20.11680 6.01980 6.55320
v 20.11680 6.24840 5.48640
v 20.11680 6.24840 6.55320
v 20.11680 6.01980 3.35280
v 20.11680 6.01980 6.55320
v 20.11680 6.24840 3.35280
v 20.11680 6.24840 6.55320
v 21.33600 6.01980 3.35280
v 21.33600 6.01980 6.55320
v 21.33600 6.24840 3.35280
v 21.33600 6.24840 6.55320
v 21.33600 6.01980 5.48640
v 21.33600 6.01980 6.55320
v 21.33600 6.24840 5.48640
v 21.33600 6.24840 6.55320
v 22.40280 6.01980 5.48640
v 22.40280 6.01980 6.55320
v 22.40280 6.24840 5.48640
v 22.40280 6.24840 6.55320
v 22.40280 6.01980 3.35280
v 22.40280 6.01980 6.55320
v 22.40280 6.24840 3.35280
v 22.40280 6.24840 6.55320
v 25.71750 6.01980 3.35280
v 25.71750 6.01980 6.55320
v 25.71750 6.24840 3.35280
v 25.71750 6.24840 6.55320
v 11.23950 8.38200 3.35280
v 11.23950 8.38200 6.55320
v 11.23950 8.61060 3.35280
v 11.23950 8.61060 6.55320
v 13.41120 8.38200 3.35280
v 13.41120 8.38200 6.55320
v 13.41120 8.61060 3.35280
v 13.41120 8.61060 6.55320
v 13.41120 8.38200 5.48640
v 13.41120 8.38200 6.55320
v 13.41120 8.61060 5.48640
v 13.41120 8.61060 6.55320
v 14.47800 8.38200 5.48640
v 14.47800 8.38200 6.55320
v 14.47800 8.61060 5.48640
v 14.47800 8.61060 6.55320
v 14.47800 8.38200 3.35280
v 14.47800 8.38200 6.55320
v 14.47800 8.61060 3.35280
v 14.47800 8.61060 6.55320
v 14.59230 8.38200 3.35280
v 14.59230 8.38200 6.55320
v 14.59230 8.61060 3.35280
v 14.59230 8.61060 6.55320
v 15.88770 8.38200 3.35280
v 15.88770 8.38200 6.55320
v 15.88770 8.61060 3.35280
v 15.88770 8.61060 6.55320
v 16.15440 8.38200 3.35280
v 16.15440 8.38200 6.55320
v 16.15440 8.61060 3.35280
v 16.15440 8.61060 6.55320
v 16.15440 8.38200 5.48640
v 16.15440 8.38200 6.55320
v 16.15440 8.61060 5.48640
v 16.15440 8.61060 6.55320
v 17.22120 8.38200 5.48640
v 17.22120 8.38200 6.55320
v 17.22120 8.61060 5.48640
v 17.22120 8.61060 6.55320
v 17.22120 8.38200 3.35280
v 17.22120 8.38200 6.55320
v 17.22120 8.61060 3.35280
v 17.22120 8.61060 6.55320
v 19.77390 8.38200 3.35280
v 19.77390 8.38200 6.55320
v 19.77390 8.61060 3.35280
v 19.77390 8.61060 6.55320
v 22.13610 8.38200 3.35280
v 22.13610 8.38200 6.55320
v 22.13610 8.61060 3.35280
v 22.13610 8.61060 6.55320
v 25.71750 8.38200 3.35280
v 25.71750 8.38200 6.55320
v 25.71750 8.61060 3.35280
v 25.71750 8.61060 6.55320
v 21.14550 10.85850 3.35280
v 21.14550 10.85850 6.55320
v 21.14550 11.08710 3.35280
v 21.14550 11.08710 6.55320
v 25.71750 10.85850 3.35280
v 25.71750 10.85850 6.55320
v 25.71750 11.08710 3.35280
v 25.71750 11.08710 6.55320
v 21.14550 14.05890 3.35280
v 21.14550 14.05890 6.55320
v 21.14550 14.28750 3.35280
v 21.14550 14.28750 6.55320
v 22.55520 14.05890 3.35280
v 22.55520 14.05890 6.55320
v 22.55520 14.28750 3.35280
v 22.55520 14.28750 6.55320
v 22.55520 14.05890 5.48640
v 22.55520 14.05890 6.55320
v 22.55520 14.28750 5.48640
v 22.55520 14.28750 6.55320
v 23.46960 14.05890 5.48640
v 23.46960 14.05890 6.55320
v 23.46960 14.28750 5.48640
v 23.46960 14.28750 6.55320
v 23.46960 14.05890 3.35280
v 23.46960 14.05890 6.55320
v 23.46960 14.28750 3.35280
v 23.46960 14.28750 6.55320
v 25.71750 14.05890 3.35280
v 25.71750 14.05890 6.55320
v 25.71750 14.28750 3.35280
v 25.71750 14.28750 6.55320
v 23.92680 6.24840 3.35280
v 23.92680 6.24840 6.55320
v 23.92680 6.85800 3.35280
v 23.92680 6.85800 6.55320
v 24.04110 6.24840 3.35280
v 24.04110 6.24840 6.55320
v 24.04110 6.85800 3.35280
v 24.04110 6.85800 6.55320
v 23.92680 6.85800 5.48640
v 23.92680 6.85800 6.55320
v 23.92680 7.77240 5.48640
v 23.92680 7.77240 6.55320
v 24.04110 6.85800 5.48640
v 24.04110 6.85800 6.55320
v 24.04110 7.77240 5.48640
v 24.04110 7.77240 6.55320
v 23.92680 7.77240 3.35280
v 23.92680 7.77240 6.55320
v 23.92680 8.38200 3.35280
v 23.92680 8.38200 6.55320
v 24.04110 7.77240 3.35280
v 24.04110 7.77240 6.55320
v 24.04110 8.38200 3.35280
v 24.04110 8.38200 6.55320
v 12.83970 6.24840 3.35280
v 12.83970 6.24840 6.55320
v 12.83970 6.85800 3.35280
v 12.83970 6.85800 6.55320
v 12.95400 6.24840 3.35280
v 12.95400 6.24840 6.55320
v 12.95400 6.85800 3.35280
v 12.95400 6.85800 6.55320
v 12.83970 6.85800 5.48640
v 12.83970 6.85800 6.55320
v 12.83970 7.77240 5.48640
v 12.83970 7.77240 6.55320
v 12.95400 6.85800 5.48640
v 12.95400 6.85800 6.55320
v 12.95400 7.77240 5.48640
v 12.95400 7.77240 6.55320
v 12.83970 7.77240 3.35280
v 12.83970 7.77240 6.55320
v 12.83970 8.38200 3.35280
v 12.83970 8.38200 6.55320
v 12.95400 7.77240 3.35280
v 12.95400 7.77240 6.55320
v 12.95400 8.38200 3.35280
v 12.95400 8.38200 6.55320
v 17.29740 6.24840 3.35280
v 17.29740 6.24840 6.55320
v 17.29740 8.07720 3.35280
v 17.29740 8.07720 6.55320
v 17.41170 6.24840 3.35280
v 17.41170 6.24840 6.55320
v 17.41170 8.07720 3.35280
v 17.41170 8.07720 6.55320
v 18.82140 6.24840 3.35280
v 18.82140 6.24840 6.55320
v 18.82140 6.85800 3.35280
v 18.82140 6.85800 6.55320
v 18.93570 6.24840 3.35280
v 18.93570 6.24840 6.55320
v 18.93570 6.85800 3.35280
v 18.93570 6.85800 6.55320
v 18.82140 6.85800 3.35280
v 18.82140 6.85800 5.33400
v 18.82140 7.46760 3.35280
v 18.82140 7.46760 5.33400
v 18.93570 6.85800 3.35280
v 18.93570 6.85800 5.33400
v 18.93570 7.46760 3.35280
v 18.93570 7.46760 5.33400
v 18.82140 6.85800 5.79120
v 18.82140 6.85800 6.55320
v 18.82140 7.46760 5.79120
v 18.82140 7.46760 6.55320
v 18.93570 6.85800 5.79120
v 18.93570 6.85800 6.55320
v 18.93570 7.46760 5.79120
v 18.93570 7.46760 6.55320
v 18.82140 7.46760 3.35280
v 18.82140 7.46760 6.55320
v 18.82140 8.07720 3.35280
v 18.82140 8.07720 6.55320
v 18.93570 7.46760 3.35280
v 18.93570 7.46760 6.55320
v 18.93570 8.07720 3.35280
v 18.93570 8.07720 6.55320
v 17.29740 7.96290 3.35280
v 17.29740 7.96290 6.55320
v 17.29740 8.07720 3.35280
v 17.29740 8.07720 6.55320
v 20.91690 7.96290 3.35280
v 20.91690 7.96290 6.55320
v 20.91690 8.07720 3.35280
v 20.91690 8.07720 6.55320
v 22.13610 9.67740 3.35280
v 22.13610 9.67740 6.55320
v 22.13610 9.79170 3.35280
v 22.13610 9.79170 6.55320
v 24.65070 9.67740 3.35280
v 24.65070 9.67740 6.55320
v 24.65070 9.79170 3.35280
v 24.65070 9.79170 6.55320
v 15.65910 0.91440 6.70560
v 15.65910 0.91440 9.90600
v 15.65910 1.14300 6.70560
v 15.65910 1.14300 9.90600
v 17.18310 0.91440 6.70560
v 17.18310 0.91440 9.90600
v 17.18310 1.14300 6.70560
v 17.18310 1.14300 9.90600
v 17.18310 0.91440 9.14400
v 17.18310 0.91440 9.90600
v 17.18310 1.14300 9.14400
v 17.18310 1.14300 9.90600
v 19.62150 0.91440 9.14400
v 19.62150 0.91440 9.90600
v 19.62150 1.14300 9.14400
v 19.62150 1.14300 9.90600
v 19.62150 0.91440 6.70560
v 19.62150 0.91440 9.90600
v 19.62150 1.14300 6.70560
v 19.62150 1.14300 9.90600
v 22.36470 0.91440 6.70560
v 22.36470 0.91440 9.90600
v 22.36470 1.14300 6.70560
v 22.36470 1.14300 9.90600
v 22.36470 0.91440 9.14400
v 22.36470 0.91440 9.90600
v 22.36470 1.14300 9.14400
v 22.36470 1.14300 9.90600
v 24.49830 0.91440 9.14400
v 24.49830 0.91440 9.90600
v 24.49830 1.14300 9.14400
v 24.49830 1.14300 9.90600
v 24.49830 0.91440 6.70560
v 24.49830 0.91440 9.90600
v 24.49830 1.14300 6.70560
v 24.49830 1.14300 9.90600
v 25.94610 0.91440 6.70560
v 25.94610 0.91440 9.90600
v 25.94610 1.14300 6.70560
v 25.94610 1.14300 9.90600
v 15.65910 1.14300 6.70560
v 15.65910 1.14300 9.90600
v 15.65910 1.82880 6.70560
v 15.65910 1.82880 9.90600
v 15.88770 1.14300 6.70560
v 15.88770 1.14300 9.90600
v 15.88770 1.82880 6.70560
v 15.88770 1.82880 9.90600
v 15.65910 1.82880 6.70560
v 15.65910 1.82880 7.31520
v 15.65910 3.35280 6.70560
v 15.65910 3.35280 7.31520
v 15.88770 1.82880 6.70560
v 15.88770 1.82880 7.31520
v 15.88770 3.35280 6.70560
v 15.88770 3.35280 7.31520
v 15.65910 1.82880 9.14400
v 15.65910 1.82880 9.90600
v 15.65910 3.35280 9.14400
v 15.65910 3.35280 9.90600
v 15.88770 1.82880 9.14400
v 15.88770 1.82880 9.90600
v 15.88770 3.35280 9.14400
v 15.88770 3.35280 9.90600
v 15.65910 3.35280 6.70560
v 15.65910 3.35280 9.90600
v 15.65910 4.11480 6.70560
v 15.65910 4.11480 9.90600
v 15.88770 3.35280 6.70560
v 15.88770 3.35280 9.90600
v 15.88770 4.11480 6.70560
v 15.88770 4.11480 9.90600
v 15.65910 4.11480 8.83920
v 15.65910 4.11480 9.90600
v 15.65910 5.02920 8.83920
v 15.65910 5.02920 9.90600
v 15.88770 4.11480 8.83920
v 15.88770 4.11480 9.90600
v 15.88770 5.02920 8.83920
v 15.88770 5.02920 9.90600
v 15.65910 5.02920 6.70560
v 15.65910 5.02920 9.90600
v 15.65910 8.61060 6.70560
v 15.65910 8.61060 9.90600
v 15.88770 5.02920 6.70560
v 15.88770 5.02920 9.90600
v 15.88770 8.61060 6.70560
v 15.88770 8.61060 9.90600
v 15.65910 6.01980 6.70560
v 15.65910 6.01980 9.90600
v 15.65910 6.24840 6.70560
v 15.65910 6.24840 9.90600
v 16.15440 6.01980 6.70560
v 16.15440 6.01980 9.90600
v 16.15440 6.24840 6.70560
v 16.15440 6.24840 9.90600
v 16.15440 6.01980 8.83920
v 16.15440 6.01980 9.90600
v 16.15440 6.24840 8.83920
v 16.15440 6.24840 9.90600
v 17.22120 6.01980 8.83920
v 17.22120 6.01980 9.90600
v 17.22120 6.24840 8.83920
v 17.22120 6.24840 9.90600
v 17.22120 6.01980 6.70560
v 17.22120 6.01980 9.90600
v 17.22120 6.24840 6.70560
v 17.22120 6.24840 9.90600
v 19.35480 6.01980 6.70560
v 19.35480 6.01980 9.90600
v 19.35480 6.24840 6.70560
v 19.35480 6.24840 9.90600
v 19.35480 6.01980 8.83920
v 19.35480 6.01980 9.90600
v 19.35480 6.24840 8.83920
v 19.35480 6.24840 9.90600
v 20.11680 6.01980 8.83920
v 20.11680 6.01980 9.90600
v 20.11680 6.24840 8.83920
v 20.11680 6.24840 9.90600
v 20.11680 6.01980 6.70560
v 20.11680 6.01980 9.90600
v 20.11680 6.24840 6.70560
v 20.11680 6.24840 9.90600
v 21.33600 6.01980 6.70560
v 21.33600 6.01980 9.90600
v 21.33600 6.24840 6.70560
v 21.33600 6.24840 9.90600
v 21.33600 6.01980 8.83920
v 21.33600 6.01980 9.90600
v 21.33600 6.24840 8.83920
v 21.33600 6.24840 9.90600
v 22.40280 6.01980 8.83920
v 22.40280 6.01980 9.90600
v 22.40280 6.24840 8.83920
v 22.40280 6.24840 9.90600
v 22.40280 6.01980 6.70560
v 22.40280 6.01980 9.90600
v 22.40280 6.24840 6.70560
v 22.40280 6.24840 9.90600
v 25.71750 6.01980 6.70560
v 25.71750 6.01980 9.90600
v 25.71750 6.24840 6.70560
v 25.71750 6.24840 9.90600
v 20.91690 1.14300 6.70560
v 20.91690 1.14300 9.90600
v 20.91690 6.01980 6.70560
v 20.91690 6.01980 9.90600
v 21.14550 1.14300 6.70560
v 21.14550 1.14300 9.90600
v 21.14550 6.01980 6.70560
v 21.14550 6.01980 9.90600
v 20.91690 6.24840 6.70560
v 20.91690 6.24840 9.90600
v 20.91690 6.40080 6.70560
v 20.91690 6.40080 9.90600
v 21.14550 6.24840 6.70560
v 21.14550 6.24840 9.90600
v 21.14550 6.40080 6.70560
v 21.14550 6.40080 9.90600
v 20.91690 6.40080 8.83920
v 20.91690 6.40080 9.90600
v 20.91690 8.07720 8.83920
v 20.91690 8.07720 9.90600
v 21.14550 6.40080 8.83920
v 21.14550 6.40080 9.90600
v 21.14550 8.07720 8.83920
v 21.14550 8.07720 9.90600
v 20.91690 8.07720 6.70560
v 20.91690 8.07720 9.90600
v 20.91690 8.61060 6.70560
v 20.91690 8.61060 9.90600
v 21.14550 8.07720 6.70560
v 21.14550 8.07720 9.90600
v 21.14550 8.61060 6.70560
v 21.14550 8.61060 9.90600
v 20.91690 10.85850 6.70560
v 20.91690 10.85850 9.90600
v 20.91690 11.43000 6.70560
v 20.91690 11.43000 9.90600
v 21.14550 10.85850 6.70560
v 21.14550 10.85850 9.90600
v 21.14550 11.43000 6.70560
v 21.14550 11.43000 9.90600
v 20.91690 11.43000 8.83920
v 20.91690 11.43000 9.90600
v 20.91690 12.49680 8.83920
v 20.91690 12.49680 9.90600
v 21.14550 11.43000 8.83920
v 21.14550 11.43000 9.90600
v 21.14550 12.49680 8.83920
v 21.14550 12.49680 9.90600
v 20.91690 12.49680 6.70560
v 20.91690 12.49680 9.90600
v 20.91690 14.28750 6.70560
v 20.91690 14.28750 9.90600
v 21.14550 12.49680 6.70560
v 21.14550 12.49680 9.90600
v 21.14550 14.28750 6.70560
v 21.14550 14.28750 9.90600
v 15.88770 8.38200 6.70560
v 15.88770 8.38200 9.90600
v 15.88770 8.61060 6.70560
v 15.88770 8.61060 9.90600
v 16.15440 8.38200 6.70560
v 16.15440 8.38200 9.90600
v 16.15440 8.61060 6.70560
v 16.15440 8.61060 9.90600
v 16.15440 8.38200 8.83920
v 16.15440 8.38200 9.90600
v 16.15440 8.61060 8.83920
v 16.15440 8.61060 9.90600
v 17.22120 8.38200 8.83920
v 17.22120 8.38200 9.90600
v 17.22120 8.61060 8.83920
v 17.22120 8.61060 9.90600
v 17.22120 8.38200 6.70560
v 17.22120 8.38200 9.90600
v 17.22120 8.61060 6.70560
v 17.22120 8.61060 9.90600
v 19.77390 8.38200 6.70560
v 19.77390 8.38200 9.90600
v 19.77390 8.61060 6.70560
v 19.77390 8.61060 9.90600
v 22.13610 8.38200 6.70560
v 22.13610 8.38200 9.90600
v 22.13610 8.61060 6.70560
v 22.13610 8.61060 9.90600
v 25.71750 8.38200 6.70560
v 25.71750 8.38200 9.90600
v 25.71750 8.61060 6.70560
v 25.71750 8.61060 9.90600
v 21.14550 10.85850 6.70560
v 21.14550 10.85850 9.90600
v 21.14550 11.08710 6.70560
v 21.14550 11.08710 9.90600
v 21.48840 10.85850 6.70560
v 21.48840 10.85850 9.90600
v 21.48840 11.08710 6.70560
v 21.48840 11.08710 9.90600
v 21.48840 10.85850 8.83920
v 21.48840 10.85850 9.90600
v 21.48840 11.08710 8.83920
v 21.48840 11.08710 9.90600
v 22.25040 10.85850 8.83920
v 22.25040 10.85850 9.90600
v 22.25040 11.08710 8.83920
v 22.25040 11.08710 9.90600
v 22.25040 10.85850 6.70560
v 22.25040 10.85850 9.90600
v 22.25040 11.08710 6.70560
v 22.25040 11.08710 9.90600
v 25.71750 10.85850 6.70560
v 25.71750 10.85850 9.90600
v 25.71750 11.08710 6.70560
v 25.71750 11.08710 9.90600
v 21.14550 14.05890 6.70560
v 21.14550 14.05890 9.90600
v 21.14550 14.28750 6.70560
v 21.14550 14.28750 9.90600
v 21.64080 14.05890 6.70560
v 21.64080 14.05890 9.90600
v 21.64080 14.28750 6.70560
v 21.64080 14.28750 9.90600
v 21.64080 14.05890 6.70560
v 21.64080 14.05890 7.62000
v 21.64080 14.28750 6.70560
v 21.64080 14.28750 7.62000
v 23.46960 14.05890 6.70560
v 23.46960 14.05890 7.62000
v 23.46960 14.28750 6.70560
v 23.46960 14.28750 7.62000
v 21.64080 14.05890 8.83920
v 21.64080 14.05890 9.90600
v 21.64080 14.28750 8.83920
v 21.64080 14.28750 9.90600
v 23.46960 14.05890 8.83920
v 23.46960 14.05890 9.90600
v 23.46960 14.28750 8.83920
v 23.46960 14.28750 9.90600
v 23.46960 14.05890 6.70560
v 23.46960 14.05890 9.90600
v 23.46960 14.28750 6.70560
v 23.46960 14.28750 9.90600
v 25.71750 14.05890 6.70560
v 25.71750 14.05890 9.90600
v 25.71750 14.28750 6.70560
v 25.71750 14.28750 9.90600
v 25.71750 1.14300 6.70560
v 25.71750 1.14300 9.90600
v 25.71750 6.85800 6.70560
v 25.71750 6.85800 9.90600
v 25.94610 1.14300 6.70560
v 25.94610 1.14300 9.90600
v 25.94610 6.85800 6.70560
v 25.94610 6.85800 9.90600
v 25.71750 6.85800 6.70560
v 25.71750 6.85800 8.68680
v 25.71750 7.46760 6.70560
v 25.71750 7.46760 8.68680
v 25.94610 6.85800 6.70560
v 25.94610 6.85800 8.68680
v 25.94610 7.46760 6.70560
v 25.94610 7.46760 8.68680
v 25.71750 6.85800 9.14400
v 25.71750 6.85800 9.90600
v 25.71750 7.46760 9.14400
v 25.71750 7.46760 9.90600
v 25.94610 6.85800 9.14400
v 25.94610 6.85800 9.90600
v 25.94610 7.46760 9.14400
v 25.94610 7.46760 9.90600
v 25.71750 7.46760 6.70560
v 25.71750 7.46760 9.90600
v 25.71750 8.99160 6.70560
v 25.71750 8.99160 9.90600
v 25.94610 7.46760 6.70560
v 25.94610 7.46760 9.90600
v 25.94610 8.99160 6.70560
v 25.94610 8.99160 9.90600
v 25.71750 8.99160 6.70560
v 25.71750 8.99160 7.01040
v 25.71750 10.51560 6.70560
v 25.71750 10.51560 7.01040
v 25.94610 8.99160 6.70560
v 25.94610 8.99160 7.01040
v 25.94610 10.51560 6.70560
v 25.94610 10.51560 7.01040
v 25.71750 8.99160 9.82980
v 25.71750 8.99160 9.90600
v 25.71750 10.51560 9.82980
v 25.71750 10.51560 9.90600
v 25.94610 8.99160 9.82980
v 25.94610 8.99160 9.90600
v 25.94610 10.51560 9.82980
v 25.94610 10.51560 9.90600
v 25.71750 10.51560 6.70560
v 25.71750 10.51560 9.90600
v 25.71750 11.43000 6.70560
v 25.71750 11.43000 9.90600
v 25.94610 10.51560 6.70560
v 25.94610 10.51560 9.90600
v 25.94610 11.43000 6.70560
v 25.94610 11.43000 9.90600
v 25.71750 11.43000 6.70560
v 25.71750 11.43000 7.77240
v 25.71750 12.34440 6.70560
v 25.71750 12.34440 7.77240
v 25.94610 11.43000 6.70560
v 25.94610 11.43000 7.77240
v 25.94610 12.34440 6.70560
v 25.94610 12.34440 7.77240
v 25.71750 11.43000 8.83920
v 25.71750 11.43000 9.90600
v 25.71750 12.34440 8.83920
v 25.71750 12.34440 9.90600
v 25.94610 11.43000 8.83920
v 25.94610 11.43000 9.90600
v 25.94610 12.34440 8.83920
v 25.94610 12.34440 9.90600
v 25.71750 12.34440 6.70560
v 25.71750 12.34440 9.90600
v 25.71750 13.10640 6.70560
v 25.71750 13.10640 9.90600
v 25.94610 12.34440 6.70560
v 25.94610 12.34440 9.90600
v 25.94610 13.10640 6.70560
v 25.94610 13.10640 9.90600
v 25.71750 13.10640 6.70560
v 25.71750 13.10640 8.68680
v 25.71750 13.86840 6.70560
v 25.71750 13.86840 8.68680
v 25.94610 13.10640 6.70560
v 25.94610 13.10640 8.68680
v 25.94610 13.86840 6.70560
v 25.94610 13.86840 8.68680
v 25.71750 13.10640 9.14400
v 25.71750 13.10640 9.90600
v 25.71750 13.86840 9.14400
v 25.71750 13.86840 9.90600
v 25.94610 13.10640 9.14400
v 25.94610 13.10640 9.90600
v 25.94610 13.86840 9.14400
v 25.94610 13.86840 9.90600
v 25.71750 13.86840 6.70560
v 25.71750 13.86840 9.90600
v 25.71750 14.40180 6.70560
v 25.71750 14.40180 9.90600
v 25.94610 13.86840 6.70560
v 25.94610 13.86840 9.90600
v 25.94610 14.40180 6.70560
v 25.94610 14.40180 9.90600
v 23.92680 6.24840 6.70560
v 23.92680 6.24840 9.90600
v 23.92680 6.85800 6.70560
v 23.92680 6.85800 9.90600
v 24.04110 6.24840 6.70560
v 24.04110 6.24840 9.90600
v 24.04110 6.85800 6.70560
v 24.04110 6.85800 9.90600
v 23.92680 6.85800 8.83920
v 23.92680 6.85800 9.90600
v 23.92680 7.77240 8.83920
v 23.92680 7.77240 9.90600
v 24.04110 6.85800 8.83920
v 24.04110 6.85800 9.90600
v 24.04110 7.77240 8.83920
v 24.04110 7.77240 9.90600
v 23.92680 7.77240 6.70560
v 23.92680 7.77240 9.90600
v 23.92680 8.38200 6.70560
v 23.92680 8.38200 9.90600
v 24.04110 7.77240 6.70560
v 24.04110 7.77240 9.90600
v 24.04110 8.38200 6.70560
v 24.04110 8.38200 9.90600
v 17.29740 6.24840 6.70560
v 17.29740 6.24840 9.90600
v 17.29740 8.07720 6.70560
v 17.29740 8.07720 9.90600
v 17.41170 6.24840 6.70560
v 17.41170 6.24840 9.90600
v 17.41170 8.07720 6.70560
v 17.41170 8.07720 9.90600
v 18.82140 6.24840 6.70560
v 18.82140 6.24840 9.90600
v 18.82140 6.85800 6.70560
v 18.82140 6.85800 9.90600
v 18.93570 6.24840 6.70560
v 18.93570 6.24840 9.90600
v 18.93570 6.85800 6.70560
v 18.93570 6.85800 9.90600
v 18.82140 6.85800 6.70560
v 18.82140 6.85800 8.68680
v 18.82140 7.46760 6.70560
v 18.82140 7.46760 8.68680
v 18.93570 6.85800 6.70560
v 18.93570 6.85800 8.68680
v 18.93570 7.46760 6.70560
v 18.93570 7.46760 8.68680
v 18.82140 6.85800 9.14400
v 18.82140 6.85800 9.90600
v 18.82140 7.46760 9.14400
v 18.82140 7.46760 9.90600
v 18.93570 6.85800 9.14400
v 18.93570 6.85800 9.90600
v 18.93570 7.46760 9.14400
v 18.93570 7.46760 9.90600
v 18.82140 7.46760 6.70560
v 18.82140 7.46760 9.90600
v 18.82140 8.07720 6.70560
v 18.82140 8.07720 9.90600
v 18.93570 7.46760 6.70560
v 18.93570 7.46760 9.90600
v 18.93570 8.07720 6.70560
v 18.93570 8.07720 9.90600
v 17.29740 7.96290 6.70560
v 17.29740 7.96290 9.90600
v 17.29740 8.07720 6.70560
v 17.29740 8.07720 9.90600
v 20.91690 7.96290 6.70560
v 20.91690 7.96290 9.90600
v 20.91690 8.07720 6.70560
v 20.91690 8.07720 9.90600
v 24.07920 11.08710 6.70560
v 24.07920 11.08710 9.90600
v 24.07920 11.43000 6.70560
v 24.07920 11.43000 9.90600
v 24.19350 11.08710 6.70560
v 24.19350 11.08710 9.90600
v 24.19350 11.43000 6.70560
v 24.19350 11.43000 9.90600
v 24.07920 11.43000 8.83920
v 24.07920 11.43000 9.90600
v 24.07920 12.19200 8.83920
v 24.07920 12.19200 9.90600
v 24.19350 11.43000 8.83920
v 24.19350 11.43000 9.90600
v 24.19350 12.19200 8.83920
v 24.19350 12.19200 9.90600
v 24.07920 12.19200 6.70560
v 24.07920 12.19200 9.90600
v 24.07920 12.95400 6.70560
v 24.07920 12.95400 9.90600
v 24.19350 12.19200 6.70560
v 24.19350 12.19200 9.90600
v 24.19350 12.95400 6.70560
v 24.19350 12.95400 9.90600
v 24.07920 12.95400 8.83920
v 24.07920 12.95400 9.90600
v 24.07920 13.71600 8.83920
v 24.07920 13.71600 9.90600
v 24.19350 12.95400 8.83920
v 24.19350 12.95400 9.90600
v 24.19350 13.71600 8.83920
v 24.19350 13.71600 9.90600
v 24.07920 13.71600 6.70560
v 24.07920 13.71600 9.90600
v 24.07920 14.05890 6.70560
v 24.07920 14.05890 9.90600
v 24.19350 13.71600 6.70560
v 24.19350 13.71600 9.90600
v 24.19350 14.05890 6.70560
v 24.19350 14.05890 9.90600
v 24.19350 12.64920 6.70560
v 24.19350 12.64920 9.90600
v 24.19350 12.76350 6.70560
v 24.19350 12.76350 9.90600
v 25.71750 12.64920 6.70560
v 25.71750 12.64920 9.90600
v 25.71750 12.76350 6.70560
v 25.71750 12.76350 9.90600
v 22.13610 9.67740 6.70560
v 22.13610 9.67740 9.90600
v 22.13610 9.79170 6.70560
v 22.13610 9.79170 9.90600
v 24.65070 9.67740 6.70560
v 24.65070 9.67740 9.90600
v 24.65070 9.79170 6.70560
v 24.65070 9.79170 9.90600
v 20.91690 8.38200 10.05840
v 20.91690 8.38200 12.64920
v 20.91690 8.61060 10.05840
v 20.91690 8.61060 12.64920
v 21.33600 8.38200 10.05840
v 21.33600 8.38200 12.64920
v 21.33600 8.61060 10.05840
v 21.33600 8.61060 12.64920
v 21.33600 8.38200 12.19200
v 21.33600 8.38200 12.64920
v 21.33600 8.61060 12.19200
v 21.33600 8.61060 12.64920
v 22.09800 8.38200 12.19200
v 22.09800 8.38200 12.64920
v 22.09800 8.61060 12.19200
v 22.09800 8.61060 12.64920
v 22.09800 8.38200 10.05840
v 22.09800 8.38200 12.64920
v 22.09800 8.61060 10.05840
v 22.09800 8.61060 12.64920
v 23.16480 8.38200 10.05840
v 23.16480 8.38200 12.64920
v 23.16480 8.61060 10.05840
v 23.16480 8.61060 12.64920
v 23.16480 8.38200 10.05840
v 23.16480 8.38200 10.82040
v 23.16480 8.61060 10.05840
v 23.16480 8.61060 10.82040
v 24.38400 8.38200 10.05840
v 24.38400 8.38200 10.82040
v 24.38400 8.61060 10.05840
v 24.38400 8.61060 10.82040
v 23.16480 8.38200 12.34440
v 23.16480 8.38200 12.64920
v 23.16480 8.61060 12.34440
v 23.16480 8.61060 12.64920
v 24.38400 8.38200 12.34440
v 24.38400 8.38200 12.64920
v 24.38400 8.61060 12.34440
v 24.38400 8.61060 12.64920
v 24.38400 8.38200 10.05840
v 24.38400 8.38200 12.64920
v 24.38400 8.61060 10.05840
v 24.38400 8.61060 12.64920
v 25.94610 8.38200 10.05840
v 25.94610 8.38200 12.64920
v 25.94610 8.61060 10.05840
v 25.94610 8.61060 12.64920
v 20.91690 10.85850 10.05840
v 20.91690 10.85850 12.64920
v 20.91690 11.08710 10.05840
v 20.91690 11.08710 12.64920
v 22.86000 10.85850 10.05840
v 22.86000 10.85850 12.64920
v 22.86000 11.08710 10.05840
v 22.86000 11.08710 12.64920
v 22.86000 10.85850 10.05840
v 22.86000 10.85850 10.97280
v 22.86000 11.08710 10.05840
v 22.86000 11.08710 10.97280
v 24.38400 10.85850 10.05840
v 24.38400 10.85850 10.97280
v 24.38400 11.08710 10.05840
v 24.38400 11.08710 10.97280
v 22.86000 10.85850 12.19200
v 22.86000 10.85850 12.64920
v 22.86000 11.08710 12.19200
v 22.86000 11.08710 12.64920
v 24.38400 10.85850 12.19200
v 24.38400 10.85850 12.64920
v 24.38400 11.08710 12.19200
v 24.38400 11.08710 12.64920
v 24.38400 10.85850 10.05840
v 24.38400 10.85850 12.64920
v 24.38400 11.08710 10.05840
v 24.38400 11.08710 12.64920
v 25.94610 10.85850 10.05840
v 25.94610 10.85850 12.64920
v 25.94610 11.08710 10.05840
v 25.94610 11.08710 12.64920
v 20.91690 8.61060 10.05840
v 20.91690 8.61060 12.64920
v 20.91690 9.14400 10.05840
v 20.91690 9.14400 12.64920
v 21.14550 8.61060 10.05840
v 21.14550 8.61060 12.64920
v 21.14550 9.14400 10.05840
v 21.14550 9.14400 12.64920
v 20.91690 9.14400 10.05840
v 20.91690 9.14400 10.97280
v 20.91690 10.21080 10.05840
v 20.91690 10.21080 10.97280
v 21.14550 9.14400 10.05840
v 21.14550 9.14400 10.97280
v 21.14550 10.21080 10.05840
v 21.14550 10.21080 10.97280
v 20.91690 9.14400 12.03960
v 20.91690 9.14400 12.64920
v 20.91690 10.21080 12.03960
v 20.91690 10.21080 12.64920
v 21.14550 9.14400 12.03960
v 21.14550 9.14400 12.64920
v 21.14550 10.21080 12.03960
v 21.14550 10.21080 12.64920
v 20.91690 10.21080 10.05840
v 20.91690 10.21080 12.64920
v 20.91690 10.85850 10.05840
v 20.91690 10.85850 12.64920
v 21.14550 10.21080 10.05840
v 21.14550 10.21080 12.64920
v 21.14550 10.85850 10.05840
v 21.14550 10.85850 12.64920
v 25.71750 8.61060 10.05840
v 25.71750 8.61060 12.64920
v 25.71750 8.99160 10.05840
v 25.71750 8.99160 12.64920
v 25.94610 8.61060 10.05840
v 25.94610 8.61060 12.64920
v 25.94610 8.99160 10.05840
v 25.94610 8.99160 12.64920
v 25.71750 8.99160 10.05840
v 25.71750 8.99160 10.36320
v 25.71750 10.51560 10.05840
v 25.71750 10.51560 10.36320
v 25.94610 8.99160 10.05840
v 25.94610 8.99160 10.36320
v 25.94610 10.51560 10.05840
v 25.94610 10.51560 10.36320
v 25.71750 8.99160 12.49680
v 25.71750 8.99160 12.64920
v 25.71750 10.51560 12.49680
v 25.71750 10.51560 12.64920
v 25.94610 8.99160 12.49680
v 25.94610 8.99160 12.64920
v 25.94610 10.51560 12.49680
v 25.94610 10.51560 12.64920
v 25.71750 10.51560 10.05840
v 25.71750 10.51560 12.64920
v 25.71750 10.85850 10.05840
v 25.71750 10.85850 12.64920
v 25.94610 10.51560 10.05840
v 25.94610 10.51560 12.64920
v 25.94610 10.85850 10.05840
v 25.94610 10.85850 12.64920
v 22.13610 9.67740 10.05840
v 22.13610 9.67740 12.64920
v 22.13610 9.79170 10.05840
v 22.13610 9.79170 12.64920
v 24.65070 9.67740 10.05840
v 24.65070 9.67740 12.64920
v 24.65070 9.79170 10.05840
v 24.65070 9.79170 12.64920
v 12.64310 10.05840 0.00000
v 12.71052 10.05840 0.00000
v 11.23950 9.10914 0.00000
v 11.23950 9.23361 0.00000
v 11.01090 9.23361 0.00000
v 11.01090 9.23369 0.00000
v 12.64310 10.28696 0.00000
v 12.64310 10.05840 3.20040
v 12.71052 10.05840 3.20040
v 11.23950 9.10914 3.20040
v 11.23950 9.23361 3.20040
v 11.01090 9.23361 3.20040
v 11.01090 9.23369 3.20040
v 12.64310 10.28696 3.20040
v 17.66407 12.72540 0.00000
v 17.72032 12.72540 0.00000
v 15.88770 11.76686 0.00000
v 15.88770 11.90518 0.00000
v 15.65910 11.90518 0.00000
v 15.65910 11.90527 0.00000
v 17.66407 12.95396 0.00000
v 17.66407 12.72540 3.20040
v 17.72032 12.72540 3.20040
v 15.88770 11.76686 3.20040
v 15.88770 11.90518 3.20040
v 15.65910 11.90518 3.20040
v 15.65910 11.90527 3.20040
v 17.66407 12.95396 3.20040
v 25.94610 17.36604 0.00000
v 25.71750 17.02634 0.00000
v 21.14550 15.16776 0.00000
v 20.91690 15.32159 0.00000
v 25.94610 17.36604 3.20040
v 25.71750 17.02634 3.20040
v 21.14550 15.16776 3.20040
v 20.91690 15.32159 3.20040
v 12.64310 10.05840 3.35280
v 12.71052 10.05840 3.35280
v 11.23950 9.10914 3.35280
v 11.23950 9.23361 3.35280
v 11.01090 9.23361 3.35280
v 11.01090 9.23369 3.35280
v 12.64310 10.28696 3.35280
v 12.64310 10.05840 6.55320
v 12.71052 10.05840 6.55320
v 11.23950 9.10914 6.55320
v 11.23950 9.23361 6.55320
v 11.01090 9.23361 6.55320
v 11.01090 9.23369 6.55320
v 12.64310 10.28696 6.55320
v 17.66407 12.72540 3.35280
v 17.72032 12.72540 3.35280
v 15.88770 11.76686 3.35280
v 15.88770 11.90518 3.35280
v 15.65910 11.90518 3.35280
v 15.65910 11.90527 3.35280
v 17.66407 12.95396 3.35280
v 17.66407 12.72540 6.55320
v 17.72032 12.72540 6.55320
v 15.88770 11.76686 6.55320
v 15.88770 11.90518 6.55320
v 15.65910 11.90518 6.55320
v 15.65910 11.90527 6.55320
v 17.66407 12.95396 6.55320
v 25.94610 17.36604 3.35280
v 25.71750 17.02634 3.35280
v 21.14550 15.16776 3.35280
v 20.91690 15.32159 3.35280
v 25.94610 17.36604 4.26720
v 25.71750 17.02634 4.26720
v 21.14550 15.16776 4.26720
v 20.91690 15.32159 4.26720
v 20.91690 8.38200 10.05840
v 25.94610 8.38200 10.05840
v 25.94610 1.06680 10.05840
v 25.83180 1.06680 10.05840
v 25.83180 8.26770 10.05840
v 20.80260 8.26770 10.05840
v 20.80260 8.49630 10.05840
v 15.77340 8.49630 10.05840
v 15.77340 1.06680 10.05840
v 15.65910 1.06680 10.05840
v 15.65910 8.61060 10.05840
v 20.91690 8.61060 10.05840
v 20.91690 8.38200 10.97280
v 25.94610 8.38200 10.97280
v 25.94610 1.06680 10.97280
v 25.83180 1.06680 10.97280
v 25.83180 8.26770 10.97280
v 20.80260 8.26770 10.97280
v 20.80260 8.49630 10.97280
v 15.77340 8.49630 10.97280
v 15.77340 1.06680 10.97280
v 15.65910 1.06680 10.97280
v 15.65910 8.61060 10.97280
v 20.91690 8.61060 10.97280
v 20.91690 11.08710 10.05840
v 20.91690 14.28750 10.05840
v 25.94610 14.28750 10.05840
v 25.94610 11.08710 10.05840
v 21.03120 14.17320 10.05840
v 21.03120 11.20140 10.05840
v 25.83180 11.20140 10.05840
v 25.83180 14.17320 10.05840
v 20.91690 11.08710 10.97280
v 20.91690 14.28750 10.97280
v 25.94610 14.28750 10.97280
v 25.94610 11.08710 10.97280
v 21.03120 14.17320 10.97280
v 21.03120 11.20140 10.97280
v 25.83180 11.20140 10.97280
v 25.83180 14.17320 10.97280
f 2 4 1
f 5 2 1
f 1 4 3
f 3 5 1
f 2 8 4
f 6 2 5
f 6 8 2
f 4 8 3
f 7 5 3
f 3 8 7
f 7 6 5
f 8 6 7
f 10 12 9
f 13 10 9
f 9 12 11
f 11 13 9
f 10 16 12
f 14 10 13
f 14 16 10
f 12 16 11
f 15 13 11
f 11 16 15
f 15 14 13
f 16 14 15
f 18 20 17
f 21 18 17
f 17 20 19
f 19 21 17
f 18 24 20
f 22 18 21
f 22 24 18
f 20 24 19
f 23 21 19
f 19 24 23
f 23 22 21
f 24 22 23
f 26 28 25
f 29 26 25
f 25 28 27
f 27 29 25
f 26 32 28
f 30 26 29
f 30 32 26
f 28 32 27
f 31 29 27
f 27 32 31
f 31 30 29
f 32 30 31
f 34 36 33
f 37 34 33
f 33 36 35
f 35 37 33
f 34 40 36
f 38 34 37
f 38 40 34
f 36 40 35
f 39 37 35
f 35 40 39
f 39 38 37
f 40 38 39
f 42 44 41
f 45 42 41
f 41 44 43
f 43 45 41
f 42 48 44
f 46 42 45
f 46 48 42
f 44 48 43
f 47 45 43
f 43 48 47
f 47 46 45
f 48 46 47
f 50 52 49
f 53 50 49
f 49 52 51
f 51 53 49
f 50 56 52
f 54 50 53
f 54 56 50
f 52 56 51
f 55 53 51
f 51 56 55
f 55 54 53
f 56 54 55
f 58 60 57
f 61 58 57
f 57 60 59
f 59 61 57
f 58 64 60
f 62 58 61
f 62 64 58
f 60 64 59
f 63 61 59
f 59 64 63
f 63 62 61
f 64 62 63
f 66 68 65
f 69 66 65
f 65 68 67
f 67 69 65
f 66 72 68
f 70 66 69
f 70 72 66
f 68 72 67
f 71 69 67
f 67 72 71
f 71 70 69
f 72 70 71
f 74 76 73
f 77 74 73
f 73 76 75
f 75 77 73
f 74 80 76
f 78 74 77
f 78 80 74
f 76 80 75
f 79 77 75
f 75 80 79
f 79 78 77
f 80 78 79
f 82 84 81
f 85 82 81
f 81 84 83
f 83 85 81
f 82 88 84
f 86 82 85
f 86 88 82
f 84 88 83
f 87 85 83
f 83 88 87
f 87 86 85
f 88 86 87
f 90 92 89
f 93 90 89
f 89 92 91
f 91 93 89
f 90 96 92
f 94 90 93
f 94 96 90
f 92 96 91
f 95 93 91
f 91 96 95
f 95 94 93
f 96 94 95
f 98 100 97
f 101 98 97
f 97 100 99
f 99 101 97
f 98 104 100
f 102 98 101
f 102 104 98
f 100 104 99
f 103 101 99
f 99 104 103
f 103 102 101
f 104 102 103
f 106 108 105
f 109 106 105
f 105 108 107
f 107 109 105
f 106 112 108
f 110 106 109
f 110 112 106
f 108 112 107
f 111 109 107
f 107 112 111
f 111 110 109
f 112 110 111
f 114 116 113
f 117 114 113
f 113 116 115
f 115 117 113
f 114 120 116
f 118 114 117
f 118 120 114
f 116 120 115
f 119 117 115
f 115 120 119
f 119 118 117
f 120 118 119
f 122 124 121
f 125 122 121
f 121 124 123
f 123 125 121
f 122 128 124
f 126 122 125
f 126 128 122
f 124 128 123
f 127 125 123
f 123 128 127
f 127 126 125
f 128 126 127
f 130 132 129
f 133 130 129
f 129 132 131
f 131 133 129
f 130 136 132
f 134 130 133
f 134 136 130
f 132 136 131
f 135 133 131
f 131 136 135
f 135 134 133
f 136 134 135
f 138 140 137
f 141 138 137
f 137 140 139
f 139 141 137
f 138 144 140
f 142 138 141
f 142 144 138
f 140 144 139
f 143 141 139
f 139 144 143
f 143 142 141
f 144 142 143
f 146 148 145
f 149 146 145
f 145 148 147
f 147 149 145
f 146 152 148
f 150 146 149
f 150 152 146
f 148 152 147
f 151 149 147
f 147 152 151
f 151 150 149
f 152 150 151
f 154 156 153
f 157 154 153
f 153 156 155
f 155 157 153
f 154 160 156
f 158 154 157
f 158 160 154
f 156 160 155
f 159 157 155
f 155 160 159
f 159 158 157
f 160 158 159
f 162 164 161
f 165 162 161
f 161 164 163
f 163 165 161
f 162 168 164
f 166 162 165
f 166 168 162
f 164 168 163
f 167 165 163
f 163 168 167
f 167 166 165
f 168 166 167
f 170 172 169
f 173 170 169
f 169 172 171
f 171 173 169
f 170 176 172
f 174 170 173
f 174 176 170
f 172 176 171
f 175 173 171
f 171 176 175
f 175 174 173
f 176 174 175
f 178 180 177
f 181 178 177
f 177 180 179
f 179 181 177
f 178 184 180
f 182 178 181
f 182 184 178
f 180 184 179
f 183 181 179
f 179 184 183
f 183 182 181
f 184 182 183
f 186 188 185
f 189 186 185
f 185 188 187
f 187 189 185
f 186 192 188
f 190 186 189
f 190 192 186
f 188 192 187
f 191 189 187
f 187 192 191
f 191 190 189
f 192 190 191
f 194 196 193
f 197 194 193
f 193 196 195
f 195 197 193
f 194 200 196
f 198 194 197
f 198 200 194
f 196 200 195
f 199 197 195
f 195 200 199
f 199 198 197
f 200 198 199
f 202 204 201
f 205 202 201
f 201 204 203
f 203 205 201
f 202 208 204
f 206 202 205
f 206 208 202
f 204 208 203
f 207 205 203
f 203 208 207
f 207 206 205
f 208 206 207
f 210 212 209
f 213 210 209
f 209 212 211
f 211 213 209
f 210 216 212
f 214 210 213
f 214 216 210
f 212 216 211
f 215 213 211
f 211 216 215
f 215 214 213
f 216 214 215
f 218 220 217
f 221 218 217
f 217 220 219
f 219 221 217
f 218 224 220
f 222 218 221
f 222 224 218
f 220 224 219
f 223 221 219
f 219 224 223
f 223 222 221
f 224 222 223
f 226 228 225
f 229 226 225
f 225 228 227
f 227 229 225
f 226 232 228
f 230 226 229
f 230 232 226
f 228 232 227
f 231 229 227
f 227 232 231
f 231 230 229
f 232 230 231
f 234 236 233
f 237 234 233
f 233 236 235
f 235 237 233
f 234 240 236
f 238 234 237
f 238 240 234
f 236 240 235
f 239 237 235
f 235 240 239
f 239 238 237
f 240 238 239
f 242 244 241
f 245 242 241
f 241 244 243
f 243 245 241
f 242 248 244
f 246 242 245
f 246 248 242
f 244 248 243
f 247 245 243
f 243 248 247
f 247 246 245
f 248 246 247
f 250 252 249
f 253 250 249
f 249 252 251
f 251 253 249
f 250 256 252
f 254 250 253
f 254 256 250
f 252 256 251
f 255 253 251
f 251 256 255
f 255 254 253
f 256 254 255
f 258 260 257
f 261 258 257
f 257 260 259
f 259 261 257
f 258 264 260
f 262 258 261
f 262 264 258
f 260 264 259
f 263 261 259
f 259 264 263
f 263 262 261
f 264 262 263
f 266 268 265
f 269 266 265
f 265 268 267
f 267 269 265
f 266 272 268
f 270 266 269
f 270 272 266
f 268 272 267
f 271 269 267
f 267 272 271
f 271 270 269
f 272 270 271
f 274 276 273
f 277 274 273
f 273 276 275
f 275 277 273
f 274 280 276
f 278 274 277
f 278 280 274
f 276 280 275
f 279 277 275
f 275 280 279
f 279 278 277
f 280 278 279
f 282 284 281
f 285 282 281
f 281 284 283
f 283 285 281
f 282 288 284
f 286 282 285
f 286 288 282
f 284 288 283
f 287 285 283
f 283 288 287
f 287 286 285
f 288 286 287
f 290 292 289
f 293 290 289
f 289 292 291
f 291 293 289
f 290 296 292
f 294 290 293
f 294 296 290
f 292 296 291
f 295 293 291
f 291 296 295
f 295 294 293
f 296 294 295
f 298 300 297
f 301 298 297
f 297 300 299
f 299 301 297
f 298 304 300
f 302 298 301
f 302 304 298
f 300 304 299
f 303 301 299
f 299 304 303
f 303 302 301
f 304 302 303
f 306 308 305
f 309 306 305
f 305 308 307
f 307 309 305
f 306 312 308
f 310 306 309
f 310 312 306
f 308 312 307
f 311 309 307
f 307 312 311
f 311 310 309
f 312 310 311
f 314 316 313
f 317 314 313
f 313 316 315
f 315 317 313
f 314 320 316
f 318 314 317
f 318 320 314
f 316 320 315
f 319 317 315
f 315 320 319
f 319 318 317
f 320 318 319
f 322 324 321
f 325 322 321
f 321 324 323
f 323 325 321
f 322 328 324
f 326 322 325
f 326 328 322
f 324 328 323
f 327 325 323
f 323 328 327
f 327 326 325
f 328 326 327
f 330 332 329
f 333 330 329
f 329 332 331
f 331 333 329
f 330 336 332
f 334 330 333
f 334 336 330
f 332 336 331
f 335 333 331
f 331 336 335
f 335 334 333
f 336 334 335
f 338 340 337
f 341 338 337
f 337 340 339
f 339 341 337
f 338 344 340
f 342 338 341
f 342 344 338
f 340 344 339
f 343 341 339
f 339 344 343
f 343 342 341
f 344 342 343
f 346 348 345
f 349 346 345
f 345 348 347
f 347 349 345
f 346 352 348
f 350 346 349
f 350 352 346
f 348 352 347
f 351 349 347
f 347 352 351
f 351 350 349
f 352 350 351
f 354 356 353
f 357 354 353
f 353 356 355
f 355 357 353
f 354 360 356
f 358 354 357
f 358 360 354
f 356 360 355
f 359 357 355
f 355 360 359
f 359 358 357
f 360 358 359
f 362 364 361
f 365 362 361
f 361 364 363
f 363 365 361
f 362 368 364
f 366 362 365
f 366 368 362
f 364 368 363
f 367 365 363
f 363 368 367
f 367 366 365
f 368 366 367
f 370 372 369
f 373 370 369
f 369 372 371
f 371 373 369
f 370 376 372
f 374 370 373
f 374 376 370
f 372 376 371
f 375 373 371
f 371 376 375
f 375 374 373
f 376 374 375
f 378 380 377
f 381 378 377
f 377 380 379
f 379 381 377
f 378 384 380
f 382 378 381
f 382 384 378
f 380 384 379
f 383 381 379
f 379 384 383
f 383 382 381
f 384 382 383
f 386 388 385
f 389 386 385
f 385 388 387
f 387 389 385
f 386 392 388
f 390 386 389
f 390 392 386
f 388 392 387
f 391 389 387
f 387 392 391
f 391 390 389
f 392 390 391
f 394 396 393
f 397 394 393
f 393 396 395
f 395 397 393
f 394 400 396
f 398 394 397
f 398 400 394
f 396 400 395
f 399 397 395
f 395 400 399
f 399 398 397
f 400 398 399
f 402 404 401
f 405 402 401
f 401 404 403
f 403 405 401
f 402 408 404
f 406 402 405
f 406 408 402
f 404 408 403
f 407 405 403
f 403 408 407
f 407 406 405
f 408 406 407
f 410 412 409
f 413 410 409
f 409 412 411
f 411 413 409
f 410 416 412
f 414 410 413
f 414 416 410
f 412 416 411
f 415 413 411
f 411 416 415
f 415 414 413
f 416 414 415
f 418 420 417
f 421 418 417
f 417 420 419
f 419 421 417
f 418 424 420
f 422 418 421
f 422 424 418
f 420 424 419
f 423 421 419
f 419 424 423
f 423 422 421
f 424 422 423
f 426 428 425
f 429 426 425
f 425 428 427
f 427 429 425
f 426 432 428
f 430 426 429
f 430 432 426
f 428 432 427
f 431 429 427
f 427 432 431
f 431 430 429
f 432 430 431
f 434 436 433
f 437 434 433
f 433 436 435
f 435 437 433
f 434 440 436
f 438 434 437
f 438 440 434
f 436 440 435
f 439 437 435
f 435 440 439
f 439 438 437
f 440 438 439
f 442 444 441
f 445 442 441
f 441 444 443
f 443 445 441
f 442 448 444
f 446 442 445
f 446 448 442
f 444 448 443
f 447 445 443
f 443 448 447
f 447 446 445
f 448 446 447
f 450 452 449
f 453 450 449
f 449 452 451
f 451 453 449
f 450 456 452
f 454 450 453
f 454 456 450
f 452 456 451
f 455 453 451
f 451 456 455
f 455 454 453
f 456 454 455
f 458 460 457
f 461 458 457
f 457 460 459
f 459 461 457
f 458 464 460
f 462 458 461
f 462 464 458
f 460 464 459
f 463 461 459
f 459 464 463
f 463 462 461
f 464 462 463
f 466 468 465
f 469 466 465
f 465 468 467
f 467 469 465
f 466 472 468
f 470 466 469
f 470 472 466
f 468 472 467
f 471 469 467
f 467 472 471
f 471 470 469
f 472 470 471
f 474 476 473
f 477 474 473
f 473 476 475
f 475 477 473
f 474 480 476
f 478 474 477
f 478 480 474
f 476 480 475
f 479 477 475
f 475 480 479
f 479 478 477
f 480 478 479
f 482 484 481
f 485 482 481
f 481 484 483
f 483 485 481
f 482 488 484
f 486 482 485
f 486 488 482
f 484 488 483
f 487 485 483
f 483 488 487
f 487 486 485
f 488 486 487
f 490 492 489
f 493 490 489
f 489 492 491
f 491 493 489
f 490 496 492
f 494 490 493
f 494 496 490
f 492 496 491
f 495 493 491
f 491 496 495
f 495 494 493
f 496 494 495
f 498 500 497
f 501 498 497
f 497 500 499
f 499 501 497
f 498 504 500
f 502 498 501
f 502 504 498
f 500 504 499
f 503 501 499
f 499 504 503
f 503 502 501
f 504 502 503
f 506 508 505
f 509 506 505
f 505 508 507
f 507 509 505
f 506 512 508
f 510 506 509
f 510 512 506
f 508 512 507
f 511 509 507
f 507 512 511
f 511 510 509
f 512 510 511
f 514 516 513
f 517 514 513
f 513 516 515
f 515 517 513
f 514 520 516
f 518 514 517
f 518 520 514
f 516 520 515
f 519 517 515
f 515 520 519
f 519 518 517
f 520 518 519
f 522 524 521
f 525 522 521
f 521 524 523
f 523 525 521
f 522 528 524
f 526 522 525
f 526 528 522
f 524 528 523
f 527 525 523
f 523 528 527
f 527 526 525
f 528 526 527
f 530 532 529
f 533 530 529
f 529 532 531
f 531 533 529
f 530 536 532
f 534 530 533
f 534 536 530
f 532 536 531
f 535 533 531
f 531 536 535
f 535 534 533
f 536 534 535
f 538 540 537
f 541 538 537
f 537 540 539
f 539 541 537
f 538 544 540
f 542 538 541
f 542 544 538
f 540 544 539
f 543 541 539
f 539 544 543
f 543 542 541
f 544 542 543
f 546 548 545
f 549 546 545
f 545 548 547
f 547 549 545
f 546 552 548
f 550 546 549
f 550 552 546
f 548 552 547
f 551 549 547
f 547 552 551
f 551 550 549
f 552 550 551
f 554 556 553
f 557 554 553
f 553 556 555
f 555 557 553
f 554 560 556
f 558 554 557
f 558 560 554
f 556 560 555
f 559 557 555
f 555 560 559
f 559 558 557
f 560 558 559
f 562 564 561
f 565 562 561
f 561 564 563
f 563 565 561
f 562 568 564
f 566 562 565
f 566 568 562
f 564 568 563
f 567 565 563
f 563 568 567
f 567 566 565
f 568 566 567
f 570 572 569
f 573 570 569
f 569 572 571
f 571 573 569
f 570 576 572
f 574 570 573
f 574 576 570
f 572 576 571
f 575 573 571
f 571 576 575
f 575 574 573
f 576 574 575
f 578 580 577
f 581 578 577
f 577 580 579
f 579 581 577
f 578 584 580
f 582 578 581
f 582 584 578
f 580 584 579
f 583 581 579
f 579 584 583
f 583 582 581
f 584 582 583
f 586 588 585
f 589 586 585
f 585 588 587
f 587 589 585
f 586 592 588
f 590 586 589
f 590 592 586
f 588 592 587
f 591 589 587
f 587 592 591
f 591 590 589
f 592 590 591
f 594 596 593
f 597 594 593
f 593 596 595
f 595 597 593
f 594 600 596
f 598 594 597
f 598 600 594
f 596 600 595
f 599 597 595
f 595 600 599
f 599 598 597
f 600 598 599
f 602 604 601
f 605 602 601
f 601 604 603
f 603 605 601
f 602 608 604
f 606 602 605
f 606 608 602
f 604 608 603
f 607 605 603
f 603 608 607
f 607 606 605
f 608 606 607
f 610 612 609
f 613 610 609
f 609 612 611
f 611 613 609
f 610 616 612
f 614 610 613
f 614 616 610
f 612 616 611
f 615 613 611
f 611 616 615
f 615 614 613
f 616 614 615
f 618 620 617
f 621 618 617
f 617 620 619
f 619 621 617
f 618 624 620
f 622 618 621
f 622 624 618
f 620 624 619
f 623 621 619
f 619 624 623
f 623 622 621
f 624 622 623
f 626 628 625
f 629 626 625
f 625 628 627
f 627 629 625
f 626 632 628
f 630 626 629
f 630 632 626
f 628 632 627
f 631 629 627
f 627 632 631
f 631 630 629
f 632 630 631
f 634 636 633
f 637 634 633
f 633 636 635
f 635 637 633
f 634 640 636
f 638 634 637
f 638 640 634
f 636 640 635
f 639 637 635
f 635 640 639
f 639 638 637
f 640 638 639
f 642 644 641
f 645 642 641
f 641 644 643
f 643 645 641
f 642 648 644
f 646 642 645
f 646 648 642
f 644 648 643
f 647 645 643
f 643 648 647
f 647 646 645
f 648 646 647
f 650 652 649
f 653 650 649
f 649 652 651
f 651 653 649
f 650 656 652
f 654 650 653
f 654 656 650
f 652 656 651
f 655 653 651
f 651 656 655
f 655 654 653
f 656 654 655
f 658 660 657
f 661 658 657
f 657 660 659
f 659 661 657
f 658 664 660
f 662 658 661
f 662 664 658
f 660 664 659
f 663 661 659
f 659 664 663
f 663 662 661
f 664 662 663
f 666 668 665
f 669 666 665
f 665 668 667
f 667 669 665
f 666 672 668
f 670 666 669
f 670 672 666
f 668 672 667
f 671 669 667
f 667 672 671
f 671 670 669
f 672 670 671
f 674 676 673
f 677 674 673
f 673 676 675
f 675 677 673
f 674 680 676
f 678 674 677
f 678 680 674
f 676 680 675
f 679 677 675
f 675 680 679
f 679 678 677
f 680 678 679
f 682 684 681
f 685 682 681
f 681 684 683
f 683 685 681
f 682 688 684
f 686 682 685
f 686 688 682
f 684 688 683
f 687 685 683
f 683 688 687
f 687 686 685
f 688 686 687
f 690 692 689
f 693 690 689
f 689 692 691
f 691 693 689
f 690 696 692
f 694 690 693
f 694 696 690
f 692 696 691
f 695 693 691
f 691 696 695
f 695 694 693
f 696 694 695
f 698 700 697
f 701 698 697
f 697 700 699
f 699 701 697
f 698 704 700
f 702 698 701
f 702 704 698
f 700 704 699
f 703 701 699
f 699 704 703
f 703 702 701
f 704 702 703
f 706 708 705
f 709 706 705
f 705 708 707
f 707 709 705
f 706 712 708
f 710 706 709
f 710 712 706
f 708 712 707
f 711 709 707
f 707 712 711
f 711 710 709
f 712 710 711
f 714 716 713
f 717 714 713
f 713 716 715
f 715 717 713
f 714 720 716
f 718 714 717
f 718 720 714
f 716 720 715
f 719 717 715
f 715 720 719
f 719 718 717
f 720 718 719
f 722 724 721
f 725 722 721
f 721 724 723
f 723 725 721
f 722 728 724
f 726 722 725
f 726 728 722
f 724 728 723
f 727 725 723
f 723 728 727
f 727 726 725
f 728 726 727
f 730 732 729
f 733 730 729
f 729 732 731
f 731 733 729
f 730 736 732
f 734 730 733
f 734 736 730
f 732 736 731
f 735 733 731
f 731 736 735
f 735 734 733
f 736 734 735
f 738 740 737
f 741 738 737
f 737 740 739
f 739 741 737
f 738 744 740
f 742 738 741
f 742 744 738
f 740 744 739
f 743 741 739
f 739 744 743
f 743 742 741
f 744 742 743
f 746 748 745
f 749 746 745
f 745 748 747
f 747 749 745
f 746 752 748
f 750 746 749
f 750 752 746
f 748 752 747
f 751 749 747
f 747 752 751
f 751 750 749
f 752 750 751
f 754 756 753
f 757 754 753
f 753 756 755
f 755 757 753
f 754 760 756
f 758 754 757
f 758 760 754
f 756 760 755
f 759 757 755
f 755 760 759
f 759 758 757
f 760 758 759
f 762 764 761
f 765 762 761
f 761 764 763
f 763 765 761
f 762 768 764
f 766 762 765
f 766 768 762
f 764 768 763
f 767 765 763
f 763 768 767
f 767 766 765
f 768 766 767
f 770 772 769
f 773 770 769
f 769 772 771
f 771 773 769
f 770 776 772
f 774 770 773
f 774 776 770
f 772 776 771
f 775 773 771
f 771 776 775
f 775 774 773
f 776 774 775
f 778 780 777
f 781 778 777
f 777 780 779
f 779 781 777
f 778 784 780
f 782 778 781
f 782 784 778
f 780 784 779
f 783 781 779
f 779 784 783
f 783 782 781
f 784 782 783
f 786 788 785
f 789 786 785
f 785 788 787
f 787 789 785
f 786 792 788
f 790 786 789
f 790 792 786
f 788 792 787
f 791 789 787
f 787 792 791
f 791 790 789
f 792 790 791
f 794 796 793
f 797 794 793
f 793 796 795
f 795 797 793
f 794 800 796
f 798 794 797
f 798 800 794
f 796 800 795
f 799 797 795
f 795 800 799
f 799 798 797
f 800 798 799
f 802 804 801
f 805 802 801
f 801 804 803
f 803 805 801
f 802 808 804
f 806 802 805
f 806 808 802
f 804 808 803
f 807 805 803
f 803 808 807
f 807 806 805
f 808 806 807
f 810 812 809
f 813 810 809
f 809 812 811
f 811 813 809
f 810 816 812
f 814 810 813
f 814 816 810
f 812 816 811
f 815 813 811
f 811 816 815
f 815 814 813
f 816 814 815
f 818 820 817
f 821 818 817
f 817 820 819
f 819 821 817
f 818 824 820
f 822 818 821
f 822 824 818
f 820 824 819
f 823 821 819
f 819 824 823
f 823 822 821
f 824 822 823
f 826 828 825
f 829 826 825
f 825 828 827
f 827 829 825
f 826 832 828
f 830 826 829
f 830 832 826
f 828 832 827
f 831 829 827
f 827 832 831
f 831 830 829
f 832 830 831
f 834 836 833
f 837 834 833
f 833 836 835
f 835 837 833
f 834 840 836
f 838 834 837
f 838 840 834
f 836 840 835
f 839 837 835
f 835 840 839
f 839 838 837
f 840 838 839
f 842 844 841
f 845 842 841
f 841 844 843
f 843 845 841
f 842 848 844
f 846 842 845
f 846 848 842
f 844 848 843
f 847 845 843
f 843 848 847
f 847 846 845
f 848 846 847
f 850 852 849
f 853 850 849
f 849 852 851
f 851 853 849
f 850 856 852
f 854 850 853
f 854 856 850
f 852 856 851
f 855 853 851
f 851 856 855
f 855 854 853
f 856 854 855
f 858 860 857
f 861 858 857
f 857 860 859
f 859 861 857
f 858 864 860
f 862 858 861
f 862 864 858
f 860 864 859
f 863 861 859
f 859 864 863
f 863 862 861
f 864 862 863
f 866 868 865
f 869 866 865
f 865 868 867
f 867 869 865
f 866 872 868
f 870 866 869
f 870 872 866
f 868 872 867
f 871 869 867
f 867 872 871
f 871 870 869
f 872 870 871
f 874 876 873
f 877 874 873
f 873 876 875
f 875 877 873
f 874 880 876
f 878 874 877
f 878 880 874
f 876 880 875
f 879 877 875
f 875 880 879
f 879 878 877
f 880 878 879
f 882 884 881
f 885 882 881
f 881 884 883
f 883 885 881
f 882 888 884
f 886 882 885
f 886 888 882
f 884 888 883
f 887 885 883
f 883 888 887
f 887 886 885
f 888 886 887
f 890 892 889
f 893 890 889
f 889 892 891
f 891 893 889
f 890 896 892
f 894 890 893
f 894 896 890
f 892 896 891
f 895 893 891
f 891 896 895
f 895 894 893
f 896 894 895
f 898 900 897
f 901 898 897
f 897 900 899
f 899 901 897
f 898 904 900
f 902 898 901
f 902 904 898
f 900 904 899
f 903 901 899
f 899 904 903
f 903 902 901
f 904 902 903
f 906 908 905
f 909 906 905
f 905 908 907
f 907 909 905
f 906 912 908
f 910 906 909
f 910 912 906
f 908 912 907
f 911 909 907
f 907 912 911
f 911 910 909
f 912 910 911
f 914 916 913
f 917 914 913
f 913 916 915
f 915 917 913
f 914 920 916
f 918 914 917
f 918 920 914
f 916 920 915
f 919 917 915
f 915 920 919
f 919 918 917
f 920 918 919
f 922 924 921
f 925 922 921
f 921 924 923
f 923 925 921
f 922 928 924
f 926 922 925
f 926 928 922
f 924 928 923
f 927 925 923
f 923 928 927
f 927 926 925
f 928 926 927
f 930 932 929
f 933 930 929
f 929 932 931
f 931 933 929
f 930 936 932
f 934 930 933
f 934 936 930
f 932 936 931
f 935 933 931
f 931 936 935
f 935 934 933
f 936 934 935
f 938 940 937
f 941 938 937
f 937 940 939
f 939 941 937
f 938 944 940
f 942 938 941
f 942 944 938
f 940 944 939
f 943 941 939
f 939 944 943
f 943 942 941
f 944 942 943
f 946 948 945
f 949 946 945
f 945 948 947
f 947 949 945
f 946 952 948
f 950 946 949
f 950 952 946
f 948 952 947
f 951 949 947
f 947 952 951
f 951 950 949
f 952 950 951
f 954 956 953
f 957 954 953
f 953 956 955
f 955 957 953
f 954 960 956
f 958 954 957
f 958 960 954
f 956 960 955
f 959 957 955
f 955 960 959
f 959 958 957
f 960 958 959
f 962 964 961
f 965 962 961
f 961 964 963
f 963 965 961
f 962 968 964
f 966 962 965
f 966 968 962
f 964 968 963
f 967 965 963
f 963 968 967
f 967 966 965
f 968 966 967
f 970 972 969
f 973 970 969
f 969 972 971
f 971 973 969
f 970 976 972
f 974 970 973
f 974 976 970
f 972 976 971
f 975 973 971
f 971 976 975
f 975 974 973
f 976 974 975
f 978 980 977
f 981 978 977
f 977 980 979
f 979 981 977
f 978 984 980
f 982 978 981
f 982 984 978
f 980 984 979
f 983 981 979
f 979 984 983
f 983 982 981
f 984 982 983
f 986 988 985
f 989 986 985
f 985 988 987
f 987 989 985
f 986 992 988
f 990 986 989
f 990 992 986
f 988 992 987
f 991 989 987
f 987 992 991
f 991 990 989
f 992 990 991
f 994 996 993
f 997 994 993
f 993 996 995
f 995 997 993
f 994 1000 996
f 998 994 997
f 998 1000 994
f 996 1000 995
f 999 997 995
f 995 1000 999
f 999 998 997
f 1000 998 999
f 1002 1004 1001
f 1005 1002 1001
f 1001 1004 1003
f 1003 1005 1001
f 1002 1008 1004
f 1006 1002 1005
f 1006 1008 1002
f 1004 1008 1003
f 1007 1005 1003
f 1003 1008 1007
f 1007 1006 1005
f 1008 1006 1007
f 1010 1012 1009
f 1013 1010 1009
f 1009 1012 1011
f 1011 1013 1009
f 1010 1016 1012
f 1014 1010 1013
f 1014 1016 1010
f 1012 1016 1011
f 1015 1013 1011
f 1011 1016 1015
f 1015 1014 1013
f 1016 1014 1015
f 1018 1020 1017
f 1021 1018 1017
f 1017 1020 1019
f 1019 1021 1017
f 1018 1024 1020
f 1022 1018 1021
f 1022 1024 1018
f 1020 1024 1019
f 1023 1021 1019
f 1019 1024 1023
f 1023 1022 1021
f 1024 1022 1023
f 1026 1028 1025
f 1029 1026 1025
f 1025 1028 1027
f 1027 1029 1025
f 1026 1032 1028
f 1030 1026 1029
f 1030 1032 1026
f 1028 1032 1027
f 1031 1029 1027
f 1027 1032 1031
f 1031 1030 1029
f 1032 1030 1031
f 1034 1036 1033
f 1037 1034 1033
f 1033 1036 1035
f 1035 1037 1033
f 1034 1040 1036
f 1038 1034 1037
f 1038 1040 1034
f 1036 1040 1035
f 1039 1037 1035
f 1035 1040 1039
f 1039 1038 1037
f 1040 1038 1039
f 1042 1044 1041
f 1045 1042 1041
f 1041 1044 1043
f 1043 1045 1041
f 1042 1048 1044
f 1046 1042 1045
f 1046 1048 1042
f 1044 1048 1043
f 1047 1045 1043
f 1043 1048 1047
f 1047 1046 1045
f 1048 1046 1047
f 1050 1052 1049
f 1053 1050 1049
f 1049 1052 1051
f 1051 1053 1049
f 1050 1056 1052
f 1054 1050 1053
f 1054 1056 1050
f 1052 1056 1051
f 1055 1053 1051
f 1051 1056 1055
f 1055 1054 1053
f 1056 1054 1055
f 1058 1060 1057
f 1061 1058 1057
f 1057 1060 1059
f 1059 1061 1057
f 1058 1064 1060
f 1062 1058 1061
f 1062 1064 1058
f 1060 1064 1059
f 1063 1061 1059
f 1059 1064 1063
f 1063 1062 1061
f 1064 1062 1063
f 1066 1068 1065
f 1069 1066 1065
f 1065 1068 1067
f 1067 1069 1065
f 1066 1072 1068
f 1070 1066 1069
f 1070 1072 1066
f 1068 1072 1067
f 1071 1069 1067
f 1067 1072 1071
f 1071 1070 1069
f 1072 1070 1071
f 1074 1076 1073
f 1077 1074 1073
f 1073 1076 1075
f 1075 1077 1073
f 1074 1080 1076
f 1078 1074 1077
f 1078 1080 1074
f 1076 1080 1075
f 1079 1077 1075
f 1075 1080 1079
f 1079 1078 1077
f 1080 1078 1079
f 1082 1084 1081
f 1085 1082 1081
f 1081 1084 1083
f 1083 1085 1081
f 1082 1088 1084
f 1086 1082 1085
f 1086 1088 1082
f 1084 1088 1083
f 1087 1085 1083
f 1083 1088 1087
f 1087 1086 1085
f 1088 1086 1087
f 1090 1092 1089
f 1093 1090 1089
f 1089 1092 1091
f 1091 1093 1089
f 1090 1096 1092
f 1094 1090 1093
f 1094 1096 1090
f 1092 1096 1091
f 1095 1093 1091
f 1091 1096 1095
f 1095 1094 1093
f 1096 1094 1095
f 1098 1100 1097
f 1101 1098 1097
f 1097 1100 1099
f 1099 1101 1097
f 1098 1104 1100
f 1102 1098 1101
f 1102 1104 1098
f 1100 1104 1099
f 1103 1101 1099
f 1099 1104 1103
f 1103 1102 1101
f 1104 1102 1103
f 1106 1108 1105
f 1109 1106 1105
f 1105 1108 1107
f 1107 1109 1105
f 1106 1112 1108
f 1110 1106 1109
f 1110 1112 1106
f 1108 1112 1107
f 1111 1109 1107
f 1107 1112 1111
f 1111 1110 1109
f 1112 1110 1111
f 1114 1116 1113
f 1117 1114 1113
f 1113 1116 1115
f 1115 1117 1113
f 1114 1120 1116
f 1118 1114 1117
f 1118 1120 1114
f 1116 1120 1115
f 1119 1117 1115
f 1115 1120 1119
f 1119 1118 1117
f 1120 1118 1119
f 1122 1124 1121
f 1125 1122 1121
f 1121 1124 1123
f 1123 1125 1121
f 1122 1128 1124
f 1126 1122 1125
f 1126 1128 1122
f 1124 1128 1123
f 1127 1125 1123
f 1123 1128 1127
f 1127 1126 1125
f 1128 1126 1127
f 1130 1132 1129
f 1133 1130 1129
f 1129 1132 1131
f 1131 1133 1129
f 1130 1136 1132
f 1134 1130 1133
f 1134 1136 1130
f 1132 1136 1131
f 1135 1133 1131
f 1131 1136 1135
f 1135 1134 1133
f 1136 1134 1135
f 1138 1140 1137
f 1141 1138 1137
f 1137 1140 1139
f 1139 1141 1137
f 1138 1144 1140
f 1142 1138 1141
f 1142 1144 1138
f 1140 1144 1139
f 1143 1141 1139
f 1139 1144 1143
f 1143 1142 1141
f 1144 1142 1143
f 1146 1148 1145
f 1149 1146 1145
f 1145 1148 1147
f 1147 1149 1145
f 1146 1152 1148
f 1150 1146 1149
f 1150 1152 1146
f 1148 1152 1147
f 1151 1149 1147
f 1147 1152 1151
f 1151 1150 1149
f 1152 1150 1151
f 1154 1156 1153
f 1157 1154 1153
f 1153 1156 1155
f 1155 1157 1153
f 1154 1160 1156
f 1158 1154 1157
f 1158 1160 1154
f 1156 1160 1155
f 1159 1157 1155
f 1155 1160 1159
f 1159 1158 1157
f 1160 1158 1159
f 1162 1164 1161
f 1165 1162 1161
f 1161 1164 1163
f 1163 1165 1161
f 1162 1168 1164
f 1166 1162 1165
f 1166 1168 1162
f 1164 1168 1163
f 1167 1165 1163
f 1163 1168 1167
f 1167 1166 1165
f 1168 1166 1167
f 1170 1172 1169
f 1173 1170 1169
f 1169 1172 1171
f 1171 1173 1169
f 1170 1176 1172
f 1174 1170 1173
f 1174 1176 1170
f 1172 1176 1171
f 1175 1173 1171
f 1171 1176 1175
f 1175 1174 1173
f 1176 1174 1175
f 1178 1180 1177
f 1181 1178 1177
f 1177 1180 1179
f 1179 1181 1177
f 1178 1184 1180
f 1182 1178 1181
f 1182 1184 1178
f 1180 1184 1179
f 1183 1181 1179
f 1179 1184 1183
f 1183 1182 1181
f 1184 1182 1183
f 1186 1188 1185
f 1189 1186 1185
f 1185 1188 1187
f 1187 1189 1185
f 1186 1192 1188
f 1190 1186 1189
f 1190 1192 1186
f 1188 1192 1187
f 1191 1189 1187
f 1187 1192 1191
f 1191 1190 1189
f 1192 1190 1191
f 1194 1196 1193
f 1197 1194 1193
f 1193 1196 1195
f 1195 1197 1193
f 1194 1200 1196
f 1198 1194 1197
f 1198 1200 1194
f 1196 1200 1195
f 1199 1197 1195
f 1195 1200 1199
f 1199 1198 1197
f 1200 1198 1199
f 1202 1204 1201
f 1205 1202 1201
f 1201 1204 1203
f 1203 1205 1201
f 1202 1208 1204
f 1206 1202 1205
f 1206 1208 1202
f 1204 1208 1203
f 1207 1205 1203
f 1203 1208 1207
f 1207 1206 1205
f 1208 1206 1207
f 1210 1212 1209
f 1213 1210 1209
f 1209 1212 1211
f 1211 1213 1209
f 1210 1216 1212
f 1214 1210 1213
f 1214 1216 1210
f 1212 1216 1211
f 1215 1213 1211
f 1211 1216 1215
f 1215 1214 1213
f 1216 1214 1215
f 1218 1220 1217
f 1221 1218 1217
f 1217 1220 1219
f 1219 1221 1217
f 1218 1224 1220
f 1222 1218 1221
f 1222 1224 1218
f 1220 1224 1219
f 1223 1221 1219
f 1219 1224 1223
f 1223 1222 1221
f 1224 1222 1223
f 1226 1228 1225
f 1229 1226 1225
f 1225 1228 1227
f 1227 1229 1225
f 1226 1232 1228
f 1230 1226 1229
f 1230 1232 1226
f 1228 1232 1227
f 1231 1229 1227
f 1227 1232 1231
f 1231 1230 1229
f 1232 1230 1231
f 1234 1236 1233
f 1237 1234 1233
f 1233 1236 1235
f 1235 1237 1233
f 1234 1240 1236
f 1238 1234 1237
f 1238 1240 1234
f 1236 1240 1235
f 1239 1237 1235
f 1235 1240 1239
f 1239 1238 1237
f 1240 1238 1239
f 1242 1244 1241
f 1245 1242 1241
f 1241 1244 1243
f 1243 1245 1241
f 1242 1248 1244
f 1246 1242 1245
f 1246 1248 1242
f 1244 1248 1243
f 1247 1245 1243
f 1243 1248 1247
f 1247 1246 1245
f 1248 1246 1247
f 1250 1252 1249
f 1253 1250 1249
f 1249 1252 1251
f 1251 1253 1249
f 1250 1256 1252
f 1254 1250 1253
f 1254 1256 1250
f 1252 1256 1251
f 1255 1253 1251
f 1251 1256 1255
f 1255 1254 1253
f 1256 1254 1255
f 1258 1260 1257
f 1261 1258 1257
f 1257 1260 1259
f 1259 1261 1257
f 1258 1264 1260
f 1262 1258 1261
f 1262 1264 1258
f 1260 1264 1259
f 1263 1261 1259
f 1259 1264 1263
f 1263 1262 1261
f 1264 1262 1263
f 1266 1268 1265
f 1269 1266 1265
f 1265 1268 1267
f 1267 1269 1265
f 1266 1272 1268
f 1270 1266 1269
f 1270 1272 1266
f 1268 1272 1267
f 1271 1269 1267
f 1267 1272 1271
f 1271 1270 1269
f 1272 1270 1271
f 1274 1276 1273
f 1277 1274 1273
f 1273 1276 1275
f 1275 1277 1273
f 1274 1280 1276
f 1278 1274 1277
f 1278 1280 1274
f 1276 1280 1275
f 1279 1277 1275
f 1275 1280 1279
f 1279 1278 1277
f 1280 1278 1279
f 1282 1284 1281
f 1285 1282 1281
f 1281 1284 1283
f 1283 1285 1281
f 1282 1288 1284
f 1286 1282 1285
f 1286 1288 1282
f 1284 1288 1283
f 1287 1285 1283
f 1283 1288 1287
f 1287 1286 1285
f 1288 1286 1287
f 1290 1292 1289
f 1293 1290 1289
f 1289 1292 1291
f 1291 1293 1289
f 1290 1296 1292
f 1294 1290 1293
f 1294 1296 1290
f 1292 1296 1291
f 1295 1293 1291
f 1291 1296 1295
f 1295 1294 1293
f 1296 1294 1295
f 1298 1300 1297
f 1301 1298 1297
f 1297 1300 1299
f 1299 1301 1297
f 1298 1304 1300
f 1302 1298 1301
f 1302 1304 1298
f 1300 1304 1299
f 1303 1301 1299
f 1299 1304 1303
f 1303 1302 1301
f 1304 1302 1303
f 1306 1308 1305
f 1309 1306 1305
f 1305 1308 1307
f 1307 1309 1305
f 1306 1312 1308
f 1310 1306 1309
f 1310 1312 1306
f 1308 1312 1307
f 1311 1309 1307
f 1307 1312 1311
f 1311 1310 1309
f 1312 1310 1311
f 1314 1316 1313
f 1317 1314 1313
f 1313 1316 1315
f 1315 1317 1313
f 1314 1320 1316
f 1318 1314 1317
f 1318 1320 1314
f 1316 1320 1315
f 1319 1317 1315
f 1315 1320 1319
f 1319 1318 1317
f 1320 1318 1319
f 1322 1324 1321
f 1325 1322 1321
f 1321 1324 1323
f 1323 1325 1321
f 1322 1328 1324
f 1326 1322 1325
f 1326 1328 1322
f 1324 1328 1323
f 1327 1325 1323
f 1323 1328 1327
f 1327 1326 1325
f 1328 1326 1327
f 1330 1332 1329
f 1333 1330 1329
f 1329 1332 1331
f 1331 1333 1329
f 1330 1336 1332
f 1334 1330 1333
f 1334 1336 1330
f 1332 1336 1331
f 1335 1333 1331
f 1331 1336 1335
f 1335 1334 1333
f 1336 1334 1335
f 1338 1340 1337
f 1341 1338 1337
f 1337 1340 1339
f 1339 1341 1337
f 1338 1344 1340
f 1342 1338 1341
f 1342 1344 1338
f 1340 1344 1339
f 1343 1341 1339
f 1339 1344 1343
f 1343 1342 1341
f 1344 1342 1343
f 1346 1348 1345
f 1349 1346 1345
f 1345 1348 1347
f 1347 1349 1345
f 1346 1352 1348
f 1350 1346 1349
f 1350 1352 1346
f 1348 1352 1347
f 1351 1349 1347
f 1347 1352 1351
f 1351 1350 1349
f 1352 1350 1351
f 1354 1356 1353
f 1357 1354 1353
f 1353 1356 1355
f 1355 1357 1353
f 1354 1360 1356
f 1358 1354 1357
f 1358 1360 1354
f 1356 1360 1355
f 1359 1357 1355
f 1355 1360 1359
f 1359 1358 1357
f 1360 1358 1359
f 1362 1364 1361
f 1365 1362 1361
f 1361 1364 1363
f 1363 1365 1361
f 1362 1368 1364
f 1366 1362 1365
f 1366 1368 1362
f 1364 1368 1363
f 1367 1365 1363
f 1363 1368 1367
f 1367 1366 1365
f 1368 1366 1367
f 1370 1372 1369
f 1373 1370 1369
f 1369 1372 1371
f 1371 1373 1369
f 1370 1376 1372
f 1374 1370 1373
f 1374 1376 1370
f 1372 1376 1371
f 1375 1373 1371
f 1371 1376 1375
f 1375 1374 1373
f 1376 1374 1375
f 1378 1380 1377
f 1381 1378 1377
f 1377 1380 1379
f 1379 1381 1377
f 1378 1384 1380
f 1382 1378 1381
f 1382 1384 1378
f 1380 1384 1379
f 1383 1381 1379
f 1379 1384 1383
f 1383 1382 1381
f 1384 1382 1383
f 1386 1388 1385
f 1389 1386 1385
f 1385 1388 1387
f 1387 1389 1385
f 1386 1392 1388
f 1390 1386 1389
f 1390 1392 1386
f 1388 1392 1387
f 1391 1389 1387
f 1387 1392 1391
f 1391 1390 1389
f 1392 1390 1391
f 1394 1396 1393
f 1397 1394 1393
f 1393 1396 1395
f 1395 1397 1393
f 1394 1400 1396
f 1398 1394 1397
f 1398 1400 1394
f 1396 1400 1395
f 1399 1397 1395
f 1395 1400 1399
f 1399 1398 1397
f 1400 1398 1399
f 1402 1404 1401
f 1405 1402 1401
f 1401 1404 1403
f 1403 1405 1401
f 1402 1408 1404
f 1406 1402 1405
f 1406 1408 1402
f 1404 1408 1403
f 1407 1405 1403
f 1403 1408 1407
f 1407 1406 1405
f 1408 1406 1407
f 1410 1412 1409
f 1413 1410 1409
f 1409 1412 1411
f 1411 1413 1409
f 1410 1416 1412
f 1414 1410 1413
f 1414 1416 1410
f 1412 1416 1411
f 1415 1413 1411
f 1411 1416 1415
f 1415 1414 1413
f 1416 1414 1415
f 1418 1420 1417
f 1421 1418 1417
f 1417 1420 1419
f 1419 1421 1417
f 1418 1424 1420
f 1422 1418 1421
f 1422 1424 1418
f 1420 1424 1419
f 1423 1421 1419
f 1419 1424 1423
f 1423 1422 1421
f 1424 1422 1423
f 1426 1428 1425
f 1429 1426 1425
f 1425 1428 1427
f 1427 1429 1425
f 1426 1432 1428
f 1430 1426 1429
f 1430 1432 1426
f 1428 1432 1427
f 1431 1429 1427
f 1427 1432 1431
f 1431 1430 1429
f 1432 1430 1431
f 1434 1436 1433
f 1437 1434 1433
f 1433 1436 1435
f 1435 1437 1433
f 1434 1440 1436
f 1438 1434 1437
f 1438 1440 1434
f 1436 1440 1435
f 1439 1437 1435
f 1435 1440 1439
f 1439 1438 1437
f 1440 1438 1439
f 1442 1444 1441
f 1445 1442 1441
f 1441 1444 1443
f 1443 1445 1441
f 1442 1448 1444
f 1446 1442 1445
f 1446 1448 1442
f 1444 1448 1443
f 1447 1445 1443
f 1443 1448 1447
f 1447 1446 1445
f 1448 1446 1447
f 1450 1452 1449
f 1453 1450 1449
f 1449 1452 1451
f 1451 1453 1449
f 1450 1456 1452
f 1454 1450 1453
f 1454 1456 1450
f 1452 1456 1451
f 1455 1453 1451
f 1451 1456 1455
f 1455 1454 1453
f 1456 1454 1455
f 1458 1460 1457
f 1461 1458 1457
f 1457 1460 1459
f 1459 1461 1457
f 1458 1464 1460
f 1462 1458 1461
f 1462 1464 1458
f 1460 1464 1459
f 1463 1461 1459
f 1459 1464 1463
f 1463 1462 1461
f 1464 1462 1463
f 1466 1468 1465
f 1469 1466 1465
f 1465 1468 1467
f 1467 1469 1465
f 1466 1472 1468
f 1470 1466 1469
f 1470 1472 1466
f 1468 1472 1467
f 1471 1469 1467
f 1467 1472 1471
f 1471 1470 1469
f 1472 1470 1471
f 1474 1476 1473
f 1477 1474 1473
f 1473 1476 1475
f 1475 1477 1473
f 1474 1480 1476
f 1478 1474 1477
f 1478 1480 1474
f 1476 1480 1475
f 1479 1477 1475
f 1475 1480 1479
f 1479 1478 1477
f 1480 1478 1479
f 1482 1484 1481
f 1485 1482 1481
f 1481 1484 1483
f 1483 1485 1481
f 1482 1488 1484
f 1486 1482 1485
f 1486 1488 1482
f 1484 1488 1483
f 1487 1485 1483
f 1483 1488 1487
f 1487 1486 1485
f 1488 1486 1487
f 1490 1492 1489
f 1493 1490 1489
f 1489 1492 1491
f 1491 1493 1489
f 1490 1496 1492
f 1494 1490 1493
f 1494 1496 1490
f 1492 1496 1491
f 1495 1493 1491
f 1491 1496 1495
f 1495 1494 1493
f 1496 1494 1495
f 1498 1500 1497
f 1501 1498 1497
f 1497 1500 1499
f 1499 1501 1497
f 1498 1504 1500
f 1502 1498 1501
f 1502 1504 1498
f 1500 1504 1499
f 1503 1501 1499
f 1499 1504 1503
f 1503 1502 1501
f 1504 1502 1503
f 1506 1508 1505
f 1509 1506 1505
f 1505 1508 1507
f 1507 1509 1505
f 1506 1512 1508
f 1510 1506 1509
f 1510 1512 1506
f 1508 1512 1507
f 1511 1509 1507
f 1507 1512 1511
f 1511 1510 1509
f 1512 1510 1511
f 1514 1516 1513
f 1517 1514 1513
f 1513 1516 1515
f 1515 1517 1513
f 1514 1520 1516
f 1518 1514 1517
f 1518 1520 1514
f 1516 1520 1515
f 1519 1517 1515
f 1515 1520 1519
f 1519 1518 1517
f 1520 1518 1519
f 1522 1524 1521
f 1525 1522 1521
f 1521 1524 1523
f 1523 1525 1521
f 1522 1528 1524
f 1526 1522 1525
f 1526 1528 1522
f 1524 1528 1523
f 1527 1525 1523
f 1523 1528 1527
f 1527 1526 1525
f 1528 1526 1527
f 1530 1532 1529
f 1533 1530 1529
f 1529 1532 1531
f 1531 1533 1529
f 1530 1536 1532
f 1534 1530 1533
f 1534 1536 1530
f 1532 1536 1531
f 1535 1533 1531
f 1531 1536 1535
f 1535 1534 1533
f 1536 1534 1535
f 1538 1540 1537
f 1541 1538 1537
f 1537 1540 1539
f 1539 1541 1537
f 1538 1544 1540
f 1542 1538 1541
f 1542 1544 1538
f 1540 1544 1539
f 1543 1541 1539
f 1539 1544 1543
f 1543 1542 1541
f 1544 1542 1543
f 1546 1548 1545
f 1549 1546 1545
f 1545 1548 1547
f 1547 1549 1545
f 1546 1552 1548
f 1550 1546 1549
f 1550 1552 1546
f 1548 1552 1547
f 1551 1549 1547
f 1547 1552 1551
f 1551 1550 1549
f 1552 1550 1551
f 1554 1556 1553
f 1557 1554 1553
f 1553 1556 1555
f 1555 1557 1553
f 1554 1560 1556
f 1558 1554 1557
f 1558 1560 1554
f 1556 1560 1555
f 1559 1557 1555
f 1555 1560 1559
f 1559 1558 1557
f 1560 1558 1559
f 1562 1564 1561
f 1565 1562 1561
f 1561 1564 1563
f 1563 1565 1561
f 1562 1568 1564
f 1566 1562 1565
f 1566 1568 1562
f 1564 1568 1563
f 1567 1565 1563
f 1563 1568 1567
f 1567 1566 1565
f 1568 1566 1567
f 1570 1572 1569
f 1573 1570 1569
f 1569 1572 1571
f 1571 1573 1569
f 1570 1576 1572
f 1574 1570 1573
f 1574 1576 1570
f 1572 1576 1571
f 1575 1573 1571
f 1571 1576 1575
f 1575 1574 1573
f 1576 1574 1575
f 1578 1580 1577
f 1581 1578 1577
f 1577 1580 1579
f 1579 1581 1577
f 1578 1584 1580
f 1582 1578 1581
f 1582 1584 1578
f 1580 1584 1579
f 1583 1581 1579
f 1579 1584 1583
f 1583 1582 1581
f 1584 1582 1583
f 1586 1588 1585
f 1589 1586 1585
f 1585 1588 1587
f 1587 1589 1585
f 1586 1592 1588
f 1590 1586 1589
f 1590 1592 1586
f 1588 1592 1587
f 1591 1589 1587
f 1587 1592 1591
f 1591 1590 1589
f 1592 1590 1591
f 1594 1596 1593
f 1597 1594 1593
f 1593 1596 1595
f 1595 1597 1593
f 1594 1600 1596
f 1598 1594 1597
f 1598 1600 1594
f 1596 1600 1595
f 1599 1597 1595
f 1595 1600 1599
f 1599 1598 1597
f 1600 1598 1599
f 1602 1604 1601
f 1605 1602 1601
f 1601 1604 1603
f 1603 1605 1601
f 1602 1608 1604
f 1606 1602 1605
f 1606 1608 1602
f 1604 1608 1603
f 1607 1605 1603
f 1603 1608 1607
f 1607 1606 1605
f 1608 1606 1607
f 1610 1612 1609
f 1613 1610 1609
f 1609 1612 1611
f 1611 1613 1609
f 1610 1616 1612
f 1614 1610 1613
f 1614 1616 1610
f 1612 1616 1611
f 1615 1613 1611
f 1611 1616 1615
f 1615 1614 1613
f 1616 1614 1615
f 1618 1620 1617
f 1621 1618 1617
f 1617 1620 1619
f 1619 1621 1617
f 1618 1624 1620
f 1622 1618 1621
f 1622 1624 1618
f 1620 1624 1619
f 1623 1621 1619
f 1619 1624 1623
f 1623 1622 1621
f 1624 1622 1623
f 1626 1628 1625
f 1629 1626 1625
f 1625 1628 1627
f 1627 1629 1625
f 1626 1632 1628
f 1630 1626 1629
f 1630 1632 1626
f 1628 1632 1627
f 1631 1629 1627
f 1627 1632 1631
f 1631 1630 1629
f 1632 1630 1631
f 1634 1636 1633
f 1637 1634 1633
f 1633 1636 1635
f 1635 1637 1633
f 1634 1640 1636
f 1638 1634 1637
f 1638 1640 1634
f 1636 1640 1635
f 1639 1637 1635
f 1635 1640 1639
f 1639 1638 1637
f 1640 1638 1639
f 1642 1644 1641
f 1645 1642 1641
f 1641 1644 1643
f 1643 1645 1641
f 1642 1648 1644
f 1646 1642 1645
f 1646 1648 1642
f 1644 1648 1643
f 1647 1645 1643
f 1643 1648 1647
f 1647 1646 1645
f 1648 1646 1647
f 1650 1652 1649
f 1653 1650 1649
f 1649 1652 1651
f 1651 1653 1649
f 1650 1656 1652
f 1654 1650 1653
f 1654 1656 1650
f 1652 1656 1651
f 1655 1653 1651
f 1651 1656 1655
f 1655 1654 1653
f 1656 1654 1655
f 1658 1660 1657
f 1661 1658 1657
f 1657 1660 1659
f 1659 1661 1657
f 1658 1664 1660
f 1662 1658 1661
f 1662 1664 1658
f 1660 1664 1659
f 1663 1661 1659
f 1659 1664 1663
f 1663 1662 1661
f 1664 1662 1663
f 1666 1668 1665
f 1669 1666 1665
f 1665 1668 1667
f 1667 1669 1665
f 1666 1672 1668
f 1670 1666 1669
f 1670 1672 1666
f 1668 1672 1667
f 1671 1669 1667
f 1667 1672 1671
f 1671 1670 1669
f 1672 1670 1671
f 1674 1676 1673
f 1677 1674 1673
f 1673 1676 1675
f 1675 1677 1673
f 1674 1680 1676
f 1678 1674 1677
f 1678 1680 1674
f 1676 1680 1675
f 1679 1677 1675
f 1675 1680 1679
f 1679 1678 1677
f 1680 1678 1679
f 1682 1684 1681
f 1685 1682 1681
f 1681 1684 1683
f 1683 1685 1681
f 1682 1688 1684
f 1686 1682 1685
f 1686 1688 1682
f 1684 1688 1683
f 1687 1685 1683
f 1683 1688 1687
f 1687 1686 1685
f 1688 1686 1687
f 1690 1692 1689
f 1693 1690 1689
f 1689 1692 1691
f 1691 1693 1689
f 1690 1696 1692
f 1694 1690 1693
f 1694 1696 1690
f 1692 1696 1691
f 1695 1693 1691
f 1691 1696 1695
f 1695 1694 1693
f 1696 1694 1695
f 1698 1700 1697
f 1701 1698 1697
f 1697 1700 1699
f 1699 1701 1697
f 1698 1704 1700
f 1702 1698 1701
f 1702 1704 1698
f 1700 1704 1699
f 1703 1701 1699
f 1699 1704 1703
f 1703 1702 1701
f 1704 1702 1703
f 1706 1708 1705
f 1709 1706 1705
f 1705 1708 1707
f 1707 1709 1705
f 1706 1712 1708
f 1710 1706 1709
f 1710 1712 1706
f 1708 1712 1707
f 1711 1709 1707
f 1707 1712 1711
f 1711 1710 1709
f 1712 1710 1711
f 1714 1716 1713
f 1717 1714 1713
f 1713 1716 1715
f 1715 1717 1713
f 1714 1720 1716
f 1718 1714 1717
f 1718 1720 1714
f 1716 1720 1715
f 1719 1717 1715
f 1715 1720 1719
f 1719 1718 1717
f 1720 1718 1719
f 1722 1724 1721
f 1725 1722 1721
f 1721 1724 1723
f 1723 1725 1721
f 1722 1728 1724
f 1726 1722 1725
f 1726 1728 1722
f 1724 1728 1723
f 1727 1725 1723
f 1723 1728 1727
f 1727 1726 1725
f 1728 1726 1727
f 1730 1732 1729
f 1733 1730 1729
f 1729 1732 1731
f 1731 1733 1729
f 1730 1736 1732
f 1734 1730 1733
f 1734 1736 1730
f 1732 1736 1731
f 1735 1733 1731
f 1731 1736 1735
f 1735 1734 1733
f 1736 1734 1735
f 1738 1740 1737
f 1741 1738 1737
f 1737 1740 1739
f 1739 1741 1737
f 1738 1744 1740
f 1742 1738 1741
f 1742 1744 1738
f 1740 1744 1739
f 1743 1741 1739
f 1739 1744 1743
f 1743 1742 1741
f 1744 1742 1743
f 1746 1748 1745
f 1749 1746 1745
f 1745 1748 1747
f 1747 1749 1745
f 1746 1752 1748
f 1750 1746 1749
f 1750 1752 1746
f 1748 1752 1747
f 1751 1749 1747
f 1747 1752 1751
f 1751 1750 1749
f 1752 1750 1751
f 1754 1756 1753
f 1757 1754 1753
f 1753 1756 1755
f 1755 1757 1753
f 1754 1760 1756
f 1758 1754 1757
f 1758 1760 1754
f 1756 1760 1755
f 1759 1757 1755
f 1755 1760 1759
f 1759 1758 1757
f 1760 1758 1759
f 1762 1764 1761
f 1765 1762 1761
f 1761 1764 1763
f 1763 1765 1761
f 1762 1768 1764
f 1766 1762 1765
f 1766 1768 1762
f 1764 1768 1763
f 1767 1765 1763
f 1763 1768 1767
f 1767 1766 1765
f 1768 1766 1767
f 1770 1772 1769
f 1773 1770 1769
f 1769 1772 1771
f 1771 1773 1769
f 1770 1776 1772
f 1774 1770 1773
f 1774 1776 1770
f 1772 1776 1771
f 1775 1773 1771
f 1771 1776 1775
f 1775 1774 1773
f 1776 1774 1775
f 1778 1780 1777
f 1781 1778 1777
f 1777 1780 1779
f 1779 1781 1777
f 1778 1784 1780
f 1782 1778 1781
f 1782 1784 1778
f 1780 1784 1779
f 1783 1781 1779
f 1779 1784 1783
f 1783 1782 1781
f 1784 1782 1783
f 1786 1788 1785
f 1789 1786 1785
f 1785 1788 1787
f 1787 1789 1785
f 1786 1792 1788
f 1790 1786 1789
f 1790 1792 1786
f 1788 1792 1787
f 1791 1789 1787
f 1787 1792 1791
f 1791 1790 1789
f 1792 1790 1791
f 1794 1796 1793
f 1797 1794 1793
f 1793 1796 1795
f 1795 1797 1793
f 1794 1800 1796
f 1798 1794 1797
f 1798 1800 1794
f 1796 1800 1795
f 1799 1797 1795
f 1795 1800 1799
f 1799 1798 1797
f 1800 1798 1799
f 1802 1804 1801
f 1805 1802 1801
f 1801 1804 1803
f 1803 1805 1801
f 1802 1808 1804
f 1806 1802 1805
f 1806 1808 1802
f 1804 1808 1803
f 1807 1805 1803
f 1803 1808 1807
f 1807 1806 1805
f 1808 1806 1807
f 1810 1812 1809
f 1813 1810 1809
f 1809 1812 1811
f 1811 1813 1809
f 1810 1816 1812
f 1814 1810 1813
f 1814 1816 1810
f 1812 1816 1811
f 1815 1813 1811
f 1811 1816 1815
f 1815 1814 1813
f 1816 1814 1815
f 1818 1820 1817
f 1821 1818 1817
f 1817 1820 1819
f 1819 1821 1817
f 1818 1824 1820
f 1822 1818 1821
f 1822 1824 1818
f 1820 1824 1819
f 1823 1821 1819
f 1819 1824 1823
f 1823 1822 1821
f 1824 1822 1823
f 1826 1828 1825
f 1829 1826 1825
f 1825 1828 1827
f 1827 1829 1825
f 1826 1832 1828
f 1830 1826 1829
f 1830 1832 1826
f 1828 1832 1827
f 1831 1829 1827
f 1827 1832 1831
f 1831 1830 1829
f 1832 1830 1831
f 1834 1836 1833
f 1837 1834 1833
f 1833 1836 1835
f 1835 1837 1833
f 1834 1840 1836
f 1838 1834 1837
f 1838 1840 1834
f 1836 1840 1835
f 1839 1837 1835
f 1835 1840 1839
f 1839 1838 1837
f 1840 1838 1839
f 1842 1844 1841
f 1845 1842 1841
f 1841 1844 1843
f 1843 1845 1841
f 1842 1848 1844
f 1846 1842 1845
f 1846 1848 1842
f 1844 1848 1843
f 1847 1845 1843
f 1843 1848 1847
f 1847 1846 1845
f 1848 1846 1847
f 1850 1852 1849
f 1853 1850 1849
f 1849 1852 1851
f 1851 1853 1849
f 1850 1856 1852
f 1854 1850 1853
f 1854 1856 1850
f 1852 1856 1851
f 1855 1853 1851
f 1851 1856 1855
f 1855 1854 1853
f 1856 1854 1855
f 1858 1860 1857
f 1861 1858 1857
f 1857 1860 1859
f 1859 1861 1857
f 1858 1864 1860
f 1862 1858 1861
f 1862 1864 1858
f 1860 1864 1859
f 1863 1861 1859
f 1859 1864 1863
f 1863 1862 1861
f 1864 1862 1863
f 1866 1868 1865
f 1869 1866 1865
f 1865 1868 1867
f 1867 1869 1865
f 1866 1872 1868
f 1870 1866 1869
f 1870 1872 1866
f 1868 1872 1867
f 1871 1869 1867
f 1867 1872 1871
f 1871 1870 1869
f 1872 1870 1871
f 1874 1876 1873
f 1877 1874 1873
f 1873 1876 1875
f 1875 1877 1873
f 1874 1880 1876
f 1878 1874 1877
f 1878 1880 1874
f 1876 1880 1875
f 1879 1877 1875
f 1875 1880 1879
f 1879 1878 1877
f 1880 1878 1879
f 1882 1884 1881
f 1885 1882 1881
f 1881 1884 1883
f 1883 1885 1881
f 1882 1888 1884
f 1886 1882 1885
f 1886 1888 1882
f 1884 1888 1883
f 1887 1885 1883
f 1883 1888 1887
f 1887 1886 1885
f 1888 1886 1887
f 1890 1892 1889
f 1893 1890 1889
f 1889 1892 1891
f 1891 1893 1889
f 1890 1896 1892
f 1894 1890 1893
f 1894 1896 1890
f 1892 1896 1891
f 1895 1893 1891
f 1891 1896 1895
f 1895 1894 1893
f 1896 1894 1895
f 1898 1900 1897
f 1901 1898 1897
f 1897 1900 1899
f 1899 1901 1897
f 1898 1904 1900
f 1902 1898 1901
f 1902 1904 1898
f 1900 1904 1899
f 1903 1901 1899
f 1899 1904 1903
f 1903 1902 1901
f 1904 1902 1903
f 1906 1908 1905
f 1909 1906 1905
f 1905 1908 1907
f 1907 1909 1905
f 1906 1912 1908
f 1910 1906 1909
f 1910 1912 1906
f 1908 1912 1907
f 1911 1909 1907
f 1907 1912 1911
f 1911 1910 1909
f 1912 1910 1911
f 1914 1916 1913
f 1917 1914 1913
f 1913 1916 1915
f 1915 1917 1913
f 1914 1920 1916
f 1918 1914 1917
f 1918 1920 1914
f 1916 1920 1915
f 1919 1917 1915
f 1915 1920 1919
f 1919 1918 1917
f 1920 1918 1919
f 1922 1924 1921
f 1925 1922 1921
f 1921 1924 1923
f 1923 1925 1921
f 1922 1928 1924
f 1926 1922 1925
f 1926 1928 1922
f 1924 1928 1923
f 1927 1925 1923
f 1923 1928 1927
f 1927 1926 1925
f 1928 1926 1927
f 1930 1932 1929
f 1933 1930 1929
f 1929 1932 1931
f 1931 1933 1929
f 1930 1936 1932
f 1934 1930 1933
f 1934 1936 1930
f 1932 1936 1931
f 1935 1933 1931
f 1931 1936 1935
f 1935 1934 1933
f 1936 1934 1935
f 1938 1940 1937
f 1941 1938 1937
f 1937 1940 1939
f 1939 1941 1937
f 1938 1944 1940
f 1942 1938 1941
f 1942 1944 1938
f 1940 1944 1939
f 1943 1941 1939
f 1939 1944 1943
f 1943 1942 1941
f 1944 1942 1943
f 1946 1948 1945
f 1949 1946 1945
f 1945 1948 1947
f 1947 1949 1945
f 1946 1952 1948
f 1950 1946 1949
f 1950 1952 1946
f 1948 1952 1947
f 1951 1949 1947
f 1947 1952 1951
f 1951 1950 1949
f 1952 1950 1951
f 1954 1956 1953
f 1957 1954 1953
f 1953 1956 1955
f 1955 1957 1953
f 1954 1960 1956
f 1958 1954 1957
f 1958 1960 1954
f 1956 1960 1955
f 1959 1957 1955
f 1955 1960 1959
f 1959 1958 1957
f 1960 1958 1959
f 1962 1964 1961
f 1965 1962 1961
f 1961 1964 1963
f 1963 1965 1961
f 1962 1968 1964
f 1966 1962 1965
f 1966 1968 1962
f 1964 1968 1963
f 1967 1965 1963
f 1963 1968 1967
f 1967 1966 1965
f 1968 1966 1967
f 1970 1972 1969
f 1973 1970 1969
f 1969 1972 1971
f 1971 1973 1969
f 1970 1976 1972
f 1974 1970 1973
f 1974 1976 1970
f 1972 1976 1971
f 1975 1973 1971
f 1971 1976 1975
f 1975 1974 1973
f 1976 1974 1975
f 1982 1983 1977
f 1981 1982 1977
f 1980 1981 1977
f 1979 1980 1977
f 1978 1979 1977
f 1984 1990 1989
f 1984 1989 1988
f 1984 1988 1987
f 1984 1987 1986
f 1984 1986 1985
f 1984 1985 1977
f 1977 1985 1978
f 1985 1986 1978
f 1978 1986 1979
f 1986 1987 1979
f 1979 1987 1980
f 1987 1988 1980
f 1980 1988 1981
f 1988 1989 1981
f 1981 1989 1982
f 1990 1984 1983
f 1983 1984 1977
f 1989 1990 1982
f 1982 1990 1983
f 1996 1997 1991
f 1995 1996 1991
f 1994 1995 1991
f 1993 1994 1991
f 1992 1993 1991
f 1998 2004 2003
f 1998 2003 2002
f 1998 2002 2001
f 1998 2001 2000
f 1998 2000 1999
f 1998 1999 1991
f 1991 1999 1992
f 1999 2000 1992
f 1992 2000 1993
f 2000 2001 1993
f 1993 2001 1994
f 2001 2002 1994
f 1994 2002 1995
f 2002 2003 1995
f 1995 2003 1996
f 2004 1998 1997
f 1997 1998 1991
f 2003 2004 1996
f 1996 2004 1997
f 2007 2008 2005
f 2006 2007 2005
f 2009 2012 2011
f 2009 2011 2010
f 2009 2010 2005
f 2005 2010 2006
f 2010 2011 2006
f 2006 2011 2007
f 2012 2009 2008
f 2008 2009 2005
f 2011 2012 2007
f 2007 2012 2008
f 2018 2019 2013
f 2017 2018 2013
f 2016 2017 2013
f 2015 2016 2013
f 2014 2015 2013
f 2020 2026 2025
f 2020 2025 2024
f 2020 2024 2023
f 2020 2023 2022
f 2020 2022 2021
f 2020 2021 2013
f 2013 2021 2014
f 2021 2022 2014
f 2014 2022 2015
f 2022 2023 2015
f 2015 2023 2016
f 2023 2024 2016
f 2016 2024 2017
f 2024 2025 2017
f 2017 2025 2018
f 2026 2020 2019
f 2019 2020 2013
f 2025 2026 2018
f 2018 2026 2019
f 2032 2033 2027
f 2031 2032 2027
f 2030 2031 2027
f 2029 2030 2027
f 2028 2029 2027
f 2034 2040 2039
f 2034 2039 2038
f 2034 2038 2037
f 2034 2037 2036
f 2034 2036 2035
f 2034 2035 2027
f 2027 2035 2028
f 2035 2036 2028
f 2028 2036 2029
f 2036 2037 2029
f 2029 2037 2030
f 2037 2038 2030
f 2030 2038 2031
f 2038 2039 2031
f 2031 2039 2032
f 2040 2034 2033
f 2033 2034 2027
f 2039 2040 2032
f 2032 2040 2033
f 2043 2044 2041
f 2042 2043 2041
f 2045 2048 2047
f 2045 2047 2046
f 2045 2046 2041
f 2041 2046 2042
f 2046 2047 2042
f 2042 2047 2043
f 2048 2045 2044
f 2044 2045 2041
f 2047 2048 2043
f 2043 2048 2044
f 2057 2058 2059
f 2056 2057 2059
f 2055 2056 2059
f 2051 2052 2053
f 2050 2051 2053
f 2049 2050 2053
f 2055 2059 2060
f 2054 2055 2060
f 2049 2053 2054
f 2060 2049 2054
f 2071 2070 2069
f 2071 2069 2068
f 2071 2068 2067
f 2065 2064 2063
f 2065 2063 2062
f 2065 2062 2061
f 2072 2071 2067
f 2072 2067 2066
f 2066 2065 2061
f 2066 2061 2072
f 2061 2062 2049
f 2049 2062 2050
f 2062 2063 2050
f 2050 2063 2051
f 2063 2064 2051
f 2051 2064 2052
f 2064 2065 2052
f 2052 2065 2053
f 2065 2066 2053
f 2053 2066 2054
f 2066 2067 2054
f 2054 2067 2055
f 2067 2068 2055
f 2055 2068 2056
f 2068 2069 2056
f 2056 2069 2057
f 2069 2070 2057
f 2057 2070 2058
f 2070 2071 2058
f 2058 2071 2059
f 2072 2061 2060
f 2060 2061 2049
f 2071 2072 2059
f 2059 2072 2060
f 2078 2073 2074
f 2077 2078 2074
f 2080 2077 2074
f 2073 2078 2079
f 2076 2073 2079
f 2075 2076 2079
f 2080 2074 2075
f 2079 2080 2075
f 2082 2081 2086
f 2082 2086 2085
f 2082 2085 2088
f 2087 2086 2081
f 2087 2081 2084
f 2087 2084 2083
f 2083 2082 2088
f 2083 2088 2087
f 2081 2082 2073
f 2073 2082 2074
f 2082 2083 2074
f 2074 2083 2075
f 2084 2081 2076
f 2076 2081 2073
f 2083 2084 2075
f 2075 2084 2076
f 2085 2086 2077
f 2077 2086 2078
f 2086 2087 2078
f 2078 2087 2079
f 2088 2085 2080
f 2080 2085 2077
f 2087 2088 2079
f 2079 2088 2080

o Canopy_Charcoal_Bronze
usemtl Canopy_Charcoal_Bronze
v 20.76450 8.22960 12.64920
v 20.76450 8.22960 12.80160
v 20.76450 11.23950 12.64920
v 20.76450 11.23950 12.80160
v 26.09850 8.22960 12.64920
v 26.09850 8.22960 12.80160
v 26.09850 11.23950 12.64920
v 26.09850 11.23950 12.80160
f 2090 2092 2089
f 2093 2090 2089
f 2089 2092 2091
f 2091 2093 2089
f 2090 2096 2092
f 2094 2090 2093
f 2094 2096 2090
f 2092 2096 2091
f 2095 2093 2091
f 2091 2096 2095
f 2095 2094 2093
f 2096 2094 2095

o RCC_Concrete_Slabs
usemtl RCC_Concrete_Slabs
v 22.13610 8.61060 0.00000
v 22.13610 8.61060 0.16764
v 22.13610 9.67740 0.00000
v 22.13610 9.67740 0.16764
v 22.41550 8.61060 0.00000
v 22.41550 8.61060 0.16764
v 22.41550 9.67740 0.00000
v 22.41550 9.67740 0.16764
v 22.41550 8.61060 0.16764
v 22.41550 8.61060 0.33528
v 22.41550 9.67740 0.16764
v 22.41550 9.67740 0.33528
v 22.69490 8.61060 0.16764
v 22.69490 8.61060 0.33528
v 22.69490 9.67740 0.16764
v 22.69490 9.67740 0.33528
v 22.69490 8.61060 0.33528
v 22.69490 8.61060 0.50292
v 22.69490 9.67740 0.33528
v 22.69490 9.67740 0.50292
v 22.97430 8.61060 0.33528
v 22.97430 8.61060 0.50292
v 22.97430 9.67740 0.33528
v 22.97430 9.67740 0.50292
v 22.97430 8.61060 0.50292
v 22.97430 8.61060 0.67056
v 22.97430 9.67740 0.50292
v 22.97430 9.67740 0.67056
v 23.25370 8.61060 0.50292
v 23.25370 8.61060 0.67056
v 23.25370 9.67740 0.50292
v 23.25370 9.67740 0.67056
v 23.25370 8.61060 0.67056
v 23.25370 8.61060 0.83820
v 23.25370 9.67740 0.67056
v 23.25370 9.67740 0.83820
v 23.53310 8.61060 0.67056
v 23.53310 8.61060 0.83820
v 23.53310 9.67740 0.67056
v 23.53310 9.67740 0.83820
v 23.53310 8.61060 0.83820
v 23.53310 8.61060 1.00584
v 23.53310 9.67740 0.83820
v 23.53310 9.67740 1.00584
v 23.81250 8.61060 0.83820
v 23.81250 8.61060 1.00584
v 23.81250 9.67740 0.83820
v 23.81250 9.67740 1.00584
v 23.81250 8.61060 1.00584
v 23.81250 8.61060 1.17348
v 23.81250 9.67740 1.00584
v 23.81250 9.67740 1.17348
v 24.09190 8.61060 1.00584
v 24.09190 8.61060 1.17348
v 24.09190 9.67740 1.00584
v 24.09190 9.67740 1.17348
v 24.09190 8.61060 1.17348
v 24.09190 8.61060 1.34112
v 24.09190 9.67740 1.17348
v 24.09190 9.67740 1.34112
v 24.37130 8.61060 1.17348
v 24.37130 8.61060 1.34112
v 24.37130 9.67740 1.17348
v 24.37130 9.67740 1.34112
v 24.37130 8.61060 1.34112
v 24.37130 8.61060 1.50876
v 24.37130 9.67740 1.34112
v 24.37130 9.67740 1.50876
v 24.65070 8.61060 1.34112
v 24.65070 8.61060 1.50876
v 24.65070 9.67740 1.34112
v 24.65070 9.67740 1.50876
v 24.65070 8.61060 1.50876
v 24.65070 8.61060 1.67640
v 24.65070 9.67740 1.50876
v 24.65070 9.67740 1.67640
v 24.93010 8.61060 1.50876
v 24.93010 8.61060 1.67640
v 24.93010 9.67740 1.50876
v 24.93010 9.67740 1.67640
v 24.65070 8.61060 1.52400
v 24.65070 8.61060 1.67640
v 24.65070 10.85850 1.52400
v 24.65070 10.85850 1.67640
v 25.71750 8.61060 1.52400
v 25.71750 8.61060 1.67640
v 25.71750 10.85850 1.52400
v 25.71750 10.85850 1.67640
v 24.37130 9.79170 1.67640
v 24.37130 9.79170 1.84404
v 24.37130 10.85850 1.67640
v 24.37130 10.85850 1.84404
v 24.65070 9.79170 1.67640
v 24.65070 9.79170 1.84404
v 24.65070 10.85850 1.67640
v 24.65070 10.85850 1.84404
v 24.09190 9.79170 1.84404
v 24.09190 9.79170 2.01168
v 24.09190 10.85850 1.84404
v 24.09190 10.85850 2.01168
v 24.37130 9.79170 1.84404
v 24.37130 9.79170 2.01168
v 24.37130 10.85850 1.84404
v 24.37130 10.85850 2.01168
v 23.81250 9.79170 2.01168
v 23.81250 9.79170 2.17932
v 23.81250 10.85850 2.01168
v 23.81250 10.85850 2.17932
v 24.09190 9.79170 2.01168
v 24.09190 9.79170 2.17932
v 24.09190 10.85850 2.01168
v 24.09190 10.85850 2.17932
v 23.53310 9.79170 2.17932
v 23.53310 9.79170 2.34696
v 23.53310 10.85850 2.17932
v 23.53310 10.85850 2.34696
v 23.81250 9.79170 2.17932
v 23.81250 9.79170 2.34696
v 23.81250 10.85850 2.17932
v 23.81250 10.85850 2.34696
v 23.25370 9.79170 2.34696
v 23.25370 9.79170 2.51460
v 23.25370 10.85850 2.34696
v 23.25370 10.85850 2.51460
v 23.53310 9.79170 2.34696
v 23.53310 9.79170 2.51460
v 23.53310 10.85850 2.34696
v 23.53310 10.85850 2.51460
v 22.97430 9.79170 2.51460
v 22.97430 9.79170 2.68224
v 22.97430 10.85850 2.51460
v 22.97430 10.85850 2.68224
v 23.25370 9.79170 2.51460
v 23.25370 9.79170 2.68224
v 23.25370 10.85850 2.51460
v 23.25370 10.85850 2.68224
v 22.69490 9.79170 2.68224
v 22.69490 9.79170 2.84988
v 22.69490 10.85850 2.68224
v 22.69490 10.85850 2.84988
v 22.97430 9.79170 2.68224
v 22.97430 9.79170 2.84988
v 22.97430 10.85850 2.68224
v 22.97430 10.85850 2.84988
v 22.41550 9.79170 2.84988
v 22.41550 9.79170 3.01752
v 22.41550 10.85850 2.84988
v 22.41550 10.85850 3.01752
v 22.69490 9.79170 2.84988
v 22.69490 9.79170 3.01752
v 22.69490 10.85850 2.84988
v 22.69490 10.85850 3.01752
v 22.13610 9.79170 3.01752
v 22.13610 9.79170 3.18516
v 22.13610 10.85850 3.01752
v 22.13610 10.85850 3.18516
v 22.41550 9.79170 3.01752
v 22.41550 9.79170 3.18516
v 22.41550 10.85850 3.01752
v 22.41550 10.85850 3.18516
v 21.85670 9.79170 3.18516
v 21.85670 9.79170 3.35280
v 21.85670 10.85850 3.18516
v 21.85670 10.85850 3.35280
v 22.13610 9.79170 3.18516
v 22.13610 9.79170 3.35280
v 22.13610 10.85850 3.18516
v 22.13610 10.85850 3.35280
v 22.13610 8.61060 3.35280
v 22.13610 8.61060 3.52044
v 22.13610 9.67740 3.35280
v 22.13610 9.67740 3.52044
v 22.41550 8.61060 3.35280
v 22.41550 8.61060 3.52044
v 22.41550 9.67740 3.35280
v 22.41550 9.67740 3.52044
v 22.41550 8.61060 3.52044
v 22.41550 8.61060 3.68808
v 22.41550 9.67740 3.52044
v 22.41550 9.67740 3.68808
v 22.69490 8.61060 3.52044
v 22.69490 8.61060 3.68808
v 22.69490 9.67740 3.52044
v 22.69490 9.67740 3.68808
v 22.69490 8.61060 3.68808
v 22.69490 8.61060 3.85572
v 22.69490 9.67740 3.68808
v 22.69490 9.67740 3.85572
v 22.97430 8.61060 3.68808
v 22.97430 8.61060 3.85572
v 22.97430 9.67740 3.68808
v 22.97430 9.67740 3.85572
v 22.97430 8.61060 3.85572
v 22.97430 8.61060 4.02336
v 22.97430 9.67740 3.85572
v 22.97430 9.67740 4.02336
v 23.25370 8.61060 3.85572
v 23.25370 8.61060 4.02336
v 23.25370 9.67740 3.85572
v 23.25370 9.67740 4.02336
v 23.25370 8.61060 4.02336
v 23.25370 8.61060 4.19100
v 23.25370 9.67740 4.02336
v 23.25370 9.67740 4.19100
v 23.53310 8.61060 4.02336
v 23.53310 8.61060 4.19100
v 23.53310 9.67740 4.02336
v 23.53310 9.67740 4.19100
v 23.53310 8.61060 4.19100
v 23.53310 8.61060 4.35864
v 23.53310 9.67740 4.19100
v 23.53310 9.67740 4.35864
v 23.81250 8.61060 4.19100
v 23.81250 8.61060 4.35864
v 23.81250 9.67740 4.19100
v 23.81250 9.67740 4.35864
v 23.81250 8.61060 4.35864
v 23.81250 8.61060 4.52628
v 23.81250 9.67740 4.35864
v 23.81250 9.67740 4.52628
v 24.09190 8.61060 4.35864
v 24.09190 8.61060 4.52628
v 24.09190 9.67740 4.35864
v 24.09190 9.67740 4.52628
v 24.09190 8.61060 4.52628
v 24.09190 8.61060 4.69392
v 24.09190 9.67740 4.52628
v 24.09190 9.67740 4.69392
v 24.37130 8.61060 4.52628
v 24.37130 8.61060 4.69392
v 24.37130 9.67740 4.52628
v 24.37130 9.67740 4.69392
v 24.37130 8.61060 4.69392
v 24.37130 8.61060 4.86156
v 24.37130 9.67740 4.69392
v 24.37130 9.67740 4.86156
v 24.65070 8.61060 4.69392
v 24.65070 8.61060 4.86156
v 24.65070 9.67740 4.69392
v 24.65070 9.67740 4.86156
v 24.65070 8.61060 4.86156
v 24.65070 8.61060 5.02920
v 24.65070 9.67740 4.86156
v 24.65070 9.67740 5.02920
v 24.93010 8.61060 4.86156
v 24.93010 8.61060 5.02920
v 24.93010 9.67740 4.86156
v 24.93010 9.67740 5.02920
v 24.65070 8.61060 4.87680
v 24.65070 8.61060 5.02920
v 24.65070 10.85850 4.87680
v 24.65070 10.85850 5.02920
v 25.71750 8.61060 4.87680
v 25.71750 8.61060 5.02920
v 25.71750 10.85850 4.87680
v 25.71750 10.85850 5.02920
v 24.37130 9.79170 5.02920
v 24.37130 9.79170 5.19684
v 24.37130 10.85850 5.02920
v 24.37130 10.85850 5.19684
v 24.65070 9.79170 5.02920
v 24.65070 9.79170 5.19684
v 24.65070 10.85850 5.02920
v 24.65070 10.85850 5.19684
v 24.09190 9.79170 5.19684
v 24.09190 9.79170 5.36448
v 24.09190 10.85850 5.19684
v 24.09190 10.85850 5.36448
v 24.37130 9.79170 5.19684
v 24.37130 9.79170 5.36448
v 24.37130 10.85850 5.19684
v 24.37130 10.85850 5.36448
v 23.81250 9.79170 5.36448
v 23.81250 9.79170 5.53212
v 23.81250 10.85850 5.36448
v 23.81250 10.85850 5.53212
v 24.09190 9.79170 5.36448
v 24.09190 9.79170 5.53212
v 24.09190 10.85850 5.36448
v 24.09190 10.85850 5.53212
v 23.53310 9.79170 5.53212
v 23.53310 9.79170 5.69976
v 23.53310 10.85850 5.53212
v 23.53310 10.85850 5.69976
v 23.81250 9.79170 5.53212
v 23.81250 9.79170 5.69976
v 23.81250 10.85850 5.53212
v 23.81250 10.85850 5.69976
v 23.25370 9.79170 5.69976
v 23.25370 9.79170 5.86740
v 23.25370 10.85850 5.69976
v 23.25370 10.85850 5.86740
v 23.53310 9.79170 5.69976
v 23.53310 9.79170 5.86740
v 23.53310 10.85850 5.69976
v 23.53310 10.85850 5.86740
v 22.97430 9.79170 5.86740
v 22.97430 9.79170 6.03504
v 22.97430 10.85850 5.86740
v 22.97430 10.85850 6.03504
v 23.25370 9.79170 5.86740
v 23.25370 9.79170 6.03504
v 23.25370 10.85850 5.86740
v 23.25370 10.85850 6.03504
v 22.69490 9.79170 6.03504
v 22.69490 9.79170 6.20268
v 22.69490 10.85850 6.03504
v 22.69490 10.85850 6.20268
v 22.97430 9.79170 6.03504
v 22.97430 9.79170 6.20268
v 22.97430 10.85850 6.03504
v 22.97430 10.85850 6.20268
v 22.41550 9.79170 6.20268
v 22.41550 9.79170 6.37032
v 22.41550 10.85850 6.20268
v 22.41550 10.85850 6.37032
v 22.69490 9.79170 6.20268
v 22.69490 9.79170 6.37032
v 22.69490 10.85850 6.20268
v 22.69490 10.85850 6.37032
v 22.13610 9.79170 6.37032
v 22.13610 9.79170 6.53796
v 22.13610 10.85850 6.37032
v 22.13610 10.85850 6.53796
v 22.41550 9.79170 6.37032
v 22.41550 9.79170 6.53796
v 22.41550 10.85850 6.37032
v 22.41550 10.85850 6.53796
v 21.85670 9.79170 6.53796
v 21.85670 9.79170 6.70560
v 21.85670 10.85850 6.53796
v 21.85670 10.85850 6.70560
v 22.13610 9.79170 6.53796
v 22.13610 9.79170 6.70560
v 22.13610 10.85850 6.53796
v 22.13610 10.85850 6.70560
v 22.13610 8.61060 6.70560
v 22.13610 8.61060 6.87324
v 22.13610 9.67740 6.70560
v 22.13610 9.67740 6.87324
v 22.41550 8.61060 6.70560
v 22.41550 8.61060 6.87324
v 22.41550 9.67740 6.70560
v 22.41550 9.67740 6.87324
v 22.41550 8.61060 6.87324
v 22.41550 8.61060 7.04088
v 22.41550 9.67740 6.87324
v 22.41550 9.67740 7.04088
v 22.69490 8.61060 6.87324
v 22.69490 8.61060 7.04088
v 22.69490 9.67740 6.87324
v 22.69490 9.67740 7.04088
v 22.69490 8.61060 7.04088
v 22.69490 8.61060 7.20852
v 22.69490 9.67740 7.04088
v 22.69490 9.67740 7.20852
v 22.97430 8.61060 7.04088
v 22.97430 8.61060 7.20852
v 22.97430 9.67740 7.04088
v 22.97430 9.67740 7.20852
v 22.97430 8.61060 7.20852
v 22.97430 8.61060 7.37616
v 22.97430 9.67740 7.20852
v 22.97430 9.67740 7.37616
v 23.25370 8.61060 7.20852
v 23.25370 8.61060 7.37616
v 23.25370 9.67740 7.20852
v 23.25370 9.67740 7.37616
v 23.25370 8.61060 7.37616
v 23.25370 8.61060 7.54380
v 23.25370 9.67740 7.37616
v 23.25370 9.67740 7.54380
v 23.53310 8.61060 7.37616
v 23.53310 8.61060 7.54380
v 23.53310 9.67740 7.37616
v 23.53310 9.67740 7.54380
v 23.53310 8.61060 7.54380
v 23.53310 8.61060 7.71144
v 23.53310 9.67740 7.54380
v 23.53310 9.67740 7.71144
v 23.81250 8.61060 7.54380
v 23.81250 8.61060 7.71144
v 23.81250 9.67740 7.54380
v 23.81250 9.67740 7.71144
v 23.81250 8.61060 7.71144
v 23.81250 8.61060 7.87908
v 23.81250 9.67740 7.71144
v 23.81250 9.67740 7.87908
v 24.09190 8.61060 7.71144
v 24.09190 8.61060 7.87908
v 24.09190 9.67740 7.71144
v 24.09190 9.67740 7.87908
v 24.09190 8.61060 7.87908
v 24.09190 8.61060 8.04672
v 24.09190 9.67740 7.87908
v 24.09190 9.67740 8.04672
v 24.37130 8.61060 7.87908
v 24.37130 8.61060 8.04672
v 24.37130 9.67740 7.87908
v 24.37130 9.67740 8.04672
v 24.37130 8.61060 8.04672
v 24.37130 8.61060 8.21436
v 24.37130 9.67740 8.04672
v 24.37130 9.67740 8.21436
v 24.65070 8.61060 8.04672
v 24.65070 8.61060 8.21436
v 24.65070 9.67740 8.04672
v 24.65070 9.67740 8.21436
v 24.65070 8.61060 8.21436
v 24.65070 8.61060 8.38200
v 24.65070 9.67740 8.21436
v 24.65070 9.67740 8.38200
v 24.93010 8.61060 8.21436
v 24.93010 8.61060 8.38200
v 24.93010 9.67740 8.21436
v 24.93010 9.67740 8.38200
v 24.65070 8.61060 8.22960
v 24.65070 8.61060 8.38200
v 24.65070 10.85850 8.22960
v 24.65070 10.85850 8.38200
v 25.71750 8.61060 8.22960
v 25.71750 8.61060 8.38200
v 25.71750 10.85850 8.22960
v 25.71750 10.85850 8.38200
v 24.37130 9.79170 8.38200
v 24.37130 9.79170 8.54964
v 24.37130 10.85850 8.38200
v 24.37130 10.85850 8.54964
v 24.65070 9.79170 8.38200
v 24.65070 9.79170 8.54964
v 24.65070 10.85850 8.38200
v 24.65070 10.85850 8.54964
v 24.09190 9.79170 8.54964
v 24.09190 9.79170 8.71728
v 24.09190 10.85850 8.54964
v 24.09190 10.85850 8.71728
v 24.37130 9.79170 8.54964
v 24.37130 9.79170 8.71728
v 24.37130 10.85850 8.54964
v 24.37130 10.85850 8.71728
v 23.81250 9.79170 8.71728
v 23.81250 9.79170 8.88492
v 23.81250 10.85850 8.71728
v 23.81250 10.85850 8.88492
v 24.09190 9.79170 8.71728
v 24.09190 9.79170 8.88492
v 24.09190 10.85850 8.71728
v 24.09190 10.85850 8.88492
v 23.53310 9.79170 8.88492
v 23.53310 9.79170 9.05256
v 23.53310 10.85850 8.88492
v 23.53310 10.85850 9.05256
v 23.81250 9.79170 8.88492
v 23.81250 9.79170 9.05256
v 23.81250 10.85850 8.88492
v 23.81250 10.85850 9.05256
v 23.25370 9.79170 9.05256
v 23.25370 9.79170 9.22020
v 23.25370 10.85850 9.05256
v 23.25370 10.85850 9.22020
v 23.53310 9.79170 9.05256
v 23.53310 9.79170 9.22020
v 23.53310 10.85850 9.05256
v 23.53310 10.85850 9.22020
v 22.97430 9.79170 9.22020
v 22.97430 9.79170 9.38784
v 22.97430 10.85850 9.22020
v 22.97430 10.85850 9.38784
v 23.25370 9.79170 9.22020
v 23.25370 9.79170 9.38784
v 23.25370 10.85850 9.22020
v 23.25370 10.85850 9.38784
v 22.69490 9.79170 9.38784
v 22.69490 9.79170 9.55548
v 22.69490 10.85850 9.38784
v 22.69490 10.85850 9.55548
v 22.97430 9.79170 9.38784
v 22.97430 9.79170 9.55548
v 22.97430 10.85850 9.38784
v 22.97430 10.85850 9.55548
v 22.41550 9.79170 9.55548
v 22.41550 9.79170 9.72312
v 22.41550 10.85850 9.55548
v 22.41550 10.85850 9.72312
v 22.69490 9.79170 9.55548
v 22.69490 9.79170 9.72312
v 22.69490 10.85850 9.55548
v 22.69490 10.85850 9.72312
v 22.13610 9.79170 9.72312
v 22.13610 9.79170 9.89076
v 22.13610 10.85850 9.72312
v 22.13610 10.85850 9.89076
v 22.41550 9.79170 9.72312
v 22.41550 9.79170 9.89076
v 22.41550 10.85850 9.72312
v 22.41550 10.85850 9.89076
v 21.85670 9.79170 9.89076
v 21.85670 9.79170 10.05840
v 21.85670 10.85850 9.89076
v 21.85670 10.85850 10.05840
v 22.13610 9.79170 9.89076
v 22.13610 9.79170 10.05840
v 22.13610 10.85850 9.89076
v 22.13610 10.85850 10.05840
v 5.33400 5.48640 3.20040
v 11.01090 5.48640 3.20040
v 11.01090 9.23369 3.20040
v 12.64317 10.28700 3.20040
v 15.65910 10.28700 3.20040
v 15.65910 11.90527 3.20040
v 17.66415 12.95400 3.20040
v 20.91690 12.95400 3.20040
v 20.91690 15.32161 3.20040
v 25.94610 17.36603 3.20040
v 25.94610 0.00000 3.20040
v 5.33400 0.00000 3.20040
v 22.13610 8.61060 3.20040
v 25.71750 8.61060 3.20040
v 25.71750 10.85850 3.20040
v 22.13610 10.85850 3.20040
v 17.41170 8.07720 3.20040
v 17.41170 6.24840 3.20040
v 18.82140 6.24840 3.20040
v 18.82140 8.07720 3.20040
v 5.33400 5.48640 3.35280
v 11.01090 5.48640 3.35280
v 11.01090 9.23369 3.35280
v 12.64317 10.28700 3.35280
v 15.65910 10.28700 3.35280
v 15.65910 11.90527 3.35280
v 17.66415 12.95400 3.35280
v 20.91690 12.95400 3.35280
v 20.91690 15.32161 3.35280
v 25.94610 17.36603 3.35280
v 25.94610 0.00000 3.35280
v 5.33400 0.00000 3.35280
v 22.13610 8.61060 3.35280
v 25.71750 8.61060 3.35280
v 25.71750 10.85850 3.35280
v 22.13610 10.85850 3.35280
v 17.41170 8.07720 3.35280
v 17.41170 6.24840 3.35280
v 18.82140 6.24840 3.35280
v 18.82140 8.07720 3.35280
v 11.01090 9.23369 6.55320
v 12.64317 10.28700 6.55320
v 15.65910 10.28700 6.55320
v 15.65910 11.90527 6.55320
v 17.66415 12.95400 6.55320
v 20.91690 12.95400 6.55320
v 20.91690 14.28750 6.55320
v 25.94610 14.28750 6.55320
v 25.94610 0.00000 6.55320
v 11.01090 0.00000 6.55320
v 11.01090 0.91440 6.55320
v 22.13610 8.61060 6.55320
v 25.71750 8.61060 6.55320
v 25.71750 10.85850 6.55320
v 22.13610 10.85850 6.55320
v 17.41170 8.07720 6.55320
v 17.41170 6.24840 6.55320
v 18.82140 6.24840 6.55320
v 18.82140 8.07720 6.55320
v 11.01090 9.23369 6.70560
v 12.64317 10.28700 6.70560
v 15.65910 10.28700 6.70560
v 15.65910 11.90527 6.70560
v 17.66415 12.95400 6.70560
v 20.91690 12.95400 6.70560
v 20.91690 14.28750 6.70560
v 25.94610 14.28750 6.70560
v 25.94610 0.00000 6.70560
v 11.01090 0.00000 6.70560
v 11.01090 0.91440 6.70560
v 22.13610 8.61060 6.70560
v 25.71750 8.61060 6.70560
v 25.71750 10.85850 6.70560
v 22.13610 10.85850 6.70560
v 17.41170 8.07720 6.70560
v 17.41170 6.24840 6.70560
v 18.82140 6.24840 6.70560
v 18.82140 8.07720 6.70560
v 15.65910 0.91440 9.90600
v 15.65910 8.61060 9.90600
v 20.91690 8.61060 9.90600
v 20.91690 8.38200 9.90600
v 25.94610 8.38200 9.90600
v 25.94610 0.91440 9.90600
v 25.94610 0.00000 9.90600
v 15.65910 0.00000 9.90600
v 15.65910 0.91440 10.05840
v 15.65910 8.61060 10.05840
v 20.91690 8.61060 10.05840
v 20.91690 8.38200 10.05840
v 25.94610 8.38200 10.05840
v 25.94610 0.91440 10.05840
v 25.94610 0.00000 10.05840
v 15.65910 0.00000 10.05840
v 20.91690 14.28750 9.90600
v 25.94610 14.28750 9.90600
v 25.94610 11.08710 9.90600
v 20.91690 11.08710 9.90600
v 20.91690 12.95400 9.90600
v 20.91690 14.28750 10.05840
v 25.94610 14.28750 10.05840
v 25.94610 11.08710 10.05840
v 20.91690 11.08710 10.05840
v 20.91690 12.95400 10.05840
v 20.91690 11.08710 9.90600
v 25.94610 11.08710 9.90600
v 25.94610 8.38200 9.90600
v 20.91690 8.38200 9.90600
v 22.13610 10.85850 9.90600
v 22.13610 8.61060 9.90600
v 25.71750 8.61060 9.90600
v 25.71750 10.85850 9.90600
v 20.91690 11.08710 10.05840
v 25.94610 11.08710 10.05840
v 25.94610 8.38200 10.05840
v 20.91690 8.38200 10.05840
v 22.13610 10.85850 10.05840
v 22.13610 8.61060 10.05840
v 25.71750 8.61060 10.05840
v 25.71750 10.85850 10.05840
f 2098 2100 2097
f 2101 2098 2097
f 2097 2100 2099
f 2099 2101 2097
f 2098 2104 2100
f 2102 2098 2101
f 2102 2104 2098
f 2100 2104 2099
f 2103 2101 2099
f 2099 2104 2103
f 2103 2102 2101
f 2104 2102 2103
f 2106 2108 2105
f 2109 2106 2105
f 2105 2108 2107
f 2107 2109 2105
f 2106 2112 2108
f 2110 2106 2109
f 2110 2112 2106
f 2108 2112 2107
f 2111 2109 2107
f 2107 2112 2111
f 2111 2110 2109
f 2112 2110 2111
f 2114 2116 2113
f 2117 2114 2113
f 2113 2116 2115
f 2115 2117 2113
f 2114 2120 2116
f 2118 2114 2117
f 2118 2120 2114
f 2116 2120 2115
f 2119 2117 2115
f 2115 2120 2119
f 2119 2118 2117
f 2120 2118 2119
f 2122 2124 2121
f 2125 2122 2121
f 2121 2124 2123
f 2123 2125 2121
f 2122 2128 2124
f 2126 2122 2125
f 2126 2128 2122
f 2124 2128 2123
f 2127 2125 2123
f 2123 2128 2127
f 2127 2126 2125
f 2128 2126 2127
f 2130 2132 2129
f 2133 2130 2129
f 2129 2132 2131
f 2131 2133 2129
f 2130 2136 2132
f 2134 2130 2133
f 2134 2136 2130
f 2132 2136 2131
f 2135 2133 2131
f 2131 2136 2135
f 2135 2134 2133
f 2136 2134 2135
f 2138 2140 2137
f 2141 2138 2137
f 2137 2140 2139
f 2139 2141 2137
f 2138 2144 2140
f 2142 2138 2141
f 2142 2144 2138
f 2140 2144 2139
f 2143 2141 2139
f 2139 2144 2143
f 2143 2142 2141
f 2144 2142 2143
f 2146 2148 2145
f 2149 2146 2145
f 2145 2148 2147
f 2147 2149 2145
f 2146 2152 2148
f 2150 2146 2149
f 2150 2152 2146
f 2148 2152 2147
f 2151 2149 2147
f 2147 2152 2151
f 2151 2150 2149
f 2152 2150 2151
f 2154 2156 2153
f 2157 2154 2153
f 2153 2156 2155
f 2155 2157 2153
f 2154 2160 2156
f 2158 2154 2157
f 2158 2160 2154
f 2156 2160 2155
f 2159 2157 2155
f 2155 2160 2159
f 2159 2158 2157
f 2160 2158 2159
f 2162 2164 2161
f 2165 2162 2161
f 2161 2164 2163
f 2163 2165 2161
f 2162 2168 2164
f 2166 2162 2165
f 2166 2168 2162
f 2164 2168 2163
f 2167 2165 2163
f 2163 2168 2167
f 2167 2166 2165
f 2168 2166 2167
f 2170 2172 2169
f 2173 2170 2169
f 2169 2172 2171
f 2171 2173 2169
f 2170 2176 2172
f 2174 2170 2173
f 2174 2176 2170
f 2172 2176 2171
f 2175 2173 2171
f 2171 2176 2175
f 2175 2174 2173
f 2176 2174 2175
f 2178 2180 2177
f 2181 2178 2177
f 2177 2180 2179
f 2179 2181 2177
f 2178 2184 2180
f 2182 2178 2181
f 2182 2184 2178
f 2180 2184 2179
f 2183 2181 2179
f 2179 2184 2183
f 2183 2182 2181
f 2184 2182 2183
f 2186 2188 2185
f 2189 2186 2185
f 2185 2188 2187
f 2187 2189 2185
f 2186 2192 2188
f 2190 2186 2189
f 2190 2192 2186
f 2188 2192 2187
f 2191 2189 2187
f 2187 2192 2191
f 2191 2190 2189
f 2192 2190 2191
f 2194 2196 2193
f 2197 2194 2193
f 2193 2196 2195
f 2195 2197 2193
f 2194 2200 2196
f 2198 2194 2197
f 2198 2200 2194
f 2196 2200 2195
f 2199 2197 2195
f 2195 2200 2199
f 2199 2198 2197
f 2200 2198 2199
f 2202 2204 2201
f 2205 2202 2201
f 2201 2204 2203
f 2203 2205 2201
f 2202 2208 2204
f 2206 2202 2205
f 2206 2208 2202
f 2204 2208 2203
f 2207 2205 2203
f 2203 2208 2207
f 2207 2206 2205
f 2208 2206 2207
f 2210 2212 2209
f 2213 2210 2209
f 2209 2212 2211
f 2211 2213 2209
f 2210 2216 2212
f 2214 2210 2213
f 2214 2216 2210
f 2212 2216 2211
f 2215 2213 2211
f 2211 2216 2215
f 2215 2214 2213
f 2216 2214 2215
f 2218 2220 2217
f 2221 2218 2217
f 2217 2220 2219
f 2219 2221 2217
f 2218 2224 2220
f 2222 2218 2221
f 2222 2224 2218
f 2220 2224 2219
f 2223 2221 2219
f 2219 2224 2223
f 2223 2222 2221
f 2224 2222 2223
f 2226 2228 2225
f 2229 2226 2225
f 2225 2228 2227
f 2227 2229 2225
f 2226 2232 2228
f 2230 2226 2229
f 2230 2232 2226
f 2228 2232 2227
f 2231 2229 2227
f 2227 2232 2231
f 2231 2230 2229
f 2232 2230 2231
f 2234 2236 2233
f 2237 2234 2233
f 2233 2236 2235
f 2235 2237 2233
f 2234 2240 2236
f 2238 2234 2237
f 2238 2240 2234
f 2236 2240 2235
f 2239 2237 2235
f 2235 2240 2239
f 2239 2238 2237
f 2240 2238 2239
f 2242 2244 2241
f 2245 2242 2241
f 2241 2244 2243
f 2243 2245 2241
f 2242 2248 2244
f 2246 2242 2245
f 2246 2248 2242
f 2244 2248 2243
f 2247 2245 2243
f 2243 2248 2247
f 2247 2246 2245
f 2248 2246 2247
f 2250 2252 2249
f 2253 2250 2249
f 2249 2252 2251
f 2251 2253 2249
f 2250 2256 2252
f 2254 2250 2253
f 2254 2256 2250
f 2252 2256 2251
f 2255 2253 2251
f 2251 2256 2255
f 2255 2254 2253
f 2256 2254 2255
f 2258 2260 2257
f 2261 2258 2257
f 2257 2260 2259
f 2259 2261 2257
f 2258 2264 2260
f 2262 2258 2261
f 2262 2264 2258
f 2260 2264 2259
f 2263 2261 2259
f 2259 2264 2263
f 2263 2262 2261
f 2264 2262 2263
f 2266 2268 2265
f 2269 2266 2265
f 2265 2268 2267
f 2267 2269 2265
f 2266 2272 2268
f 2270 2266 2269
f 2270 2272 2266
f 2268 2272 2267
f 2271 2269 2267
f 2267 2272 2271
f 2271 2270 2269
f 2272 2270 2271
f 2274 2276 2273
f 2277 2274 2273
f 2273 2276 2275
f 2275 2277 2273
f 2274 2280 2276
f 2278 2274 2277
f 2278 2280 2274
f 2276 2280 2275
f 2279 2277 2275
f 2275 2280 2279
f 2279 2278 2277
f 2280 2278 2279
f 2282 2284 2281
f 2285 2282 2281
f 2281 2284 2283
f 2283 2285 2281
f 2282 2288 2284
f 2286 2282 2285
f 2286 2288 2282
f 2284 2288 2283
f 2287 2285 2283
f 2283 2288 2287
f 2287 2286 2285
f 2288 2286 2287
f 2290 2292 2289
f 2293 2290 2289
f 2289 2292 2291
f 2291 2293 2289
f 2290 2296 2292
f 2294 2290 2293
f 2294 2296 2290
f 2292 2296 2291
f 2295 2293 2291
f 2291 2296 2295
f 2295 2294 2293
f 2296 2294 2295
f 2298 2300 2297
f 2301 2298 2297
f 2297 2300 2299
f 2299 2301 2297
f 2298 2304 2300
f 2302 2298 2301
f 2302 2304 2298
f 2300 2304 2299
f 2303 2301 2299
f 2299 2304 2303
f 2303 2302 2301
f 2304 2302 2303
f 2306 2308 2305
f 2309 2306 2305
f 2305 2308 2307
f 2307 2309 2305
f 2306 2312 2308
f 2310 2306 2309
f 2310 2312 2306
f 2308 2312 2307
f 2311 2309 2307
f 2307 2312 2311
f 2311 2310 2309
f 2312 2310 2311
f 2314 2316 2313
f 2317 2314 2313
f 2313 2316 2315
f 2315 2317 2313
f 2314 2320 2316
f 2318 2314 2317
f 2318 2320 2314
f 2316 2320 2315
f 2319 2317 2315
f 2315 2320 2319
f 2319 2318 2317
f 2320 2318 2319
f 2322 2324 2321
f 2325 2322 2321
f 2321 2324 2323
f 2323 2325 2321
f 2322 2328 2324
f 2326 2322 2325
f 2326 2328 2322
f 2324 2328 2323
f 2327 2325 2323
f 2323 2328 2327
f 2327 2326 2325
f 2328 2326 2327
f 2330 2332 2329
f 2333 2330 2329
f 2329 2332 2331
f 2331 2333 2329
f 2330 2336 2332
f 2334 2330 2333
f 2334 2336 2330
f 2332 2336 2331
f 2335 2333 2331
f 2331 2336 2335
f 2335 2334 2333
f 2336 2334 2335
f 2338 2340 2337
f 2341 2338 2337
f 2337 2340 2339
f 2339 2341 2337
f 2338 2344 2340
f 2342 2338 2341
f 2342 2344 2338
f 2340 2344 2339
f 2343 2341 2339
f 2339 2344 2343
f 2343 2342 2341
f 2344 2342 2343
f 2346 2348 2345
f 2349 2346 2345
f 2345 2348 2347
f 2347 2349 2345
f 2346 2352 2348
f 2350 2346 2349
f 2350 2352 2346
f 2348 2352 2347
f 2351 2349 2347
f 2347 2352 2351
f 2351 2350 2349
f 2352 2350 2351
f 2354 2356 2353
f 2357 2354 2353
f 2353 2356 2355
f 2355 2357 2353
f 2354 2360 2356
f 2358 2354 2357
f 2358 2360 2354
f 2356 2360 2355
f 2359 2357 2355
f 2355 2360 2359
f 2359 2358 2357
f 2360 2358 2359
f 2362 2364 2361
f 2365 2362 2361
f 2361 2364 2363
f 2363 2365 2361
f 2362 2368 2364
f 2366 2362 2365
f 2366 2368 2362
f 2364 2368 2363
f 2367 2365 2363
f 2363 2368 2367
f 2367 2366 2365
f 2368 2366 2367
f 2370 2372 2369
f 2373 2370 2369
f 2369 2372 2371
f 2371 2373 2369
f 2370 2376 2372
f 2374 2370 2373
f 2374 2376 2370
f 2372 2376 2371
f 2375 2373 2371
f 2371 2376 2375
f 2375 2374 2373
f 2376 2374 2375
f 2378 2380 2377
f 2381 2378 2377
f 2377 2380 2379
f 2379 2381 2377
f 2378 2384 2380
f 2382 2378 2381
f 2382 2384 2378
f 2380 2384 2379
f 2383 2381 2379
f 2379 2384 2383
f 2383 2382 2381
f 2384 2382 2383
f 2386 2388 2385
f 2389 2386 2385
f 2385 2388 2387
f 2387 2389 2385
f 2386 2392 2388
f 2390 2386 2389
f 2390 2392 2386
f 2388 2392 2387
f 2391 2389 2387
f 2387 2392 2391
f 2391 2390 2389
f 2392 2390 2391
f 2394 2396 2393
f 2397 2394 2393
f 2393 2396 2395
f 2395 2397 2393
f 2394 2400 2396
f 2398 2394 2397
f 2398 2400 2394
f 2396 2400 2395
f 2399 2397 2395
f 2395 2400 2399
f 2399 2398 2397
f 2400 2398 2399
f 2402 2404 2401
f 2405 2402 2401
f 2401 2404 2403
f 2403 2405 2401
f 2402 2408 2404
f 2406 2402 2405
f 2406 2408 2402
f 2404 2408 2403
f 2407 2405 2403
f 2403 2408 2407
f 2407 2406 2405
f 2408 2406 2407
f 2410 2412 2409
f 2413 2410 2409
f 2409 2412 2411
f 2411 2413 2409
f 2410 2416 2412
f 2414 2410 2413
f 2414 2416 2410
f 2412 2416 2411
f 2415 2413 2411
f 2411 2416 2415
f 2415 2414 2413
f 2416 2414 2415
f 2418 2420 2417
f 2421 2418 2417
f 2417 2420 2419
f 2419 2421 2417
f 2418 2424 2420
f 2422 2418 2421
f 2422 2424 2418
f 2420 2424 2419
f 2423 2421 2419
f 2419 2424 2423
f 2423 2422 2421
f 2424 2422 2423
f 2426 2428 2425
f 2429 2426 2425
f 2425 2428 2427
f 2427 2429 2425
f 2426 2432 2428
f 2430 2426 2429
f 2430 2432 2426
f 2428 2432 2427
f 2431 2429 2427
f 2427 2432 2431
f 2431 2430 2429
f 2432 2430 2431
f 2434 2436 2433
f 2437 2434 2433
f 2433 2436 2435
f 2435 2437 2433
f 2434 2440 2436
f 2438 2434 2437
f 2438 2440 2434
f 2436 2440 2435
f 2439 2437 2435
f 2435 2440 2439
f 2439 2438 2437
f 2440 2438 2439
f 2442 2444 2441
f 2445 2442 2441
f 2441 2444 2443
f 2443 2445 2441
f 2442 2448 2444
f 2446 2442 2445
f 2446 2448 2442
f 2444 2448 2443
f 2447 2445 2443
f 2443 2448 2447
f 2447 2446 2445
f 2448 2446 2447
f 2450 2452 2449
f 2453 2450 2449
f 2449 2452 2451
f 2451 2453 2449
f 2450 2456 2452
f 2454 2450 2453
f 2454 2456 2450
f 2452 2456 2451
f 2455 2453 2451
f 2451 2456 2455
f 2455 2454 2453
f 2456 2454 2455
f 2458 2460 2457
f 2461 2458 2457
f 2457 2460 2459
f 2459 2461 2457
f 2458 2464 2460
f 2462 2458 2461
f 2462 2464 2458
f 2460 2464 2459
f 2463 2461 2459
f 2459 2464 2463
f 2463 2462 2461
f 2464 2462 2463
f 2466 2468 2465
f 2469 2466 2465
f 2465 2468 2467
f 2467 2469 2465
f 2466 2472 2468
f 2470 2466 2469
f 2470 2472 2466
f 2468 2472 2467
f 2471 2469 2467
f 2467 2472 2471
f 2471 2470 2469
f 2472 2470 2471
f 2474 2476 2473
f 2477 2474 2473
f 2473 2476 2475
f 2475 2477 2473
f 2474 2480 2476
f 2478 2474 2477
f 2478 2480 2474
f 2476 2480 2475
f 2479 2477 2475
f 2475 2480 2479
f 2479 2478 2477
f 2480 2478 2479
f 2482 2484 2481
f 2485 2482 2481
f 2481 2484 2483
f 2483 2485 2481
f 2482 2488 2484
f 2486 2482 2485
f 2486 2488 2482
f 2484 2488 2483
f 2487 2485 2483
f 2483 2488 2487
f 2487 2486 2485
f 2488 2486 2487
f 2490 2492 2489
f 2493 2490 2489
f 2489 2492 2491
f 2491 2493 2489
f 2490 2496 2492
f 2494 2490 2493
f 2494 2496 2490
f 2492 2496 2491
f 2495 2493 2491
f 2491 2496 2495
f 2495 2494 2493
f 2496 2494 2495
f 2498 2500 2497
f 2501 2498 2497
f 2497 2500 2499
f 2499 2501 2497
f 2498 2504 2500
f 2502 2498 2501
f 2502 2504 2498
f 2500 2504 2499
f 2503 2501 2499
f 2499 2504 2503
f 2503 2502 2501
f 2504 2502 2503
f 2506 2508 2505
f 2509 2506 2505
f 2505 2508 2507
f 2507 2509 2505
f 2506 2512 2508
f 2510 2506 2509
f 2510 2512 2506
f 2508 2512 2507
f 2511 2509 2507
f 2507 2512 2511
f 2511 2510 2509
f 2512 2510 2511
f 2514 2516 2513
f 2517 2514 2513
f 2513 2516 2515
f 2515 2517 2513
f 2514 2520 2516
f 2518 2514 2517
f 2518 2520 2514
f 2516 2520 2515
f 2519 2517 2515
f 2515 2520 2519
f 2519 2518 2517
f 2520 2518 2519
f 2522 2524 2521
f 2525 2522 2521
f 2521 2524 2523
f 2523 2525 2521
f 2522 2528 2524
f 2526 2522 2525
f 2526 2528 2522
f 2524 2528 2523
f 2527 2525 2523
f 2523 2528 2527
f 2527 2526 2525
f 2528 2526 2527
f 2530 2532 2529
f 2533 2530 2529
f 2529 2532 2531
f 2531 2533 2529
f 2530 2536 2532
f 2534 2530 2533
f 2534 2536 2530
f 2532 2536 2531
f 2535 2533 2531
f 2531 2536 2535
f 2535 2534 2533
f 2536 2534 2535
f 2538 2540 2537
f 2541 2538 2537
f 2537 2540 2539
f 2539 2541 2537
f 2538 2544 2540
f 2542 2538 2541
f 2542 2544 2538
f 2540 2544 2539
f 2543 2541 2539
f 2539 2544 2543
f 2543 2542 2541
f 2544 2542 2543
f 2546 2548 2545
f 2549 2546 2545
f 2545 2548 2547
f 2547 2549 2545
f 2546 2552 2548
f 2550 2546 2549
f 2550 2552 2546
f 2548 2552 2547
f 2551 2549 2547
f 2547 2552 2551
f 2551 2550 2549
f 2552 2550 2551
f 2554 2556 2553
f 2557 2554 2553
f 2553 2556 2555
f 2555 2557 2553
f 2554 2560 2556
f 2558 2554 2557
f 2558 2560 2554
f 2556 2560 2555
f 2559 2557 2555
f 2555 2560 2559
f 2559 2558 2557
f 2560 2558 2559
f 2562 2564 2561
f 2565 2562 2561
f 2561 2564 2563
f 2563 2565 2561
f 2562 2568 2564
f 2566 2562 2565
f 2566 2568 2562
f 2564 2568 2563
f 2567 2565 2563
f 2563 2568 2567
f 2567 2566 2565
f 2568 2566 2567
f 2570 2572 2569
f 2573 2570 2569
f 2569 2572 2571
f 2571 2573 2569
f 2570 2576 2572
f 2574 2570 2573
f 2574 2576 2570
f 2572 2576 2571
f 2575 2573 2571
f 2571 2576 2575
f 2575 2574 2573
f 2576 2574 2575
f 2578 2580 2577
f 2581 2578 2577
f 2577 2580 2579
f 2579 2581 2577
f 2578 2584 2580
f 2582 2578 2581
f 2582 2584 2578
f 2580 2584 2579
f 2583 2581 2579
f 2579 2584 2583
f 2583 2582 2581
f 2584 2582 2583
f 2586 2588 2585
f 2589 2586 2585
f 2585 2588 2587
f 2587 2589 2585
f 2586 2592 2588
f 2590 2586 2589
f 2590 2592 2586
f 2588 2592 2587
f 2591 2589 2587
f 2587 2592 2591
f 2591 2590 2589
f 2592 2590 2591
f 2594 2596 2593
f 2597 2594 2593
f 2593 2596 2595
f 2595 2597 2593
f 2594 2600 2596
f 2598 2594 2597
f 2598 2600 2594
f 2596 2600 2595
f 2599 2597 2595
f 2595 2600 2599
f 2599 2598 2597
f 2600 2598 2599
f 2608 2609 2610
f 2606 2607 2608
f 2605 2606 2608
f 2603 2604 2605
f 2617 2618 2602
f 2616 2613 2617
f 2617 2613 2614
f 2620 2617 2614
f 2619 2620 2614
f 2602 2618 2619
f 2612 2601 2602
f 2611 2612 2602
f 2602 2603 2605
f 2617 2602 2605
f 2616 2617 2605
f 2611 2602 2619
f 2616 2605 2608
f 2615 2616 2608
f 2611 2619 2614
f 2610 2611 2614
f 2615 2608 2610
f 2614 2615 2610
f 2630 2629 2628
f 2628 2627 2626
f 2628 2626 2625
f 2625 2624 2623
f 2622 2638 2637
f 2637 2633 2636
f 2634 2633 2637
f 2634 2637 2640
f 2634 2640 2639
f 2639 2638 2622
f 2622 2621 2632
f 2622 2632 2631
f 2625 2623 2622
f 2625 2622 2637
f 2625 2637 2636
f 2639 2622 2631
f 2628 2625 2636
f 2628 2636 2635
f 2634 2639 2631
f 2634 2631 2630
f 2630 2628 2635
f 2630 2635 2634
f 2621 2622 2601
f 2601 2622 2602
f 2622 2623 2602
f 2602 2623 2603
f 2623 2624 2603
f 2603 2624 2604
f 2624 2625 2604
f 2604 2625 2605
f 2625 2626 2605
f 2605 2626 2606
f 2626 2627 2606
f 2606 2627 2607
f 2627 2628 2607
f 2607 2628 2608
f 2628 2629 2608
f 2608 2629 2609
f 2629 2630 2609
f 2609 2630 2610
f 2630 2631 2610
f 2610 2631 2611
f 2632 2621 2612
f 2612 2621 2601
f 2631 2632 2611
f 2611 2632 2612
f 2633 2634 2613
f 2613 2634 2614
f 2634 2635 2614
f 2614 2635 2615
f 2636 2633 2616
f 2616 2633 2613
f 2635 2636 2615
f 2615 2636 2616
f 2637 2638 2617
f 2617 2638 2618
f 2638 2639 2618
f 2618 2639 2619
f 2640 2637 2620
f 2620 2637 2617
f 2639 2640 2619
f 2619 2640 2620
f 2646 2647 2648
f 2644 2645 2646
f 2643 2644 2646
f 2641 2642 2643
f 2651 2641 2643
f 2657 2651 2643
f 2656 2657 2643
f 2652 2656 2643
f 2655 2652 2643
f 2656 2652 2653
f 2659 2656 2653
f 2658 2659 2653
f 2651 2657 2658
f 2650 2651 2658
f 2649 2650 2658
f 2643 2646 2648
f 2655 2643 2648
f 2654 2655 2648
f 2653 2654 2648
f 2649 2658 2653
f 2648 2649 2653
f 2667 2666 2665
f 2665 2664 2663
f 2665 2663 2662
f 2662 2661 2660
f 2662 2660 2670
f 2662 2670 2676
f 2662 2676 2675
f 2662 2675 2671
f 2662 2671 2674
f 2672 2671 2675
f 2672 2675 2678
f 2672 2678 2677
f 2677 2676 2670
f 2677 2670 2669
f 2677 2669 2668
f 2667 2665 2662
f 2667 2662 2674
f 2667 2674 2673
f 2667 2673 2672
f 2672 2677 2668
f 2672 2668 2667
f 2660 2661 2641
f 2641 2661 2642
f 2661 2662 2642
f 2642 2662 2643
f 2662 2663 2643
f 2643 2663 2644
f 2663 2664 2644
f 2644 2664 2645
f 2664 2665 2645
f 2645 2665 2646
f 2665 2666 2646
f 2646 2666 2647
f 2666 2667 2647
f 2647 2667 2648
f 2667 2668 2648
f 2648 2668 2649
f 2668 2669 2649
f 2649 2669 2650
f 2670 2660 2651
f 2651 2660 2641
f 2669 2670 2650
f 2650 2670 2651
f 2671 2672 2652
f 2652 2672 2653
f 2672 2673 2653
f 2653 2673 2654
f 2674 2671 2655
f 2655 2671 2652
f 2673 2674 2654
f 2654 2674 2655
f 2675 2676 2656
f 2656 2676 2657
f 2676 2677 2657
f 2657 2677 2658
f 2678 2675 2659
f 2659 2675 2656
f 2677 2678 2658
f 2658 2678 2659
f 2685 2686 2679
f 2684 2685 2679
f 2683 2684 2679
f 2682 2683 2679
f 2681 2682 2679
f 2680 2681 2679
f 2687 2694 2693
f 2687 2693 2692
f 2687 2692 2691
f 2687 2691 2690
f 2687 2690 2689
f 2687 2689 2688
f 2687 2688 2679
f 2679 2688 2680
f 2688 2689 2680
f 2680 2689 2681
f 2689 2690 2681
f 2681 2690 2682
f 2690 2691 2682
f 2682 2691 2683
f 2691 2692 2683
f 2683 2692 2684
f 2692 2693 2684
f 2684 2693 2685
f 2694 2687 2686
f 2686 2687 2679
f 2693 2694 2685
f 2685 2694 2686
f 2697 2698 2699
f 2696 2697 2699
f 2695 2696 2699
f 2704 2703 2702
f 2704 2702 2701
f 2704 2701 2700
f 2700 2701 2695
f 2695 2701 2696
f 2701 2702 2696
f 2696 2702 2697
f 2702 2703 2697
f 2697 2703 2698
f 2704 2700 2699
f 2699 2700 2695
f 2703 2704 2698
f 2698 2704 2699
f 2709 2710 2708
f 2708 2710 2711
f 2707 2708 2711
f 2706 2707 2711
f 2709 2708 2705
f 2712 2709 2705
f 2706 2711 2712
f 2705 2706 2712
f 2716 2718 2717
f 2719 2718 2716
f 2719 2716 2715
f 2719 2715 2714
f 2713 2716 2717
f 2713 2717 2720
f 2720 2719 2714
f 2720 2714 2713
f 2713 2714 2705
f 2705 2714 2706
f 2714 2715 2706
f 2706 2715 2707
f 2716 2713 2708
f 2708 2713 2705
f 2715 2716 2707
f 2707 2716 2708
f 2717 2718 2709
f 2709 2718 2710
f 2718 2719 2710
f 2710 2719 2711
f 2720 2717 2712
f 2712 2717 2709
f 2719 2720 2711
f 2711 2720 2712

o RCC_Columns_Concealed
usemtl RCC_Columns_Concealed
v 5.33705 0.80315 -0.30480
v 5.33705 0.80315 3.35280
v 5.33705 1.25425 -0.30480
v 5.33705 1.25425 3.35280
v 5.63575 0.80315 -0.30480
v 5.63575 0.80315 3.35280
v 5.63575 1.25425 -0.30480
v 5.63575 1.25425 3.35280
v 5.33705 0.80315 3.35280
v 5.33705 0.80315 6.70560
v 5.33705 1.25425 3.35280
v 5.33705 1.25425 6.70560
v 5.63575 0.80315 3.35280
v 5.63575 0.80315 6.70560
v 5.63575 1.25425 3.35280
v 5.63575 1.25425 6.70560
v 5.33705 0.80315 6.70560
v 5.33705 0.80315 10.05840
v 5.33705 1.25425 6.70560
v 5.33705 1.25425 10.05840
v 5.63575 0.80315 6.70560
v 5.63575 0.80315 10.05840
v 5.63575 1.25425 6.70560
v 5.63575 1.25425 10.05840
v 5.33705 4.95605 -0.30480
v 5.33705 4.95605 3.35280
v 5.33705 5.40715 -0.30480
v 5.33705 5.40715 3.35280
v 5.63575 4.95605 -0.30480
v 5.63575 4.95605 3.35280
v 5.63575 5.40715 -0.30480
v 5.63575 5.40715 3.35280
v 5.33705 4.95605 3.35280
v 5.33705 4.95605 6.70560
v 5.33705 5.40715 3.35280
v 5.33705 5.40715 6.70560
v 5.63575 4.95605 3.35280
v 5.63575 4.95605 6.70560
v 5.63575 5.40715 3.35280
v 5.63575 5.40715 6.70560
v 5.33705 4.95605 6.70560
v 5.33705 4.95605 10.05840
v 5.33705 5.40715 6.70560
v 5.33705 5.40715 10.05840
v 5.63575 4.95605 6.70560
v 5.63575 4.95605 10.05840
v 5.63575 5.40715 6.70560
v 5.63575 5.40715 10.05840
v 11.01395 0.91745 -0.30480
v 11.01395 0.91745 3.35280
v 11.01395 1.36855 -0.30480
v 11.01395 1.36855 3.35280
v 11.23645 0.91745 -0.30480
v 11.23645 0.91745 3.35280
v 11.23645 1.36855 -0.30480
v 11.23645 1.36855 3.35280
v 11.01395 0.91745 3.35280
v 11.01395 0.91745 6.70560
v 11.01395 1.36855 3.35280
v 11.01395 1.36855 6.70560
v 11.23645 0.91745 3.35280
v 11.23645 0.91745 6.70560
v 11.23645 1.36855 3.35280
v 11.23645 1.36855 6.70560
v 11.01395 0.91745 6.70560
v 11.01395 0.91745 10.05840
v 11.01395 1.36855 6.70560
v 11.01395 1.36855 10.05840
v 11.23645 0.91745 6.70560
v 11.23645 0.91745 10.05840
v 11.23645 1.36855 6.70560
v 11.23645 1.36855 10.05840
v 11.01395 4.95605 -0.30480
v 11.01395 4.95605 3.35280
v 11.01395 5.40715 -0.30480
v 11.01395 5.40715 3.35280
v 11.23645 4.95605 -0.30480
v 11.23645 4.95605 3.35280
v 11.23645 5.40715 -0.30480
v 11.23645 5.40715 3.35280
v 11.01395 4.95605 3.35280
v 11.01395 4.95605 6.70560
v 11.01395 5.40715 3.35280
v 11.01395 5.40715 6.70560
v 11.23645 4.95605 3.35280
v 11.23645 4.95605 6.70560
v 11.23645 5.40715 3.35280
v 11.23645 5.40715 6.70560
v 11.01395 4.95605 6.70560
v 11.01395 4.95605 10.05840
v 11.01395 5.40715 6.70560
v 11.01395 5.40715 10.05840
v 11.23645 4.95605 6.70560
v 11.23645 4.95605 10.05840
v 11.23645 5.40715 6.70560
v 11.23645 5.40715 10.05840
v 11.01395 5.90855 -0.30480
v 11.01395 5.90855 3.35280
v 11.01395 6.35965 -0.30480
v 11.01395 6.35965 3.35280
v 11.23645 5.90855 -0.30480
v 11.23645 5.90855 3.35280
v 11.23645 6.35965 -0.30480
v 11.23645 6.35965 3.35280
v 11.01395 5.90855 3.35280
v 11.01395 5.90855 6.70560
v 11.01395 6.35965 3.35280
v 11.01395 6.35965 6.70560
v 11.23645 5.90855 3.35280
v 11.23645 5.90855 6.70560
v 11.23645 6.35965 3.35280
v 11.23645 6.35965 6.70560
v 11.01395 5.90855 6.70560
v 11.01395 5.90855 10.05840
v 11.01395 6.35965 6.70560
v 11.01395 6.35965 10.05840
v 11.23645 5.90855 6.70560
v 11.23645 5.90855 10.05840
v 11.23645 6.35965 6.70560
v 11.23645 6.35965 10.05840
v 11.01395 8.27075 -0.30480
v 11.01395 8.27075 3.35280
v 11.01395 8.72185 -0.30480
v 11.01395 8.72185 3.35280
v 11.23645 8.27075 -0.30480
v 11.23645 8.27075 3.35280
v 11.23645 8.72185 -0.30480
v 11.23645 8.72185 3.35280
v 11.01395 8.27075 3.35280
v 11.01395 8.27075 6.70560
v 11.01395 8.72185 3.35280
v 11.01395 8.72185 6.70560
v 11.23645 8.27075 3.35280
v 11.23645 8.27075 6.70560
v 11.23645 8.72185 3.35280
v 11.23645 8.72185 6.70560
v 11.01395 8.27075 6.70560
v 11.01395 8.27075 10.05840
v 11.01395 8.72185 6.70560
v 11.01395 8.72185 10.05840
v 11.23645 8.27075 6.70560
v 11.23645 8.27075 10.05840
v 11.23645 8.72185 6.70560
v 11.23645 8.72185 10.05840
v 12.72845 10.06145 -0.30480
v 12.72845 10.06145 3.35280
v 12.72845 10.28395 -0.30480
v 12.72845 10.28395 3.35280
v 13.17955 10.06145 -0.30480
v 13.17955 10.06145 3.35280
v 13.17955 10.28395 -0.30480
v 13.17955 10.28395 3.35280
v 12.72845 10.06145 3.35280
v 12.72845 10.06145 6.70560
v 12.72845 10.28395 3.35280
v 12.72845 10.28395 6.70560
v 13.17955 10.06145 3.35280
v 13.17955 10.06145 6.70560
v 13.17955 10.28395 3.35280
v 13.17955 10.28395 6.70560
v 12.72845 10.06145 6.70560
v 12.72845 10.06145 10.05840
v 12.72845 10.28395 6.70560
v 12.72845 10.28395 10.05840
v 13.17955 10.06145 6.70560
v 13.17955 10.06145 10.05840
v 13.17955 10.28395 6.70560
v 13.17955 10.28395 10.05840
v 15.66215 0.91745 -0.30480
v 15.66215 0.91745 3.35280
v 15.66215 1.36855 -0.30480
v 15.66215 1.36855 3.35280
v 15.88465 0.91745 -0.30480
v 15.88465 0.91745 3.35280
v 15.88465 1.36855 -0.30480
v 15.88465 1.36855 3.35280
v 15.66215 0.91745 3.35280
v 15.66215 0.91745 6.70560
v 15.66215 1.36855 3.35280
v 15.66215 1.36855 6.70560
v 15.88465 0.91745 3.35280
v 15.88465 0.91745 6.70560
v 15.88465 1.36855 3.35280
v 15.88465 1.36855 6.70560
v 15.66215 0.91745 6.70560
v 15.66215 0.91745 10.05840
v 15.66215 1.36855 6.70560
v 15.66215 1.36855 10.05840
v 15.88465 0.91745 6.70560
v 15.88465 0.91745 10.05840
v 15.88465 1.36855 6.70560
v 15.88465 1.36855 10.05840
v 15.66215 5.90855 -0.30480
v 15.66215 5.90855 3.35280
v 15.66215 6.35965 -0.30480
v 15.66215 6.35965 3.35280
v 15.88465 5.90855 -0.30480
v 15.88465 5.90855 3.35280
v 15.88465 6.35965 -0.30480
v 15.88465 6.35965 3.35280
v 15.66215 5.90855 3.35280
v 15.66215 5.90855 6.70560
v 15.66215 6.35965 3.35280
v 15.66215 6.35965 6.70560
v 15.88465 5.90855 3.35280
v 15.88465 5.90855 6.70560
v 15.88465 6.35965 3.35280
v 15.88465 6.35965 6.70560
v 15.66215 5.90855 6.70560
v 15.66215 5.90855 10.05840
v 15.66215 6.35965 6.70560
v 15.66215 6.35965 10.05840
v 15.88465 5.90855 6.70560
v 15.88465 5.90855 10.05840
v 15.88465 6.35965 6.70560
v 15.88465 6.35965 10.05840
v 15.66215 8.15645 -0.30480
v 15.66215 8.15645 3.35280
v 15.66215 8.60755 -0.30480
v 15.66215 8.60755 3.35280
v 15.88465 8.15645 -0.30480
v 15.88465 8.15645 3.35280
v 15.88465 8.60755 -0.30480
v 15.88465 8.60755 3.35280
v 15.66215 8.15645 3.35280
v 15.66215 8.15645 6.70560
v 15.66215 8.60755 3.35280
v 15.66215 8.60755 6.70560
v 15.88465 8.15645 3.35280
v 15.88465 8.15645 6.70560
v 15.88465 8.60755 3.35280
v 15.88465 8.60755 6.70560
v 15.66215 8.15645 6.70560
v 15.66215 8.15645 10.05840
v 15.66215 8.60755 6.70560
v 15.66215 8.60755 10.05840
v 15.88465 8.15645 6.70560
v 15.88465 8.15645 10.05840
v 15.88465 8.60755 6.70560
v 15.88465 8.60755 10.05840
v 15.66215 10.06145 -0.30480
v 15.66215 10.06145 3.35280
v 15.66215 10.51255 -0.30480
v 15.66215 10.51255 3.35280
v 15.88465 10.06145 -0.30480
v 15.88465 10.06145 3.35280
v 15.88465 10.51255 -0.30480
v 15.88465 10.51255 3.35280
v 15.66215 10.06145 3.35280
v 15.66215 10.06145 6.70560
v 15.66215 10.51255 3.35280
v 15.66215 10.51255 6.70560
v 15.88465 10.06145 3.35280
v 15.88465 10.06145 6.70560
v 15.88465 10.51255 3.35280
v 15.88465 10.51255 6.70560
v 15.66215 10.06145 6.70560
v 15.66215 10.06145 10.05840
v 15.66215 10.51255 6.70560
v 15.66215 10.51255 10.05840
v 15.88465 10.06145 6.70560
v 15.88465 10.06145 10.05840
v 15.88465 10.51255 6.70560
v 15.88465 10.51255 10.05840
v 17.71955 12.72845 -0.30480
v 17.71955 12.72845 3.35280
v 17.71955 12.95095 -0.30480
v 17.71955 12.95095 3.35280
v 18.17065 12.72845 -0.30480
v 18.17065 12.72845 3.35280
v 18.17065 12.95095 -0.30480
v 18.17065 12.95095 3.35280
v 17.71955 12.72845 3.35280
v 17.71955 12.72845 6.70560
v 17.71955 12.95095 3.35280
v 17.71955 12.95095 6.70560
v 18.17065 12.72845 3.35280
v 18.17065 12.72845 6.70560
v 18.17065 12.95095 3.35280
v 18.17065 12.95095 6.70560
v 17.71955 12.72845 6.70560
v 17.71955 12.72845 10.05840
v 17.71955 12.95095 6.70560
v 17.71955 12.95095 10.05840
v 18.17065 12.72845 6.70560
v 18.17065 12.72845 10.05840
v 18.17065 12.95095 6.70560
v 18.17065 12.95095 10.05840
v 20.91995 0.91745 -0.30480
v 20.91995 0.91745 3.35280
v 20.91995 1.36855 -0.30480
v 20.91995 1.36855 3.35280
v 21.14245 0.91745 -0.30480
v 21.14245 0.91745 3.35280
v 21.14245 1.36855 -0.30480
v 21.14245 1.36855 3.35280
v 20.91995 0.91745 3.35280
v 20.91995 0.91745 6.70560
v 20.91995 1.36855 3.35280
v 20.91995 1.36855 6.70560
v 21.14245 0.91745 3.35280
v 21.14245 0.91745 6.70560
v 21.14245 1.36855 3.35280
v 21.14245 1.36855 6.70560
v 20.91995 0.91745 6.70560
v 20.91995 0.91745 10.05840
v 20.91995 1.36855 6.70560
v 20.91995 1.36855 10.05840
v 21.14245 0.91745 6.70560
v 21.14245 0.91745 10.05840
v 21.14245 1.36855 6.70560
v 21.14245 1.36855 10.05840
v 20.91995 5.90855 -0.30480
v 20.91995 5.90855 3.35280
v 20.91995 6.35965 -0.30480
v 20.91995 6.35965 3.35280
v 21.14245 5.90855 -0.30480
v 21.14245 5.90855 3.35280
v 21.14245 6.35965 -0.30480
v 21.14245 6.35965 3.35280
v 20.91995 5.90855 3.35280
v 20.91995 5.90855 6.70560
v 20.91995 6.35965 3.35280
v 20.91995 6.35965 6.70560
v 21.14245 5.90855 3.35280
v 21.14245 5.90855 6.70560
v 21.14245 6.35965 3.35280
v 21.14245 6.35965 6.70560
v 20.91995 5.90855 6.70560
v 20.91995 5.90855 10.05840
v 20.91995 6.35965 6.70560
v 20.91995 6.35965 10.05840
v 21.14245 5.90855 6.70560
v 21.14245 5.90855 10.05840
v 21.14245 6.35965 6.70560
v 21.14245 6.35965 10.05840
v 20.91995 8.15645 -0.30480
v 20.91995 8.15645 3.35280
v 20.91995 8.60755 -0.30480
v 20.91995 8.60755 3.35280
v 21.14245 8.15645 -0.30480
v 21.14245 8.15645 3.35280
v 21.14245 8.60755 -0.30480
v 21.14245 8.60755 3.35280
v 20.91995 8.15645 3.35280
v 20.91995 8.15645 6.70560
v 20.91995 8.60755 3.35280
v 20.91995 8.60755 6.70560
v 21.14245 8.15645 3.35280
v 21.14245 8.15645 6.70560
v 21.14245 8.60755 3.35280
v 21.14245 8.60755 6.70560
v 20.91995 8.15645 6.70560
v 20.91995 8.15645 10.05840
v 20.91995 8.60755 6.70560
v 20.91995 8.60755 10.05840
v 21.14245 8.15645 6.70560
v 21.14245 8.15645 10.05840
v 21.14245 8.60755 6.70560
v 21.14245 8.60755 10.05840
v 20.91995 8.15645 10.05840
v 20.91995 8.15645 12.80160
v 20.91995 8.60755 10.05840
v 20.91995 8.60755 12.80160
v 21.14245 8.15645 10.05840
v 21.14245 8.15645 12.80160
v 21.14245 8.60755 10.05840
v 21.14245 8.60755 12.80160
v 20.91995 10.86155 -0.30480
v 20.91995 10.86155 3.35280
v 20.91995 11.08405 -0.30480
v 20.91995 11.08405 3.35280
v 21.37105 10.86155 -0.30480
v 21.37105 10.86155 3.35280
v 21.37105 11.08405 -0.30480
v 21.37105 11.08405 3.35280
v 20.91995 10.86155 3.35280
v 20.91995 10.86155 6.70560
v 20.91995 11.08405 3.35280
v 20.91995 11.08405 6.70560
v 21.37105 10.86155 3.35280
v 21.37105 10.86155 6.70560
v 21.37105 11.08405 3.35280
v 21.37105 11.08405 6.70560
v 20.91995 10.86155 6.70560
v 20.91995 10.86155 10.05840
v 20.91995 11.08405 6.70560
v 20.91995 11.08405 10.05840
v 21.37105 10.86155 6.70560
v 21.37105 10.86155 10.05840
v 21.37105 11.08405 6.70560
v 21.37105 11.08405 10.05840
v 20.91995 10.86155 10.05840
v 20.91995 10.86155 12.80160
v 20.91995 11.08405 10.05840
v 20.91995 11.08405 12.80160
v 21.37105 10.86155 10.05840
v 21.37105 10.86155 12.80160
v 21.37105 11.08405 10.05840
v 21.37105 11.08405 12.80160
v 20.91995 12.72845 -0.30480
v 20.91995 12.72845 3.35280
v 20.91995 13.17955 -0.30480
v 20.91995 13.17955 3.35280
v 21.14245 12.72845 -0.30480
v 21.14245 12.72845 3.35280
v 21.14245 13.17955 -0.30480
v 21.14245 13.17955 3.35280
v 20.91995 12.72845 3.35280
v 20.91995 12.72845 6.70560
v 20.91995 13.17955 3.35280
v 20.91995 13.17955 6.70560
v 21.14245 12.72845 3.35280
v 21.14245 12.72845 6.70560
v 21.14245 13.17955 3.35280
v 21.14245 13.17955 6.70560
v 20.91995 12.72845 6.70560
v 20.91995 12.72845 10.05840
v 20.91995 13.17955 6.70560
v 20.91995 13.17955 10.05840
v 21.14245 12.72845 6.70560
v 21.14245 12.72845 10.05840
v 21.14245 13.17955 6.70560
v 21.14245 13.17955 10.05840
v 20.91995 14.70965 -0.30480
v 20.91995 14.70965 3.35280
v 20.91995 15.16075 -0.30480
v 20.91995 15.16075 3.35280
v 21.14245 14.70965 -0.30480
v 21.14245 14.70965 3.35280
v 21.14245 15.16075 -0.30480
v 21.14245 15.16075 3.35280
v 20.91995 14.70965 3.35280
v 20.91995 14.70965 6.70560
v 20.91995 15.16075 3.35280
v 20.91995 15.16075 6.70560
v 21.14245 14.70965 3.35280
v 21.14245 14.70965 6.70560
v 21.14245 15.16075 3.35280
v 21.14245 15.16075 6.70560
v 20.91995 14.70965 6.70560
v 20.91995 14.70965 10.05840
v 20.91995 15.16075 6.70560
v 20.91995 15.16075 10.05840
v 21.14245 14.70965 6.70560
v 21.14245 14.70965 10.05840
v 21.14245 15.16075 6.70560
v 21.14245 15.16075 10.05840
v 25.72055 0.91745 -0.30480
v 25.72055 0.91745 3.35280
v 25.72055 1.36855 -0.30480
v 25.72055 1.36855 3.35280
v 25.94305 0.91745 -0.30480
v 25.94305 0.91745 3.35280
v 25.94305 1.36855 -0.30480
v 25.94305 1.36855 3.35280
v 25.72055 0.91745 3.35280
v 25.72055 0.91745 6.70560
v 25.72055 1.36855 3.35280
v 25.72055 1.36855 6.70560
v 25.94305 0.91745 3.35280
v 25.94305 0.91745 6.70560
v 25.94305 1.36855 3.35280
v 25.94305 1.36855 6.70560
v 25.72055 0.91745 6.70560
v 25.72055 0.91745 10.05840
v 25.72055 1.36855 6.70560
v 25.72055 1.36855 10.05840
v 25.94305 0.91745 6.70560
v 25.94305 0.91745 10.05840
v 25.94305 1.36855 6.70560
v 25.94305 1.36855 10.05840
v 25.72055 5.90855 -0.30480
v 25.72055 5.90855 3.35280
v 25.72055 6.35965 -0.30480
v 25.72055 6.35965 3.35280
v 25.94305 5.90855 -0.30480
v 25.94305 5.90855 3.35280
v 25.94305 6.35965 -0.30480
v 25.94305 6.35965 3.35280
v 25.72055 5.90855 3.35280
v 25.72055 5.90855 6.70560
v 25.72055 6.35965 3.35280
v 25.72055 6.35965 6.70560
v 25.94305 5.90855 3.35280
v 25.94305 5.90855 6.70560
v 25.94305 6.35965 3.35280
v 25.94305 6.35965 6.70560
v 25.72055 5.90855 6.70560
v 25.72055 5.90855 10.05840
v 25.72055 6.35965 6.70560
v 25.72055 6.35965 10.05840
v 25.94305 5.90855 6.70560
v 25.94305 5.90855 10.05840
v 25.94305 6.35965 6.70560
v 25.94305 6.35965 10.05840
v 25.72055 8.27075 -0.30480
v 25.72055 8.27075 3.35280
v 25.72055 8.72185 -0.30480
v 25.72055 8.72185 3.35280
v 25.94305 8.27075 -0.30480
v 25.94305 8.27075 3.35280
v 25.94305 8.72185 -0.30480
v 25.94305 8.72185 3.35280
v 25.72055 8.27075 3.35280
v 25.72055 8.27075 6.70560
v 25.72055 8.72185 3.35280
v 25.72055 8.72185 6.70560
v 25.94305 8.27075 3.35280
v 25.94305 8.27075 6.70560
v 25.94305 8.72185 3.35280
v 25.94305 8.72185 6.70560
v 25.72055 8.27075 6.70560
v 25.72055 8.27075 10.05840
v 25.72055 8.72185 6.70560
v 25.72055 8.72185 10.05840
v 25.94305 8.27075 6.70560
v 25.94305 8.27075 10.05840
v 25.94305 8.72185 6.70560
v 25.94305 8.72185 10.05840
v 25.72055 8.27075 10.05840
v 25.72055 8.27075 12.80160
v 25.72055 8.72185 10.05840
v 25.72055 8.72185 12.80160
v 25.94305 8.27075 10.05840
v 25.94305 8.27075 12.80160
v 25.94305 8.72185 10.05840
v 25.94305 8.72185 12.80160
v 25.72055 10.74725 -0.30480
v 25.72055 10.74725 3.35280
v 25.72055 11.19835 -0.30480
v 25.72055 11.19835 3.35280
v 25.94305 10.74725 -0.30480
v 25.94305 10.74725 3.35280
v 25.94305 11.19835 -0.30480
v 25.94305 11.19835 3.35280
v 25.72055 10.74725 3.35280
v 25.72055 10.74725 6.70560
v 25.72055 11.19835 3.35280
v 25.72055 11.19835 6.70560
v 25.94305 10.74725 3.35280
v 25.94305 10.74725 6.70560
v 25.94305 11.19835 3.35280
v 25.94305 11.19835 6.70560
v 25.72055 10.74725 6.70560
v 25.72055 10.74725 10.05840
v 25.72055 11.19835 6.70560
v 25.72055 11.19835 10.05840
v 25.94305 10.74725 6.70560
v 25.94305 10.74725 10.05840
v 25.94305 11.19835 6.70560
v 25.94305 11.19835 10.05840
v 25.72055 10.74725 10.05840
v 25.72055 10.74725 12.80160
v 25.72055 11.19835 10.05840
v 25.72055 11.19835 12.80160
v 25.94305 10.74725 10.05840
v 25.94305 10.74725 12.80160
v 25.94305 11.19835 10.05840
v 25.94305 11.19835 12.80160
v 25.72055 13.94765 -0.30480
v 25.72055 13.94765 3.35280
v 25.72055 14.39875 -0.30480
v 25.72055 14.39875 3.35280
v 25.94305 13.94765 -0.30480
v 25.94305 13.94765 3.35280
v 25.94305 14.39875 -0.30480
v 25.94305 14.39875 3.35280
v 25.72055 13.94765 3.35280
v 25.72055 13.94765 6.70560
v 25.72055 14.39875 3.35280
v 25.72055 14.39875 6.70560
v 25.94305 13.94765 3.35280
v 25.94305 13.94765 6.70560
v 25.94305 14.39875 3.35280
v 25.94305 14.39875 6.70560
v 25.72055 13.94765 6.70560
v 25.72055 13.94765 10.05840
v 25.72055 14.39875 6.70560
v 25.72055 14.39875 10.05840
v 25.94305 13.94765 6.70560
v 25.94305 13.94765 10.05840
v 25.94305 14.39875 6.70560
v 25.94305 14.39875 10.05840
v 25.72055 16.56893 -0.30480
v 25.72055 16.56893 3.35280
v 25.72055 17.02003 -0.30480
v 25.72055 17.02003 3.35280
v 25.94305 16.56893 -0.30480
v 25.94305 16.56893 3.35280
v 25.94305 17.02003 -0.30480
v 25.94305 17.02003 3.35280
v 25.72055 16.56893 3.35280
v 25.72055 16.56893 6.70560
v 25.72055 17.02003 3.35280
v 25.72055 17.02003 6.70560
v 25.94305 16.56893 3.35280
v 25.94305 16.56893 6.70560
v 25.94305 17.02003 3.35280
v 25.94305 17.02003 6.70560
v 25.72055 16.56893 6.70560
v 25.72055 16.56893 10.05840
v 25.72055 17.02003 6.70560
v 25.72055 17.02003 10.05840
v 25.94305 16.56893 6.70560
v 25.94305 16.56893 10.05840
v 25.94305 17.02003 6.70560
v 25.94305 17.02003 10.05840
f 2722 2724 2721
f 2725 2722 2721
f 2721 2724 2723
f 2723 2725 2721
f 2722 2728 2724
f 2726 2722 2725
f 2726 2728 2722
f 2724 2728 2723
f 2727 2725 2723
f 2723 2728 2727
f 2727 2726 2725
f 2728 2726 2727
f 2730 2732 2729
f 2733 2730 2729
f 2729 2732 2731
f 2731 2733 2729
f 2730 2736 2732
f 2734 2730 2733
f 2734 2736 2730
f 2732 2736 2731
f 2735 2733 2731
f 2731 2736 2735
f 2735 2734 2733
f 2736 2734 2735
f 2738 2740 2737
f 2741 2738 2737
f 2737 2740 2739
f 2739 2741 2737
f 2738 2744 2740
f 2742 2738 2741
f 2742 2744 2738
f 2740 2744 2739
f 2743 2741 2739
f 2739 2744 2743
f 2743 2742 2741
f 2744 2742 2743
f 2746 2748 2745
f 2749 2746 2745
f 2745 2748 2747
f 2747 2749 2745
f 2746 2752 2748
f 2750 2746 2749
f 2750 2752 2746
f 2748 2752 2747
f 2751 2749 2747
f 2747 2752 2751
f 2751 2750 2749
f 2752 2750 2751
f 2754 2756 2753
f 2757 2754 2753
f 2753 2756 2755
f 2755 2757 2753
f 2754 2760 2756
f 2758 2754 2757
f 2758 2760 2754
f 2756 2760 2755
f 2759 2757 2755
f 2755 2760 2759
f 2759 2758 2757
f 2760 2758 2759
f 2762 2764 2761
f 2765 2762 2761
f 2761 2764 2763
f 2763 2765 2761
f 2762 2768 2764
f 2766 2762 2765
f 2766 2768 2762
f 2764 2768 2763
f 2767 2765 2763
f 2763 2768 2767
f 2767 2766 2765
f 2768 2766 2767
f 2770 2772 2769
f 2773 2770 2769
f 2769 2772 2771
f 2771 2773 2769
f 2770 2776 2772
f 2774 2770 2773
f 2774 2776 2770
f 2772 2776 2771
f 2775 2773 2771
f 2771 2776 2775
f 2775 2774 2773
f 2776 2774 2775
f 2778 2780 2777
f 2781 2778 2777
f 2777 2780 2779
f 2779 2781 2777
f 2778 2784 2780
f 2782 2778 2781
f 2782 2784 2778
f 2780 2784 2779
f 2783 2781 2779
f 2779 2784 2783
f 2783 2782 2781
f 2784 2782 2783
f 2786 2788 2785
f 2789 2786 2785
f 2785 2788 2787
f 2787 2789 2785
f 2786 2792 2788
f 2790 2786 2789
f 2790 2792 2786
f 2788 2792 2787
f 2791 2789 2787
f 2787 2792 2791
f 2791 2790 2789
f 2792 2790 2791
f 2794 2796 2793
f 2797 2794 2793
f 2793 2796 2795
f 2795 2797 2793
f 2794 2800 2796
f 2798 2794 2797
f 2798 2800 2794
f 2796 2800 2795
f 2799 2797 2795
f 2795 2800 2799
f 2799 2798 2797
f 2800 2798 2799
f 2802 2804 2801
f 2805 2802 2801
f 2801 2804 2803
f 2803 2805 2801
f 2802 2808 2804
f 2806 2802 2805
f 2806 2808 2802
f 2804 2808 2803
f 2807 2805 2803
f 2803 2808 2807
f 2807 2806 2805
f 2808 2806 2807
f 2810 2812 2809
f 2813 2810 2809
f 2809 2812 2811
f 2811 2813 2809
f 2810 2816 2812
f 2814 2810 2813
f 2814 2816 2810
f 2812 2816 2811
f 2815 2813 2811
f 2811 2816 2815
f 2815 2814 2813
f 2816 2814 2815
f 2818 2820 2817
f 2821 2818 2817
f 2817 2820 2819
f 2819 2821 2817
f 2818 2824 2820
f 2822 2818 2821
f 2822 2824 2818
f 2820 2824 2819
f 2823 2821 2819
f 2819 2824 2823
f 2823 2822 2821
f 2824 2822 2823
f 2826 2828 2825
f 2829 2826 2825
f 2825 2828 2827
f 2827 2829 2825
f 2826 2832 2828
f 2830 2826 2829
f 2830 2832 2826
f 2828 2832 2827
f 2831 2829 2827
f 2827 2832 2831
f 2831 2830 2829
f 2832 2830 2831
f 2834 2836 2833
f 2837 2834 2833
f 2833 2836 2835
f 2835 2837 2833
f 2834 2840 2836
f 2838 2834 2837
f 2838 2840 2834
f 2836 2840 2835
f 2839 2837 2835
f 2835 2840 2839
f 2839 2838 2837
f 2840 2838 2839
f 2842 2844 2841
f 2845 2842 2841
f 2841 2844 2843
f 2843 2845 2841
f 2842 2848 2844
f 2846 2842 2845
f 2846 2848 2842
f 2844 2848 2843
f 2847 2845 2843
f 2843 2848 2847
f 2847 2846 2845
f 2848 2846 2847
f 2850 2852 2849
f 2853 2850 2849
f 2849 2852 2851
f 2851 2853 2849
f 2850 2856 2852
f 2854 2850 2853
f 2854 2856 2850
f 2852 2856 2851
f 2855 2853 2851
f 2851 2856 2855
f 2855 2854 2853
f 2856 2854 2855
f 2858 2860 2857
f 2861 2858 2857
f 2857 2860 2859
f 2859 2861 2857
f 2858 2864 2860
f 2862 2858 2861
f 2862 2864 2858
f 2860 2864 2859
f 2863 2861 2859
f 2859 2864 2863
f 2863 2862 2861
f 2864 2862 2863
f 2866 2868 2865
f 2869 2866 2865
f 2865 2868 2867
f 2867 2869 2865
f 2866 2872 2868
f 2870 2866 2869
f 2870 2872 2866
f 2868 2872 2867
f 2871 2869 2867
f 2867 2872 2871
f 2871 2870 2869
f 2872 2870 2871
f 2874 2876 2873
f 2877 2874 2873
f 2873 2876 2875
f 2875 2877 2873
f 2874 2880 2876
f 2878 2874 2877
f 2878 2880 2874
f 2876 2880 2875
f 2879 2877 2875
f 2875 2880 2879
f 2879 2878 2877
f 2880 2878 2879
f 2882 2884 2881
f 2885 2882 2881
f 2881 2884 2883
f 2883 2885 2881
f 2882 2888 2884
f 2886 2882 2885
f 2886 2888 2882
f 2884 2888 2883
f 2887 2885 2883
f 2883 2888 2887
f 2887 2886 2885
f 2888 2886 2887
f 2890 2892 2889
f 2893 2890 2889
f 2889 2892 2891
f 2891 2893 2889
f 2890 2896 2892
f 2894 2890 2893
f 2894 2896 2890
f 2892 2896 2891
f 2895 2893 2891
f 2891 2896 2895
f 2895 2894 2893
f 2896 2894 2895
f 2898 2900 2897
f 2901 2898 2897
f 2897 2900 2899
f 2899 2901 2897
f 2898 2904 2900
f 2902 2898 2901
f 2902 2904 2898
f 2900 2904 2899
f 2903 2901 2899
f 2899 2904 2903
f 2903 2902 2901
f 2904 2902 2903
f 2906 2908 2905
f 2909 2906 2905
f 2905 2908 2907
f 2907 2909 2905
f 2906 2912 2908
f 2910 2906 2909
f 2910 2912 2906
f 2908 2912 2907
f 2911 2909 2907
f 2907 2912 2911
f 2911 2910 2909
f 2912 2910 2911
f 2914 2916 2913
f 2917 2914 2913
f 2913 2916 2915
f 2915 2917 2913
f 2914 2920 2916
f 2918 2914 2917
f 2918 2920 2914
f 2916 2920 2915
f 2919 2917 2915
f 2915 2920 2919
f 2919 2918 2917
f 2920 2918 2919
f 2922 2924 2921
f 2925 2922 2921
f 2921 2924 2923
f 2923 2925 2921
f 2922 2928 2924
f 2926 2922 2925
f 2926 2928 2922
f 2924 2928 2923
f 2927 2925 2923
f 2923 2928 2927
f 2927 2926 2925
f 2928 2926 2927
f 2930 2932 2929
f 2933 2930 2929
f 2929 2932 2931
f 2931 2933 2929
f 2930 2936 2932
f 2934 2930 2933
f 2934 2936 2930
f 2932 2936 2931
f 2935 2933 2931
f 2931 2936 2935
f 2935 2934 2933
f 2936 2934 2935
f 2938 2940 2937
f 2941 2938 2937
f 2937 2940 2939
f 2939 2941 2937
f 2938 2944 2940
f 2942 2938 2941
f 2942 2944 2938
f 2940 2944 2939
f 2943 2941 2939
f 2939 2944 2943
f 2943 2942 2941
f 2944 2942 2943
f 2946 2948 2945
f 2949 2946 2945
f 2945 2948 2947
f 2947 2949 2945
f 2946 2952 2948
f 2950 2946 2949
f 2950 2952 2946
f 2948 2952 2947
f 2951 2949 2947
f 2947 2952 2951
f 2951 2950 2949
f 2952 2950 2951
f 2954 2956 2953
f 2957 2954 2953
f 2953 2956 2955
f 2955 2957 2953
f 2954 2960 2956
f 2958 2954 2957
f 2958 2960 2954
f 2956 2960 2955
f 2959 2957 2955
f 2955 2960 2959
f 2959 2958 2957
f 2960 2958 2959
f 2962 2964 2961
f 2965 2962 2961
f 2961 2964 2963
f 2963 2965 2961
f 2962 2968 2964
f 2966 2962 2965
f 2966 2968 2962
f 2964 2968 2963
f 2967 2965 2963
f 2963 2968 2967
f 2967 2966 2965
f 2968 2966 2967
f 2970 2972 2969
f 2973 2970 2969
f 2969 2972 2971
f 2971 2973 2969
f 2970 2976 2972
f 2974 2970 2973
f 2974 2976 2970
f 2972 2976 2971
f 2975 2973 2971
f 2971 2976 2975
f 2975 2974 2973
f 2976 2974 2975
f 2978 2980 2977
f 2981 2978 2977
f 2977 2980 2979
f 2979 2981 2977
f 2978 2984 2980
f 2982 2978 2981
f 2982 2984 2978
f 2980 2984 2979
f 2983 2981 2979
f 2979 2984 2983
f 2983 2982 2981
f 2984 2982 2983
f 2986 2988 2985
f 2989 2986 2985
f 2985 2988 2987
f 2987 2989 2985
f 2986 2992 2988
f 2990 2986 2989
f 2990 2992 2986
f 2988 2992 2987
f 2991 2989 2987
f 2987 2992 2991
f 2991 2990 2989
f 2992 2990 2991
f 2994 2996 2993
f 2997 2994 2993
f 2993 2996 2995
f 2995 2997 2993
f 2994 3000 2996
f 2998 2994 2997
f 2998 3000 2994
f 2996 3000 2995
f 2999 2997 2995
f 2995 3000 2999
f 2999 2998 2997
f 3000 2998 2999
f 3002 3004 3001
f 3005 3002 3001
f 3001 3004 3003
f 3003 3005 3001
f 3002 3008 3004
f 3006 3002 3005
f 3006 3008 3002
f 3004 3008 3003
f 3007 3005 3003
f 3003 3008 3007
f 3007 3006 3005
f 3008 3006 3007
f 3010 3012 3009
f 3013 3010 3009
f 3009 3012 3011
f 3011 3013 3009
f 3010 3016 3012
f 3014 3010 3013
f 3014 3016 3010
f 3012 3016 3011
f 3015 3013 3011
f 3011 3016 3015
f 3015 3014 3013
f 3016 3014 3015
f 3018 3020 3017
f 3021 3018 3017
f 3017 3020 3019
f 3019 3021 3017
f 3018 3024 3020
f 3022 3018 3021
f 3022 3024 3018
f 3020 3024 3019
f 3023 3021 3019
f 3019 3024 3023
f 3023 3022 3021
f 3024 3022 3023
f 3026 3028 3025
f 3029 3026 3025
f 3025 3028 3027
f 3027 3029 3025
f 3026 3032 3028
f 3030 3026 3029
f 3030 3032 3026
f 3028 3032 3027
f 3031 3029 3027
f 3027 3032 3031
f 3031 3030 3029
f 3032 3030 3031
f 3034 3036 3033
f 3037 3034 3033
f 3033 3036 3035
f 3035 3037 3033
f 3034 3040 3036
f 3038 3034 3037
f 3038 3040 3034
f 3036 3040 3035
f 3039 3037 3035
f 3035 3040 3039
f 3039 3038 3037
f 3040 3038 3039
f 3042 3044 3041
f 3045 3042 3041
f 3041 3044 3043
f 3043 3045 3041
f 3042 3048 3044
f 3046 3042 3045
f 3046 3048 3042
f 3044 3048 3043
f 3047 3045 3043
f 3043 3048 3047
f 3047 3046 3045
f 3048 3046 3047
f 3050 3052 3049
f 3053 3050 3049
f 3049 3052 3051
f 3051 3053 3049
f 3050 3056 3052
f 3054 3050 3053
f 3054 3056 3050
f 3052 3056 3051
f 3055 3053 3051
f 3051 3056 3055
f 3055 3054 3053
f 3056 3054 3055
f 3058 3060 3057
f 3061 3058 3057
f 3057 3060 3059
f 3059 3061 3057
f 3058 3064 3060
f 3062 3058 3061
f 3062 3064 3058
f 3060 3064 3059
f 3063 3061 3059
f 3059 3064 3063
f 3063 3062 3061
f 3064 3062 3063
f 3066 3068 3065
f 3069 3066 3065
f 3065 3068 3067
f 3067 3069 3065
f 3066 3072 3068
f 3070 3066 3069
f 3070 3072 3066
f 3068 3072 3067
f 3071 3069 3067
f 3067 3072 3071
f 3071 3070 3069
f 3072 3070 3071
f 3074 3076 3073
f 3077 3074 3073
f 3073 3076 3075
f 3075 3077 3073
f 3074 3080 3076
f 3078 3074 3077
f 3078 3080 3074
f 3076 3080 3075
f 3079 3077 3075
f 3075 3080 3079
f 3079 3078 3077
f 3080 3078 3079
f 3082 3084 3081
f 3085 3082 3081
f 3081 3084 3083
f 3083 3085 3081
f 3082 3088 3084
f 3086 3082 3085
f 3086 3088 3082
f 3084 3088 3083
f 3087 3085 3083
f 3083 3088 3087
f 3087 3086 3085
f 3088 3086 3087
f 3090 3092 3089
f 3093 3090 3089
f 3089 3092 3091
f 3091 3093 3089
f 3090 3096 3092
f 3094 3090 3093
f 3094 3096 3090
f 3092 3096 3091
f 3095 3093 3091
f 3091 3096 3095
f 3095 3094 3093
f 3096 3094 3095
f 3098 3100 3097
f 3101 3098 3097
f 3097 3100 3099
f 3099 3101 3097
f 3098 3104 3100
f 3102 3098 3101
f 3102 3104 3098
f 3100 3104 3099
f 3103 3101 3099
f 3099 3104 3103
f 3103 3102 3101
f 3104 3102 3103
f 3106 3108 3105
f 3109 3106 3105
f 3105 3108 3107
f 3107 3109 3105
f 3106 3112 3108
f 3110 3106 3109
f 3110 3112 3106
f 3108 3112 3107
f 3111 3109 3107
f 3107 3112 3111
f 3111 3110 3109
f 3112 3110 3111
f 3114 3116 3113
f 3117 3114 3113
f 3113 3116 3115
f 3115 3117 3113
f 3114 3120 3116
f 3118 3114 3117
f 3118 3120 3114
f 3116 3120 3115
f 3119 3117 3115
f 3115 3120 3119
f 3119 3118 3117
f 3120 3118 3119
f 3122 3124 3121
f 3125 3122 3121
f 3121 3124 3123
f 3123 3125 3121
f 3122 3128 3124
f 3126 3122 3125
f 3126 3128 3122
f 3124 3128 3123
f 3127 3125 3123
f 3123 3128 3127
f 3127 3126 3125
f 3128 3126 3127
f 3130 3132 3129
f 3133 3130 3129
f 3129 3132 3131
f 3131 3133 3129
f 3130 3136 3132
f 3134 3130 3133
f 3134 3136 3130
f 3132 3136 3131
f 3135 3133 3131
f 3131 3136 3135
f 3135 3134 3133
f 3136 3134 3135
f 3138 3140 3137
f 3141 3138 3137
f 3137 3140 3139
f 3139 3141 3137
f 3138 3144 3140
f 3142 3138 3141
f 3142 3144 3138
f 3140 3144 3139
f 3143 3141 3139
f 3139 3144 3143
f 3143 3142 3141
f 3144 3142 3143
f 3146 3148 3145
f 3149 3146 3145
f 3145 3148 3147
f 3147 3149 3145
f 3146 3152 3148
f 3150 3146 3149
f 3150 3152 3146
f 3148 3152 3147
f 3151 3149 3147
f 3147 3152 3151
f 3151 3150 3149
f 3152 3150 3151
f 3154 3156 3153
f 3157 3154 3153
f 3153 3156 3155
f 3155 3157 3153
f 3154 3160 3156
f 3158 3154 3157
f 3158 3160 3154
f 3156 3160 3155
f 3159 3157 3155
f 3155 3160 3159
f 3159 3158 3157
f 3160 3158 3159
f 3162 3164 3161
f 3165 3162 3161
f 3161 3164 3163
f 3163 3165 3161
f 3162 3168 3164
f 3166 3162 3165
f 3166 3168 3162
f 3164 3168 3163
f 3167 3165 3163
f 3163 3168 3167
f 3167 3166 3165
f 3168 3166 3167
f 3170 3172 3169
f 3173 3170 3169
f 3169 3172 3171
f 3171 3173 3169
f 3170 3176 3172
f 3174 3170 3173
f 3174 3176 3170
f 3172 3176 3171
f 3175 3173 3171
f 3171 3176 3175
f 3175 3174 3173
f 3176 3174 3175
f 3178 3180 3177
f 3181 3178 3177
f 3177 3180 3179
f 3179 3181 3177
f 3178 3184 3180
f 3182 3178 3181
f 3182 3184 3178
f 3180 3184 3179
f 3183 3181 3179
f 3179 3184 3183
f 3183 3182 3181
f 3184 3182 3183
f 3186 3188 3185
f 3189 3186 3185
f 3185 3188 3187
f 3187 3189 3185
f 3186 3192 3188
f 3190 3186 3189
f 3190 3192 3186
f 3188 3192 3187
f 3191 3189 3187
f 3187 3192 3191
f 3191 3190 3189
f 3192 3190 3191
f 3194 3196 3193
f 3197 3194 3193
f 3193 3196 3195
f 3195 3197 3193
f 3194 3200 3196
f 3198 3194 3197
f 3198 3200 3194
f 3196 3200 3195
f 3199 3197 3195
f 3195 3200 3199
f 3199 3198 3197
f 3200 3198 3199
f 3202 3204 3201
f 3205 3202 3201
f 3201 3204 3203
f 3203 3205 3201
f 3202 3208 3204
f 3206 3202 3205
f 3206 3208 3202
f 3204 3208 3203
f 3207 3205 3203
f 3203 3208 3207
f 3207 3206 3205
f 3208 3206 3207
f 3210 3212 3209
f 3213 3210 3209
f 3209 3212 3211
f 3211 3213 3209
f 3210 3216 3212
f 3214 3210 3213
f 3214 3216 3210
f 3212 3216 3211
f 3215 3213 3211
f 3211 3216 3215
f 3215 3214 3213
f 3216 3214 3215
f 3218 3220 3217
f 3221 3218 3217
f 3217 3220 3219
f 3219 3221 3217
f 3218 3224 3220
f 3222 3218 3221
f 3222 3224 3218
f 3220 3224 3219
f 3223 3221 3219
f 3219 3224 3223
f 3223 3222 3221
f 3224 3222 3223
f 3226 3228 3225
f 3229 3226 3225
f 3225 3228 3227
f 3227 3229 3225
f 3226 3232 3228
f 3230 3226 3229
f 3230 3232 3226
f 3228 3232 3227
f 3231 3229 3227
f 3227 3232 3231
f 3231 3230 3229
f 3232 3230 3231
f 3234 3236 3233
f 3237 3234 3233
f 3233 3236 3235
f 3235 3237 3233
f 3234 3240 3236
f 3238 3234 3237
f 3238 3240 3234
f 3236 3240 3235
f 3239 3237 3235
f 3235 3240 3239
f 3239 3238 3237
f 3240 3238 3239
f 3242 3244 3241
f 3245 3242 3241
f 3241 3244 3243
f 3243 3245 3241
f 3242 3248 3244
f 3246 3242 3245
f 3246 3248 3242
f 3244 3248 3243
f 3247 3245 3243
f 3243 3248 3247
f 3247 3246 3245
f 3248 3246 3247
f 3250 3252 3249
f 3253 3250 3249
f 3249 3252 3251
f 3251 3253 3249
f 3250 3256 3252
f 3254 3250 3253
f 3254 3256 3250
f 3252 3256 3251
f 3255 3253 3251
f 3251 3256 3255
f 3255 3254 3253
f 3256 3254 3255
f 3258 3260 3257
f 3261 3258 3257
f 3257 3260 3259
f 3259 3261 3257
f 3258 3264 3260
f 3262 3258 3261
f 3262 3264 3258
f 3260 3264 3259
f 3263 3261 3259
f 3259 3264 3263
f 3263 3262 3261
f 3264 3262 3263
f 3266 3268 3265
f 3269 3266 3265
f 3265 3268 3267
f 3267 3269 3265
f 3266 3272 3268
f 3270 3266 3269
f 3270 3272 3266
f 3268 3272 3267
f 3271 3269 3267
f 3267 3272 3271
f 3271 3270 3269
f 3272 3270 3271
f 3274 3276 3273
f 3277 3274 3273
f 3273 3276 3275
f 3275 3277 3273
f 3274 3280 3276
f 3278 3274 3277
f 3278 3280 3274
f 3276 3280 3275
f 3279 3277 3275
f 3275 3280 3279
f 3279 3278 3277
f 3280 3278 3279
f 3282 3284 3281
f 3285 3282 3281
f 3281 3284 3283
f 3283 3285 3281
f 3282 3288 3284
f 3286 3282 3285
f 3286 3288 3282
f 3284 3288 3283
f 3287 3285 3283
f 3283 3288 3287
f 3287 3286 3285
f 3288 3286 3287
f 3290 3292 3289
f 3293 3290 3289
f 3289 3292 3291
f 3291 3293 3289
f 3290 3296 3292
f 3294 3290 3293
f 3294 3296 3290
f 3292 3296 3291
f 3295 3293 3291
f 3291 3296 3295
f 3295 3294 3293
f 3296 3294 3295
f 3298 3300 3297
f 3301 3298 3297
f 3297 3300 3299
f 3299 3301 3297
f 3298 3304 3300
f 3302 3298 3301
f 3302 3304 3298
f 3300 3304 3299
f 3303 3301 3299
f 3299 3304 3303
f 3303 3302 3301
f 3304 3302 3303
f 3306 3308 3305
f 3309 3306 3305
f 3305 3308 3307
f 3307 3309 3305
f 3306 3312 3308
f 3310 3306 3309
f 3310 3312 3306
f 3308 3312 3307
f 3311 3309 3307
f 3307 3312 3311
f 3311 3310 3309
f 3312 3310 3311
f 3314 3316 3313
f 3317 3314 3313
f 3313 3316 3315
f 3315 3317 3313
f 3314 3320 3316
f 3318 3314 3317
f 3318 3320 3314
f 3316 3320 3315
f 3319 3317 3315
f 3315 3320 3319
f 3319 3318 3317
f 3320 3318 3319
f 3322 3324 3321
f 3325 3322 3321
f 3321 3324 3323
f 3323 3325 3321
f 3322 3328 3324
f 3326 3322 3325
f 3326 3328 3322
f 3324 3328 3323
f 3327 3325 3323
f 3323 3328 3327
f 3327 3326 3325
f 3328 3326 3327

o RCC_Tie_Beams
usemtl RCC_Tie_Beams
v 5.33705 1.02870 2.89560
v 5.33705 1.02870 3.20040
v 5.33705 5.18160 2.89560
v 5.33705 5.18160 3.20040
v 5.63575 1.02870 2.89560
v 5.63575 1.02870 3.20040
v 5.63575 5.18160 2.89560
v 5.63575 5.18160 3.20040
v 11.01395 1.02870 2.89560
v 11.01395 1.02870 3.20040
v 11.01395 5.18160 2.89560
v 11.01395 5.18160 3.20040
v 11.23645 1.02870 2.89560
v 11.23645 1.02870 3.20040
v 11.23645 5.18160 2.89560
v 11.23645 5.18160 3.20040
v 11.01395 5.18160 2.89560
v 11.01395 5.18160 3.20040
v 11.01395 6.13410 2.89560
v 11.01395 6.13410 3.20040
v 11.23645 5.18160 2.89560
v 11.23645 5.18160 3.20040
v 11.23645 6.13410 2.89560
v 11.23645 6.13410 3.20040
v 11.01395 6.13410 2.89560
v 11.01395 6.13410 3.20040
v 11.01395 8.49630 2.89560
v 11.01395 8.49630 3.20040
v 11.23645 6.13410 2.89560
v 11.23645 6.13410 3.20040
v 11.23645 8.49630 2.89560
v 11.23645 8.49630 3.20040
v 15.66215 1.02870 2.89560
v 15.66215 1.02870 3.20040
v 15.66215 6.13410 2.89560
v 15.66215 6.13410 3.20040
v 15.88465 1.02870 2.89560
v 15.88465 1.02870 3.20040
v 15.88465 6.13410 2.89560
v 15.88465 6.13410 3.20040
v 15.66215 6.13410 2.89560
v 15.66215 6.13410 3.20040
v 15.66215 8.49630 2.89560
v 15.66215 8.49630 3.20040
v 15.88465 6.13410 2.89560
v 15.88465 6.13410 3.20040
v 15.88465 8.49630 2.89560
v 15.88465 8.49630 3.20040
v 15.66215 8.49630 2.89560
v 15.66215 8.49630 3.20040
v 15.66215 10.17270 2.89560
v 15.66215 10.17270 3.20040
v 15.88465 8.49630 2.89560
v 15.88465 8.49630 3.20040
v 15.88465 10.17270 2.89560
v 15.88465 10.17270 3.20040
v 20.91995 1.02870 2.89560
v 20.91995 1.02870 3.20040
v 20.91995 6.13410 2.89560
v 20.91995 6.13410 3.20040
v 21.14245 1.02870 2.89560
v 21.14245 1.02870 3.20040
v 21.14245 6.13410 2.89560
v 21.14245 6.13410 3.20040
v 20.91995 6.13410 2.89560
v 20.91995 6.13410 3.20040
v 20.91995 8.49630 2.89560
v 20.91995 8.49630 3.20040
v 21.14245 6.13410 2.89560
v 21.14245 6.13410 3.20040
v 21.14245 8.49630 2.89560
v 21.14245 8.49630 3.20040
v 20.91995 8.49630 2.89560
v 20.91995 8.49630 3.20040
v 20.91995 10.97280 2.89560
v 20.91995 10.97280 3.20040
v 21.14245 8.49630 2.89560
v 21.14245 8.49630 3.20040
v 21.14245 10.97280 2.89560
v 21.14245 10.97280 3.20040
v 20.91995 10.97280 2.89560
v 20.91995 10.97280 3.20040
v 20.91995 12.83970 2.89560
v 20.91995 12.83970 3.20040
v 21.14245 10.97280 2.89560
v 21.14245 10.97280 3.20040
v 21.14245 12.83970 2.89560
v 21.14245 12.83970 3.20040
v 20.91995 12.83970 2.89560
v 20.91995 12.83970 3.20040
v 20.91995 14.93520 2.89560
v 20.91995 14.93520 3.20040
v 21.14245 12.83970 2.89560
v 21.14245 12.83970 3.20040
v 21.14245 14.93520 2.89560
v 21.14245 14.93520 3.20040
v 25.72055 1.02870 2.89560
v 25.72055 1.02870 3.20040
v 25.72055 6.13410 2.89560
v 25.72055 6.13410 3.20040
v 25.94305 1.02870 2.89560
v 25.94305 1.02870 3.20040
v 25.94305 6.13410 2.89560
v 25.94305 6.13410 3.20040
v 25.72055 6.13410 2.89560
v 25.72055 6.13410 3.20040
v 25.72055 8.49630 2.89560
v 25.72055 8.49630 3.20040
v 25.94305 6.13410 2.89560
v 25.94305 6.13410 3.20040
v 25.94305 8.49630 2.89560
v 25.94305 8.49630 3.20040
v 25.72055 8.49630 2.89560
v 25.72055 8.49630 3.20040
v 25.72055 10.97280 2.89560
v 25.72055 10.97280 3.20040
v 25.94305 8.49630 2.89560
v 25.94305 8.49630 3.20040
v 25.94305 10.97280 2.89560
v 25.94305 10.97280 3.20040
v 25.72055 10.97280 2.89560
v 25.72055 10.97280 3.20040
v 25.72055 14.17320 2.89560
v 25.72055 14.17320 3.20040
v 25.94305 10.97280 2.89560
v 25.94305 10.97280 3.20040
v 25.94305 14.17320 2.89560
v 25.94305 14.17320 3.20040
v 25.72055 14.17320 2.89560
v 25.72055 14.17320 3.20040
v 25.72055 16.79448 2.89560
v 25.72055 16.79448 3.20040
v 25.94305 14.17320 2.89560
v 25.94305 14.17320 3.20040
v 25.94305 16.79448 2.89560
v 25.94305 16.79448 3.20040
v 5.48640 0.91745 2.89560
v 5.48640 0.91745 3.20040
v 5.48640 1.13995 2.89560
v 5.48640 1.13995 3.20040
v 11.12520 0.91745 2.89560
v 11.12520 0.91745 3.20040
v 11.12520 1.13995 2.89560
v 11.12520 1.13995 3.20040
v 11.12520 0.91745 2.89560
v 11.12520 0.91745 3.20040
v 11.12520 1.13995 2.89560
v 11.12520 1.13995 3.20040
v 15.77340 0.91745 2.89560
v 15.77340 0.91745 3.20040
v 15.77340 1.13995 2.89560
v 15.77340 1.13995 3.20040
v 15.77340 0.91745 2.89560
v 15.77340 0.91745 3.20040
v 15.77340 1.13995 2.89560
v 15.77340 1.13995 3.20040
v 21.03120 0.91745 2.89560
v 21.03120 0.91745 3.20040
v 21.03120 1.13995 2.89560
v 21.03120 1.13995 3.20040
v 21.03120 0.91745 2.89560
v 21.03120 0.91745 3.20040
v 21.03120 1.13995 2.89560
v 21.03120 1.13995 3.20040
v 25.83180 0.91745 2.89560
v 25.83180 0.91745 3.20040
v 25.83180 1.13995 2.89560
v 25.83180 1.13995 3.20040
v 5.48640 5.07035 2.89560
v 5.48640 5.07035 3.20040
v 5.48640 5.29285 2.89560
v 5.48640 5.29285 3.20040
v 11.12520 5.07035 2.89560
v 11.12520 5.07035 3.20040
v 11.12520 5.29285 2.89560
v 11.12520 5.29285 3.20040
v 11.12520 6.02285 2.89560
v 11.12520 6.02285 3.20040
v 11.12520 6.24535 2.89560
v 11.12520 6.24535 3.20040
v 15.77340 6.02285 2.89560
v 15.77340 6.02285 3.20040
v 15.77340 6.24535 2.89560
v 15.77340 6.24535 3.20040
v 15.77340 6.02285 2.89560
v 15.77340 6.02285 3.20040
v 15.77340 6.24535 2.89560
v 15.77340 6.24535 3.20040
v 21.03120 6.02285 2.89560
v 21.03120 6.02285 3.20040
v 21.03120 6.24535 2.89560
v 21.03120 6.24535 3.20040
v 21.03120 6.02285 2.89560
v 21.03120 6.02285 3.20040
v 21.03120 6.24535 2.89560
v 21.03120 6.24535 3.20040
v 25.83180 6.02285 2.89560
v 25.83180 6.02285 3.20040
v 25.83180 6.24535 2.89560
v 25.83180 6.24535 3.20040
v 11.12520 8.38505 2.89560
v 11.12520 8.38505 3.20040
v 11.12520 8.60755 2.89560
v 11.12520 8.60755 3.20040
v 15.77340 8.38505 2.89560
v 15.77340 8.38505 3.20040
v 15.77340 8.60755 2.89560
v 15.77340 8.60755 3.20040
v 15.77340 8.38505 2.89560
v 15.77340 8.38505 3.20040
v 15.77340 8.60755 2.89560
v 15.77340 8.60755 3.20040
v 21.03120 8.38505 2.89560
v 21.03120 8.38505 3.20040
v 21.03120 8.60755 2.89560
v 21.03120 8.60755 3.20040
v 21.03120 8.38505 2.89560
v 21.03120 8.38505 3.20040
v 21.03120 8.60755 2.89560
v 21.03120 8.60755 3.20040
v 25.83180 8.38505 2.89560
v 25.83180 8.38505 3.20040
v 25.83180 8.60755 2.89560
v 25.83180 8.60755 3.20040
v 12.95400 10.06145 2.89560
v 12.95400 10.06145 3.20040
v 12.95400 10.28395 2.89560
v 12.95400 10.28395 3.20040
v 15.77340 10.06145 2.89560
v 15.77340 10.06145 3.20040
v 15.77340 10.28395 2.89560
v 15.77340 10.28395 3.20040
v 21.03120 10.86155 2.89560
v 21.03120 10.86155 3.20040
v 21.03120 11.08405 2.89560
v 21.03120 11.08405 3.20040
v 25.83180 10.86155 2.89560
v 25.83180 10.86155 3.20040
v 25.83180 11.08405 2.89560
v 25.83180 11.08405 3.20040
v 17.94510 12.72845 2.89560
v 17.94510 12.72845 3.20040
v 17.94510 12.95095 2.89560
v 17.94510 12.95095 3.20040
v 21.03120 12.72845 2.89560
v 21.03120 12.72845 3.20040
v 21.03120 12.95095 2.89560
v 21.03120 12.95095 3.20040
v 5.33705 1.02870 6.24840
v 5.33705 1.02870 6.55320
v 5.33705 5.18160 6.24840
v 5.33705 5.18160 6.55320
v 5.63575 1.02870 6.24840
v 5.63575 1.02870 6.55320
v 5.63575 5.18160 6.24840
v 5.63575 5.18160 6.55320
v 11.01395 1.02870 6.24840
v 11.01395 1.02870 6.55320
v 11.01395 5.18160 6.24840
v 11.01395 5.18160 6.55320
v 11.23645 1.02870 6.24840
v 11.23645 1.02870 6.55320
v 11.23645 5.18160 6.24840
v 11.23645 5.18160 6.55320
v 11.01395 5.18160 6.24840
v 11.01395 5.18160 6.55320
v 11.01395 6.13410 6.24840
v 11.01395 6.13410 6.55320
v 11.23645 5.18160 6.24840
v 11.23645 5.18160 6.55320
v 11.23645 6.13410 6.24840
v 11.23645 6.13410 6.55320
v 11.01395 6.13410 6.24840
v 11.01395 6.13410 6.55320
v 11.01395 8.49630 6.24840
v 11.01395 8.49630 6.55320
v 11.23645 6.13410 6.24840
v 11.23645 6.13410 6.55320
v 11.23645 8.49630 6.24840
v 11.23645 8.49630 6.55320
v 15.66215 1.02870 6.24840
v 15.66215 1.02870 6.55320
v 15.66215 6.13410 6.24840
v 15.66215 6.13410 6.55320
v 15.88465 1.02870 6.24840
v 15.88465 1.02870 6.55320
v 15.88465 6.13410 6.24840
v 15.88465 6.13410 6.55320
v 15.66215 6.13410 6.24840
v 15.66215 6.13410 6.55320
v 15.66215 8.49630 6.24840
v 15.66215 8.49630 6.55320
v 15.88465 6.13410 6.24840
v 15.88465 6.13410 6.55320
v 15.88465 8.49630 6.24840
v 15.88465 8.49630 6.55320
v 15.66215 8.49630 6.24840
v 15.66215 8.49630 6.55320
v 15.66215 10.17270 6.24840
v 15.66215 10.17270 6.55320
v 15.88465 8.49630 6.24840
v 15.88465 8.49630 6.55320
v 15.88465 10.17270 6.24840
v 15.88465 10.17270 6.55320
v 20.91995 1.02870 6.24840
v 20.91995 1.02870 6.55320
v 20.91995 6.13410 6.24840
v 20.91995 6.13410 6.55320
v 21.14245 1.02870 6.24840
v 21.14245 1.02870 6.55320
v 21.14245 6.13410 6.24840
v 21.14245 6.13410 6.55320
v 20.91995 6.13410 6.24840
v 20.91995 6.13410 6.55320
v 20.91995 8.49630 6.24840
v 20.91995 8.49630 6.55320
v 21.14245 6.13410 6.24840
v 21.14245 6.13410 6.55320
v 21.14245 8.49630 6.24840
v 21.14245 8.49630 6.55320
v 20.91995 8.49630 6.24840
v 20.91995 8.49630 6.55320
v 20.91995 10.97280 6.24840
v 20.91995 10.97280 6.55320
v 21.14245 8.49630 6.24840
v 21.14245 8.49630 6.55320
v 21.14245 10.97280 6.24840
v 21.14245 10.97280 6.55320
v 20.91995 10.97280 6.24840
v 20.91995 10.97280 6.55320
v 20.91995 12.83970 6.24840
v 20.91995 12.83970 6.55320
v 21.14245 10.97280 6.24840
v 21.14245 10.97280 6.55320
v 21.14245 12.83970 6.24840
v 21.14245 12.83970 6.55320
v 20.91995 12.83970 6.24840
v 20.91995 12.83970 6.55320
v 20.91995 14.93520 6.24840
v 20.91995 14.93520 6.55320
v 21.14245 12.83970 6.24840
v 21.14245 12.83970 6.55320
v 21.14245 14.93520 6.24840
v 21.14245 14.93520 6.55320
v 25.72055 1.02870 6.24840
v 25.72055 1.02870 6.55320
v 25.72055 6.13410 6.24840
v 25.72055 6.13410 6.55320
v 25.94305 1.02870 6.24840
v 25.94305 1.02870 6.55320
v 25.94305 6.13410 6.24840
v 25.94305 6.13410 6.55320
v 25.72055 6.13410 6.24840
v 25.72055 6.13410 6.55320
v 25.72055 8.49630 6.24840
v 25.72055 8.49630 6.55320
v 25.94305 6.13410 6.24840
v 25.94305 6.13410 6.55320
v 25.94305 8.49630 6.24840
v 25.94305 8.49630 6.55320
v 25.72055 8.49630 6.24840
v 25.72055 8.49630 6.55320
v 25.72055 10.97280 6.24840
v 25.72055 10.97280 6.55320
v 25.94305 8.49630 6.24840
v 25.94305 8.49630 6.55320
v 25.94305 10.97280 6.24840
v 25.94305 10.97280 6.55320
v 25.72055 10.97280 6.24840
v 25.72055 10.97280 6.55320
v 25.72055 14.17320 6.24840
v 25.72055 14.17320 6.55320
v 25.94305 10.97280 6.24840
v 25.94305 10.97280 6.55320
v 25.94305 14.17320 6.24840
v 25.94305 14.17320 6.55320
v 25.72055 14.17320 6.24840
v 25.72055 14.17320 6.55320
v 25.72055 16.79448 6.24840
v 25.72055 16.79448 6.55320
v 25.94305 14.17320 6.24840
v 25.94305 14.17320 6.55320
v 25.94305 16.79448 6.24840
v 25.94305 16.79448 6.55320
v 5.48640 0.91745 6.24840
v 5.48640 0.91745 6.55320
v 5.48640 1.13995 6.24840
v 5.48640 1.13995 6.55320
v 11.12520 0.91745 6.24840
v 11.12520 0.91745 6.55320
v 11.12520 1.13995 6.24840
v 11.12520 1.13995 6.55320
v 11.12520 0.91745 6.24840
v 11.12520 0.91745 6.55320
v 11.12520 1.13995 6.24840
v 11.12520 1.13995 6.55320
v 15.77340 0.91745 6.24840
v 15.77340 0.91745 6.55320
v 15.77340 1.13995 6.24840
v 15.77340 1.13995 6.55320
v 15.77340 0.91745 6.24840
v 15.77340 0.91745 6.55320
v 15.77340 1.13995 6.24840
v 15.77340 1.13995 6.55320
v 21.03120 0.91745 6.24840
v 21.03120 0.91745 6.55320
v 21.03120 1.13995 6.24840
v 21.03120 1.13995 6.55320
v 21.03120 0.91745 6.24840
v 21.03120 0.91745 6.55320
v 21.03120 1.13995 6.24840
v 21.03120 1.13995 6.55320
v 25.83180 0.91745 6.24840
v 25.83180 0.91745 6.55320
v 25.83180 1.13995 6.24840
v 25.83180 1.13995 6.55320
v 5.48640 5.07035 6.24840
v 5.48640 5.07035 6.55320
v 5.48640 5.29285 6.24840
v 5.48640 5.29285 6.55320
v 11.12520 5.07035 6.24840
v 11.12520 5.07035 6.55320
v 11.12520 5.29285 6.24840
v 11.12520 5.29285 6.55320
v 11.12520 6.02285 6.24840
v 11.12520 6.02285 6.55320
v 11.12520 6.24535 6.24840
v 11.12520 6.24535 6.55320
v 15.77340 6.02285 6.24840
v 15.77340 6.02285 6.55320
v 15.77340 6.24535 6.24840
v 15.77340 6.24535 6.55320
v 15.77340 6.02285 6.24840
v 15.77340 6.02285 6.55320
v 15.77340 6.24535 6.24840
v 15.77340 6.24535 6.55320
v 21.03120 6.02285 6.24840
v 21.03120 6.02285 6.55320
v 21.03120 6.24535 6.24840
v 21.03120 6.24535 6.55320
v 21.03120 6.02285 6.24840
v 21.03120 6.02285 6.55320
v 21.03120 6.24535 6.24840
v 21.03120 6.24535 6.55320
v 25.83180 6.02285 6.24840
v 25.83180 6.02285 6.55320
v 25.83180 6.24535 6.24840
v 25.83180 6.24535 6.55320
v 11.12520 8.38505 6.24840
v 11.12520 8.38505 6.55320
v 11.12520 8.60755 6.24840
v 11.12520 8.60755 6.55320
v 15.77340 8.38505 6.24840
v 15.77340 8.38505 6.55320
v 15.77340 8.60755 6.24840
v 15.77340 8.60755 6.55320
v 15.77340 8.38505 6.24840
v 15.77340 8.38505 6.55320
v 15.77340 8.60755 6.24840
v 15.77340 8.60755 6.55320
v 21.03120 8.38505 6.24840
v 21.03120 8.38505 6.55320
v 21.03120 8.60755 6.24840
v 21.03120 8.60755 6.55320
v 21.03120 8.38505 6.24840
v 21.03120 8.38505 6.55320
v 21.03120 8.60755 6.24840
v 21.03120 8.60755 6.55320
v 25.83180 8.38505 6.24840
v 25.83180 8.38505 6.55320
v 25.83180 8.60755 6.24840
v 25.83180 8.60755 6.55320
v 12.95400 10.06145 6.24840
v 12.95400 10.06145 6.55320
v 12.95400 10.28395 6.24840
v 12.95400 10.28395 6.55320
v 15.77340 10.06145 6.24840
v 15.77340 10.06145 6.55320
v 15.77340 10.28395 6.24840
v 15.77340 10.28395 6.55320
v 21.03120 10.86155 6.24840
v 21.03120 10.86155 6.55320
v 21.03120 11.08405 6.24840
v 21.03120 11.08405 6.55320
v 25.83180 10.86155 6.24840
v 25.83180 10.86155 6.55320
v 25.83180 11.08405 6.24840
v 25.83180 11.08405 6.55320
v 17.94510 12.72845 6.24840
v 17.94510 12.72845 6.55320
v 17.94510 12.95095 6.24840
v 17.94510 12.95095 6.55320
v 21.03120 12.72845 6.24840
v 21.03120 12.72845 6.55320
v 21.03120 12.95095 6.24840
v 21.03120 12.95095 6.55320
v 5.33705 1.02870 9.60120
v 5.33705 1.02870 9.90600
v 5.33705 5.18160 9.60120
v 5.33705 5.18160 9.90600
v 5.63575 1.02870 9.60120
v 5.63575 1.02870 9.90600
v 5.63575 5.18160 9.60120
v 5.63575 5.18160 9.90600
v 11.01395 1.02870 9.60120
v 11.01395 1.02870 9.90600
v 11.01395 5.18160 9.60120
v 11.01395 5.18160 9.90600
v 11.23645 1.02870 9.60120
v 11.23645 1.02870 9.90600
v 11.23645 5.18160 9.60120
v 11.23645 5.18160 9.90600
v 11.01395 5.18160 9.60120
v 11.01395 5.18160 9.90600
v 11.01395 6.13410 9.60120
v 11.01395 6.13410 9.90600
v 11.23645 5.18160 9.60120
v 11.23645 5.18160 9.90600
v 11.23645 6.13410 9.60120
v 11.23645 6.13410 9.90600
v 11.01395 6.13410 9.60120
v 11.01395 6.13410 9.90600
v 11.01395 8.49630 9.60120
v 11.01395 8.49630 9.90600
v 11.23645 6.13410 9.60120
v 11.23645 6.13410 9.90600
v 11.23645 8.49630 9.60120
v 11.23645 8.49630 9.90600
v 15.66215 1.02870 9.60120
v 15.66215 1.02870 9.90600
v 15.66215 6.13410 9.60120
v 15.66215 6.13410 9.90600
v 15.88465 1.02870 9.60120
v 15.88465 1.02870 9.90600
v 15.88465 6.13410 9.60120
v 15.88465 6.13410 9.90600
v 15.66215 6.13410 9.60120
v 15.66215 6.13410 9.90600
v 15.66215 8.49630 9.60120
v 15.66215 8.49630 9.90600
v 15.88465 6.13410 9.60120
v 15.88465 6.13410 9.90600
v 15.88465 8.49630 9.60120
v 15.88465 8.49630 9.90600
v 15.66215 8.49630 9.60120
v 15.66215 8.49630 9.90600
v 15.66215 10.17270 9.60120
v 15.66215 10.17270 9.90600
v 15.88465 8.49630 9.60120
v 15.88465 8.49630 9.90600
v 15.88465 10.17270 9.60120
v 15.88465 10.17270 9.90600
v 20.91995 1.02870 9.60120
v 20.91995 1.02870 9.90600
v 20.91995 6.13410 9.60120
v 20.91995 6.13410 9.90600
v 21.14245 1.02870 9.60120
v 21.14245 1.02870 9.90600
v 21.14245 6.13410 9.60120
v 21.14245 6.13410 9.90600
v 20.91995 6.13410 9.60120
v 20.91995 6.13410 9.90600
v 20.91995 8.49630 9.60120
v 20.91995 8.49630 9.90600
v 21.14245 6.13410 9.60120
v 21.14245 6.13410 9.90600
v 21.14245 8.49630 9.60120
v 21.14245 8.49630 9.90600
v 20.91995 8.49630 9.60120
v 20.91995 8.49630 9.90600
v 20.91995 10.97280 9.60120
v 20.91995 10.97280 9.90600
v 21.14245 8.49630 9.60120
v 21.14245 8.49630 9.90600
v 21.14245 10.97280 9.60120
v 21.14245 10.97280 9.90600
v 20.91995 10.97280 9.60120
v 20.91995 10.97280 9.90600
v 20.91995 12.83970 9.60120
v 20.91995 12.83970 9.90600
v 21.14245 10.97280 9.60120
v 21.14245 10.97280 9.90600
v 21.14245 12.83970 9.60120
v 21.14245 12.83970 9.90600
v 20.91995 12.83970 9.60120
v 20.91995 12.83970 9.90600
v 20.91995 14.93520 9.60120
v 20.91995 14.93520 9.90600
v 21.14245 12.83970 9.60120
v 21.14245 12.83970 9.90600
v 21.14245 14.93520 9.60120
v 21.14245 14.93520 9.90600
v 25.72055 1.02870 9.60120
v 25.72055 1.02870 9.90600
v 25.72055 6.13410 9.60120
v 25.72055 6.13410 9.90600
v 25.94305 1.02870 9.60120
v 25.94305 1.02870 9.90600
v 25.94305 6.13410 9.60120
v 25.94305 6.13410 9.90600
v 25.72055 6.13410 9.60120
v 25.72055 6.13410 9.90600
v 25.72055 8.49630 9.60120
v 25.72055 8.49630 9.90600
v 25.94305 6.13410 9.60120
v 25.94305 6.13410 9.90600
v 25.94305 8.49630 9.60120
v 25.94305 8.49630 9.90600
v 25.72055 8.49630 9.60120
v 25.72055 8.49630 9.90600
v 25.72055 10.97280 9.60120
v 25.72055 10.97280 9.90600
v 25.94305 8.49630 9.60120
v 25.94305 8.49630 9.90600
v 25.94305 10.97280 9.60120
v 25.94305 10.97280 9.90600
v 25.72055 10.97280 9.60120
v 25.72055 10.97280 9.90600
v 25.72055 14.17320 9.60120
v 25.72055 14.17320 9.90600
v 25.94305 10.97280 9.60120
v 25.94305 10.97280 9.90600
v 25.94305 14.17320 9.60120
v 25.94305 14.17320 9.90600
v 25.72055 14.17320 9.60120
v 25.72055 14.17320 9.90600
v 25.72055 16.79448 9.60120
v 25.72055 16.79448 9.90600
v 25.94305 14.17320 9.60120
v 25.94305 14.17320 9.90600
v 25.94305 16.79448 9.60120
v 25.94305 16.79448 9.90600
v 5.48640 0.91745 9.60120
v 5.48640 0.91745 9.90600
v 5.48640 1.13995 9.60120
v 5.48640 1.13995 9.90600
v 11.12520 0.91745 9.60120
v 11.12520 0.91745 9.90600
v 11.12520 1.13995 9.60120
v 11.12520 1.13995 9.90600
v 11.12520 0.91745 9.60120
v 11.12520 0.91745 9.90600
v 11.12520 1.13995 9.60120
v 11.12520 1.13995 9.90600
v 15.77340 0.91745 9.60120
v 15.77340 0.91745 9.90600
v 15.77340 1.13995 9.60120
v 15.77340 1.13995 9.90600
v 15.77340 0.91745 9.60120
v 15.77340 0.91745 9.90600
v 15.77340 1.13995 9.60120
v 15.77340 1.13995 9.90600
v 21.03120 0.91745 9.60120
v 21.03120 0.91745 9.90600
v 21.03120 1.13995 9.60120
v 21.03120 1.13995 9.90600
v 21.03120 0.91745 9.60120
v 21.03120 0.91745 9.90600
v 21.03120 1.13995 9.60120
v 21.03120 1.13995 9.90600
v 25.83180 0.91745 9.60120
v 25.83180 0.91745 9.90600
v 25.83180 1.13995 9.60120
v 25.83180 1.13995 9.90600
v 5.48640 5.07035 9.60120
v 5.48640 5.07035 9.90600
v 5.48640 5.29285 9.60120
v 5.48640 5.29285 9.90600
v 11.12520 5.07035 9.60120
v 11.12520 5.07035 9.90600
v 11.12520 5.29285 9.60120
v 11.12520 5.29285 9.90600
v 11.12520 6.02285 9.60120
v 11.12520 6.02285 9.90600
v 11.12520 6.24535 9.60120
v 11.12520 6.24535 9.90600
v 15.77340 6.02285 9.60120
v 15.77340 6.02285 9.90600
v 15.77340 6.24535 9.60120
v 15.77340 6.24535 9.90600
v 15.77340 6.02285 9.60120
v 15.77340 6.02285 9.90600
v 15.77340 6.24535 9.60120
v 15.77340 6.24535 9.90600
v 21.03120 6.02285 9.60120
v 21.03120 6.02285 9.90600
v 21.03120 6.24535 9.60120
v 21.03120 6.24535 9.90600
v 21.03120 6.02285 9.60120
v 21.03120 6.02285 9.90600
v 21.03120 6.24535 9.60120
v 21.03120 6.24535 9.90600
v 25.83180 6.02285 9.60120
v 25.83180 6.02285 9.90600
v 25.83180 6.24535 9.60120
v 25.83180 6.24535 9.90600
v 11.12520 8.38505 9.60120
v 11.12520 8.38505 9.90600
v 11.12520 8.60755 9.60120
v 11.12520 8.60755 9.90600
v 15.77340 8.38505 9.60120
v 15.77340 8.38505 9.90600
v 15.77340 8.60755 9.60120
v 15.77340 8.60755 9.90600
v 15.77340 8.38505 9.60120
v 15.77340 8.38505 9.90600
v 15.77340 8.60755 9.60120
v 15.77340 8.60755 9.90600
v 21.03120 8.38505 9.60120
v 21.03120 8.38505 9.90600
v 21.03120 8.60755 9.60120
v 21.03120 8.60755 9.90600
v 21.03120 8.38505 9.60120
v 21.03120 8.38505 9.90600
v 21.03120 8.60755 9.60120
v 21.03120 8.60755 9.90600
v 25.83180 8.38505 9.60120
v 25.83180 8.38505 9.90600
v 25.83180 8.60755 9.60120
v 25.83180 8.60755 9.90600
v 12.95400 10.06145 9.60120
v 12.95400 10.06145 9.90600
v 12.95400 10.28395 9.60120
v 12.95400 10.28395 9.90600
v 15.77340 10.06145 9.60120
v 15.77340 10.06145 9.90600
v 15.77340 10.28395 9.60120
v 15.77340 10.28395 9.90600
v 21.03120 10.86155 9.60120
v 21.03120 10.86155 9.90600
v 21.03120 11.08405 9.60120
v 21.03120 11.08405 9.90600
v 25.83180 10.86155 9.60120
v 25.83180 10.86155 9.90600
v 25.83180 11.08405 9.60120
v 25.83180 11.08405 9.90600
v 17.94510 12.72845 9.60120
v 17.94510 12.72845 9.90600
v 17.94510 12.95095 9.60120
v 17.94510 12.95095 9.90600
v 21.03120 12.72845 9.60120
v 21.03120 12.72845 9.90600
v 21.03120 12.95095 9.60120
v 21.03120 12.95095 9.90600
v 21.03120 8.38352 12.34440
v 21.03120 8.38352 12.64920
v 21.03120 8.60908 12.34440
v 21.03120 8.60908 12.64920
v 25.83180 8.38352 12.34440
v 25.83180 8.38352 12.64920
v 25.83180 8.60908 12.34440
v 25.83180 8.60908 12.64920
v 21.03120 10.86002 12.34440
v 21.03120 10.86002 12.64920
v 21.03120 11.08558 12.34440
v 21.03120 11.08558 12.64920
v 25.83180 10.86002 12.34440
v 25.83180 10.86002 12.64920
v 25.83180 11.08558 12.34440
v 25.83180 11.08558 12.64920
v 20.91842 8.49630 12.34440
v 20.91842 8.49630 12.64920
v 20.91842 10.97280 12.34440
v 20.91842 10.97280 12.64920
v 21.14398 8.49630 12.34440
v 21.14398 8.49630 12.64920
v 21.14398 10.97280 12.34440
v 21.14398 10.97280 12.64920
v 25.71902 8.49630 12.34440
v 25.71902 8.49630 12.64920
v 25.71902 10.97280 12.34440
v 25.71902 10.97280 12.64920
v 25.94458 8.49630 12.34440
v 25.94458 8.49630 12.64920
v 25.94458 10.97280 12.34440
v 25.94458 10.97280 12.64920
v 13.03124 10.08844 2.89560
v 11.20244 8.41204 2.89560
v 11.04796 8.58056 2.89560
v 12.87676 10.25696 2.89560
v 13.03124 10.08844 3.20040
v 11.20244 8.41204 3.20040
v 11.04796 8.58056 3.20040
v 12.87676 10.25696 3.20040
v 18.03373 12.76753 2.89560
v 15.86203 10.10053 2.89560
v 15.68477 10.24487 2.89560
v 17.85647 12.91187 2.89560
v 18.03373 12.76753 3.20040
v 15.86203 10.10053 3.20040
v 15.68477 10.24487 3.20040
v 17.85647 12.91187 3.20040
v 25.87308 16.68789 2.89560
v 21.07248 14.82861 2.89560
v 20.98992 15.04179 2.89560
v 25.79052 16.90107 2.89560
v 25.87308 16.68789 3.20040
v 21.07248 14.82861 3.20040
v 20.98992 15.04179 3.20040
v 25.79052 16.90107 3.20040
v 25.86239 14.06307 2.89560
v 21.06179 12.72957 2.89560
v 21.00061 12.94983 2.89560
v 25.80121 14.28333 2.89560
v 25.86239 14.06307 3.20040
v 21.06179 12.72957 3.20040
v 21.00061 12.94983 3.20040
v 25.80121 14.28333 3.20040
v 13.03124 10.08844 6.24840
v 11.20244 8.41204 6.24840
v 11.04796 8.58056 6.24840
v 12.87676 10.25696 6.24840
v 13.03124 10.08844 6.55320
v 11.20244 8.41204 6.55320
v 11.04796 8.58056 6.55320
v 12.87676 10.25696 6.55320
v 18.03373 12.76753 6.24840
v 15.86203 10.10053 6.24840
v 15.68477 10.24487 6.24840
v 17.85647 12.91187 6.24840
v 18.03373 12.76753 6.55320
v 15.86203 10.10053 6.55320
v 15.68477 10.24487 6.55320
v 17.85647 12.91187 6.55320
v 25.87308 16.68789 6.24840
v 21.07248 14.82861 6.24840
v 20.98992 15.04179 6.24840
v 25.79052 16.90107 6.24840
v 25.87308 16.68789 6.55320
v 21.07248 14.82861 6.55320
v 20.98992 15.04179 6.55320
v 25.79052 16.90107 6.55320
v 25.86239 14.06307 6.24840
v 21.06179 12.72957 6.24840
v 21.00061 12.94983 6.24840
v 25.80121 14.28333 6.24840
v 25.86239 14.06307 6.55320
v 21.06179 12.72957 6.55320
v 21.00061 12.94983 6.55320
v 25.80121 14.28333 6.55320
v 13.03124 10.08844 9.60120
v 11.20244 8.41204 9.60120
v 11.04796 8.58056 9.60120
v 12.87676 10.25696 9.60120
v 13.03124 10.08844 9.90600
v 11.20244 8.41204 9.90600
v 11.04796 8.58056 9.90600
v 12.87676 10.25696 9.90600
v 18.03373 12.76753 9.60120
v 15.86203 10.10053 9.60120
v 15.68477 10.24487 9.60120
v 17.85647 12.91187 9.60120
v 18.03373 12.76753 9.90600
v 15.86203 10.10053 9.90600
v 15.68477 10.24487 9.90600
v 17.85647 12.91187 9.90600
v 25.87308 16.68789 9.60120
v 21.07248 14.82861 9.60120
v 20.98992 15.04179 9.60120
v 25.79052 16.90107 9.60120
v 25.87308 16.68789 9.90600
v 21.07248 14.82861 9.90600
v 20.98992 15.04179 9.90600
v 25.79052 16.90107 9.90600
v 25.86239 14.06307 9.60120
v 21.06179 12.72957 9.60120
v 21.00061 12.94983 9.60120
v 25.80121 14.28333 9.60120
v 25.86239 14.06307 9.90600
v 21.06179 12.72957 9.90600
v 21.00061 12.94983 9.90600
v 25.80121 14.28333 9.90600
f 3330 3332 3329
f 3333 3330 3329
f 3329 3332 3331
f 3331 3333 3329
f 3330 3336 3332
f 3334 3330 3333
f 3334 3336 3330
f 3332 3336 3331
f 3335 3333 3331
f 3331 3336 3335
f 3335 3334 3333
f 3336 3334 3335
f 3338 3340 3337
f 3341 3338 3337
f 3337 3340 3339
f 3339 3341 3337
f 3338 3344 3340
f 3342 3338 3341
f 3342 3344 3338
f 3340 3344 3339
f 3343 3341 3339
f 3339 3344 3343
f 3343 3342 3341
f 3344 3342 3343
f 3346 3348 3345
f 3349 3346 3345
f 3345 3348 3347
f 3347 3349 3345
f 3346 3352 3348
f 3350 3346 3349
f 3350 3352 3346
f 3348 3352 3347
f 3351 3349 3347
f 3347 3352 3351
f 3351 3350 3349
f 3352 3350 3351
f 3354 3356 3353
f 3357 3354 3353
f 3353 3356 3355
f 3355 3357 3353
f 3354 3360 3356
f 3358 3354 3357
f 3358 3360 3354
f 3356 3360 3355
f 3359 3357 3355
f 3355 3360 3359
f 3359 3358 3357
f 3360 3358 3359
f 3362 3364 3361
f 3365 3362 3361
f 3361 3364 3363
f 3363 3365 3361
f 3362 3368 3364
f 3366 3362 3365
f 3366 3368 3362
f 3364 3368 3363
f 3367 3365 3363
f 3363 3368 3367
f 3367 3366 3365
f 3368 3366 3367
f 3370 3372 3369
f 3373 3370 3369
f 3369 3372 3371
f 3371 3373 3369
f 3370 3376 3372
f 3374 3370 3373
f 3374 3376 3370
f 3372 3376 3371
f 3375 3373 3371
f 3371 3376 3375
f 3375 3374 3373
f 3376 3374 3375
f 3378 3380 3377
f 3381 3378 3377
f 3377 3380 3379
f 3379 3381 3377
f 3378 3384 3380
f 3382 3378 3381
f 3382 3384 3378
f 3380 3384 3379
f 3383 3381 3379
f 3379 3384 3383
f 3383 3382 3381
f 3384 3382 3383
f 3386 3388 3385
f 3389 3386 3385
f 3385 3388 3387
f 3387 3389 3385
f 3386 3392 3388
f 3390 3386 3389
f 3390 3392 3386
f 3388 3392 3387
f 3391 3389 3387
f 3387 3392 3391
f 3391 3390 3389
f 3392 3390 3391
f 3394 3396 3393
f 3397 3394 3393
f 3393 3396 3395
f 3395 3397 3393
f 3394 3400 3396
f 3398 3394 3397
f 3398 3400 3394
f 3396 3400 3395
f 3399 3397 3395
f 3395 3400 3399
f 3399 3398 3397
f 3400 3398 3399
f 3402 3404 3401
f 3405 3402 3401
f 3401 3404 3403
f 3403 3405 3401
f 3402 3408 3404
f 3406 3402 3405
f 3406 3408 3402
f 3404 3408 3403
f 3407 3405 3403
f 3403 3408 3407
f 3407 3406 3405
f 3408 3406 3407
f 3410 3412 3409
f 3413 3410 3409
f 3409 3412 3411
f 3411 3413 3409
f 3410 3416 3412
f 3414 3410 3413
f 3414 3416 3410
f 3412 3416 3411
f 3415 3413 3411
f 3411 3416 3415
f 3415 3414 3413
f 3416 3414 3415
f 3418 3420 3417
f 3421 3418 3417
f 3417 3420 3419
f 3419 3421 3417
f 3418 3424 3420
f 3422 3418 3421
f 3422 3424 3418
f 3420 3424 3419
f 3423 3421 3419
f 3419 3424 3423
f 3423 3422 3421
f 3424 3422 3423
f 3426 3428 3425
f 3429 3426 3425
f 3425 3428 3427
f 3427 3429 3425
f 3426 3432 3428
f 3430 3426 3429
f 3430 3432 3426
f 3428 3432 3427
f 3431 3429 3427
f 3427 3432 3431
f 3431 3430 3429
f 3432 3430 3431
f 3434 3436 3433
f 3437 3434 3433
f 3433 3436 3435
f 3435 3437 3433
f 3434 3440 3436
f 3438 3434 3437
f 3438 3440 3434
f 3436 3440 3435
f 3439 3437 3435
f 3435 3440 3439
f 3439 3438 3437
f 3440 3438 3439
f 3442 3444 3441
f 3445 3442 3441
f 3441 3444 3443
f 3443 3445 3441
f 3442 3448 3444
f 3446 3442 3445
f 3446 3448 3442
f 3444 3448 3443
f 3447 3445 3443
f 3443 3448 3447
f 3447 3446 3445
f 3448 3446 3447
f 3450 3452 3449
f 3453 3450 3449
f 3449 3452 3451
f 3451 3453 3449
f 3450 3456 3452
f 3454 3450 3453
f 3454 3456 3450
f 3452 3456 3451
f 3455 3453 3451
f 3451 3456 3455
f 3455 3454 3453
f 3456 3454 3455
f 3458 3460 3457
f 3461 3458 3457
f 3457 3460 3459
f 3459 3461 3457
f 3458 3464 3460
f 3462 3458 3461
f 3462 3464 3458
f 3460 3464 3459
f 3463 3461 3459
f 3459 3464 3463
f 3463 3462 3461
f 3464 3462 3463
f 3466 3468 3465
f 3469 3466 3465
f 3465 3468 3467
f 3467 3469 3465
f 3466 3472 3468
f 3470 3466 3469
f 3470 3472 3466
f 3468 3472 3467
f 3471 3469 3467
f 3467 3472 3471
f 3471 3470 3469
f 3472 3470 3471
f 3474 3476 3473
f 3477 3474 3473
f 3473 3476 3475
f 3475 3477 3473
f 3474 3480 3476
f 3478 3474 3477
f 3478 3480 3474
f 3476 3480 3475
f 3479 3477 3475
f 3475 3480 3479
f 3479 3478 3477
f 3480 3478 3479
f 3482 3484 3481
f 3485 3482 3481
f 3481 3484 3483
f 3483 3485 3481
f 3482 3488 3484
f 3486 3482 3485
f 3486 3488 3482
f 3484 3488 3483
f 3487 3485 3483
f 3483 3488 3487
f 3487 3486 3485
f 3488 3486 3487
f 3490 3492 3489
f 3493 3490 3489
f 3489 3492 3491
f 3491 3493 3489
f 3490 3496 3492
f 3494 3490 3493
f 3494 3496 3490
f 3492 3496 3491
f 3495 3493 3491
f 3491 3496 3495
f 3495 3494 3493
f 3496 3494 3495
f 3498 3500 3497
f 3501 3498 3497
f 3497 3500 3499
f 3499 3501 3497
f 3498 3504 3500
f 3502 3498 3501
f 3502 3504 3498
f 3500 3504 3499
f 3503 3501 3499
f 3499 3504 3503
f 3503 3502 3501
f 3504 3502 3503
f 3506 3508 3505
f 3509 3506 3505
f 3505 3508 3507
f 3507 3509 3505
f 3506 3512 3508
f 3510 3506 3509
f 3510 3512 3506
f 3508 3512 3507
f 3511 3509 3507
f 3507 3512 3511
f 3511 3510 3509
f 3512 3510 3511
f 3514 3516 3513
f 3517 3514 3513
f 3513 3516 3515
f 3515 3517 3513
f 3514 3520 3516
f 3518 3514 3517
f 3518 3520 3514
f 3516 3520 3515
f 3519 3517 3515
f 3515 3520 3519
f 3519 3518 3517
f 3520 3518 3519
f 3522 3524 3521
f 3525 3522 3521
f 3521 3524 3523
f 3523 3525 3521
f 3522 3528 3524
f 3526 3522 3525
f 3526 3528 3522
f 3524 3528 3523
f 3527 3525 3523
f 3523 3528 3527
f 3527 3526 3525
f 3528 3526 3527
f 3530 3532 3529
f 3533 3530 3529
f 3529 3532 3531
f 3531 3533 3529
f 3530 3536 3532
f 3534 3530 3533
f 3534 3536 3530
f 3532 3536 3531
f 3535 3533 3531
f 3531 3536 3535
f 3535 3534 3533
f 3536 3534 3535
f 3538 3540 3537
f 3541 3538 3537
f 3537 3540 3539
f 3539 3541 3537
f 3538 3544 3540
f 3542 3538 3541
f 3542 3544 3538
f 3540 3544 3539
f 3543 3541 3539
f 3539 3544 3543
f 3543 3542 3541
f 3544 3542 3543
f 3546 3548 3545
f 3549 3546 3545
f 3545 3548 3547
f 3547 3549 3545
f 3546 3552 3548
f 3550 3546 3549
f 3550 3552 3546
f 3548 3552 3547
f 3551 3549 3547
f 3547 3552 3551
f 3551 3550 3549
f 3552 3550 3551
f 3554 3556 3553
f 3557 3554 3553
f 3553 3556 3555
f 3555 3557 3553
f 3554 3560 3556
f 3558 3554 3557
f 3558 3560 3554
f 3556 3560 3555
f 3559 3557 3555
f 3555 3560 3559
f 3559 3558 3557
f 3560 3558 3559
f 3562 3564 3561
f 3565 3562 3561
f 3561 3564 3563
f 3563 3565 3561
f 3562 3568 3564
f 3566 3562 3565
f 3566 3568 3562
f 3564 3568 3563
f 3567 3565 3563
f 3563 3568 3567
f 3567 3566 3565
f 3568 3566 3567
f 3570 3572 3569
f 3573 3570 3569
f 3569 3572 3571
f 3571 3573 3569
f 3570 3576 3572
f 3574 3570 3573
f 3574 3576 3570
f 3572 3576 3571
f 3575 3573 3571
f 3571 3576 3575
f 3575 3574 3573
f 3576 3574 3575
f 3578 3580 3577
f 3581 3578 3577
f 3577 3580 3579
f 3579 3581 3577
f 3578 3584 3580
f 3582 3578 3581
f 3582 3584 3578
f 3580 3584 3579
f 3583 3581 3579
f 3579 3584 3583
f 3583 3582 3581
f 3584 3582 3583
f 3586 3588 3585
f 3589 3586 3585
f 3585 3588 3587
f 3587 3589 3585
f 3586 3592 3588
f 3590 3586 3589
f 3590 3592 3586
f 3588 3592 3587
f 3591 3589 3587
f 3587 3592 3591
f 3591 3590 3589
f 3592 3590 3591
f 3594 3596 3593
f 3597 3594 3593
f 3593 3596 3595
f 3595 3597 3593
f 3594 3600 3596
f 3598 3594 3597
f 3598 3600 3594
f 3596 3600 3595
f 3599 3597 3595
f 3595 3600 3599
f 3599 3598 3597
f 3600 3598 3599
f 3602 3604 3601
f 3605 3602 3601
f 3601 3604 3603
f 3603 3605 3601
f 3602 3608 3604
f 3606 3602 3605
f 3606 3608 3602
f 3604 3608 3603
f 3607 3605 3603
f 3603 3608 3607
f 3607 3606 3605
f 3608 3606 3607
f 3610 3612 3609
f 3613 3610 3609
f 3609 3612 3611
f 3611 3613 3609
f 3610 3616 3612
f 3614 3610 3613
f 3614 3616 3610
f 3612 3616 3611
f 3615 3613 3611
f 3611 3616 3615
f 3615 3614 3613
f 3616 3614 3615
f 3618 3620 3617
f 3621 3618 3617
f 3617 3620 3619
f 3619 3621 3617
f 3618 3624 3620
f 3622 3618 3621
f 3622 3624 3618
f 3620 3624 3619
f 3623 3621 3619
f 3619 3624 3623
f 3623 3622 3621
f 3624 3622 3623
f 3626 3628 3625
f 3629 3626 3625
f 3625 3628 3627
f 3627 3629 3625
f 3626 3632 3628
f 3630 3626 3629
f 3630 3632 3626
f 3628 3632 3627
f 3631 3629 3627
f 3627 3632 3631
f 3631 3630 3629
f 3632 3630 3631
f 3634 3636 3633
f 3637 3634 3633
f 3633 3636 3635
f 3635 3637 3633
f 3634 3640 3636
f 3638 3634 3637
f 3638 3640 3634
f 3636 3640 3635
f 3639 3637 3635
f 3635 3640 3639
f 3639 3638 3637
f 3640 3638 3639
f 3642 3644 3641
f 3645 3642 3641
f 3641 3644 3643
f 3643 3645 3641
f 3642 3648 3644
f 3646 3642 3645
f 3646 3648 3642
f 3644 3648 3643
f 3647 3645 3643
f 3643 3648 3647
f 3647 3646 3645
f 3648 3646 3647
f 3650 3652 3649
f 3653 3650 3649
f 3649 3652 3651
f 3651 3653 3649
f 3650 3656 3652
f 3654 3650 3653
f 3654 3656 3650
f 3652 3656 3651
f 3655 3653 3651
f 3651 3656 3655
f 3655 3654 3653
f 3656 3654 3655
f 3658 3660 3657
f 3661 3658 3657
f 3657 3660 3659
f 3659 3661 3657
f 3658 3664 3660
f 3662 3658 3661
f 3662 3664 3658
f 3660 3664 3659
f 3663 3661 3659
f 3659 3664 3663
f 3663 3662 3661
f 3664 3662 3663
f 3666 3668 3665
f 3669 3666 3665
f 3665 3668 3667
f 3667 3669 3665
f 3666 3672 3668
f 3670 3666 3669
f 3670 3672 3666
f 3668 3672 3667
f 3671 3669 3667
f 3667 3672 3671
f 3671 3670 3669
f 3672 3670 3671
f 3674 3676 3673
f 3677 3674 3673
f 3673 3676 3675
f 3675 3677 3673
f 3674 3680 3676
f 3678 3674 3677
f 3678 3680 3674
f 3676 3680 3675
f 3679 3677 3675
f 3675 3680 3679
f 3679 3678 3677
f 3680 3678 3679
f 3682 3684 3681
f 3685 3682 3681
f 3681 3684 3683
f 3683 3685 3681
f 3682 3688 3684
f 3686 3682 3685
f 3686 3688 3682
f 3684 3688 3683
f 3687 3685 3683
f 3683 3688 3687
f 3687 3686 3685
f 3688 3686 3687
f 3690 3692 3689
f 3693 3690 3689
f 3689 3692 3691
f 3691 3693 3689
f 3690 3696 3692
f 3694 3690 3693
f 3694 3696 3690
f 3692 3696 3691
f 3695 3693 3691
f 3691 3696 3695
f 3695 3694 3693
f 3696 3694 3695
f 3698 3700 3697
f 3701 3698 3697
f 3697 3700 3699
f 3699 3701 3697
f 3698 3704 3700
f 3702 3698 3701
f 3702 3704 3698
f 3700 3704 3699
f 3703 3701 3699
f 3699 3704 3703
f 3703 3702 3701
f 3704 3702 3703
f 3706 3708 3705
f 3709 3706 3705
f 3705 3708 3707
f 3707 3709 3705
f 3706 3712 3708
f 3710 3706 3709
f 3710 3712 3706
f 3708 3712 3707
f 3711 3709 3707
f 3707 3712 3711
f 3711 3710 3709
f 3712 3710 3711
f 3714 3716 3713
f 3717 3714 3713
f 3713 3716 3715
f 3715 3717 3713
f 3714 3720 3716
f 3718 3714 3717
f 3718 3720 3714
f 3716 3720 3715
f 3719 3717 3715
f 3715 3720 3719
f 3719 3718 3717
f 3720 3718 3719
f 3722 3724 3721
f 3725 3722 3721
f 3721 3724 3723
f 3723 3725 3721
f 3722 3728 3724
f 3726 3722 3725
f 3726 3728 3722
f 3724 3728 3723
f 3727 3725 3723
f 3723 3728 3727
f 3727 3726 3725
f 3728 3726 3727
f 3730 3732 3729
f 3733 3730 3729
f 3729 3732 3731
f 3731 3733 3729
f 3730 3736 3732
f 3734 3730 3733
f 3734 3736 3730
f 3732 3736 3731
f 3735 3733 3731
f 3731 3736 3735
f 3735 3734 3733
f 3736 3734 3735
f 3738 3740 3737
f 3741 3738 3737
f 3737 3740 3739
f 3739 3741 3737
f 3738 3744 3740
f 3742 3738 3741
f 3742 3744 3738
f 3740 3744 3739
f 3743 3741 3739
f 3739 3744 3743
f 3743 3742 3741
f 3744 3742 3743
f 3746 3748 3745
f 3749 3746 3745
f 3745 3748 3747
f 3747 3749 3745
f 3746 3752 3748
f 3750 3746 3749
f 3750 3752 3746
f 3748 3752 3747
f 3751 3749 3747
f 3747 3752 3751
f 3751 3750 3749
f 3752 3750 3751
f 3754 3756 3753
f 3757 3754 3753
f 3753 3756 3755
f 3755 3757 3753
f 3754 3760 3756
f 3758 3754 3757
f 3758 3760 3754
f 3756 3760 3755
f 3759 3757 3755
f 3755 3760 3759
f 3759 3758 3757
f 3760 3758 3759
f 3762 3764 3761
f 3765 3762 3761
f 3761 3764 3763
f 3763 3765 3761
f 3762 3768 3764
f 3766 3762 3765
f 3766 3768 3762
f 3764 3768 3763
f 3767 3765 3763
f 3763 3768 3767
f 3767 3766 3765
f 3768 3766 3767
f 3770 3772 3769
f 3773 3770 3769
f 3769 3772 3771
f 3771 3773 3769
f 3770 3776 3772
f 3774 3770 3773
f 3774 3776 3770
f 3772 3776 3771
f 3775 3773 3771
f 3771 3776 3775
f 3775 3774 3773
f 3776 3774 3775
f 3778 3780 3777
f 3781 3778 3777
f 3777 3780 3779
f 3779 3781 3777
f 3778 3784 3780
f 3782 3778 3781
f 3782 3784 3778
f 3780 3784 3779
f 3783 3781 3779
f 3779 3784 3783
f 3783 3782 3781
f 3784 3782 3783
f 3786 3788 3785
f 3789 3786 3785
f 3785 3788 3787
f 3787 3789 3785
f 3786 3792 3788
f 3790 3786 3789
f 3790 3792 3786
f 3788 3792 3787
f 3791 3789 3787
f 3787 3792 3791
f 3791 3790 3789
f 3792 3790 3791
f 3794 3796 3793
f 3797 3794 3793
f 3793 3796 3795
f 3795 3797 3793
f 3794 3800 3796
f 3798 3794 3797
f 3798 3800 3794
f 3796 3800 3795
f 3799 3797 3795
f 3795 3800 3799
f 3799 3798 3797
f 3800 3798 3799
f 3802 3804 3801
f 3805 3802 3801
f 3801 3804 3803
f 3803 3805 3801
f 3802 3808 3804
f 3806 3802 3805
f 3806 3808 3802
f 3804 3808 3803
f 3807 3805 3803
f 3803 3808 3807
f 3807 3806 3805
f 3808 3806 3807
f 3810 3812 3809
f 3813 3810 3809
f 3809 3812 3811
f 3811 3813 3809
f 3810 3816 3812
f 3814 3810 3813
f 3814 3816 3810
f 3812 3816 3811
f 3815 3813 3811
f 3811 3816 3815
f 3815 3814 3813
f 3816 3814 3815
f 3818 3820 3817
f 3821 3818 3817
f 3817 3820 3819
f 3819 3821 3817
f 3818 3824 3820
f 3822 3818 3821
f 3822 3824 3818
f 3820 3824 3819
f 3823 3821 3819
f 3819 3824 3823
f 3823 3822 3821
f 3824 3822 3823
f 3826 3828 3825
f 3829 3826 3825
f 3825 3828 3827
f 3827 3829 3825
f 3826 3832 3828
f 3830 3826 3829
f 3830 3832 3826
f 3828 3832 3827
f 3831 3829 3827
f 3827 3832 3831
f 3831 3830 3829
f 3832 3830 3831
f 3834 3836 3833
f 3837 3834 3833
f 3833 3836 3835
f 3835 3837 3833
f 3834 3840 3836
f 3838 3834 3837
f 3838 3840 3834
f 3836 3840 3835
f 3839 3837 3835
f 3835 3840 3839
f 3839 3838 3837
f 3840 3838 3839
f 3842 3844 3841
f 3845 3842 3841
f 3841 3844 3843
f 3843 3845 3841
f 3842 3848 3844
f 3846 3842 3845
f 3846 3848 3842
f 3844 3848 3843
f 3847 3845 3843
f 3843 3848 3847
f 3847 3846 3845
f 3848 3846 3847
f 3850 3852 3849
f 3853 3850 3849
f 3849 3852 3851
f 3851 3853 3849
f 3850 3856 3852
f 3854 3850 3853
f 3854 3856 3850
f 3852 3856 3851
f 3855 3853 3851
f 3851 3856 3855
f 3855 3854 3853
f 3856 3854 3855
f 3858 3860 3857
f 3861 3858 3857
f 3857 3860 3859
f 3859 3861 3857
f 3858 3864 3860
f 3862 3858 3861
f 3862 3864 3858
f 3860 3864 3859
f 3863 3861 3859
f 3859 3864 3863
f 3863 3862 3861
f 3864 3862 3863
f 3866 3868 3865
f 3869 3866 3865
f 3865 3868 3867
f 3867 3869 3865
f 3866 3872 3868
f 3870 3866 3869
f 3870 3872 3866
f 3868 3872 3867
f 3871 3869 3867
f 3867 3872 3871
f 3871 3870 3869
f 3872 3870 3871
f 3874 3876 3873
f 3877 3874 3873
f 3873 3876 3875
f 3875 3877 3873
f 3874 3880 3876
f 3878 3874 3877
f 3878 3880 3874
f 3876 3880 3875
f 3879 3877 3875
f 3875 3880 3879
f 3879 3878 3877
f 3880 3878 3879
f 3882 3884 3881
f 3885 3882 3881
f 3881 3884 3883
f 3883 3885 3881
f 3882 3888 3884
f 3886 3882 3885
f 3886 3888 3882
f 3884 3888 3883
f 3887 3885 3883
f 3883 3888 3887
f 3887 3886 3885
f 3888 3886 3887
f 3890 3892 3889
f 3893 3890 3889
f 3889 3892 3891
f 3891 3893 3889
f 3890 3896 3892
f 3894 3890 3893
f 3894 3896 3890
f 3892 3896 3891
f 3895 3893 3891
f 3891 3896 3895
f 3895 3894 3893
f 3896 3894 3895
f 3898 3900 3897
f 3901 3898 3897
f 3897 3900 3899
f 3899 3901 3897
f 3898 3904 3900
f 3902 3898 3901
f 3902 3904 3898
f 3900 3904 3899
f 3903 3901 3899
f 3899 3904 3903
f 3903 3902 3901
f 3904 3902 3903
f 3906 3908 3905
f 3909 3906 3905
f 3905 3908 3907
f 3907 3909 3905
f 3906 3912 3908
f 3910 3906 3909
f 3910 3912 3906
f 3908 3912 3907
f 3911 3909 3907
f 3907 3912 3911
f 3911 3910 3909
f 3912 3910 3911
f 3914 3916 3913
f 3917 3914 3913
f 3913 3916 3915
f 3915 3917 3913
f 3914 3920 3916
f 3918 3914 3917
f 3918 3920 3914
f 3916 3920 3915
f 3919 3917 3915
f 3915 3920 3919
f 3919 3918 3917
f 3920 3918 3919
f 3922 3924 3921
f 3925 3922 3921
f 3921 3924 3923
f 3923 3925 3921
f 3922 3928 3924
f 3926 3922 3925
f 3926 3928 3922
f 3924 3928 3923
f 3927 3925 3923
f 3923 3928 3927
f 3927 3926 3925
f 3928 3926 3927
f 3930 3932 3929
f 3933 3930 3929
f 3929 3932 3931
f 3931 3933 3929
f 3930 3936 3932
f 3934 3930 3933
f 3934 3936 3930
f 3932 3936 3931
f 3935 3933 3931
f 3931 3936 3935
f 3935 3934 3933
f 3936 3934 3935
f 3938 3940 3937
f 3941 3938 3937
f 3937 3940 3939
f 3939 3941 3937
f 3938 3944 3940
f 3942 3938 3941
f 3942 3944 3938
f 3940 3944 3939
f 3943 3941 3939
f 3939 3944 3943
f 3943 3942 3941
f 3944 3942 3943
f 3946 3948 3945
f 3949 3946 3945
f 3945 3948 3947
f 3947 3949 3945
f 3946 3952 3948
f 3950 3946 3949
f 3950 3952 3946
f 3948 3952 3947
f 3951 3949 3947
f 3947 3952 3951
f 3951 3950 3949
f 3952 3950 3951
f 3954 3956 3953
f 3957 3954 3953
f 3953 3956 3955
f 3955 3957 3953
f 3954 3960 3956
f 3958 3954 3957
f 3958 3960 3954
f 3956 3960 3955
f 3959 3957 3955
f 3955 3960 3959
f 3959 3958 3957
f 3960 3958 3959
f 3962 3964 3961
f 3965 3962 3961
f 3961 3964 3963
f 3963 3965 3961
f 3962 3968 3964
f 3966 3962 3965
f 3966 3968 3962
f 3964 3968 3963
f 3967 3965 3963
f 3963 3968 3967
f 3967 3966 3965
f 3968 3966 3967
f 3970 3972 3969
f 3973 3970 3969
f 3969 3972 3971
f 3971 3973 3969
f 3970 3976 3972
f 3974 3970 3973
f 3974 3976 3970
f 3972 3976 3971
f 3975 3973 3971
f 3971 3976 3975
f 3975 3974 3973
f 3976 3974 3975
f 3978 3980 3977
f 3981 3978 3977
f 3977 3980 3979
f 3979 3981 3977
f 3978 3984 3980
f 3982 3978 3981
f 3982 3984 3978
f 3980 3984 3979
f 3983 3981 3979
f 3979 3984 3983
f 3983 3982 3981
f 3984 3982 3983
f 3986 3988 3985
f 3989 3986 3985
f 3985 3988 3987
f 3987 3989 3985
f 3986 3992 3988
f 3990 3986 3989
f 3990 3992 3986
f 3988 3992 3987
f 3991 3989 3987
f 3987 3992 3991
f 3991 3990 3989
f 3992 3990 3991
f 3994 3996 3993
f 3997 3994 3993
f 3993 3996 3995
f 3995 3997 3993
f 3994 4000 3996
f 3998 3994 3997
f 3998 4000 3994
f 3996 4000 3995
f 3999 3997 3995
f 3995 4000 3999
f 3999 3998 3997
f 4000 3998 3999
f 4002 4004 4001
f 4005 4002 4001
f 4001 4004 4003
f 4003 4005 4001
f 4002 4008 4004
f 4006 4002 4005
f 4006 4008 4002
f 4004 4008 4003
f 4007 4005 4003
f 4003 4008 4007
f 4007 4006 4005
f 4008 4006 4007
f 4010 4012 4009
f 4013 4010 4009
f 4009 4012 4011
f 4011 4013 4009
f 4010 4016 4012
f 4014 4010 4013
f 4014 4016 4010
f 4012 4016 4011
f 4015 4013 4011
f 4011 4016 4015
f 4015 4014 4013
f 4016 4014 4015
f 4018 4020 4017
f 4021 4018 4017
f 4017 4020 4019
f 4019 4021 4017
f 4018 4024 4020
f 4022 4018 4021
f 4022 4024 4018
f 4020 4024 4019
f 4023 4021 4019
f 4019 4024 4023
f 4023 4022 4021
f 4024 4022 4023
f 4026 4028 4025
f 4029 4026 4025
f 4025 4028 4027
f 4027 4029 4025
f 4026 4032 4028
f 4030 4026 4029
f 4030 4032 4026
f 4028 4032 4027
f 4031 4029 4027
f 4027 4032 4031
f 4031 4030 4029
f 4032 4030 4031
f 4034 4036 4033
f 4037 4034 4033
f 4033 4036 4035
f 4035 4037 4033
f 4034 4040 4036
f 4038 4034 4037
f 4038 4040 4034
f 4036 4040 4035
f 4039 4037 4035
f 4035 4040 4039
f 4039 4038 4037
f 4040 4038 4039
f 4042 4044 4041
f 4045 4042 4041
f 4041 4044 4043
f 4043 4045 4041
f 4042 4048 4044
f 4046 4042 4045
f 4046 4048 4042
f 4044 4048 4043
f 4047 4045 4043
f 4043 4048 4047
f 4047 4046 4045
f 4048 4046 4047
f 4050 4052 4049
f 4053 4050 4049
f 4049 4052 4051
f 4051 4053 4049
f 4050 4056 4052
f 4054 4050 4053
f 4054 4056 4050
f 4052 4056 4051
f 4055 4053 4051
f 4051 4056 4055
f 4055 4054 4053
f 4056 4054 4055
f 4058 4060 4057
f 4061 4058 4057
f 4057 4060 4059
f 4059 4061 4057
f 4058 4064 4060
f 4062 4058 4061
f 4062 4064 4058
f 4060 4064 4059
f 4063 4061 4059
f 4059 4064 4063
f 4063 4062 4061
f 4064 4062 4063
f 4066 4068 4065
f 4069 4066 4065
f 4065 4068 4067
f 4067 4069 4065
f 4066 4072 4068
f 4070 4066 4069
f 4070 4072 4066
f 4068 4072 4067
f 4071 4069 4067
f 4067 4072 4071
f 4071 4070 4069
f 4072 4070 4071
f 4074 4076 4073
f 4077 4074 4073
f 4073 4076 4075
f 4075 4077 4073
f 4074 4080 4076
f 4078 4074 4077
f 4078 4080 4074
f 4076 4080 4075
f 4079 4077 4075
f 4075 4080 4079
f 4079 4078 4077
f 4080 4078 4079
f 4082 4084 4081
f 4085 4082 4081
f 4081 4084 4083
f 4083 4085 4081
f 4082 4088 4084
f 4086 4082 4085
f 4086 4088 4082
f 4084 4088 4083
f 4087 4085 4083
f 4083 4088 4087
f 4087 4086 4085
f 4088 4086 4087
f 4090 4092 4089
f 4093 4090 4089
f 4089 4092 4091
f 4091 4093 4089
f 4090 4096 4092
f 4094 4090 4093
f 4094 4096 4090
f 4092 4096 4091
f 4095 4093 4091
f 4091 4096 4095
f 4095 4094 4093
f 4096 4094 4095
f 4098 4100 4097
f 4101 4098 4097
f 4097 4100 4099
f 4099 4101 4097
f 4098 4104 4100
f 4102 4098 4101
f 4102 4104 4098
f 4100 4104 4099
f 4103 4101 4099
f 4099 4104 4103
f 4103 4102 4101
f 4104 4102 4103
f 4107 4108 4105
f 4106 4107 4105
f 4109 4112 4111
f 4109 4111 4110
f 4109 4110 4105
f 4105 4110 4106
f 4110 4111 4106
f 4106 4111 4107
f 4112 4109 4108
f 4108 4109 4105
f 4111 4112 4107
f 4107 4112 4108
f 4115 4116 4113
f 4114 4115 4113
f 4117 4120 4119
f 4117 4119 4118
f 4117 4118 4113
f 4113 4118 4114
f 4118 4119 4114
f 4114 4119 4115
f 4120 4117 4116
f 4116 4117 4113
f 4119 4120 4115
f 4115 4120 4116
f 4123 4124 4121
f 4122 4123 4121
f 4125 4128 4127
f 4125 4127 4126
f 4125 4126 4121
f 4121 4126 4122
f 4126 4127 4122
f 4122 4127 4123
f 4128 4125 4124
f 4124 4125 4121
f 4127 4128 4123
f 4123 4128 4124
f 4131 4132 4129
f 4130 4131 4129
f 4133 4136 4135
f 4133 4135 4134
f 4133 4134 4129
f 4129 4134 4130
f 4134 4135 4130
f 4130 4135 4131
f 4136 4133 4132
f 4132 4133 4129
f 4135 4136 4131
f 4131 4136 4132
f 4139 4140 4137
f 4138 4139 4137
f 4141 4144 4143
f 4141 4143 4142
f 4141 4142 4137
f 4137 4142 4138
f 4142 4143 4138
f 4138 4143 4139
f 4144 4141 4140
f 4140 4141 4137
f 4143 4144 4139
f 4139 4144 4140
f 4147 4148 4145
f 4146 4147 4145
f 4149 4152 4151
f 4149 4151 4150
f 4149 4150 4145
f 4145 4150 4146
f 4150 4151 4146
f 4146 4151 4147
f 4152 4149 4148
f 4148 4149 4145
f 4151 4152 4147
f 4147 4152 4148
f 4155 4156 4153
f 4154 4155 4153
f 4157 4160 4159
f 4157 4159 4158
f 4157 4158 4153
f 4153 4158 4154
f 4158 4159 4154
f 4154 4159 4155
f 4160 4157 4156
f 4156 4157 4153
f 4159 4160 4155
f 4155 4160 4156
f 4163 4164 4161
f 4162 4163 4161
f 4165 4168 4167
f 4165 4167 4166
f 4165 4166 4161
f 4161 4166 4162
f 4166 4167 4162
f 4162 4167 4163
f 4168 4165 4164
f 4164 4165 4161
f 4167 4168 4163
f 4163 4168 4164
f 4171 4172 4169
f 4170 4171 4169
f 4173 4176 4175
f 4173 4175 4174
f 4173 4174 4169
f 4169 4174 4170
f 4174 4175 4170
f 4170 4175 4171
f 4176 4173 4172
f 4172 4173 4169
f 4175 4176 4171
f 4171 4176 4172
f 4179 4180 4177
f 4178 4179 4177
f 4181 4184 4183
f 4181 4183 4182
f 4181 4182 4177
f 4177 4182 4178
f 4182 4183 4178
f 4178 4183 4179
f 4184 4181 4180
f 4180 4181 4177
f 4183 4184 4179
f 4179 4184 4180
f 4187 4188 4185
f 4186 4187 4185
f 4189 4192 4191
f 4189 4191 4190
f 4189 4190 4185
f 4185 4190 4186
f 4190 4191 4186
f 4186 4191 4187
f 4192 4189 4188
f 4188 4189 4185
f 4191 4192 4187
f 4187 4192 4188
f 4195 4196 4193
f 4194 4195 4193
f 4197 4200 4199
f 4197 4199 4198
f 4197 4198 4193
f 4193 4198 4194
f 4198 4199 4194
f 4194 4199 4195
f 4200 4197 4196
f 4196 4197 4193
f 4199 4200 4195
f 4195 4200 4196

o Walnut_Entry_Door
usemtl Walnut_Entry_Door
v 16.30680 1.00127 0.00000
v 16.30680 1.00127 2.43840
v 16.30680 1.05613 0.00000
v 16.30680 1.05613 2.43840
v 17.37360 1.00127 0.00000
v 17.37360 1.00127 2.43840
v 17.37360 1.05613 0.00000
v 17.37360 1.05613 2.43840
v 11.09777 6.70560 0.00000
v 11.09777 6.70560 2.43840
v 11.09777 8.07720 0.00000
v 11.09777 8.07720 2.43840
v 11.15263 6.70560 0.00000
v 11.15263 6.70560 2.43840
v 11.15263 8.07720 0.00000
v 11.15263 8.07720 2.43840
v 25.80437 14.63040 0.00000
v 25.80437 14.63040 2.13360
v 25.80437 15.54480 0.00000
v 25.80437 15.54480 2.13360
v 25.85923 14.63040 0.00000
v 25.85923 14.63040 2.13360
v 25.85923 15.54480 0.00000
v 25.85923 15.54480 2.13360
v 13.25880 6.10667 0.00000
v 13.25880 6.10667 2.13360
v 13.25880 6.16153 0.00000
v 13.25880 6.16153 2.13360
v 14.32560 6.10667 0.00000
v 14.32560 6.10667 2.13360
v 14.32560 6.16153 0.00000
v 14.32560 6.16153 2.13360
v 12.80160 8.04977 0.00000
v 12.80160 8.04977 2.13360
v 12.80160 8.10463 0.00000
v 12.80160 8.10463 2.13360
v 13.56360 8.04977 0.00000
v 13.56360 8.04977 2.13360
v 13.56360 8.10463 0.00000
v 13.56360 8.10463 2.13360
v 12.75512 8.68680 0.00000
v 12.75512 8.68680 2.13360
v 12.75512 9.44880 0.00000
v 12.75512 9.44880 2.13360
v 12.80998 8.68680 0.00000
v 12.80998 8.68680 2.13360
v 12.80998 9.44880 0.00000
v 12.80998 9.44880 2.13360
v 19.35480 6.10667 0.00000
v 19.35480 6.10667 2.13360
v 19.35480 6.16153 0.00000
v 19.35480 6.16153 2.13360
v 20.11680 6.10667 0.00000
v 20.11680 6.10667 2.13360
v 20.11680 6.16153 0.00000
v 20.11680 6.16153 2.13360
v 16.15440 6.10667 0.00000
v 16.15440 6.10667 2.13360
v 16.15440 6.16153 0.00000
v 16.15440 6.16153 2.13360
v 17.22120 6.10667 0.00000
v 17.22120 6.10667 2.13360
v 17.22120 6.16153 0.00000
v 17.22120 6.16153 2.13360
v 21.00377 11.43000 0.00000
v 21.00377 11.43000 2.13360
v 21.00377 12.49680 0.00000
v 21.00377 12.49680 2.13360
v 21.05863 11.43000 0.00000
v 21.05863 11.43000 2.13360
v 21.05863 12.49680 0.00000
v 21.05863 12.49680 2.13360
v 22.55520 14.14577 0.00000
v 22.55520 14.14577 2.13360
v 22.55520 14.20063 0.00000
v 22.55520 14.20063 2.13360
v 23.46960 14.14577 0.00000
v 23.46960 14.14577 2.13360
v 23.46960 14.20063 0.00000
v 23.46960 14.20063 2.13360
v 21.33600 6.10667 0.00000
v 21.33600 6.10667 2.13360
v 21.33600 6.16153 0.00000
v 21.33600 6.16153 2.13360
v 22.40280 6.10667 0.00000
v 22.40280 6.10667 2.13360
v 22.40280 6.16153 0.00000
v 22.40280 6.16153 2.13360
v 23.95652 6.85800 0.00000
v 23.95652 6.85800 2.13360
v 23.95652 7.77240 0.00000
v 23.95652 7.77240 2.13360
v 24.01138 6.85800 0.00000
v 24.01138 6.85800 2.13360
v 24.01138 7.77240 0.00000
v 24.01138 7.77240 2.13360
v 11.09777 3.04800 3.35280
v 11.09777 3.04800 5.48640
v 11.09777 3.96240 3.35280
v 11.09777 3.96240 5.48640
v 11.15263 3.04800 3.35280
v 11.15263 3.04800 5.48640
v 11.15263 3.96240 3.35280
v 11.15263 3.96240 5.48640
v 22.55520 14.14577 3.35280
v 22.55520 14.14577 5.48640
v 22.55520 14.20063 3.35280
v 22.55520 14.20063 5.48640
v 23.46960 14.14577 3.35280
v 23.46960 14.14577 5.48640
v 23.46960 14.20063 3.35280
v 23.46960 14.20063 5.48640
v 12.86942 6.85800 3.35280
v 12.86942 6.85800 5.48640
v 12.86942 7.77240 3.35280
v 12.86942 7.77240 5.48640
v 12.92428 6.85800 3.35280
v 12.92428 6.85800 5.48640
v 12.92428 7.77240 3.35280
v 12.92428 7.77240 5.48640
v 13.41120 6.10667 3.35280
v 13.41120 6.10667 5.48640
v 13.41120 6.16153 3.35280
v 13.41120 6.16153 5.48640
v 14.47800 6.10667 3.35280
v 14.47800 6.10667 5.48640
v 14.47800 6.16153 3.35280
v 14.47800 6.16153 5.48640
v 13.41120 8.46887 3.35280
v 13.41120 8.46887 5.48640
v 13.41120 8.52373 3.35280
v 13.41120 8.52373 5.48640
v 14.47800 8.46887 3.35280
v 14.47800 8.46887 5.48640
v 14.47800 8.52373 3.35280
v 14.47800 8.52373 5.48640
v 16.15440 6.10667 3.35280
v 16.15440 6.10667 5.48640
v 16.15440 6.16153 3.35280
v 16.15440 6.16153 5.48640
v 17.22120 6.10667 3.35280
v 17.22120 6.10667 5.48640
v 17.22120 6.16153 3.35280
v 17.22120 6.16153 5.48640
v 19.35480 6.10667 3.35280
v 19.35480 6.10667 5.48640
v 19.35480 6.16153 3.35280
v 19.35480 6.16153 5.48640
v 20.11680 6.10667 3.35280
v 20.11680 6.10667 5.48640
v 20.11680 6.16153 3.35280
v 20.11680 6.16153 5.48640
v 16.15440 8.46887 3.35280
v 16.15440 8.46887 5.48640
v 16.15440 8.52373 3.35280
v 16.15440 8.52373 5.48640
v 17.22120 8.46887 3.35280
v 17.22120 8.46887 5.48640
v 17.22120 8.52373 3.35280
v 17.22120 8.52373 5.48640
v 21.33600 6.10667 3.35280
v 21.33600 6.10667 5.48640
v 21.33600 6.16153 3.35280
v 21.33600 6.16153 5.48640
v 22.40280 6.10667 3.35280
v 22.40280 6.10667 5.48640
v 22.40280 6.16153 3.35280
v 22.40280 6.16153 5.48640
v 23.95652 6.85800 3.35280
v 23.95652 6.85800 5.48640
v 23.95652 7.77240 3.35280
v 23.95652 7.77240 5.48640
v 24.01138 6.85800 3.35280
v 24.01138 6.85800 5.48640
v 24.01138 7.77240 3.35280
v 24.01138 7.77240 5.48640
v 15.74597 4.11480 6.70560
v 15.74597 4.11480 8.83920
v 15.74597 5.02920 6.70560
v 15.74597 5.02920 8.83920
v 15.80083 4.11480 6.70560
v 15.80083 4.11480 8.83920
v 15.80083 5.02920 6.70560
v 15.80083 5.02920 8.83920
v 16.15440 6.10667 6.70560
v 16.15440 6.10667 8.83920
v 16.15440 6.16153 6.70560
v 16.15440 6.16153 8.83920
v 17.22120 6.10667 6.70560
v 17.22120 6.10667 8.83920
v 17.22120 6.16153 6.70560
v 17.22120 6.16153 8.83920
v 19.35480 6.10667 6.70560
v 19.35480 6.10667 8.83920
v 19.35480 6.16153 6.70560
v 19.35480 6.16153 8.83920
v 20.11680 6.10667 6.70560
v 20.11680 6.10667 8.83920
v 20.11680 6.16153 6.70560
v 20.11680 6.16153 8.83920
v 16.15440 8.46887 6.70560
v 16.15440 8.46887 8.83920
v 16.15440 8.52373 6.70560
v 16.15440 8.52373 8.83920
v 17.22120 8.46887 6.70560
v 17.22120 8.46887 8.83920
v 17.22120 8.52373 6.70560
v 17.22120 8.52373 8.83920
v 21.33600 6.10667 6.70560
v 21.33600 6.10667 8.83920
v 21.33600 6.16153 6.70560
v 21.33600 6.16153 8.83920
v 22.40280 6.10667 6.70560
v 22.40280 6.10667 8.83920
v 22.40280 6.16153 6.70560
v 22.40280 6.16153 8.83920
v 23.95652 6.85800 6.70560
v 23.95652 6.85800 8.83920
v 23.95652 7.77240 6.70560
v 23.95652 7.77240 8.83920
v 24.01138 6.85800 6.70560
v 24.01138 6.85800 8.83920
v 24.01138 7.77240 6.70560
v 24.01138 7.77240 8.83920
v 21.00377 8.99160 6.70560
v 21.00377 8.99160 8.83920
v 21.00377 10.05840 6.70560
v 21.00377 10.05840 8.83920
v 21.05863 8.99160 6.70560
v 21.05863 8.99160 8.83920
v 21.05863 10.05840 6.70560
v 21.05863 10.05840 8.83920
v 21.00377 11.43000 6.70560
v 21.00377 11.43000 8.83920
v 21.00377 12.49680 6.70560
v 21.00377 12.49680 8.83920
v 21.05863 11.43000 6.70560
v 21.05863 11.43000 8.83920
v 21.05863 12.49680 6.70560
v 21.05863 12.49680 8.83920
v 21.48840 10.94537 6.70560
v 21.48840 10.94537 8.83920
v 21.48840 11.00023 6.70560
v 21.48840 11.00023 8.83920
v 22.25040 10.94537 6.70560
v 22.25040 10.94537 8.83920
v 22.25040 11.00023 6.70560
v 22.25040 11.00023 8.83920
v 24.10892 12.95400 6.70560
v 24.10892 12.95400 8.83920
v 24.10892 13.71600 6.70560
v 24.10892 13.71600 8.83920
v 24.16378 12.95400 6.70560
v 24.16378 12.95400 8.83920
v 24.16378 13.71600 6.70560
v 24.16378 13.71600 8.83920
v 24.10892 11.43000 6.70560
v 24.10892 11.43000 8.83920
v 24.10892 12.19200 6.70560
v 24.10892 12.19200 8.83920
v 24.16378 11.43000 6.70560
v 24.16378 11.43000 8.83920
v 24.16378 12.19200 6.70560
v 24.16378 12.19200 8.83920
v 21.33600 8.46887 10.05840
v 21.33600 8.46887 12.19200
v 21.33600 8.52373 10.05840
v 21.33600 8.52373 12.19200
v 22.09800 8.46887 10.05840
v 22.09800 8.46887 12.19200
v 22.09800 8.52373 10.05840
v 22.09800 8.52373 12.19200
f 4202 4204 4201
f 4205 4202 4201
f 4201 4204 4203
f 4203 4205 4201
f 4202 4208 4204
f 4206 4202 4205
f 4206 4208 4202
f 4204 4208 4203
f 4207 4205 4203
f 4203 4208 4207
f 4207 4206 4205
f 4208 4206 4207
f 4210 4212 4209
f 4213 4210 4209
f 4209 4212 4211
f 4211 4213 4209
f 4210 4216 4212
f 4214 4210 4213
f 4214 4216 4210
f 4212 4216 4211
f 4215 4213 4211
f 4211 4216 4215
f 4215 4214 4213
f 4216 4214 4215
f 4218 4220 4217
f 4221 4218 4217
f 4217 4220 4219
f 4219 4221 4217
f 4218 4224 4220
f 4222 4218 4221
f 4222 4224 4218
f 4220 4224 4219
f 4223 4221 4219
f 4219 4224 4223
f 4223 4222 4221
f 4224 4222 4223
f 4226 4228 4225
f 4229 4226 4225
f 4225 4228 4227
f 4227 4229 4225
f 4226 4232 4228
f 4230 4226 4229
f 4230 4232 4226
f 4228 4232 4227
f 4231 4229 4227
f 4227 4232 4231
f 4231 4230 4229
f 4232 4230 4231
f 4234 4236 4233
f 4237 4234 4233
f 4233 4236 4235
f 4235 4237 4233
f 4234 4240 4236
f 4238 4234 4237
f 4238 4240 4234
f 4236 4240 4235
f 4239 4237 4235
f 4235 4240 4239
f 4239 4238 4237
f 4240 4238 4239
f 4242 4244 4241
f 4245 4242 4241
f 4241 4244 4243
f 4243 4245 4241
f 4242 4248 4244
f 4246 4242 4245
f 4246 4248 4242
f 4244 4248 4243
f 4247 4245 4243
f 4243 4248 4247
f 4247 4246 4245
f 4248 4246 4247
f 4250 4252 4249
f 4253 4250 4249
f 4249 4252 4251
f 4251 4253 4249
f 4250 4256 4252
f 4254 4250 4253
f 4254 4256 4250
f 4252 4256 4251
f 4255 4253 4251
f 4251 4256 4255
f 4255 4254 4253
f 4256 4254 4255
f 4258 4260 4257
f 4261 4258 4257
f 4257 4260 4259
f 4259 4261 4257
f 4258 4264 4260
f 4262 4258 4261
f 4262 4264 4258
f 4260 4264 4259
f 4263 4261 4259
f 4259 4264 4263
f 4263 4262 4261
f 4264 4262 4263
f 4266 4268 4265
f 4269 4266 4265
f 4265 4268 4267
f 4267 4269 4265
f 4266 4272 4268
f 4270 4266 4269
f 4270 4272 4266
f 4268 4272 4267
f 4271 4269 4267
f 4267 4272 4271
f 4271 4270 4269
f 4272 4270 4271
f 4274 4276 4273
f 4277 4274 4273
f 4273 4276 4275
f 4275 4277 4273
f 4274 4280 4276
f 4278 4274 4277
f 4278 4280 4274
f 4276 4280 4275
f 4279 4277 4275
f 4275 4280 4279
f 4279 4278 4277
f 4280 4278 4279
f 4282 4284 4281
f 4285 4282 4281
f 4281 4284 4283
f 4283 4285 4281
f 4282 4288 4284
f 4286 4282 4285
f 4286 4288 4282
f 4284 4288 4283
f 4287 4285 4283
f 4283 4288 4287
f 4287 4286 4285
f 4288 4286 4287
f 4290 4292 4289
f 4293 4290 4289
f 4289 4292 4291
f 4291 4293 4289
f 4290 4296 4292
f 4294 4290 4293
f 4294 4296 4290
f 4292 4296 4291
f 4295 4293 4291
f 4291 4296 4295
f 4295 4294 4293
f 4296 4294 4295
f 4298 4300 4297
f 4301 4298 4297
f 4297 4300 4299
f 4299 4301 4297
f 4298 4304 4300
f 4302 4298 4301
f 4302 4304 4298
f 4300 4304 4299
f 4303 4301 4299
f 4299 4304 4303
f 4303 4302 4301
f 4304 4302 4303
f 4306 4308 4305
f 4309 4306 4305
f 4305 4308 4307
f 4307 4309 4305
f 4306 4312 4308
f 4310 4306 4309
f 4310 4312 4306
f 4308 4312 4307
f 4311 4309 4307
f 4307 4312 4311
f 4311 4310 4309
f 4312 4310 4311
f 4314 4316 4313
f 4317 4314 4313
f 4313 4316 4315
f 4315 4317 4313
f 4314 4320 4316
f 4318 4314 4317
f 4318 4320 4314
f 4316 4320 4315
f 4319 4317 4315
f 4315 4320 4319
f 4319 4318 4317
f 4320 4318 4319
f 4322 4324 4321
f 4325 4322 4321
f 4321 4324 4323
f 4323 4325 4321
f 4322 4328 4324
f 4326 4322 4325
f 4326 4328 4322
f 4324 4328 4323
f 4327 4325 4323
f 4323 4328 4327
f 4327 4326 4325
f 4328 4326 4327
f 4330 4332 4329
f 4333 4330 4329
f 4329 4332 4331
f 4331 4333 4329
f 4330 4336 4332
f 4334 4330 4333
f 4334 4336 4330
f 4332 4336 4331
f 4335 4333 4331
f 4331 4336 4335
f 4335 4334 4333
f 4336 4334 4335
f 4338 4340 4337
f 4341 4338 4337
f 4337 4340 4339
f 4339 4341 4337
f 4338 4344 4340
f 4342 4338 4341
f 4342 4344 4338
f 4340 4344 4339
f 4343 4341 4339
f 4339 4344 4343
f 4343 4342 4341
f 4344 4342 4343
f 4346 4348 4345
f 4349 4346 4345
f 4345 4348 4347
f 4347 4349 4345
f 4346 4352 4348
f 4350 4346 4349
f 4350 4352 4346
f 4348 4352 4347
f 4351 4349 4347
f 4347 4352 4351
f 4351 4350 4349
f 4352 4350 4351
f 4354 4356 4353
f 4357 4354 4353
f 4353 4356 4355
f 4355 4357 4353
f 4354 4360 4356
f 4358 4354 4357
f 4358 4360 4354
f 4356 4360 4355
f 4359 4357 4355
f 4355 4360 4359
f 4359 4358 4357
f 4360 4358 4359
f 4362 4364 4361
f 4365 4362 4361
f 4361 4364 4363
f 4363 4365 4361
f 4362 4368 4364
f 4366 4362 4365
f 4366 4368 4362
f 4364 4368 4363
f 4367 4365 4363
f 4363 4368 4367
f 4367 4366 4365
f 4368 4366 4367
f 4370 4372 4369
f 4373 4370 4369
f 4369 4372 4371
f 4371 4373 4369
f 4370 4376 4372
f 4374 4370 4373
f 4374 4376 4370
f 4372 4376 4371
f 4375 4373 4371
f 4371 4376 4375
f 4375 4374 4373
f 4376 4374 4375
f 4378 4380 4377
f 4381 4378 4377
f 4377 4380 4379
f 4379 4381 4377
f 4378 4384 4380
f 4382 4378 4381
f 4382 4384 4378
f 4380 4384 4379
f 4383 4381 4379
f 4379 4384 4383
f 4383 4382 4381
f 4384 4382 4383
f 4386 4388 4385
f 4389 4386 4385
f 4385 4388 4387
f 4387 4389 4385
f 4386 4392 4388
f 4390 4386 4389
f 4390 4392 4386
f 4388 4392 4387
f 4391 4389 4387
f 4387 4392 4391
f 4391 4390 4389
f 4392 4390 4391
f 4394 4396 4393
f 4397 4394 4393
f 4393 4396 4395
f 4395 4397 4393
f 4394 4400 4396
f 4398 4394 4397
f 4398 4400 4394
f 4396 4400 4395
f 4399 4397 4395
f 4395 4400 4399
f 4399 4398 4397
f 4400 4398 4399
f 4402 4404 4401
f 4405 4402 4401
f 4401 4404 4403
f 4403 4405 4401
f 4402 4408 4404
f 4406 4402 4405
f 4406 4408 4402
f 4404 4408 4403
f 4407 4405 4403
f 4403 4408 4407
f 4407 4406 4405
f 4408 4406 4407
f 4410 4412 4409
f 4413 4410 4409
f 4409 4412 4411
f 4411 4413 4409
f 4410 4416 4412
f 4414 4410 4413
f 4414 4416 4410
f 4412 4416 4411
f 4415 4413 4411
f 4411 4416 4415
f 4415 4414 4413
f 4416 4414 4415
f 4418 4420 4417
f 4421 4418 4417
f 4417 4420 4419
f 4419 4421 4417
f 4418 4424 4420
f 4422 4418 4421
f 4422 4424 4418
f 4420 4424 4419
f 4423 4421 4419
f 4419 4424 4423
f 4423 4422 4421
f 4424 4422 4423
f 4426 4428 4425
f 4429 4426 4425
f 4425 4428 4427
f 4427 4429 4425
f 4426 4432 4428
f 4430 4426 4429
f 4430 4432 4426
f 4428 4432 4427
f 4431 4429 4427
f 4427 4432 4431
f 4431 4430 4429
f 4432 4430 4431
f 4434 4436 4433
f 4437 4434 4433
f 4433 4436 4435
f 4435 4437 4433
f 4434 4440 4436
f 4438 4434 4437
f 4438 4440 4434
f 4436 4440 4435
f 4439 4437 4435
f 4435 4440 4439
f 4439 4438 4437
f 4440 4438 4439
f 4442 4444 4441
f 4445 4442 4441
f 4441 4444 4443
f 4443 4445 4441
f 4442 4448 4444
f 4446 4442 4445
f 4446 4448 4442
f 4444 4448 4443
f 4447 4445 4443
f 4443 4448 4447
f 4447 4446 4445
f 4448 4446 4447
f 4450 4452 4449
f 4453 4450 4449
f 4449 4452 4451
f 4451 4453 4449
f 4450 4456 4452
f 4454 4450 4453
f 4454 4456 4450
f 4452 4456 4451
f 4455 4453 4451
f 4451 4456 4455
f 4455 4454 4453
f 4456 4454 4455
f 4458 4460 4457
f 4461 4458 4457
f 4457 4460 4459
f 4459 4461 4457
f 4458 4464 4460
f 4462 4458 4461
f 4462 4464 4458
f 4460 4464 4459
f 4463 4461 4459
f 4459 4464 4463
f 4463 4462 4461
f 4464 4462 4463
f 4466 4468 4465
f 4469 4466 4465
f 4465 4468 4467
f 4467 4469 4465
f 4466 4472 4468
f 4470 4466 4469
f 4470 4472 4466
f 4468 4472 4467
f 4471 4469 4467
f 4467 4472 4471
f 4471 4470 4469
f 4472 4470 4471

o Architectural_Glass
usemtl Architectural_Glass
v 20.91690 14.28750 3.35280
v 20.91690 14.28750 4.41960
v 20.91690 15.16776 3.35280
v 20.91690 15.16776 4.41960
v 21.14550 14.28750 3.35280
v 21.14550 14.28750 4.41960
v 21.14550 15.16776 3.35280
v 21.14550 15.16776 4.41960
v 5.36448 0.07620 3.35280
v 5.36448 0.07620 4.34340
v 5.36448 0.10668 3.35280
v 5.36448 0.10668 4.34340
v 25.91562 0.07620 3.35280
v 25.91562 0.07620 4.34340
v 25.91562 0.10668 3.35280
v 25.91562 0.10668 4.34340
v 5.36448 0.10668 3.35280
v 5.36448 0.10668 4.34340
v 5.36448 5.45592 3.35280
v 5.36448 5.45592 4.34340
v 5.39496 0.10668 3.35280
v 5.39496 0.10668 4.34340
v 5.39496 5.45592 3.35280
v 5.39496 5.45592 4.34340
v 5.39496 5.42544 3.35280
v 5.39496 5.42544 4.34340
v 5.39496 5.45592 3.35280
v 5.39496 5.45592 4.34340
v 11.01090 5.42544 3.35280
v 11.01090 5.42544 4.34340
v 11.01090 5.45592 3.35280
v 11.01090 5.45592 4.34340
v 11.04138 0.07620 6.70560
v 11.04138 0.07620 7.69620
v 11.04138 0.10668 6.70560
v 11.04138 0.10668 7.69620
v 25.91562 0.07620 6.70560
v 25.91562 0.07620 7.69620
v 25.91562 0.10668 6.70560
v 25.91562 0.10668 7.69620
v 12.43432 1.01956 0.66142
v 12.43432 1.01956 2.38658
v 12.43432 1.03784 0.66142
v 12.43432 1.03784 2.38658
v 14.46428 1.01956 0.66142
v 14.46428 1.01956 2.38658
v 14.46428 1.03784 0.66142
v 14.46428 1.03784 2.38658
v 18.03502 1.01956 0.66142
v 18.03502 1.01956 2.38658
v 18.03502 1.03784 0.66142
v 18.03502 1.03784 2.38658
v 20.36978 1.01956 0.66142
v 20.36978 1.01956 2.38658
v 20.36978 1.03784 0.66142
v 20.36978 1.03784 2.38658
v 22.41652 1.01956 0.66142
v 22.41652 1.01956 2.38658
v 22.41652 1.03784 0.66142
v 22.41652 1.03784 2.38658
v 24.44648 1.01956 0.66142
v 24.44648 1.01956 2.38658
v 24.44648 1.03784 0.66142
v 24.44648 1.03784 2.38658
v 17.57782 8.01091 0.81382
v 17.57782 8.01091 2.23418
v 17.57782 8.02919 0.81382
v 17.57782 8.02919 2.23418
v 18.54098 8.01091 0.81382
v 18.54098 8.01091 2.23418
v 18.54098 8.02919 0.81382
v 18.54098 8.02919 2.23418
v 25.82266 9.04342 0.35662
v 25.82266 9.04342 3.07238
v 25.82266 10.46378 0.35662
v 25.82266 10.46378 3.07238
v 25.84094 9.04342 0.35662
v 25.84094 9.04342 3.07238
v 25.84094 10.46378 0.35662
v 25.84094 10.46378 3.07238
v 25.82266 11.63422 1.11862
v 25.82266 11.63422 2.08178
v 25.82266 13.20698 1.11862
v 25.82266 13.20698 2.08178
v 25.84094 11.63422 1.11862
v 25.84094 11.63422 2.08178
v 25.84094 13.20698 1.11862
v 25.84094 13.20698 2.08178
v 15.76426 10.71982 0.05182
v 15.76426 10.71982 2.38658
v 15.76426 11.60678 0.05182
v 15.76426 11.60678 2.38658
v 15.78254 10.71982 0.05182
v 15.78254 10.71982 2.38658
v 15.78254 11.60678 0.05182
v 15.78254 11.60678 2.38658
v 18.41602 12.83056 0.96622
v 18.41602 12.83056 2.38658
v 18.41602 12.84884 0.96622
v 18.41602 12.84884 2.38658
v 20.44598 12.83056 0.96622
v 20.44598 12.83056 2.38658
v 20.44598 12.84884 0.96622
v 20.44598 12.84884 2.38658
v 12.43432 1.01956 3.40462
v 12.43432 1.01956 5.73938
v 12.43432 1.03784 3.40462
v 12.43432 1.03784 5.73938
v 14.46428 1.01956 3.40462
v 14.46428 1.01956 5.73938
v 14.46428 1.03784 3.40462
v 14.46428 1.03784 5.73938
v 17.23492 1.01956 3.40462
v 17.23492 1.01956 5.73938
v 17.23492 1.03784 3.40462
v 17.23492 1.03784 5.73938
v 19.56968 1.01956 3.40462
v 19.56968 1.01956 5.73938
v 19.56968 1.03784 3.40462
v 19.56968 1.03784 5.73938
v 22.41652 1.01956 3.40462
v 22.41652 1.01956 5.73938
v 22.41652 1.03784 3.40462
v 22.41652 1.03784 5.73938
v 24.44648 1.01956 3.40462
v 24.44648 1.01956 5.73938
v 24.44648 1.03784 3.40462
v 24.44648 1.03784 5.73938
v 25.82266 9.04342 3.70942
v 25.82266 9.04342 6.42518
v 25.82266 10.46378 3.70942
v 25.82266 10.46378 6.42518
v 25.84094 9.04342 3.70942
v 25.84094 9.04342 6.42518
v 25.84094 10.46378 3.70942
v 25.84094 10.46378 6.42518
v 25.82266 11.63422 4.47142
v 25.82266 11.63422 5.43458
v 25.82266 13.20698 4.47142
v 25.82266 13.20698 5.43458
v 25.84094 11.63422 4.47142
v 25.84094 11.63422 5.43458
v 25.84094 13.20698 4.47142
v 25.84094 13.20698 5.43458
v 15.76426 10.71982 4.01422
v 15.76426 10.71982 5.73938
v 15.76426 11.60678 4.01422
v 15.76426 11.60678 5.73938
v 15.78254 10.71982 4.01422
v 15.78254 10.71982 5.73938
v 15.78254 11.60678 4.01422
v 15.78254 11.60678 5.73938
v 18.41602 12.83056 4.31902
v 18.41602 12.83056 5.73938
v 18.41602 12.84884 4.31902
v 18.41602 12.84884 5.73938
v 20.44598 12.83056 4.31902
v 20.44598 12.83056 5.73938
v 20.44598 12.84884 4.31902
v 20.44598 12.84884 5.73938
v 17.23492 1.01956 6.75742
v 17.23492 1.01956 9.09218
v 17.23492 1.03784 6.75742
v 17.23492 1.03784 9.09218
v 19.56968 1.01956 6.75742
v 19.56968 1.01956 9.09218
v 19.56968 1.03784 6.75742
v 19.56968 1.03784 9.09218
v 22.41652 1.01956 6.75742
v 22.41652 1.01956 9.09218
v 22.41652 1.03784 6.75742
v 22.41652 1.03784 9.09218
v 24.44648 1.01956 6.75742
v 24.44648 1.01956 9.09218
v 24.44648 1.03784 6.75742
v 24.44648 1.03784 9.09218
v 15.76426 1.88062 7.36702
v 15.76426 1.88062 9.09218
v 15.76426 3.30098 7.36702
v 15.76426 3.30098 9.09218
v 15.78254 1.88062 7.36702
v 15.78254 1.88062 9.09218
v 15.78254 3.30098 7.36702
v 15.78254 3.30098 9.09218
v 25.82266 9.04342 7.06222
v 25.82266 9.04342 9.77798
v 25.82266 10.46378 7.06222
v 25.82266 10.46378 9.77798
v 25.84094 9.04342 7.06222
v 25.84094 9.04342 9.77798
v 25.84094 10.46378 7.06222
v 25.84094 10.46378 9.77798
v 25.82266 11.48182 7.82422
v 25.82266 11.48182 8.78738
v 25.82266 12.29258 7.82422
v 25.82266 12.29258 8.78738
v 25.84094 11.48182 7.82422
v 25.84094 11.48182 8.78738
v 25.84094 12.29258 7.82422
v 25.84094 12.29258 8.78738
v 21.69262 14.16406 7.67182
v 21.69262 14.16406 8.78738
v 21.69262 14.18234 7.67182
v 21.69262 14.18234 8.78738
v 23.41778 14.16406 7.67182
v 23.41778 14.16406 8.78738
v 23.41778 14.18234 7.67182
v 23.41778 14.18234 8.78738
v 23.21662 8.48716 10.87222
v 23.21662 8.48716 12.29258
v 23.21662 8.50544 10.87222
v 23.21662 8.50544 12.29258
v 24.33218 8.48716 10.87222
v 24.33218 8.48716 12.29258
v 24.33218 8.50544 10.87222
v 24.33218 8.50544 12.29258
v 21.02206 9.19582 11.02462
v 21.02206 9.19582 11.98778
v 21.02206 10.15898 11.02462
v 21.02206 10.15898 11.98778
v 21.04034 9.19582 11.02462
v 21.04034 9.19582 11.98778
v 21.04034 10.15898 11.02462
v 21.04034 10.15898 11.98778
v 25.82266 9.04342 10.41502
v 25.82266 9.04342 12.44498
v 25.82266 10.46378 10.41502
v 25.82266 10.46378 12.44498
v 25.84094 9.04342 10.41502
v 25.84094 9.04342 12.44498
v 25.84094 10.46378 10.41502
v 25.84094 10.46378 12.44498
v 22.91182 10.96366 11.02462
v 22.91182 10.96366 12.14018
v 22.91182 10.98194 11.02462
v 22.91182 10.98194 12.14018
v 24.33218 10.96366 11.02462
v 24.33218 10.96366 12.14018
v 24.33218 10.98194 11.02462
v 24.33218 10.98194 12.14018
f 4474 4476 4473
f 4477 4474 4473
f 4473 4476 4475
f 4475 4477 4473
f 4474 4480 4476
f 4478 4474 4477
f 4478 4480 4474
f 4476 4480 4475
f 4479 4477 4475
f 4475 4480 4479
f 4479 4478 4477
f 4480 4478 4479
f 4482 4484 4481
f 4485 4482 4481
f 4481 4484 4483
f 4483 4485 4481
f 4482 4488 4484
f 4486 4482 4485
f 4486 4488 4482
f 4484 4488 4483
f 4487 4485 4483
f 4483 4488 4487
f 4487 4486 4485
f 4488 4486 4487
f 4490 4492 4489
f 4493 4490 4489
f 4489 4492 4491
f 4491 4493 4489
f 4490 4496 4492
f 4494 4490 4493
f 4494 4496 4490
f 4492 4496 4491
f 4495 4493 4491
f 4491 4496 4495
f 4495 4494 4493
f 4496 4494 4495
f 4498 4500 4497
f 4501 4498 4497
f 4497 4500 4499
f 4499 4501 4497
f 4498 4504 4500
f 4502 4498 4501
f 4502 4504 4498
f 4500 4504 4499
f 4503 4501 4499
f 4499 4504 4503
f 4503 4502 4501
f 4504 4502 4503
f 4506 4508 4505
f 4509 4506 4505
f 4505 4508 4507
f 4507 4509 4505
f 4506 4512 4508
f 4510 4506 4509
f 4510 4512 4506
f 4508 4512 4507
f 4511 4509 4507
f 4507 4512 4511
f 4511 4510 4509
f 4512 4510 4511
f 4514 4516 4513
f 4517 4514 4513
f 4513 4516 4515
f 4515 4517 4513
f 4514 4520 4516
f 4518 4514 4517
f 4518 4520 4514
f 4516 4520 4515
f 4519 4517 4515
f 4515 4520 4519
f 4519 4518 4517
f 4520 4518 4519
f 4522 4524 4521
f 4525 4522 4521
f 4521 4524 4523
f 4523 4525 4521
f 4522 4528 4524
f 4526 4522 4525
f 4526 4528 4522
f 4524 4528 4523
f 4527 4525 4523
f 4523 4528 4527
f 4527 4526 4525
f 4528 4526 4527
f 4530 4532 4529
f 4533 4530 4529
f 4529 4532 4531
f 4531 4533 4529
f 4530 4536 4532
f 4534 4530 4533
f 4534 4536 4530
f 4532 4536 4531
f 4535 4533 4531
f 4531 4536 4535
f 4535 4534 4533
f 4536 4534 4535
f 4538 4540 4537
f 4541 4538 4537
f 4537 4540 4539
f 4539 4541 4537
f 4538 4544 4540
f 4542 4538 4541
f 4542 4544 4538
f 4540 4544 4539
f 4543 4541 4539
f 4539 4544 4543
f 4543 4542 4541
f 4544 4542 4543
f 4546 4548 4545
f 4549 4546 4545
f 4545 4548 4547
f 4547 4549 4545
f 4546 4552 4548
f 4550 4546 4549
f 4550 4552 4546
f 4548 4552 4547
f 4551 4549 4547
f 4547 4552 4551
f 4551 4550 4549
f 4552 4550 4551
f 4554 4556 4553
f 4557 4554 4553
f 4553 4556 4555
f 4555 4557 4553
f 4554 4560 4556
f 4558 4554 4557
f 4558 4560 4554
f 4556 4560 4555
f 4559 4557 4555
f 4555 4560 4559
f 4559 4558 4557
f 4560 4558 4559
f 4562 4564 4561
f 4565 4562 4561
f 4561 4564 4563
f 4563 4565 4561
f 4562 4568 4564
f 4566 4562 4565
f 4566 4568 4562
f 4564 4568 4563
f 4567 4565 4563
f 4563 4568 4567
f 4567 4566 4565
f 4568 4566 4567
f 4570 4572 4569
f 4573 4570 4569
f 4569 4572 4571
f 4571 4573 4569
f 4570 4576 4572
f 4574 4570 4573
f 4574 4576 4570
f 4572 4576 4571
f 4575 4573 4571
f 4571 4576 4575
f 4575 4574 4573
f 4576 4574 4575
f 4578 4580 4577
f 4581 4578 4577
f 4577 4580 4579
f 4579 4581 4577
f 4578 4584 4580
f 4582 4578 4581
f 4582 4584 4578
f 4580 4584 4579
f 4583 4581 4579
f 4579 4584 4583
f 4583 4582 4581
f 4584 4582 4583
f 4586 4588 4585
f 4589 4586 4585
f 4585 4588 4587
f 4587 4589 4585
f 4586 4592 4588
f 4590 4586 4589
f 4590 4592 4586
f 4588 4592 4587
f 4591 4589 4587
f 4587 4592 4591
f 4591 4590 4589
f 4592 4590 4591
f 4594 4596 4593
f 4597 4594 4593
f 4593 4596 4595
f 4595 4597 4593
f 4594 4600 4596
f 4598 4594 4597
f 4598 4600 4594
f 4596 4600 4595
f 4599 4597 4595
f 4595 4600 4599
f 4599 4598 4597
f 4600 4598 4599
f 4602 4604 4601
f 4605 4602 4601
f 4601 4604 4603
f 4603 4605 4601
f 4602 4608 4604
f 4606 4602 4605
f 4606 4608 4602
f 4604 4608 4603
f 4607 4605 4603
f 4603 4608 4607
f 4607 4606 4605
f 4608 4606 4607
f 4610 4612 4609
f 4613 4610 4609
f 4609 4612 4611
f 4611 4613 4609
f 4610 4616 4612
f 4614 4610 4613
f 4614 4616 4610
f 4612 4616 4611
f 4615 4613 4611
f 4611 4616 4615
f 4615 4614 4613
f 4616 4614 4615
f 4618 4620 4617
f 4621 4618 4617
f 4617 4620 4619
f 4619 4621 4617
f 4618 4624 4620
f 4622 4618 4621
f 4622 4624 4618
f 4620 4624 4619
f 4623 4621 4619
f 4619 4624 4623
f 4623 4622 4621
f 4624 4622 4623
f 4626 4628 4625
f 4629 4626 4625
f 4625 4628 4627
f 4627 4629 4625
f 4626 4632 4628
f 4630 4626 4629
f 4630 4632 4626
f 4628 4632 4627
f 4631 4629 4627
f 4627 4632 4631
f 4631 4630 4629
f 4632 4630 4631
f 4634 4636 4633
f 4637 4634 4633
f 4633 4636 4635
f 4635 4637 4633
f 4634 4640 4636
f 4638 4634 4637
f 4638 4640 4634
f 4636 4640 4635
f 4639 4637 4635
f 4635 4640 4639
f 4639 4638 4637
f 4640 4638 4639
f 4642 4644 4641
f 4645 4642 4641
f 4641 4644 4643
f 4643 4645 4641
f 4642 4648 4644
f 4646 4642 4645
f 4646 4648 4642
f 4644 4648 4643
f 4647 4645 4643
f 4643 4648 4647
f 4647 4646 4645
f 4648 4646 4647
f 4650 4652 4649
f 4653 4650 4649
f 4649 4652 4651
f 4651 4653 4649
f 4650 4656 4652
f 4654 4650 4653
f 4654 4656 4650
f 4652 4656 4651
f 4655 4653 4651
f 4651 4656 4655
f 4655 4654 4653
f 4656 4654 4655
f 4658 4660 4657
f 4661 4658 4657
f 4657 4660 4659
f 4659 4661 4657
f 4658 4664 4660
f 4662 4658 4661
f 4662 4664 4658
f 4660 4664 4659
f 4663 4661 4659
f 4659 4664 4663
f 4663 4662 4661
f 4664 4662 4663
f 4666 4668 4665
f 4669 4666 4665
f 4665 4668 4667
f 4667 4669 4665
f 4666 4672 4668
f 4670 4666 4669
f 4670 4672 4666
f 4668 4672 4667
f 4671 4669 4667
f 4667 4672 4671
f 4671 4670 4669
f 4672 4670 4671
f 4674 4676 4673
f 4677 4674 4673
f 4673 4676 4675
f 4675 4677 4673
f 4674 4680 4676
f 4678 4674 4677
f 4678 4680 4674
f 4676 4680 4675
f 4679 4677 4675
f 4675 4680 4679
f 4679 4678 4677
f 4680 4678 4679
f 4682 4684 4681
f 4685 4682 4681
f 4681 4684 4683
f 4683 4685 4681
f 4682 4688 4684
f 4686 4682 4685
f 4686 4688 4682
f 4684 4688 4683
f 4687 4685 4683
f 4683 4688 4687
f 4687 4686 4685
f 4688 4686 4687
f 4690 4692 4689
f 4693 4690 4689
f 4689 4692 4691
f 4691 4693 4689
f 4690 4696 4692
f 4694 4690 4693
f 4694 4696 4690
f 4692 4696 4691
f 4695 4693 4691
f 4691 4696 4695
f 4695 4694 4693
f 4696 4694 4695
f 4698 4700 4697
f 4701 4698 4697
f 4697 4700 4699
f 4699 4701 4697
f 4698 4704 4700
f 4702 4698 4701
f 4702 4704 4698
f 4700 4704 4699
f 4703 4701 4699
f 4699 4704 4703
f 4703 4702 4701
f 4704 4702 4703
f 4706 4708 4705
f 4709 4706 4705
f 4705 4708 4707
f 4707 4709 4705
f 4706 4712 4708
f 4710 4706 4709
f 4710 4712 4706
f 4708 4712 4707
f 4711 4709 4707
f 4707 4712 4711
f 4711 4710 4709
f 4712 4710 4711

o Aluminum_Graphite_Frames
usemtl Aluminum_Graphite_Frames
v 5.35229 0.06401 4.34340
v 5.35229 0.06401 4.41960
v 5.35229 0.11887 4.34340
v 5.35229 0.11887 4.41960
v 25.92781 0.06401 4.34340
v 25.92781 0.06401 4.41960
v 25.92781 0.11887 4.34340
v 25.92781 0.11887 4.41960
v 5.35229 0.09449 4.34340
v 5.35229 0.09449 4.41960
v 5.35229 5.46811 4.34340
v 5.35229 5.46811 4.41960
v 5.40715 0.09449 4.34340
v 5.40715 0.09449 4.41960
v 5.40715 5.46811 4.34340
v 5.40715 5.46811 4.41960
v 5.38277 5.41325 4.34340
v 5.38277 5.41325 4.41960
v 5.38277 5.46811 4.34340
v 5.38277 5.46811 4.41960
v 11.02309 5.41325 4.34340
v 11.02309 5.41325 4.41960
v 11.02309 5.46811 4.34340
v 11.02309 5.46811 4.41960
v 11.02919 0.06401 7.69620
v 11.02919 0.06401 7.77240
v 11.02919 0.11887 7.69620
v 11.02919 0.11887 7.77240
v 25.92781 0.06401 7.69620
v 25.92781 0.06401 7.77240
v 25.92781 0.11887 7.69620
v 25.92781 0.11887 7.77240
v 12.38250 0.98298 0.60960
v 12.38250 0.98298 0.66142
v 12.38250 1.07442 0.60960
v 12.38250 1.07442 0.66142
v 14.51610 0.98298 0.60960
v 14.51610 0.98298 0.66142
v 14.51610 1.07442 0.60960
v 14.51610 1.07442 0.66142
v 12.38250 0.98298 2.38658
v 12.38250 0.98298 2.43840
v 12.38250 1.07442 2.38658
v 12.38250 1.07442 2.43840
v 14.51610 0.98298 2.38658
v 14.51610 0.98298 2.43840
v 14.51610 1.07442 2.38658
v 14.51610 1.07442 2.43840
v 12.38250 0.98298 0.60960
v 12.38250 0.98298 2.43840
v 12.38250 1.07442 0.60960
v 12.38250 1.07442 2.43840
v 12.43432 0.98298 0.60960
v 12.43432 0.98298 2.43840
v 12.43432 1.07442 0.60960
v 12.43432 1.07442 2.43840
v 14.46428 0.98298 0.60960
v 14.46428 0.98298 2.43840
v 14.46428 1.07442 0.60960
v 14.46428 1.07442 2.43840
v 14.51610 0.98298 0.60960
v 14.51610 0.98298 2.43840
v 14.51610 1.07442 0.60960
v 14.51610 1.07442 2.43840
v 13.42339 0.98298 0.60960
v 13.42339 0.98298 2.43840
v 13.42339 1.07442 0.60960
v 13.42339 1.07442 2.43840
v 13.47521 0.98298 0.60960
v 13.47521 0.98298 2.43840
v 13.47521 1.07442 0.60960
v 13.47521 1.07442 2.43840
v 17.98320 0.98298 0.60960
v 17.98320 0.98298 0.66142
v 17.98320 1.07442 0.60960
v 17.98320 1.07442 0.66142
v 20.42160 0.98298 0.60960
v 20.42160 0.98298 0.66142
v 20.42160 1.07442 0.60960
v 20.42160 1.07442 0.66142
v 17.98320 0.98298 2.38658
v 17.98320 0.98298 2.43840
v 17.98320 1.07442 2.38658
v 17.98320 1.07442 2.43840
v 20.42160 0.98298 2.38658
v 20.42160 0.98298 2.43840
v 20.42160 1.07442 2.38658
v 20.42160 1.07442 2.43840
v 17.98320 0.98298 0.60960
v 17.98320 0.98298 2.43840
v 17.98320 1.07442 0.60960
v 17.98320 1.07442 2.43840
v 18.03502 0.98298 0.60960
v 18.03502 0.98298 2.43840
v 18.03502 1.07442 0.60960
v 18.03502 1.07442 2.43840
v 20.36978 0.98298 0.60960
v 20.36978 0.98298 2.43840
v 20.36978 1.07442 0.60960
v 20.36978 1.07442 2.43840
v 20.42160 0.98298 0.60960
v 20.42160 0.98298 2.43840
v 20.42160 1.07442 0.60960
v 20.42160 1.07442 2.43840
v 19.17649 0.98298 0.60960
v 19.17649 0.98298 2.43840
v 19.17649 1.07442 0.60960
v 19.17649 1.07442 2.43840
v 19.22831 0.98298 0.60960
v 19.22831 0.98298 2.43840
v 19.22831 1.07442 0.60960
v 19.22831 1.07442 2.43840
v 22.36470 0.98298 0.60960
v 22.36470 0.98298 0.66142
v 22.36470 1.07442 0.60960
v 22.36470 1.07442 0.66142
v 24.49830 0.98298 0.60960
v 24.49830 0.98298 0.66142
v 24.49830 1.07442 0.60960
v 24.49830 1.07442 0.66142
v 22.36470 0.98298 2.38658
v 22.36470 0.98298 2.43840
v 22.36470 1.07442 2.38658
v 22.36470 1.07442 2.43840
v 24.49830 0.98298 2.38658
v 24.49830 0.98298 2.43840
v 24.49830 1.07442 2.38658
v 24.49830 1.07442 2.43840
v 22.36470 0.98298 0.60960
v 22.36470 0.98298 2.43840
v 22.36470 1.07442 0.60960
v 22.36470 1.07442 2.43840
v 22.41652 0.98298 0.60960
v 22.41652 0.98298 2.43840
v 22.41652 1.07442 0.60960
v 22.41652 1.07442 2.43840
v 24.44648 0.98298 0.60960
v 24.44648 0.98298 2.43840
v 24.44648 1.07442 0.60960
v 24.44648 1.07442 2.43840
v 24.49830 0.98298 0.60960
v 24.49830 0.98298 2.43840
v 24.49830 1.07442 0.60960
v 24.49830 1.07442 2.43840
v 23.40559 0.98298 0.60960
v 23.40559 0.98298 2.43840
v 23.40559 1.07442 0.60960
v 23.40559 1.07442 2.43840
v 23.45741 0.98298 0.60960
v 23.45741 0.98298 2.43840
v 23.45741 1.07442 0.60960
v 23.45741 1.07442 2.43840
v 11.07948 8.76300 1.98120
v 11.07948 8.76300 2.43840
v 11.07948 9.22020 1.98120
v 11.07948 9.22020 2.43840
v 11.17092 8.76300 1.98120
v 11.17092 8.76300 2.43840
v 11.17092 9.22020 1.98120
v 11.17092 9.22020 2.43840
v 18.83283 6.85800 1.98120
v 18.83283 6.85800 2.43840
v 18.83283 7.46760 1.98120
v 18.83283 7.46760 2.43840
v 18.92427 6.85800 1.98120
v 18.92427 6.85800 2.43840
v 18.92427 7.46760 1.98120
v 18.92427 7.46760 2.43840
v 17.52600 7.97433 0.76200
v 17.52600 7.97433 0.81382
v 17.52600 8.06577 0.76200
v 17.52600 8.06577 0.81382
v 18.59280 7.97433 0.76200
v 18.59280 7.97433 0.81382
v 18.59280 8.06577 0.76200
v 18.59280 8.06577 0.81382
v 17.52600 7.97433 2.23418
v 17.52600 7.97433 2.28600
v 17.52600 8.06577 2.23418
v 17.52600 8.06577 2.28600
v 18.59280 7.97433 2.23418
v 18.59280 7.97433 2.28600
v 18.59280 8.06577 2.23418
v 18.59280 8.06577 2.28600
v 17.52600 7.97433 0.76200
v 17.52600 7.97433 2.28600
v 17.52600 8.06577 0.76200
v 17.52600 8.06577 2.28600
v 17.57782 7.97433 0.76200
v 17.57782 7.97433 2.28600
v 17.57782 8.06577 0.76200
v 17.57782 8.06577 2.28600
v 18.54098 7.97433 0.76200
v 18.54098 7.97433 2.28600
v 18.54098 8.06577 0.76200
v 18.54098 8.06577 2.28600
v 18.59280 7.97433 0.76200
v 18.59280 7.97433 2.28600
v 18.59280 8.06577 0.76200
v 18.59280 8.06577 2.28600
v 18.03349 7.97433 0.76200
v 18.03349 7.97433 2.28600
v 18.03349 8.06577 0.76200
v 18.03349 8.06577 2.28600
v 18.08531 7.97433 0.76200
v 18.08531 7.97433 2.28600
v 18.08531 8.06577 0.76200
v 18.08531 8.06577 2.28600
v 25.78608 6.85800 1.98120
v 25.78608 6.85800 2.43840
v 25.78608 7.46760 1.98120
v 25.78608 7.46760 2.43840
v 25.87752 6.85800 1.98120
v 25.87752 6.85800 2.43840
v 25.87752 7.46760 1.98120
v 25.87752 7.46760 2.43840
v 25.78608 8.99160 0.30480
v 25.78608 8.99160 0.35662
v 25.78608 10.51560 0.30480
v 25.78608 10.51560 0.35662
v 25.87752 8.99160 0.30480
v 25.87752 8.99160 0.35662
v 25.87752 10.51560 0.30480
v 25.87752 10.51560 0.35662
v 25.78608 8.99160 3.07238
v 25.78608 8.99160 3.12420
v 25.78608 10.51560 3.07238
v 25.78608 10.51560 3.12420
v 25.87752 8.99160 3.07238
v 25.87752 8.99160 3.12420
v 25.87752 10.51560 3.07238
v 25.87752 10.51560 3.12420
v 25.78608 8.99160 0.30480
v 25.78608 8.99160 3.12420
v 25.78608 9.04342 0.30480
v 25.78608 9.04342 3.12420
v 25.87752 8.99160 0.30480
v 25.87752 8.99160 3.12420
v 25.87752 9.04342 0.30480
v 25.87752 9.04342 3.12420
v 25.78608 10.46378 0.30480
v 25.78608 10.46378 3.12420
v 25.78608 10.51560 0.30480
v 25.78608 10.51560 3.12420
v 25.87752 10.46378 0.30480
v 25.87752 10.46378 3.12420
v 25.87752 10.51560 0.30480
v 25.87752 10.51560 3.12420
v 25.78608 9.72769 0.30480
v 25.78608 9.72769 3.12420
v 25.78608 9.77951 0.30480
v 25.78608 9.77951 3.12420
v 25.87752 9.72769 0.30480
v 25.87752 9.72769 3.12420
v 25.87752 9.77951 0.30480
v 25.87752 9.77951 3.12420
v 25.78608 11.58240 1.06680
v 25.78608 11.58240 1.11862
v 25.78608 13.25880 1.06680
v 25.78608 13.25880 1.11862
v 25.87752 11.58240 1.06680
v 25.87752 11.58240 1.11862
v 25.87752 13.25880 1.06680
v 25.87752 13.25880 1.11862
v 25.78608 11.58240 2.08178
v 25.78608 11.58240 2.13360
v 25.78608 13.25880 2.08178
v 25.78608 13.25880 2.13360
v 25.87752 11.58240 2.08178
v 25.87752 11.58240 2.13360
v 25.87752 13.25880 2.08178
v 25.87752 13.25880 2.13360
v 25.78608 11.58240 1.06680
v 25.78608 11.58240 2.13360
v 25.78608 11.63422 1.06680
v 25.78608 11.63422 2.13360
v 25.87752 11.58240 1.06680
v 25.87752 11.58240 2.13360
v 25.87752 11.63422 1.06680
v 25.87752 11.63422 2.13360
v 25.78608 13.20698 1.06680
v 25.78608 13.20698 2.13360
v 25.78608 13.25880 1.06680
v 25.78608 13.25880 2.13360
v 25.87752 13.20698 1.06680
v 25.87752 13.20698 2.13360
v 25.87752 13.25880 1.06680
v 25.87752 13.25880 2.13360
v 25.78608 12.39469 1.06680
v 25.78608 12.39469 2.13360
v 25.78608 12.44651 1.06680
v 25.78608 12.44651 2.13360
v 25.87752 12.39469 1.06680
v 25.87752 12.39469 2.13360
v 25.87752 12.44651 1.06680
v 25.87752 12.44651 2.13360
v 25.78608 15.69720 1.98120
v 25.78608 15.69720 2.43840
v 25.78608 16.30680 1.98120
v 25.78608 16.30680 2.43840
v 25.87752 15.69720 1.98120
v 25.87752 15.69720 2.43840
v 25.87752 16.30680 1.98120
v 25.87752 16.30680 2.43840
v 15.72768 10.66800 0.00000
v 15.72768 10.66800 0.05182
v 15.72768 11.65860 0.00000
v 15.72768 11.65860 0.05182
v 15.81912 10.66800 0.00000
v 15.81912 10.66800 0.05182
v 15.81912 11.65860 0.00000
v 15.81912 11.65860 0.05182
v 15.72768 10.66800 2.38658
v 15.72768 10.66800 2.43840
v 15.72768 11.65860 2.38658
v 15.72768 11.65860 2.43840
v 15.81912 10.66800 2.38658
v 15.81912 10.66800 2.43840
v 15.81912 11.65860 2.38658
v 15.81912 11.65860 2.43840
v 15.72768 10.66800 0.00000
v 15.72768 10.66800 2.43840
v 15.72768 10.71982 0.00000
v 15.72768 10.71982 2.43840
v 15.81912 10.66800 0.00000
v 15.81912 10.66800 2.43840
v 15.81912 10.71982 0.00000
v 15.81912 10.71982 2.43840
v 15.72768 11.60678 0.00000
v 15.72768 11.60678 2.43840
v 15.72768 11.65860 0.00000
v 15.72768 11.65860 2.43840
v 15.81912 11.60678 0.00000
v 15.81912 11.60678 2.43840
v 15.81912 11.65860 0.00000
v 15.81912 11.65860 2.43840
v 15.72768 11.13739 0.00000
v 15.72768 11.13739 2.43840
v 15.72768 11.18921 0.00000
v 15.72768 11.18921 2.43840
v 15.81912 11.13739 0.00000
v 15.81912 11.13739 2.43840
v 15.81912 11.18921 0.00000
v 15.81912 11.18921 2.43840
v 18.36420 12.79398 0.91440
v 18.36420 12.79398 0.96622
v 18.36420 12.88542 0.91440
v 18.36420 12.88542 0.96622
v 20.49780 12.79398 0.91440
v 20.49780 12.79398 0.96622
v 20.49780 12.88542 0.91440
v 20.49780 12.88542 0.96622
v 18.36420 12.79398 2.38658
v 18.36420 12.79398 2.43840
v 18.36420 12.88542 2.38658
v 18.36420 12.88542 2.43840
v 20.49780 12.79398 2.38658
v 20.49780 12.79398 2.43840
v 20.49780 12.88542 2.38658
v 20.49780 12.88542 2.43840
v 18.36420 12.79398 0.91440
v 18.36420 12.79398 2.43840
v 18.36420 12.88542 0.91440
v 18.36420 12.88542 2.43840
v 18.41602 12.79398 0.91440
v 18.41602 12.79398 2.43840
v 18.41602 12.88542 0.91440
v 18.41602 12.88542 2.43840
v 20.44598 12.79398 0.91440
v 20.44598 12.79398 2.43840
v 20.44598 12.88542 0.91440
v 20.44598 12.88542 2.43840
v 20.49780 12.79398 0.91440
v 20.49780 12.79398 2.43840
v 20.49780 12.88542 0.91440
v 20.49780 12.88542 2.43840
v 19.40509 12.79398 0.91440
v 19.40509 12.79398 2.43840
v 19.40509 12.88542 0.91440
v 19.40509 12.88542 2.43840
v 19.45691 12.79398 0.91440
v 19.45691 12.79398 2.43840
v 19.45691 12.88542 0.91440
v 19.45691 12.88542 2.43840
v 12.38250 0.98298 3.35280
v 12.38250 0.98298 3.40462
v 12.38250 1.07442 3.35280
v 12.38250 1.07442 3.40462
v 14.51610 0.98298 3.35280
v 14.51610 0.98298 3.40462
v 14.51610 1.07442 3.35280
v 14.51610 1.07442 3.40462
v 12.38250 0.98298 5.73938
v 12.38250 0.98298 5.79120
v 12.38250 1.07442 5.73938
v 12.38250 1.07442 5.79120
v 14.51610 0.98298 5.73938
v 14.51610 0.98298 5.79120
v 14.51610 1.07442 5.73938
v 14.51610 1.07442 5.79120
v 12.38250 0.98298 3.35280
v 12.38250 0.98298 5.79120
v 12.38250 1.07442 3.35280
v 12.38250 1.07442 5.79120
v 12.43432 0.98298 3.35280
v 12.43432 0.98298 5.79120
v 12.43432 1.07442 3.35280
v 12.43432 1.07442 5.79120
v 14.46428 0.98298 3.35280
v 14.46428 0.98298 5.79120
v 14.46428 1.07442 3.35280
v 14.46428 1.07442 5.79120
v 14.51610 0.98298 3.35280
v 14.51610 0.98298 5.79120
v 14.51610 1.07442 3.35280
v 14.51610 1.07442 5.79120
v 13.42339 0.98298 3.35280
v 13.42339 0.98298 5.79120
v 13.42339 1.07442 3.35280
v 13.42339 1.07442 5.79120
v 13.47521 0.98298 3.35280
v 13.47521 0.98298 5.79120
v 13.47521 1.07442 3.35280
v 13.47521 1.07442 5.79120
v 17.18310 0.98298 3.35280
v 17.18310 0.98298 3.40462
v 17.18310 1.07442 3.35280
v 17.18310 1.07442 3.40462
v 19.62150 0.98298 3.35280
v 19.62150 0.98298 3.40462
v 19.62150 1.07442 3.35280
v 19.62150 1.07442 3.40462
v 17.18310 0.98298 5.73938
v 17.18310 0.98298 5.79120
v 17.18310 1.07442 5.73938
v 17.18310 1.07442 5.79120
v 19.62150 0.98298 5.73938
v 19.62150 0.98298 5.79120
v 19.62150 1.07442 5.73938
v 19.62150 1.07442 5.79120
v 17.18310 0.98298 3.35280
v 17.18310 0.98298 5.79120
v 17.18310 1.07442 3.35280
v 17.18310 1.07442 5.79120
v 17.23492 0.98298 3.35280
v 17.23492 0.98298 5.79120
v 17.23492 1.07442 3.35280
v 17.23492 1.07442 5.79120
v 19.56968 0.98298 3.35280
v 19.56968 0.98298 5.79120
v 19.56968 1.07442 3.35280
v 19.56968 1.07442 5.79120
v 19.62150 0.98298 3.35280
v 19.62150 0.98298 5.79120
v 19.62150 1.07442 3.35280
v 19.62150 1.07442 5.79120
v 18.37639 0.98298 3.35280
v 18.37639 0.98298 5.79120
v 18.37639 1.07442 3.35280
v 18.37639 1.07442 5.79120
v 18.42821 0.98298 3.35280
v 18.42821 0.98298 5.79120
v 18.42821 1.07442 3.35280
v 18.42821 1.07442 5.79120
v 22.36470 0.98298 3.35280
v 22.36470 0.98298 3.40462
v 22.36470 1.07442 3.35280
v 22.36470 1.07442 3.40462
v 24.49830 0.98298 3.35280
v 24.49830 0.98298 3.40462
v 24.49830 1.07442 3.35280
v 24.49830 1.07442 3.40462
v 22.36470 0.98298 5.73938
v 22.36470 0.98298 5.79120
v 22.36470 1.07442 5.73938
v 22.36470 1.07442 5.79120
v 24.49830 0.98298 5.73938
v 24.49830 0.98298 5.79120
v 24.49830 1.07442 5.73938
v 24.49830 1.07442 5.79120
v 22.36470 0.98298 3.35280
v 22.36470 0.98298 5.79120
v 22.36470 1.07442 3.35280
v 22.36470 1.07442 5.79120
v 22.41652 0.98298 3.35280
v 22.41652 0.98298 5.79120
v 22.41652 1.07442 3.35280
v 22.41652 1.07442 5.79120
v 24.44648 0.98298 3.35280
v 24.44648 0.98298 5.79120
v 24.44648 1.07442 3.35280
v 24.44648 1.07442 5.79120
v 24.49830 0.98298 3.35280
v 24.49830 0.98298 5.79120
v 24.49830 1.07442 3.35280
v 24.49830 1.07442 5.79120
v 23.40559 0.98298 3.35280
v 23.40559 0.98298 5.79120
v 23.40559 1.07442 3.35280
v 23.40559 1.07442 5.79120
v 23.45741 0.98298 3.35280
v 23.45741 0.98298 5.79120
v 23.45741 1.07442 3.35280
v 23.45741 1.07442 5.79120
v 11.07948 7.01040 5.33400
v 11.07948 7.01040 5.79120
v 11.07948 7.62000 5.33400
v 11.07948 7.62000 5.79120
v 11.17092 7.01040 5.33400
v 11.17092 7.01040 5.79120
v 11.17092 7.62000 5.33400
v 11.17092 7.62000 5.79120
v 18.83283 6.85800 5.33400
v 18.83283 6.85800 5.79120
v 18.83283 7.46760 5.33400
v 18.83283 7.46760 5.79120
v 18.92427 6.85800 5.33400
v 18.92427 6.85800 5.79120
v 18.92427 7.46760 5.33400
v 18.92427 7.46760 5.79120
v 25.78608 6.85800 5.33400
v 25.78608 6.85800 5.79120
v 25.78608 7.46760 5.33400
v 25.78608 7.46760 5.79120
v 25.87752 6.85800 5.33400
v 25.87752 6.85800 5.79120
v 25.87752 7.46760 5.33400
v 25.87752 7.46760 5.79120
v 25.78608 8.99160 3.65760
v 25.78608 8.99160 3.70942
v 25.78608 10.51560 3.65760
v 25.78608 10.51560 3.70942
v 25.87752 8.99160 3.65760
v 25.87752 8.99160 3.70942
v 25.87752 10.51560 3.65760
v 25.87752 10.51560 3.70942
v 25.78608 8.99160 6.42518
v 25.78608 8.99160 6.47700
v 25.78608 10.51560 6.42518
v 25.78608 10.51560 6.47700
v 25.87752 8.99160 6.42518
v 25.87752 8.99160 6.47700
v 25.87752 10.51560 6.42518
v 25.87752 10.51560 6.47700
v 25.78608 8.99160 3.65760
v 25.78608 8.99160 6.47700
v 25.78608 9.04342 3.65760
v 25.78608 9.04342 6.47700
v 25.87752 8.99160 3.65760
v 25.87752 8.99160 6.47700
v 25.87752 9.04342 3.65760
v 25.87752 9.04342 6.47700
v 25.78608 10.46378 3.65760
v 25.78608 10.46378 6.47700
v 25.78608 10.51560 3.65760
v 25.78608 10.51560 6.47700
v 25.87752 10.46378 3.65760
v 25.87752 10.46378 6.47700
v 25.87752 10.51560 3.65760
v 25.87752 10.51560 6.47700
v 25.78608 9.72769 3.65760
v 25.78608 9.72769 6.47700
v 25.78608 9.77951 3.65760
v 25.78608 9.77951 6.47700
v 25.87752 9.72769 3.65760
v 25.87752 9.72769 6.47700
v 25.87752 9.77951 3.65760
v 25.87752 9.77951 6.47700
v 25.78608 11.58240 4.41960
v 25.78608 11.58240 4.47142
v 25.78608 13.25880 4.41960
v 25.78608 13.25880 4.47142
v 25.87752 11.58240 4.41960
v 25.87752 11.58240 4.47142
v 25.87752 13.25880 4.41960
v 25.87752 13.25880 4.47142
v 25.78608 11.58240 5.43458
v 25.78608 11.58240 5.48640
v 25.78608 13.25880 5.43458
v 25.78608 13.25880 5.48640
v 25.87752 11.58240 5.43458
v 25.87752 11.58240 5.48640
v 25.87752 13.25880 5.43458
v 25.87752 13.25880 5.48640
v 25.78608 11.58240 4.41960
v 25.78608 11.58240 5.48640
v 25.78608 11.63422 4.41960
v 25.78608 11.63422 5.48640
v 25.87752 11.58240 4.41960
v 25.87752 11.58240 5.48640
v 25.87752 11.63422 4.41960
v 25.87752 11.63422 5.48640
v 25.78608 13.20698 4.41960
v 25.78608 13.20698 5.48640
v 25.78608 13.25880 4.41960
v 25.78608 13.25880 5.48640
v 25.87752 13.20698 4.41960
v 25.87752 13.20698 5.48640
v 25.87752 13.25880 4.41960
v 25.87752 13.25880 5.48640
v 25.78608 12.39469 4.41960
v 25.78608 12.39469 5.48640
v 25.78608 12.44651 4.41960
v 25.78608 12.44651 5.48640
v 25.87752 12.39469 4.41960
v 25.87752 12.39469 5.48640
v 25.87752 12.44651 4.41960
v 25.87752 12.44651 5.48640
v 15.72768 10.66800 3.96240
v 15.72768 10.66800 4.01422
v 15.72768 11.65860 3.96240
v 15.72768 11.65860 4.01422
v 15.81912 10.66800 3.96240
v 15.81912 10.66800 4.01422
v 15.81912 11.65860 3.96240
v 15.81912 11.65860 4.01422
v 15.72768 10.66800 5.73938
v 15.72768 10.66800 5.79120
v 15.72768 11.65860 5.73938
v 15.72768 11.65860 5.79120
v 15.81912 10.66800 5.73938
v 15.81912 10.66800 5.79120
v 15.81912 11.65860 5.73938
v 15.81912 11.65860 5.79120
v 15.72768 10.66800 3.96240
v 15.72768 10.66800 5.79120
v 15.72768 10.71982 3.96240
v 15.72768 10.71982 5.79120
v 15.81912 10.66800 3.96240
v 15.81912 10.66800 5.79120
v 15.81912 10.71982 3.96240
v 15.81912 10.71982 5.79120
v 15.72768 11.60678 3.96240
v 15.72768 11.60678 5.79120
v 15.72768 11.65860 3.96240
v 15.72768 11.65860 5.79120
v 15.81912 11.60678 3.96240
v 15.81912 11.60678 5.79120
v 15.81912 11.65860 3.96240
v 15.81912 11.65860 5.79120
v 15.72768 11.13739 3.96240
v 15.72768 11.13739 5.79120
v 15.72768 11.18921 3.96240
v 15.72768 11.18921 5.79120
v 15.81912 11.13739 3.96240
v 15.81912 11.13739 5.79120
v 15.81912 11.18921 3.96240
v 15.81912 11.18921 5.79120
v 18.36420 12.79398 4.26720
v 18.36420 12.79398 4.31902
v 18.36420 12.88542 4.26720
v 18.36420 12.88542 4.31902
v 20.49780 12.79398 4.26720
v 20.49780 12.79398 4.31902
v 20.49780 12.88542 4.26720
v 20.49780 12.88542 4.31902
v 18.36420 12.79398 5.73938
v 18.36420 12.79398 5.79120
v 18.36420 12.88542 5.73938
v 18.36420 12.88542 5.79120
v 20.49780 12.79398 5.73938
v 20.49780 12.79398 5.79120
v 20.49780 12.88542 5.73938
v 20.49780 12.88542 5.79120
v 18.36420 12.79398 4.26720
v 18.36420 12.79398 5.79120
v 18.36420 12.88542 4.26720
v 18.36420 12.88542 5.79120
v 18.41602 12.79398 4.26720
v 18.41602 12.79398 5.79120
v 18.41602 12.88542 4.26720
v 18.41602 12.88542 5.79120
v 20.44598 12.79398 4.26720
v 20.44598 12.79398 5.79120
v 20.44598 12.88542 4.26720
v 20.44598 12.88542 5.79120
v 20.49780 12.79398 4.26720
v 20.49780 12.79398 5.79120
v 20.49780 12.88542 4.26720
v 20.49780 12.88542 5.79120
v 19.40509 12.79398 4.26720
v 19.40509 12.79398 5.79120
v 19.40509 12.88542 4.26720
v 19.40509 12.88542 5.79120
v 19.45691 12.79398 4.26720
v 19.45691 12.79398 5.79120
v 19.45691 12.88542 4.26720
v 19.45691 12.88542 5.79120
v 17.18310 0.98298 6.70560
v 17.18310 0.98298 6.75742
v 17.18310 1.07442 6.70560
v 17.18310 1.07442 6.75742
v 19.62150 0.98298 6.70560
v 19.62150 0.98298 6.75742
v 19.62150 1.07442 6.70560
v 19.62150 1.07442 6.75742
v 17.18310 0.98298 9.09218
v 17.18310 0.98298 9.14400
v 17.18310 1.07442 9.09218
v 17.18310 1.07442 9.14400
v 19.62150 0.98298 9.09218
v 19.62150 0.98298 9.14400
v 19.62150 1.07442 9.09218
v 19.62150 1.07442 9.14400
v 17.18310 0.98298 6.70560
v 17.18310 0.98298 9.14400
v 17.18310 1.07442 6.70560
v 17.18310 1.07442 9.14400
v 17.23492 0.98298 6.70560
v 17.23492 0.98298 9.14400
v 17.23492 1.07442 6.70560
v 17.23492 1.07442 9.14400
v 19.56968 0.98298 6.70560
v 19.56968 0.98298 9.14400
v 19.56968 1.07442 6.70560
v 19.56968 1.07442 9.14400
v 19.62150 0.98298 6.70560
v 19.62150 0.98298 9.14400
v 19.62150 1.07442 6.70560
v 19.62150 1.07442 9.14400
v 18.37639 0.98298 6.70560
v 18.37639 0.98298 9.14400
v 18.37639 1.07442 6.70560
v 18.37639 1.07442 9.14400
v 18.42821 0.98298 6.70560
v 18.42821 0.98298 9.14400
v 18.42821 1.07442 6.70560
v 18.42821 1.07442 9.14400
v 22.36470 0.98298 6.70560
v 22.36470 0.98298 6.75742
v 22.36470 1.07442 6.70560
v 22.36470 1.07442 6.75742
v 24.49830 0.98298 6.70560
v 24.49830 0.98298 6.75742
v 24.49830 1.07442 6.70560
v 24.49830 1.07442 6.75742
v 22.36470 0.98298 9.09218
v 22.36470 0.98298 9.14400
v 22.36470 1.07442 9.09218
v 22.36470 1.07442 9.14400
v 24.49830 0.98298 9.09218
v 24.49830 0.98298 9.14400
v 24.49830 1.07442 9.09218
v 24.49830 1.07442 9.14400
v 22.36470 0.98298 6.70560
v 22.36470 0.98298 9.14400
v 22.36470 1.07442 6.70560
v 22.36470 1.07442 9.14400
v 22.41652 0.98298 6.70560
v 22.41652 0.98298 9.14400
v 22.41652 1.07442 6.70560
v 22.41652 1.07442 9.14400
v 24.44648 0.98298 6.70560
v 24.44648 0.98298 9.14400
v 24.44648 1.07442 6.70560
v 24.44648 1.07442 9.14400
v 24.49830 0.98298 6.70560
v 24.49830 0.98298 9.14400
v 24.49830 1.07442 6.70560
v 24.49830 1.07442 9.14400
v 23.40559 0.98298 6.70560
v 23.40559 0.98298 9.14400
v 23.40559 1.07442 6.70560
v 23.40559 1.07442 9.14400
v 23.45741 0.98298 6.70560
v 23.45741 0.98298 9.14400
v 23.45741 1.07442 6.70560
v 23.45741 1.07442 9.14400
v 15.72768 1.82880 7.31520
v 15.72768 1.82880 7.36702
v 15.72768 3.35280 7.31520
v 15.72768 3.35280 7.36702
v 15.81912 1.82880 7.31520
v 15.81912 1.82880 7.36702
v 15.81912 3.35280 7.31520
v 15.81912 3.35280 7.36702
v 15.72768 1.82880 9.09218
v 15.72768 1.82880 9.14400
v 15.72768 3.35280 9.09218
v 15.72768 3.35280 9.14400
v 15.81912 1.82880 9.09218
v 15.81912 1.82880 9.14400
v 15.81912 3.35280 9.09218
v 15.81912 3.35280 9.14400
v 15.72768 1.82880 7.31520
v 15.72768 1.82880 9.14400
v 15.72768 1.88062 7.31520
v 15.72768 1.88062 9.14400
v 15.81912 1.82880 7.31520
v 15.81912 1.82880 9.14400
v 15.81912 1.88062 7.31520
v 15.81912 1.88062 9.14400
v 15.72768 3.30098 7.31520
v 15.72768 3.30098 9.14400
v 15.72768 3.35280 7.31520
v 15.72768 3.35280 9.14400
v 15.81912 3.30098 7.31520
v 15.81912 3.30098 9.14400
v 15.81912 3.35280 7.31520
v 15.81912 3.35280 9.14400
v 15.72768 2.56489 7.31520
v 15.72768 2.56489 9.14400
v 15.72768 2.61671 7.31520
v 15.72768 2.61671 9.14400
v 15.81912 2.56489 7.31520
v 15.81912 2.56489 9.14400
v 15.81912 2.61671 7.31520
v 15.81912 2.61671 9.14400
v 18.83283 6.85800 8.68680
v 18.83283 6.85800 9.14400
v 18.83283 7.46760 8.68680
v 18.83283 7.46760 9.14400
v 18.92427 6.85800 8.68680
v 18.92427 6.85800 9.14400
v 18.92427 7.46760 8.68680
v 18.92427 7.46760 9.14400
v 25.78608 6.85800 8.68680
v 25.78608 6.85800 9.14400
v 25.78608 7.46760 8.68680
v 25.78608 7.46760 9.14400
v 25.87752 6.85800 8.68680
v 25.87752 6.85800 9.14400
v 25.87752 7.46760 8.68680
v 25.87752 7.46760 9.14400
v 25.78608 8.99160 7.01040
v 25.78608 8.99160 7.06222
v 25.78608 10.51560 7.01040
v 25.78608 10.51560 7.06222
v 25.87752 8.99160 7.01040
v 25.87752 8.99160 7.06222
v 25.87752 10.51560 7.01040
v 25.87752 10.51560 7.06222
v 25.78608 8.99160 9.77798
v 25.78608 8.99160 9.82980
v 25.78608 10.51560 9.77798
v 25.78608 10.51560 9.82980
v 25.87752 8.99160 9.77798
v 25.87752 8.99160 9.82980
v 25.87752 10.51560 9.77798
v 25.87752 10.51560 9.82980
v 25.78608 8.99160 7.01040
v 25.78608 8.99160 9.82980
v 25.78608 9.04342 7.01040
v 25.78608 9.04342 9.82980
v 25.87752 8.99160 7.01040
v 25.87752 8.99160 9.82980
v 25.87752 9.04342 7.01040
v 25.87752 9.04342 9.82980
v 25.78608 10.46378 7.01040
v 25.78608 10.46378 9.82980
v 25.78608 10.51560 7.01040
v 25.78608 10.51560 9.82980
v 25.87752 10.46378 7.01040
v 25.87752 10.46378 9.82980
v 25.87752 10.51560 7.01040
v 25.87752 10.51560 9.82980
v 25.78608 9.72769 7.01040
v 25.78608 9.72769 9.82980
v 25.78608 9.77951 7.01040
v 25.78608 9.77951 9.82980
v 25.87752 9.72769 7.01040
v 25.87752 9.72769 9.82980
v 25.87752 9.77951 7.01040
v 25.87752 9.77951 9.82980
v 25.78608 11.43000 7.77240
v 25.78608 11.43000 7.82422
v 25.78608 12.34440 7.77240
v 25.78608 12.34440 7.82422
v 25.87752 11.43000 7.77240
v 25.87752 11.43000 7.82422
v 25.87752 12.34440 7.77240
v 25.87752 12.34440 7.82422
v 25.78608 11.43000 8.78738
v 25.78608 11.43000 8.83920
v 25.78608 12.34440 8.78738
v 25.78608 12.34440 8.83920
v 25.87752 11.43000 8.78738
v 25.87752 11.43000 8.83920
v 25.87752 12.34440 8.78738
v 25.87752 12.34440 8.83920
v 25.78608 11.43000 7.77240
v 25.78608 11.43000 8.83920
v 25.78608 11.48182 7.77240
v 25.78608 11.48182 8.83920
v 25.87752 11.43000 7.77240
v 25.87752 11.43000 8.83920
v 25.87752 11.48182 7.77240
v 25.87752 11.48182 8.83920
v 25.78608 12.29258 7.77240
v 25.78608 12.29258 8.83920
v 25.78608 12.34440 7.77240
v 25.78608 12.34440 8.83920
v 25.87752 12.29258 7.77240
v 25.87752 12.29258 8.83920
v 25.87752 12.34440 7.77240
v 25.87752 12.34440 8.83920
v 25.78608 11.86129 7.77240
v 25.78608 11.86129 8.83920
v 25.78608 11.91311 7.77240
v 25.78608 11.91311 8.83920
v 25.87752 11.86129 7.77240
v 25.87752 11.86129 8.83920
v 25.87752 11.91311 7.77240
v 25.87752 11.91311 8.83920
v 25.78608 13.10640 8.68680
v 25.78608 13.10640 9.14400
v 25.78608 13.86840 8.68680
v 25.78608 13.86840 9.14400
v 25.87752 13.10640 8.68680
v 25.87752 13.10640 9.14400
v 25.87752 13.86840 8.68680
v 25.87752 13.86840 9.14400
v 21.64080 14.12748 7.62000
v 21.64080 14.12748 7.67182
v 21.64080 14.21892 7.62000
v 21.64080 14.21892 7.67182
v 23.46960 14.12748 7.62000
v 23.46960 14.12748 7.67182
v 23.46960 14.21892 7.62000
v 23.46960 14.21892 7.67182
v 21.64080 14.12748 8.78738
v 21.64080 14.12748 8.83920
v 21.64080 14.21892 8.78738
v 21.64080 14.21892 8.83920
v 23.46960 14.12748 8.78738
v 23.46960 14.12748 8.83920
v 23.46960 14.21892 8.78738
v 23.46960 14.21892 8.83920
v 21.64080 14.12748 7.62000
v 21.64080 14.12748 8.83920
v 21.64080 14.21892 7.62000
v 21.64080 14.21892 8.83920
v 21.69262 14.12748 7.62000
v 21.69262 14.12748 8.83920
v 21.69262 14.21892 7.62000
v 21.69262 14.21892 8.83920
v 23.41778 14.12748 7.62000
v 23.41778 14.12748 8.83920
v 23.41778 14.21892 7.62000
v 23.41778 14.21892 8.83920
v 23.46960 14.12748 7.62000
v 23.46960 14.12748 8.83920
v 23.46960 14.21892 7.62000
v 23.46960 14.21892 8.83920
v 22.52929 14.12748 7.62000
v 22.52929 14.12748 8.83920
v 22.52929 14.21892 7.62000
v 22.52929 14.21892 8.83920
v 22.58111 14.12748 7.62000
v 22.58111 14.12748 8.83920
v 22.58111 14.21892 7.62000
v 22.58111 14.21892 8.83920
v 23.16480 8.45058 10.82040
v 23.16480 8.45058 10.87222
v 23.16480 8.54202 10.82040
v 23.16480 8.54202 10.87222
v 24.38400 8.45058 10.82040
v 24.38400 8.45058 10.87222
v 24.38400 8.54202 10.82040
v 24.38400 8.54202 10.87222
v 23.16480 8.45058 12.29258
v 23.16480 8.45058 12.34440
v 23.16480 8.54202 12.29258
v 23.16480 8.54202 12.34440
v 24.38400 8.45058 12.29258
v 24.38400 8.45058 12.34440
v 24.38400 8.54202 12.29258
v 24.38400 8.54202 12.34440
v 23.16480 8.45058 10.82040
v 23.16480 8.45058 12.34440
v 23.16480 8.54202 10.82040
v 23.16480 8.54202 12.34440
v 23.21662 8.45058 10.82040
v 23.21662 8.45058 12.34440
v 23.21662 8.54202 10.82040
v 23.21662 8.54202 12.34440
v 24.33218 8.45058 10.82040
v 24.33218 8.45058 12.34440
v 24.33218 8.54202 10.82040
v 24.33218 8.54202 12.34440
v 24.38400 8.45058 10.82040
v 24.38400 8.45058 12.34440
v 24.38400 8.54202 10.82040
v 24.38400 8.54202 12.34440
v 23.74849 8.45058 10.82040
v 23.74849 8.45058 12.34440
v 23.74849 8.54202 10.82040
v 23.74849 8.54202 12.34440
v 23.80031 8.45058 10.82040
v 23.80031 8.45058 12.34440
v 23.80031 8.54202 10.82040
v 23.80031 8.54202 12.34440
v 20.98548 9.14400 10.97280
v 20.98548 9.14400 11.02462
v 20.98548 10.21080 10.97280
v 20.98548 10.21080 11.02462
v 21.07692 9.14400 10.97280
v 21.07692 9.14400 11.02462
v 21.07692 10.21080 10.97280
v 21.07692 10.21080 11.02462
v 20.98548 9.14400 11.98778
v 20.98548 9.14400 12.03960
v 20.98548 10.21080 11.98778
v 20.98548 10.21080 12.03960
v 21.07692 9.14400 11.98778
v 21.07692 9.14400 12.03960
v 21.07692 10.21080 11.98778
v 21.07692 10.21080 12.03960
v 20.98548 9.14400 10.97280
v 20.98548 9.14400 12.03960
v 20.98548 9.19582 10.97280
v 20.98548 9.19582 12.03960
v 21.07692 9.14400 10.97280
v 21.07692 9.14400 12.03960
v 21.07692 9.19582 10.97280
v 21.07692 9.19582 12.03960
v 20.98548 10.15898 10.97280
v 20.98548 10.15898 12.03960
v 20.98548 10.21080 10.97280
v 20.98548 10.21080 12.03960
v 21.07692 10.15898 10.97280
v 21.07692 10.15898 12.03960
v 21.07692 10.21080 10.97280
v 21.07692 10.21080 12.03960
v 20.98548 9.65149 10.97280
v 20.98548 9.65149 12.03960
v 20.98548 9.70331 10.97280
v 20.98548 9.70331 12.03960
v 21.07692 9.65149 10.97280
v 21.07692 9.65149 12.03960
v 21.07692 9.70331 10.97280
v 21.07692 9.70331 12.03960
v 25.78608 8.99160 10.36320
v 25.78608 8.99160 10.41502
v 25.78608 10.51560 10.36320
v 25.78608 10.51560 10.41502
v 25.87752 8.99160 10.36320
v 25.87752 8.99160 10.41502
v 25.87752 10.51560 10.36320
v 25.87752 10.51560 10.41502
v 25.78608 8.99160 12.44498
v 25.78608 8.99160 12.49680
v 25.78608 10.51560 12.44498
v 25.78608 10.51560 12.49680
v 25.87752 8.99160 12.44498
v 25.87752 8.99160 12.49680
v 25.87752 10.51560 12.44498
v 25.87752 10.51560 12.49680
v 25.78608 8.99160 10.36320
v 25.78608 8.99160 12.49680
v 25.78608 9.04342 10.36320
v 25.78608 9.04342 12.49680
v 25.87752 8.99160 10.36320
v 25.87752 8.99160 12.49680
v 25.87752 9.04342 10.36320
v 25.87752 9.04342 12.49680
v 25.78608 10.46378 10.36320
v 25.78608 10.46378 12.49680
v 25.78608 10.51560 10.36320
v 25.78608 10.51560 12.49680
v 25.87752 10.46378 10.36320
v 25.87752 10.46378 12.49680
v 25.87752 10.51560 10.36320
v 25.87752 10.51560 12.49680
v 25.78608 9.72769 10.36320
v 25.78608 9.72769 12.49680
v 25.78608 9.77951 10.36320
v 25.78608 9.77951 12.49680
v 25.87752 9.72769 10.36320
v 25.87752 9.72769 12.49680
v 25.87752 9.77951 10.36320
v 25.87752 9.77951 12.49680
v 22.86000 10.92708 10.97280
v 22.86000 10.92708 11.02462
v 22.86000 11.01852 10.97280
v 22.86000 11.01852 11.02462
v 24.38400 10.92708 10.97280
v 24.38400 10.92708 11.02462
v 24.38400 11.01852 10.97280
v 24.38400 11.01852 11.02462
v 22.86000 10.92708 12.14018
v 22.86000 10.92708 12.19200
v 22.86000 11.01852 12.14018
v 22.86000 11.01852 12.19200
v 24.38400 10.92708 12.14018
v 24.38400 10.92708 12.19200
v 24.38400 11.01852 12.14018
v 24.38400 11.01852 12.19200
v 22.86000 10.92708 10.97280
v 22.86000 10.92708 12.19200
v 22.86000 11.01852 10.97280
v 22.86000 11.01852 12.19200
v 22.91182 10.92708 10.97280
v 22.91182 10.92708 12.19200
v 22.91182 11.01852 10.97280
v 22.91182 11.01852 12.19200
v 24.33218 10.92708 10.97280
v 24.33218 10.92708 12.19200
v 24.33218 11.01852 10.97280
v 24.33218 11.01852 12.19200
v 24.38400 10.92708 10.97280
v 24.38400 10.92708 12.19200
v 24.38400 11.01852 10.97280
v 24.38400 11.01852 12.19200
v 23.59609 10.92708 10.97280
v 23.59609 10.92708 12.19200
v 23.59609 11.01852 10.97280
v 23.59609 11.01852 12.19200
v 23.64791 10.92708 10.97280
v 23.64791 10.92708 12.19200
v 23.64791 11.01852 10.97280
v 23.64791 11.01852 12.19200
f 4714 4716 4713
f 4717 4714 4713
f 4713 4716 4715
f 4715 4717 4713
f 4714 4720 4716
f 4718 4714 4717
f 4718 4720 4714
f 4716 4720 4715
f 4719 4717 4715
f 4715 4720 4719
f 4719 4718 4717
f 4720 4718 4719
f 4722 4724 4721
f 4725 4722 4721
f 4721 4724 4723
f 4723 4725 4721
f 4722 4728 4724
f 4726 4722 4725
f 4726 4728 4722
f 4724 4728 4723
f 4727 4725 4723
f 4723 4728 4727
f 4727 4726 4725
f 4728 4726 4727
f 4730 4732 4729
f 4733 4730 4729
f 4729 4732 4731
f 4731 4733 4729
f 4730 4736 4732
f 4734 4730 4733
f 4734 4736 4730
f 4732 4736 4731
f 4735 4733 4731
f 4731 4736 4735
f 4735 4734 4733
f 4736 4734 4735
f 4738 4740 4737
f 4741 4738 4737
f 4737 4740 4739
f 4739 4741 4737
f 4738 4744 4740
f 4742 4738 4741
f 4742 4744 4738
f 4740 4744 4739
f 4743 4741 4739
f 4739 4744 4743
f 4743 4742 4741
f 4744 4742 4743
f 4746 4748 4745
f 4749 4746 4745
f 4745 4748 4747
f 4747 4749 4745
f 4746 4752 4748
f 4750 4746 4749
f 4750 4752 4746
f 4748 4752 4747
f 4751 4749 4747
f 4747 4752 4751
f 4751 4750 4749
f 4752 4750 4751
f 4754 4756 4753
f 4757 4754 4753
f 4753 4756 4755
f 4755 4757 4753
f 4754 4760 4756
f 4758 4754 4757
f 4758 4760 4754
f 4756 4760 4755
f 4759 4757 4755
f 4755 4760 4759
f 4759 4758 4757
f 4760 4758 4759
f 4762 4764 4761
f 4765 4762 4761
f 4761 4764 4763
f 4763 4765 4761
f 4762 4768 4764
f 4766 4762 4765
f 4766 4768 4762
f 4764 4768 4763
f 4767 4765 4763
f 4763 4768 4767
f 4767 4766 4765
f 4768 4766 4767
f 4770 4772 4769
f 4773 4770 4769
f 4769 4772 4771
f 4771 4773 4769
f 4770 4776 4772
f 4774 4770 4773
f 4774 4776 4770
f 4772 4776 4771
f 4775 4773 4771
f 4771 4776 4775
f 4775 4774 4773
f 4776 4774 4775
f 4778 4780 4777
f 4781 4778 4777
f 4777 4780 4779
f 4779 4781 4777
f 4778 4784 4780
f 4782 4778 4781
f 4782 4784 4778
f 4780 4784 4779
f 4783 4781 4779
f 4779 4784 4783
f 4783 4782 4781
f 4784 4782 4783
f 4786 4788 4785
f 4789 4786 4785
f 4785 4788 4787
f 4787 4789 4785
f 4786 4792 4788
f 4790 4786 4789
f 4790 4792 4786
f 4788 4792 4787
f 4791 4789 4787
f 4787 4792 4791
f 4791 4790 4789
f 4792 4790 4791
f 4794 4796 4793
f 4797 4794 4793
f 4793 4796 4795
f 4795 4797 4793
f 4794 4800 4796
f 4798 4794 4797
f 4798 4800 4794
f 4796 4800 4795
f 4799 4797 4795
f 4795 4800 4799
f 4799 4798 4797
f 4800 4798 4799
f 4802 4804 4801
f 4805 4802 4801
f 4801 4804 4803
f 4803 4805 4801
f 4802 4808 4804
f 4806 4802 4805
f 4806 4808 4802
f 4804 4808 4803
f 4807 4805 4803
f 4803 4808 4807
f 4807 4806 4805
f 4808 4806 4807
f 4810 4812 4809
f 4813 4810 4809
f 4809 4812 4811
f 4811 4813 4809
f 4810 4816 4812
f 4814 4810 4813
f 4814 4816 4810
f 4812 4816 4811
f 4815 4813 4811
f 4811 4816 4815
f 4815 4814 4813
f 4816 4814 4815
f 4818 4820 4817
f 4821 4818 4817
f 4817 4820 4819
f 4819 4821 4817
f 4818 4824 4820
f 4822 4818 4821
f 4822 4824 4818
f 4820 4824 4819
f 4823 4821 4819
f 4819 4824 4823
f 4823 4822 4821
f 4824 4822 4823
f 4826 4828 4825
f 4829 4826 4825
f 4825 4828 4827
f 4827 4829 4825
f 4826 4832 4828
f 4830 4826 4829
f 4830 4832 4826
f 4828 4832 4827
f 4831 4829 4827
f 4827 4832 4831
f 4831 4830 4829
f 4832 4830 4831
f 4834 4836 4833
f 4837 4834 4833
f 4833 4836 4835
f 4835 4837 4833
f 4834 4840 4836
f 4838 4834 4837
f 4838 4840 4834
f 4836 4840 4835
f 4839 4837 4835
f 4835 4840 4839
f 4839 4838 4837
f 4840 4838 4839
f 4842 4844 4841
f 4845 4842 4841
f 4841 4844 4843
f 4843 4845 4841
f 4842 4848 4844
f 4846 4842 4845
f 4846 4848 4842
f 4844 4848 4843
f 4847 4845 4843
f 4843 4848 4847
f 4847 4846 4845
f 4848 4846 4847
f 4850 4852 4849
f 4853 4850 4849
f 4849 4852 4851
f 4851 4853 4849
f 4850 4856 4852
f 4854 4850 4853
f 4854 4856 4850
f 4852 4856 4851
f 4855 4853 4851
f 4851 4856 4855
f 4855 4854 4853
f 4856 4854 4855
f 4858 4860 4857
f 4861 4858 4857
f 4857 4860 4859
f 4859 4861 4857
f 4858 4864 4860
f 4862 4858 4861
f 4862 4864 4858
f 4860 4864 4859
f 4863 4861 4859
f 4859 4864 4863
f 4863 4862 4861
f 4864 4862 4863
f 4866 4868 4865
f 4869 4866 4865
f 4865 4868 4867
f 4867 4869 4865
f 4866 4872 4868
f 4870 4866 4869
f 4870 4872 4866
f 4868 4872 4867
f 4871 4869 4867
f 4867 4872 4871
f 4871 4870 4869
f 4872 4870 4871
f 4874 4876 4873
f 4877 4874 4873
f 4873 4876 4875
f 4875 4877 4873
f 4874 4880 4876
f 4878 4874 4877
f 4878 4880 4874
f 4876 4880 4875
f 4879 4877 4875
f 4875 4880 4879
f 4879 4878 4877
f 4880 4878 4879
f 4882 4884 4881
f 4885 4882 4881
f 4881 4884 4883
f 4883 4885 4881
f 4882 4888 4884
f 4886 4882 4885
f 4886 4888 4882
f 4884 4888 4883
f 4887 4885 4883
f 4883 4888 4887
f 4887 4886 4885
f 4888 4886 4887
f 4890 4892 4889
f 4893 4890 4889
f 4889 4892 4891
f 4891 4893 4889
f 4890 4896 4892
f 4894 4890 4893
f 4894 4896 4890
f 4892 4896 4891
f 4895 4893 4891
f 4891 4896 4895
f 4895 4894 4893
f 4896 4894 4895
f 4898 4900 4897
f 4901 4898 4897
f 4897 4900 4899
f 4899 4901 4897
f 4898 4904 4900
f 4902 4898 4901
f 4902 4904 4898
f 4900 4904 4899
f 4903 4901 4899
f 4899 4904 4903
f 4903 4902 4901
f 4904 4902 4903
f 4906 4908 4905
f 4909 4906 4905
f 4905 4908 4907
f 4907 4909 4905
f 4906 4912 4908
f 4910 4906 4909
f 4910 4912 4906
f 4908 4912 4907
f 4911 4909 4907
f 4907 4912 4911
f 4911 4910 4909
f 4912 4910 4911
f 4914 4916 4913
f 4917 4914 4913
f 4913 4916 4915
f 4915 4917 4913
f 4914 4920 4916
f 4918 4914 4917
f 4918 4920 4914
f 4916 4920 4915
f 4919 4917 4915
f 4915 4920 4919
f 4919 4918 4917
f 4920 4918 4919
f 4922 4924 4921
f 4925 4922 4921
f 4921 4924 4923
f 4923 4925 4921
f 4922 4928 4924
f 4926 4922 4925
f 4926 4928 4922
f 4924 4928 4923
f 4927 4925 4923
f 4923 4928 4927
f 4927 4926 4925
f 4928 4926 4927
f 4930 4932 4929
f 4933 4930 4929
f 4929 4932 4931
f 4931 4933 4929
f 4930 4936 4932
f 4934 4930 4933
f 4934 4936 4930
f 4932 4936 4931
f 4935 4933 4931
f 4931 4936 4935
f 4935 4934 4933
f 4936 4934 4935
f 4938 4940 4937
f 4941 4938 4937
f 4937 4940 4939
f 4939 4941 4937
f 4938 4944 4940
f 4942 4938 4941
f 4942 4944 4938
f 4940 4944 4939
f 4943 4941 4939
f 4939 4944 4943
f 4943 4942 4941
f 4944 4942 4943
f 4946 4948 4945
f 4949 4946 4945
f 4945 4948 4947
f 4947 4949 4945
f 4946 4952 4948
f 4950 4946 4949
f 4950 4952 4946
f 4948 4952 4947
f 4951 4949 4947
f 4947 4952 4951
f 4951 4950 4949
f 4952 4950 4951
f 4954 4956 4953
f 4957 4954 4953
f 4953 4956 4955
f 4955 4957 4953
f 4954 4960 4956
f 4958 4954 4957
f 4958 4960 4954
f 4956 4960 4955
f 4959 4957 4955
f 4955 4960 4959
f 4959 4958 4957
f 4960 4958 4959
f 4962 4964 4961
f 4965 4962 4961
f 4961 4964 4963
f 4963 4965 4961
f 4962 4968 4964
f 4966 4962 4965
f 4966 4968 4962
f 4964 4968 4963
f 4967 4965 4963
f 4963 4968 4967
f 4967 4966 4965
f 4968 4966 4967
f 4970 4972 4969
f 4973 4970 4969
f 4969 4972 4971
f 4971 4973 4969
f 4970 4976 4972
f 4974 4970 4973
f 4974 4976 4970
f 4972 4976 4971
f 4975 4973 4971
f 4971 4976 4975
f 4975 4974 4973
f 4976 4974 4975
f 4978 4980 4977
f 4981 4978 4977
f 4977 4980 4979
f 4979 4981 4977
f 4978 4984 4980
f 4982 4978 4981
f 4982 4984 4978
f 4980 4984 4979
f 4983 4981 4979
f 4979 4984 4983
f 4983 4982 4981
f 4984 4982 4983
f 4986 4988 4985
f 4989 4986 4985
f 4985 4988 4987
f 4987 4989 4985
f 4986 4992 4988
f 4990 4986 4989
f 4990 4992 4986
f 4988 4992 4987
f 4991 4989 4987
f 4987 4992 4991
f 4991 4990 4989
f 4992 4990 4991
f 4994 4996 4993
f 4997 4994 4993
f 4993 4996 4995
f 4995 4997 4993
f 4994 5000 4996
f 4998 4994 4997
f 4998 5000 4994
f 4996 5000 4995
f 4999 4997 4995
f 4995 5000 4999
f 4999 4998 4997
f 5000 4998 4999
f 5002 5004 5001
f 5005 5002 5001
f 5001 5004 5003
f 5003 5005 5001
f 5002 5008 5004
f 5006 5002 5005
f 5006 5008 5002
f 5004 5008 5003
f 5007 5005 5003
f 5003 5008 5007
f 5007 5006 5005
f 5008 5006 5007
f 5010 5012 5009
f 5013 5010 5009
f 5009 5012 5011
f 5011 5013 5009
f 5010 5016 5012
f 5014 5010 5013
f 5014 5016 5010
f 5012 5016 5011
f 5015 5013 5011
f 5011 5016 5015
f 5015 5014 5013
f 5016 5014 5015
f 5018 5020 5017
f 5021 5018 5017
f 5017 5020 5019
f 5019 5021 5017
f 5018 5024 5020
f 5022 5018 5021
f 5022 5024 5018
f 5020 5024 5019
f 5023 5021 5019
f 5019 5024 5023
f 5023 5022 5021
f 5024 5022 5023
f 5026 5028 5025
f 5029 5026 5025
f 5025 5028 5027
f 5027 5029 5025
f 5026 5032 5028
f 5030 5026 5029
f 5030 5032 5026
f 5028 5032 5027
f 5031 5029 5027
f 5027 5032 5031
f 5031 5030 5029
f 5032 5030 5031
f 5034 5036 5033
f 5037 5034 5033
f 5033 5036 5035
f 5035 5037 5033
f 5034 5040 5036
f 5038 5034 5037
f 5038 5040 5034
f 5036 5040 5035
f 5039 5037 5035
f 5035 5040 5039
f 5039 5038 5037
f 5040 5038 5039
f 5042 5044 5041
f 5045 5042 5041
f 5041 5044 5043
f 5043 5045 5041
f 5042 5048 5044
f 5046 5042 5045
f 5046 5048 5042
f 5044 5048 5043
f 5047 5045 5043
f 5043 5048 5047
f 5047 5046 5045
f 5048 5046 5047
f 5050 5052 5049
f 5053 5050 5049
f 5049 5052 5051
f 5051 5053 5049
f 5050 5056 5052
f 5054 5050 5053
f 5054 5056 5050
f 5052 5056 5051
f 5055 5053 5051
f 5051 5056 5055
f 5055 5054 5053
f 5056 5054 5055
f 5058 5060 5057
f 5061 5058 5057
f 5057 5060 5059
f 5059 5061 5057
f 5058 5064 5060
f 5062 5058 5061
f 5062 5064 5058
f 5060 5064 5059
f 5063 5061 5059
f 5059 5064 5063
f 5063 5062 5061
f 5064 5062 5063
f 5066 5068 5065
f 5069 5066 5065
f 5065 5068 5067
f 5067 5069 5065
f 5066 5072 5068
f 5070 5066 5069
f 5070 5072 5066
f 5068 5072 5067
f 5071 5069 5067
f 5067 5072 5071
f 5071 5070 5069
f 5072 5070 5071
f 5074 5076 5073
f 5077 5074 5073
f 5073 5076 5075
f 5075 5077 5073
f 5074 5080 5076
f 5078 5074 5077
f 5078 5080 5074
f 5076 5080 5075
f 5079 5077 5075
f 5075 5080 5079
f 5079 5078 5077
f 5080 5078 5079
f 5082 5084 5081
f 5085 5082 5081
f 5081 5084 5083
f 5083 5085 5081
f 5082 5088 5084
f 5086 5082 5085
f 5086 5088 5082
f 5084 5088 5083
f 5087 5085 5083
f 5083 5088 5087
f 5087 5086 5085
f 5088 5086 5087
f 5090 5092 5089
f 5093 5090 5089
f 5089 5092 5091
f 5091 5093 5089
f 5090 5096 5092
f 5094 5090 5093
f 5094 5096 5090
f 5092 5096 5091
f 5095 5093 5091
f 5091 5096 5095
f 5095 5094 5093
f 5096 5094 5095
f 5098 5100 5097
f 5101 5098 5097
f 5097 5100 5099
f 5099 5101 5097
f 5098 5104 5100
f 5102 5098 5101
f 5102 5104 5098
f 5100 5104 5099
f 5103 5101 5099
f 5099 5104 5103
f 5103 5102 5101
f 5104 5102 5103
f 5106 5108 5105
f 5109 5106 5105
f 5105 5108 5107
f 5107 5109 5105
f 5106 5112 5108
f 5110 5106 5109
f 5110 5112 5106
f 5108 5112 5107
f 5111 5109 5107
f 5107 5112 5111
f 5111 5110 5109
f 5112 5110 5111
f 5114 5116 5113
f 5117 5114 5113
f 5113 5116 5115
f 5115 5117 5113
f 5114 5120 5116
f 5118 5114 5117
f 5118 5120 5114
f 5116 5120 5115
f 5119 5117 5115
f 5115 5120 5119
f 5119 5118 5117
f 5120 5118 5119
f 5122 5124 5121
f 5125 5122 5121
f 5121 5124 5123
f 5123 5125 5121
f 5122 5128 5124
f 5126 5122 5125
f 5126 5128 5122
f 5124 5128 5123
f 5127 5125 5123
f 5123 5128 5127
f 5127 5126 5125
f 5128 5126 5127
f 5130 5132 5129
f 5133 5130 5129
f 5129 5132 5131
f 5131 5133 5129
f 5130 5136 5132
f 5134 5130 5133
f 5134 5136 5130
f 5132 5136 5131
f 5135 5133 5131
f 5131 5136 5135
f 5135 5134 5133
f 5136 5134 5135
f 5138 5140 5137
f 5141 5138 5137
f 5137 5140 5139
f 5139 5141 5137
f 5138 5144 5140
f 5142 5138 5141
f 5142 5144 5138
f 5140 5144 5139
f 5143 5141 5139
f 5139 5144 5143
f 5143 5142 5141
f 5144 5142 5143
f 5146 5148 5145
f 5149 5146 5145
f 5145 5148 5147
f 5147 5149 5145
f 5146 5152 5148
f 5150 5146 5149
f 5150 5152 5146
f 5148 5152 5147
f 5151 5149 5147
f 5147 5152 5151
f 5151 5150 5149
f 5152 5150 5151
f 5154 5156 5153
f 5157 5154 5153
f 5153 5156 5155
f 5155 5157 5153
f 5154 5160 5156
f 5158 5154 5157
f 5158 5160 5154
f 5156 5160 5155
f 5159 5157 5155
f 5155 5160 5159
f 5159 5158 5157
f 5160 5158 5159
f 5162 5164 5161
f 5165 5162 5161
f 5161 5164 5163
f 5163 5165 5161
f 5162 5168 5164
f 5166 5162 5165
f 5166 5168 5162
f 5164 5168 5163
f 5167 5165 5163
f 5163 5168 5167
f 5167 5166 5165
f 5168 5166 5167
f 5170 5172 5169
f 5173 5170 5169
f 5169 5172 5171
f 5171 5173 5169
f 5170 5176 5172
f 5174 5170 5173
f 5174 5176 5170
f 5172 5176 5171
f 5175 5173 5171
f 5171 5176 5175
f 5175 5174 5173
f 5176 5174 5175
f 5178 5180 5177
f 5181 5178 5177
f 5177 5180 5179
f 5179 5181 5177
f 5178 5184 5180
f 5182 5178 5181
f 5182 5184 5178
f 5180 5184 5179
f 5183 5181 5179
f 5179 5184 5183
f 5183 5182 5181
f 5184 5182 5183
f 5186 5188 5185
f 5189 5186 5185
f 5185 5188 5187
f 5187 5189 5185
f 5186 5192 5188
f 5190 5186 5189
f 5190 5192 5186
f 5188 5192 5187
f 5191 5189 5187
f 5187 5192 5191
f 5191 5190 5189
f 5192 5190 5191
f 5194 5196 5193
f 5197 5194 5193
f 5193 5196 5195
f 5195 5197 5193
f 5194 5200 5196
f 5198 5194 5197
f 5198 5200 5194
f 5196 5200 5195
f 5199 5197 5195
f 5195 5200 5199
f 5199 5198 5197
f 5200 5198 5199
f 5202 5204 5201
f 5205 5202 5201
f 5201 5204 5203
f 5203 5205 5201
f 5202 5208 5204
f 5206 5202 5205
f 5206 5208 5202
f 5204 5208 5203
f 5207 5205 5203
f 5203 5208 5207
f 5207 5206 5205
f 5208 5206 5207
f 5210 5212 5209
f 5213 5210 5209
f 5209 5212 5211
f 5211 5213 5209
f 5210 5216 5212
f 5214 5210 5213
f 5214 5216 5210
f 5212 5216 5211
f 5215 5213 5211
f 5211 5216 5215
f 5215 5214 5213
f 5216 5214 5215
f 5218 5220 5217
f 5221 5218 5217
f 5217 5220 5219
f 5219 5221 5217
f 5218 5224 5220
f 5222 5218 5221
f 5222 5224 5218
f 5220 5224 5219
f 5223 5221 5219
f 5219 5224 5223
f 5223 5222 5221
f 5224 5222 5223
f 5226 5228 5225
f 5229 5226 5225
f 5225 5228 5227
f 5227 5229 5225
f 5226 5232 5228
f 5230 5226 5229
f 5230 5232 5226
f 5228 5232 5227
f 5231 5229 5227
f 5227 5232 5231
f 5231 5230 5229
f 5232 5230 5231
f 5234 5236 5233
f 5237 5234 5233
f 5233 5236 5235
f 5235 5237 5233
f 5234 5240 5236
f 5238 5234 5237
f 5238 5240 5234
f 5236 5240 5235
f 5239 5237 5235
f 5235 5240 5239
f 5239 5238 5237
f 5240 5238 5239
f 5242 5244 5241
f 5245 5242 5241
f 5241 5244 5243
f 5243 5245 5241
f 5242 5248 5244
f 5246 5242 5245
f 5246 5248 5242
f 5244 5248 5243
f 5247 5245 5243
f 5243 5248 5247
f 5247 5246 5245
f 5248 5246 5247
f 5250 5252 5249
f 5253 5250 5249
f 5249 5252 5251
f 5251 5253 5249
f 5250 5256 5252
f 5254 5250 5253
f 5254 5256 5250
f 5252 5256 5251
f 5255 5253 5251
f 5251 5256 5255
f 5255 5254 5253
f 5256 5254 5255
f 5258 5260 5257
f 5261 5258 5257
f 5257 5260 5259
f 5259 5261 5257
f 5258 5264 5260
f 5262 5258 5261
f 5262 5264 5258
f 5260 5264 5259
f 5263 5261 5259
f 5259 5264 5263
f 5263 5262 5261
f 5264 5262 5263
f 5266 5268 5265
f 5269 5266 5265
f 5265 5268 5267
f 5267 5269 5265
f 5266 5272 5268
f 5270 5266 5269
f 5270 5272 5266
f 5268 5272 5267
f 5271 5269 5267
f 5267 5272 5271
f 5271 5270 5269
f 5272 5270 5271
f 5274 5276 5273
f 5277 5274 5273
f 5273 5276 5275
f 5275 5277 5273
f 5274 5280 5276
f 5278 5274 5277
f 5278 5280 5274
f 5276 5280 5275
f 5279 5277 5275
f 5275 5280 5279
f 5279 5278 5277
f 5280 5278 5279
f 5282 5284 5281
f 5285 5282 5281
f 5281 5284 5283
f 5283 5285 5281
f 5282 5288 5284
f 5286 5282 5285
f 5286 5288 5282
f 5284 5288 5283
f 5287 5285 5283
f 5283 5288 5287
f 5287 5286 5285
f 5288 5286 5287
f 5290 5292 5289
f 5293 5290 5289
f 5289 5292 5291
f 5291 5293 5289
f 5290 5296 5292
f 5294 5290 5293
f 5294 5296 5290
f 5292 5296 5291
f 5295 5293 5291
f 5291 5296 5295
f 5295 5294 5293
f 5296 5294 5295
f 5298 5300 5297
f 5301 5298 5297
f 5297 5300 5299
f 5299 5301 5297
f 5298 5304 5300
f 5302 5298 5301
f 5302 5304 5298
f 5300 5304 5299
f 5303 5301 5299
f 5299 5304 5303
f 5303 5302 5301
f 5304 5302 5303
f 5306 5308 5305
f 5309 5306 5305
f 5305 5308 5307
f 5307 5309 5305
f 5306 5312 5308
f 5310 5306 5309
f 5310 5312 5306
f 5308 5312 5307
f 5311 5309 5307
f 5307 5312 5311
f 5311 5310 5309
f 5312 5310 5311
f 5314 5316 5313
f 5317 5314 5313
f 5313 5316 5315
f 5315 5317 5313
f 5314 5320 5316
f 5318 5314 5317
f 5318 5320 5314
f 5316 5320 5315
f 5319 5317 5315
f 5315 5320 5319
f 5319 5318 5317
f 5320 5318 5319
f 5322 5324 5321
f 5325 5322 5321
f 5321 5324 5323
f 5323 5325 5321
f 5322 5328 5324
f 5326 5322 5325
f 5326 5328 5322
f 5324 5328 5323
f 5327 5325 5323
f 5323 5328 5327
f 5327 5326 5325
f 5328 5326 5327
f 5330 5332 5329
f 5333 5330 5329
f 5329 5332 5331
f 5331 5333 5329
f 5330 5336 5332
f 5334 5330 5333
f 5334 5336 5330
f 5332 5336 5331
f 5335 5333 5331
f 5331 5336 5335
f 5335 5334 5333
f 5336 5334 5335
f 5338 5340 5337
f 5341 5338 5337
f 5337 5340 5339
f 5339 5341 5337
f 5338 5344 5340
f 5342 5338 5341
f 5342 5344 5338
f 5340 5344 5339
f 5343 5341 5339
f 5339 5344 5343
f 5343 5342 5341
f 5344 5342 5343
f 5346 5348 5345
f 5349 5346 5345
f 5345 5348 5347
f 5347 5349 5345
f 5346 5352 5348
f 5350 5346 5349
f 5350 5352 5346
f 5348 5352 5347
f 5351 5349 5347
f 5347 5352 5351
f 5351 5350 5349
f 5352 5350 5351
f 5354 5356 5353
f 5357 5354 5353
f 5353 5356 5355
f 5355 5357 5353
f 5354 5360 5356
f 5358 5354 5357
f 5358 5360 5354
f 5356 5360 5355
f 5359 5357 5355
f 5355 5360 5359
f 5359 5358 5357
f 5360 5358 5359
f 5362 5364 5361
f 5365 5362 5361
f 5361 5364 5363
f 5363 5365 5361
f 5362 5368 5364
f 5366 5362 5365
f 5366 5368 5362
f 5364 5368 5363
f 5367 5365 5363
f 5363 5368 5367
f 5367 5366 5365
f 5368 5366 5367
f 5370 5372 5369
f 5373 5370 5369
f 5369 5372 5371
f 5371 5373 5369
f 5370 5376 5372
f 5374 5370 5373
f 5374 5376 5370
f 5372 5376 5371
f 5375 5373 5371
f 5371 5376 5375
f 5375 5374 5373
f 5376 5374 5375
f 5378 5380 5377
f 5381 5378 5377
f 5377 5380 5379
f 5379 5381 5377
f 5378 5384 5380
f 5382 5378 5381
f 5382 5384 5378
f 5380 5384 5379
f 5383 5381 5379
f 5379 5384 5383
f 5383 5382 5381
f 5384 5382 5383
f 5386 5388 5385
f 5389 5386 5385
f 5385 5388 5387
f 5387 5389 5385
f 5386 5392 5388
f 5390 5386 5389
f 5390 5392 5386
f 5388 5392 5387
f 5391 5389 5387
f 5387 5392 5391
f 5391 5390 5389
f 5392 5390 5391
f 5394 5396 5393
f 5397 5394 5393
f 5393 5396 5395
f 5395 5397 5393
f 5394 5400 5396
f 5398 5394 5397
f 5398 5400 5394
f 5396 5400 5395
f 5399 5397 5395
f 5395 5400 5399
f 5399 5398 5397
f 5400 5398 5399
f 5402 5404 5401
f 5405 5402 5401
f 5401 5404 5403
f 5403 5405 5401
f 5402 5408 5404
f 5406 5402 5405
f 5406 5408 5402
f 5404 5408 5403
f 5407 5405 5403
f 5403 5408 5407
f 5407 5406 5405
f 5408 5406 5407
f 5410 5412 5409
f 5413 5410 5409
f 5409 5412 5411
f 5411 5413 5409
f 5410 5416 5412
f 5414 5410 5413
f 5414 5416 5410
f 5412 5416 5411
f 5415 5413 5411
f 5411 5416 5415
f 5415 5414 5413
f 5416 5414 5415
f 5418 5420 5417
f 5421 5418 5417
f 5417 5420 5419
f 5419 5421 5417
f 5418 5424 5420
f 5422 5418 5421
f 5422 5424 5418
f 5420 5424 5419
f 5423 5421 5419
f 5419 5424 5423
f 5423 5422 5421
f 5424 5422 5423
f 5426 5428 5425
f 5429 5426 5425
f 5425 5428 5427
f 5427 5429 5425
f 5426 5432 5428
f 5430 5426 5429
f 5430 5432 5426
f 5428 5432 5427
f 5431 5429 5427
f 5427 5432 5431
f 5431 5430 5429
f 5432 5430 5431
f 5434 5436 5433
f 5437 5434 5433
f 5433 5436 5435
f 5435 5437 5433
f 5434 5440 5436
f 5438 5434 5437
f 5438 5440 5434
f 5436 5440 5435
f 5439 5437 5435
f 5435 5440 5439
f 5439 5438 5437
f 5440 5438 5439
f 5442 5444 5441
f 5445 5442 5441
f 5441 5444 5443
f 5443 5445 5441
f 5442 5448 5444
f 5446 5442 5445
f 5446 5448 5442
f 5444 5448 5443
f 5447 5445 5443
f 5443 5448 5447
f 5447 5446 5445
f 5448 5446 5447
f 5450 5452 5449
f 5453 5450 5449
f 5449 5452 5451
f 5451 5453 5449
f 5450 5456 5452
f 5454 5450 5453
f 5454 5456 5450
f 5452 5456 5451
f 5455 5453 5451
f 5451 5456 5455
f 5455 5454 5453
f 5456 5454 5455
f 5458 5460 5457
f 5461 5458 5457
f 5457 5460 5459
f 5459 5461 5457
f 5458 5464 5460
f 5462 5458 5461
f 5462 5464 5458
f 5460 5464 5459
f 5463 5461 5459
f 5459 5464 5463
f 5463 5462 5461
f 5464 5462 5463
f 5466 5468 5465
f 5469 5466 5465
f 5465 5468 5467
f 5467 5469 5465
f 5466 5472 5468
f 5470 5466 5469
f 5470 5472 5466
f 5468 5472 5467
f 5471 5469 5467
f 5467 5472 5471
f 5471 5470 5469
f 5472 5470 5471
f 5474 5476 5473
f 5477 5474 5473
f 5473 5476 5475
f 5475 5477 5473
f 5474 5480 5476
f 5478 5474 5477
f 5478 5480 5474
f 5476 5480 5475
f 5479 5477 5475
f 5475 5480 5479
f 5479 5478 5477
f 5480 5478 5479
f 5482 5484 5481
f 5485 5482 5481
f 5481 5484 5483
f 5483 5485 5481
f 5482 5488 5484
f 5486 5482 5485
f 5486 5488 5482
f 5484 5488 5483
f 5487 5485 5483
f 5483 5488 5487
f 5487 5486 5485
f 5488 5486 5487
f 5490 5492 5489
f 5493 5490 5489
f 5489 5492 5491
f 5491 5493 5489
f 5490 5496 5492
f 5494 5490 5493
f 5494 5496 5490
f 5492 5496 5491
f 5495 5493 5491
f 5491 5496 5495
f 5495 5494 5493
f 5496 5494 5495
f 5498 5500 5497
f 5501 5498 5497
f 5497 5500 5499
f 5499 5501 5497
f 5498 5504 5500
f 5502 5498 5501
f 5502 5504 5498
f 5500 5504 5499
f 5503 5501 5499
f 5499 5504 5503
f 5503 5502 5501
f 5504 5502 5503
f 5506 5508 5505
f 5509 5506 5505
f 5505 5508 5507
f 5507 5509 5505
f 5506 5512 5508
f 5510 5506 5509
f 5510 5512 5506
f 5508 5512 5507
f 5511 5509 5507
f 5507 5512 5511
f 5511 5510 5509
f 5512 5510 5511
f 5514 5516 5513
f 5517 5514 5513
f 5513 5516 5515
f 5515 5517 5513
f 5514 5520 5516
f 5518 5514 5517
f 5518 5520 5514
f 5516 5520 5515
f 5519 5517 5515
f 5515 5520 5519
f 5519 5518 5517
f 5520 5518 5519
f 5522 5524 5521
f 5525 5522 5521
f 5521 5524 5523
f 5523 5525 5521
f 5522 5528 5524
f 5526 5522 5525
f 5526 5528 5522
f 5524 5528 5523
f 5527 5525 5523
f 5523 5528 5527
f 5527 5526 5525
f 5528 5526 5527
f 5530 5532 5529
f 5533 5530 5529
f 5529 5532 5531
f 5531 5533 5529
f 5530 5536 5532
f 5534 5530 5533
f 5534 5536 5530
f 5532 5536 5531
f 5535 5533 5531
f 5531 5536 5535
f 5535 5534 5533
f 5536 5534 5535
f 5538 5540 5537
f 5541 5538 5537
f 5537 5540 5539
f 5539 5541 5537
f 5538 5544 5540
f 5542 5538 5541
f 5542 5544 5538
f 5540 5544 5539
f 5543 5541 5539
f 5539 5544 5543
f 5543 5542 5541
f 5544 5542 5543
f 5546 5548 5545
f 5549 5546 5545
f 5545 5548 5547
f 5547 5549 5545
f 5546 5552 5548
f 5550 5546 5549
f 5550 5552 5546
f 5548 5552 5547
f 5551 5549 5547
f 5547 5552 5551
f 5551 5550 5549
f 5552 5550 5551
f 5554 5556 5553
f 5557 5554 5553
f 5553 5556 5555
f 5555 5557 5553
f 5554 5560 5556
f 5558 5554 5557
f 5558 5560 5554
f 5556 5560 5555
f 5559 5557 5555
f 5555 5560 5559
f 5559 5558 5557
f 5560 5558 5559
f 5562 5564 5561
f 5565 5562 5561
f 5561 5564 5563
f 5563 5565 5561
f 5562 5568 5564
f 5566 5562 5565
f 5566 5568 5562
f 5564 5568 5563
f 5567 5565 5563
f 5563 5568 5567
f 5567 5566 5565
f 5568 5566 5567
f 5570 5572 5569
f 5573 5570 5569
f 5569 5572 5571
f 5571 5573 5569
f 5570 5576 5572
f 5574 5570 5573
f 5574 5576 5570
f 5572 5576 5571
f 5575 5573 5571
f 5571 5576 5575
f 5575 5574 5573
f 5576 5574 5575
f 5578 5580 5577
f 5581 5578 5577
f 5577 5580 5579
f 5579 5581 5577
f 5578 5584 5580
f 5582 5578 5581
f 5582 5584 5578
f 5580 5584 5579
f 5583 5581 5579
f 5579 5584 5583
f 5583 5582 5581
f 5584 5582 5583
f 5586 5588 5585
f 5589 5586 5585
f 5585 5588 5587
f 5587 5589 5585
f 5586 5592 5588
f 5590 5586 5589
f 5590 5592 5586
f 5588 5592 5587
f 5591 5589 5587
f 5587 5592 5591
f 5591 5590 5589
f 5592 5590 5591
f 5594 5596 5593
f 5597 5594 5593
f 5593 5596 5595
f 5595 5597 5593
f 5594 5600 5596
f 5598 5594 5597
f 5598 5600 5594
f 5596 5600 5595
f 5599 5597 5595
f 5595 5600 5599
f 5599 5598 5597
f 5600 5598 5599
f 5602 5604 5601
f 5605 5602 5601
f 5601 5604 5603
f 5603 5605 5601
f 5602 5608 5604
f 5606 5602 5605
f 5606 5608 5602
f 5604 5608 5603
f 5607 5605 5603
f 5603 5608 5607
f 5607 5606 5605
f 5608 5606 5607
f 5610 5612 5609
f 5613 5610 5609
f 5609 5612 5611
f 5611 5613 5609
f 5610 5616 5612
f 5614 5610 5613
f 5614 5616 5610
f 5612 5616 5611
f 5615 5613 5611
f 5611 5616 5615
f 5615 5614 5613
f 5616 5614 5615
f 5618 5620 5617
f 5621 5618 5617
f 5617 5620 5619
f 5619 5621 5617
f 5618 5624 5620
f 5622 5618 5621
f 5622 5624 5618
f 5620 5624 5619
f 5623 5621 5619
f 5619 5624 5623
f 5623 5622 5621
f 5624 5622 5623
f 5626 5628 5625
f 5629 5626 5625
f 5625 5628 5627
f 5627 5629 5625
f 5626 5632 5628
f 5630 5626 5629
f 5630 5632 5626
f 5628 5632 5627
f 5631 5629 5627
f 5627 5632 5631
f 5631 5630 5629
f 5632 5630 5631
f 5634 5636 5633
f 5637 5634 5633
f 5633 5636 5635
f 5635 5637 5633
f 5634 5640 5636
f 5638 5634 5637
f 5638 5640 5634
f 5636 5640 5635
f 5639 5637 5635
f 5635 5640 5639
f 5639 5638 5637
f 5640 5638 5639
f 5642 5644 5641
f 5645 5642 5641
f 5641 5644 5643
f 5643 5645 5641
f 5642 5648 5644
f 5646 5642 5645
f 5646 5648 5642
f 5644 5648 5643
f 5647 5645 5643
f 5643 5648 5647
f 5647 5646 5645
f 5648 5646 5647
f 5650 5652 5649
f 5653 5650 5649
f 5649 5652 5651
f 5651 5653 5649
f 5650 5656 5652
f 5654 5650 5653
f 5654 5656 5650
f 5652 5656 5651
f 5655 5653 5651
f 5651 5656 5655
f 5655 5654 5653
f 5656 5654 5655
f 5658 5660 5657
f 5661 5658 5657
f 5657 5660 5659
f 5659 5661 5657
f 5658 5664 5660
f 5662 5658 5661
f 5662 5664 5658
f 5660 5664 5659
f 5663 5661 5659
f 5659 5664 5663
f 5663 5662 5661
f 5664 5662 5663
f 5666 5668 5665
f 5669 5666 5665
f 5665 5668 5667
f 5667 5669 5665
f 5666 5672 5668
f 5670 5666 5669
f 5670 5672 5666
f 5668 5672 5667
f 5671 5669 5667
f 5667 5672 5671
f 5671 5670 5669
f 5672 5670 5671
f 5674 5676 5673
f 5677 5674 5673
f 5673 5676 5675
f 5675 5677 5673
f 5674 5680 5676
f 5678 5674 5677
f 5678 5680 5674
f 5676 5680 5675
f 5679 5677 5675
f 5675 5680 5679
f 5679 5678 5677
f 5680 5678 5679
f 5682 5684 5681
f 5685 5682 5681
f 5681 5684 5683
f 5683 5685 5681
f 5682 5688 5684
f 5686 5682 5685
f 5686 5688 5682
f 5684 5688 5683
f 5687 5685 5683
f 5683 5688 5687
f 5687 5686 5685
f 5688 5686 5687
f 5690 5692 5689
f 5693 5690 5689
f 5689 5692 5691
f 5691 5693 5689
f 5690 5696 5692
f 5694 5690 5693
f 5694 5696 5690
f 5692 5696 5691
f 5695 5693 5691
f 5691 5696 5695
f 5695 5694 5693
f 5696 5694 5695
f 5698 5700 5697
f 5701 5698 5697
f 5697 5700 5699
f 5699 5701 5697
f 5698 5704 5700
f 5702 5698 5701
f 5702 5704 5698
f 5700 5704 5699
f 5703 5701 5699
f 5699 5704 5703
f 5703 5702 5701
f 5704 5702 5703
f 5706 5708 5705
f 5709 5706 5705
f 5705 5708 5707
f 5707 5709 5705
f 5706 5712 5708
f 5710 5706 5709
f 5710 5712 5706
f 5708 5712 5707
f 5711 5709 5707
f 5707 5712 5711
f 5711 5710 5709
f 5712 5710 5711
f 5714 5716 5713
f 5717 5714 5713
f 5713 5716 5715
f 5715 5717 5713
f 5714 5720 5716
f 5718 5714 5717
f 5718 5720 5714
f 5716 5720 5715
f 5719 5717 5715
f 5715 5720 5719
f 5719 5718 5717
f 5720 5718 5719
f 5722 5724 5721
f 5725 5722 5721
f 5721 5724 5723
f 5723 5725 5721
f 5722 5728 5724
f 5726 5722 5725
f 5726 5728 5722
f 5724 5728 5723
f 5727 5725 5723
f 5723 5728 5727
f 5727 5726 5725
f 5728 5726 5727
f 5730 5732 5729
f 5733 5730 5729
f 5729 5732 5731
f 5731 5733 5729
f 5730 5736 5732
f 5734 5730 5733
f 5734 5736 5730
f 5732 5736 5731
f 5735 5733 5731
f 5731 5736 5735
f 5735 5734 5733
f 5736 5734 5735
f 5738 5740 5737
f 5741 5738 5737
f 5737 5740 5739
f 5739 5741 5737
f 5738 5744 5740
f 5742 5738 5741
f 5742 5744 5738
f 5740 5744 5739
f 5743 5741 5739
f 5739 5744 5743
f 5743 5742 5741
f 5744 5742 5743
f 5746 5748 5745
f 5749 5746 5745
f 5745 5748 5747
f 5747 5749 5745
f 5746 5752 5748
f 5750 5746 5749
f 5750 5752 5746
f 5748 5752 5747
f 5751 5749 5747
f 5747 5752 5751
f 5751 5750 5749
f 5752 5750 5751
f 5754 5756 5753
f 5757 5754 5753
f 5753 5756 5755
f 5755 5757 5753
f 5754 5760 5756
f 5758 5754 5757
f 5758 5760 5754
f 5756 5760 5755
f 5759 5757 5755
f 5755 5760 5759
f 5759 5758 5757
f 5760 5758 5759
f 5762 5764 5761
f 5765 5762 5761
f 5761 5764 5763
f 5763 5765 5761
f 5762 5768 5764
f 5766 5762 5765
f 5766 5768 5762
f 5764 5768 5763
f 5767 5765 5763
f 5763 5768 5767
f 5767 5766 5765
f 5768 5766 5767
f 5770 5772 5769
f 5773 5770 5769
f 5769 5772 5771
f 5771 5773 5769
f 5770 5776 5772
f 5774 5770 5773
f 5774 5776 5770
f 5772 5776 5771
f 5775 5773 5771
f 5771 5776 5775
f 5775 5774 5773
f 5776 5774 5775
f 5778 5780 5777
f 5781 5778 5777
f 5777 5780 5779
f 5779 5781 5777
f 5778 5784 5780
f 5782 5778 5781
f 5782 5784 5778
f 5780 5784 5779
f 5783 5781 5779
f 5779 5784 5783
f 5783 5782 5781
f 5784 5782 5783
f 5786 5788 5785
f 5789 5786 5785
f 5785 5788 5787
f 5787 5789 5785
f 5786 5792 5788
f 5790 5786 5789
f 5790 5792 5786
f 5788 5792 5787
f 5791 5789 5787
f 5787 5792 5791
f 5791 5790 5789
f 5792 5790 5791
f 5794 5796 5793
f 5797 5794 5793
f 5793 5796 5795
f 5795 5797 5793
f 5794 5800 5796
f 5798 5794 5797
f 5798 5800 5794
f 5796 5800 5795
f 5799 5797 5795
f 5795 5800 5799
f 5799 5798 5797
f 5800 5798 5799
f 5802 5804 5801
f 5805 5802 5801
f 5801 5804 5803
f 5803 5805 5801
f 5802 5808 5804
f 5806 5802 5805
f 5806 5808 5802
f 5804 5808 5803
f 5807 5805 5803
f 5803 5808 5807
f 5807 5806 5805
f 5808 5806 5807
f 5810 5812 5809
f 5813 5810 5809
f 5809 5812 5811
f 5811 5813 5809
f 5810 5816 5812
f 5814 5810 5813
f 5814 5816 5810
f 5812 5816 5811
f 5815 5813 5811
f 5811 5816 5815
f 5815 5814 5813
f 5816 5814 5815
f 5818 5820 5817
f 5821 5818 5817
f 5817 5820 5819
f 5819 5821 5817
f 5818 5824 5820
f 5822 5818 5821
f 5822 5824 5818
f 5820 5824 5819
f 5823 5821 5819
f 5819 5824 5823
f 5823 5822 5821
f 5824 5822 5823

o Landscape_Lawn_Grass
usemtl Landscape_Lawn_Grass
v 21.14550 0.91440 -0.38100
v 25.94610 0.91440 -0.38100
v 26.58159 0.91440 -0.38100
v 26.57169 0.22860 -0.38100
v 11.01090 0.22860 -0.38100
v 11.01090 0.91440 -0.38100
v 15.65910 0.91440 -0.38100
v 15.88770 0.91440 -0.38100
v 20.91690 0.91440 -0.38100
v 21.14550 0.91440 -0.30480
v 25.94610 0.91440 -0.30480
v 26.58159 0.91440 -0.30480
v 26.57169 0.22860 -0.30480
v 11.01090 0.22860 -0.30480
v 11.01090 0.91440 -0.30480
v 15.65910 0.91440 -0.30480
v 15.88770 0.91440 -0.30480
v 20.91690 0.91440 -0.30480
v 5.33400 0.22860 -0.38100
v 0.57054 0.22860 -0.38100
v 3.36212 2.89344 -0.38100
v 5.33400 5.14600 -0.38100
v 5.33400 0.22860 -0.30480
v 0.57054 0.22860 -0.30480
v 3.36212 2.89344 -0.30480
v 5.33400 5.14600 -0.30480
v 11.01090 7.31520 -0.38100
v 11.01090 5.48640 -0.38100
v 5.63198 5.48640 -0.38100
v 7.23290 7.31520 -0.38100
v 11.01090 7.31520 -0.30480
v 11.01090 5.48640 -0.30480
v 5.63198 5.48640 -0.30480
v 7.23290 7.31520 -0.30480
v 12.80160 11.09863 -0.38100
v 12.80160 10.28700 -0.38100
v 12.64317 10.28700 -0.38100
v 11.01090 9.23369 -0.38100
v 11.01090 7.31520 -0.38100
v 7.23290 7.31520 -0.38100
v 7.64741 7.78872 -0.38100
v 12.66981 11.02970 -0.38100
v 12.80160 11.09863 -0.30480
v 12.80160 10.28700 -0.30480
v 12.64317 10.28700 -0.30480
v 11.01090 9.23369 -0.30480
v 11.01090 7.31520 -0.30480
v 7.23290 7.31520 -0.30480
v 7.64741 7.78872 -0.30480
v 12.66981 11.02970 -0.30480
f 5829 5830 5831
f 5828 5829 5831
f 5826 5827 5828
f 5825 5826 5828
f 5833 5825 5828
f 5832 5833 5828
f 5831 5832 5828
f 5840 5839 5838
f 5840 5838 5837
f 5837 5836 5835
f 5837 5835 5834
f 5837 5834 5842
f 5837 5842 5841
f 5837 5841 5840
f 5834 5835 5825
f 5825 5835 5826
f 5835 5836 5826
f 5826 5836 5827
f 5836 5837 5827
f 5827 5837 5828
f 5837 5838 5828
f 5828 5838 5829
f 5838 5839 5829
f 5829 5839 5830
f 5839 5840 5830
f 5830 5840 5831
f 5840 5841 5831
f 5831 5841 5832
f 5842 5834 5833
f 5833 5834 5825
f 5841 5842 5832
f 5832 5842 5833
f 5845 5846 5843
f 5844 5845 5843
f 5847 5850 5849
f 5847 5849 5848
f 5847 5848 5843
f 5843 5848 5844
f 5848 5849 5844
f 5844 5849 5845
f 5850 5847 5846
f 5846 5847 5843
f 5849 5850 5845
f 5845 5850 5846
f 5853 5854 5851
f 5852 5853 5851
f 5855 5858 5857
f 5855 5857 5856
f 5855 5856 5851
f 5851 5856 5852
f 5856 5857 5852
f 5852 5857 5853
f 5858 5855 5854
f 5854 5855 5851
f 5857 5858 5853
f 5853 5858 5854
f 5865 5866 5859
f 5864 5865 5859
f 5862 5863 5864
f 5861 5862 5864
f 5859 5860 5861
f 5864 5859 5861
f 5867 5874 5873
f 5867 5873 5872
f 5872 5871 5870
f 5872 5870 5869
f 5869 5868 5867
f 5869 5867 5872
f 5867 5868 5859
f 5859 5868 5860
f 5868 5869 5860
f 5860 5869 5861
f 5869 5870 5861
f 5861 5870 5862
f 5870 5871 5862
f 5862 5871 5863
f 5871 5872 5863
f 5863 5872 5864
f 5872 5873 5864
f 5864 5873 5865
f 5874 5867 5866
f 5866 5867 5859
f 5873 5874 5865
f 5865 5874 5866

o Exterior_Stone_Paving
usemtl Exterior_Stone_Paving
v -4.57200 -1.82880 -0.45720
v -4.57200 -1.82880 -0.30480
v -4.57200 -0.00305 -0.45720
v -4.57200 -0.00305 -0.30480
v 32.00400 -1.82880 -0.45720
v 32.00400 -1.82880 -0.30480
v 32.00400 -0.00305 -0.45720
v 32.00400 -0.00305 -0.30480
v 11.01090 5.48640 -0.38100
v 11.01090 0.91440 -0.38100
v 11.01090 0.22860 -0.38100
v 5.33400 0.22860 -0.38100
v 5.33400 5.14600 -0.38100
v 5.63198 5.48640 -0.38100
v 11.01090 5.48640 -0.30480
v 11.01090 0.91440 -0.30480
v 11.01090 0.22860 -0.30480
v 5.33400 0.22860 -0.30480
v 5.33400 5.14600 -0.30480
v 5.63198 5.48640 -0.30480
v 17.67840 0.22860 -0.38100
v 16.15440 0.22860 -0.38100
v 16.15440 0.91440 -0.38100
v 17.67840 0.91440 -0.38100
v 17.67840 0.22860 -0.30480
v 16.15440 0.22860 -0.30480
v 16.15440 0.91440 -0.30480
v 17.67840 0.91440 -0.30480
v 20.91690 15.32161 -0.38100
v 20.91690 12.95400 -0.38100
v 17.66415 12.95400 -0.38100
v 15.65910 11.90527 -0.38100
v 15.65910 10.28700 -0.38100
v 12.80160 10.28700 -0.38100
v 12.80160 11.09863 -0.38100
v 12.66981 11.02970 -0.38100
v 20.73096 15.24602 -0.38100
v 20.91690 15.32161 -0.30480
v 20.91690 12.95400 -0.30480
v 17.66415 12.95400 -0.30480
v 15.65910 11.90527 -0.30480
v 15.65910 10.28700 -0.30480
v 12.80160 10.28700 -0.30480
v 12.80160 11.09863 -0.30480
v 12.66981 11.02970 -0.30480
v 20.73096 15.24602 -0.30480
v 24.96120 16.96565 -0.38100
v 25.99409 17.38553 -0.38100
v 26.83318 18.33332 -0.38100
v 26.76649 13.71600 -0.38100
v 25.94610 13.71600 -0.38100
v 25.94610 17.36603 -0.38100
v 24.96120 16.96565 -0.30480
v 25.99409 17.38553 -0.30480
v 26.83318 18.33332 -0.30480
v 26.76649 13.71600 -0.30480
v 25.94610 13.71600 -0.30480
v 25.94610 17.36603 -0.30480
v 26.76649 13.71600 -0.38100
v 26.58159 0.91440 -0.38100
v 25.94610 0.91440 -0.38100
v 25.94610 13.71600 -0.38100
v 26.76649 13.71600 -0.30480
v 26.58159 0.91440 -0.30480
v 25.94610 0.91440 -0.30480
v 25.94610 13.71600 -0.30480
f 5876 5878 5875
f 5879 5876 5875
f 5875 5878 5877
f 5877 5879 5875
f 5876 5882 5878
f 5880 5876 5879
f 5880 5882 5876
f 5878 5882 5877
f 5881 5879 5877
f 5877 5882 5881
f 5881 5880 5879
f 5882 5880 5881
f 5887 5888 5883
f 5886 5887 5883
f 5884 5885 5886
f 5883 5884 5886
f 5889 5894 5893
f 5889 5893 5892
f 5892 5891 5890
f 5892 5890 5889
f 5889 5890 5883
f 5883 5890 5884
f 5890 5891 5884
f 5884 5891 5885
f 5891 5892 5885
f 5885 5892 5886
f 5892 5893 5886
f 5886 5893 5887
f 5894 5889 5888
f 5888 5889 5883
f 5893 5894 5887
f 5887 5894 5888
f 5897 5898 5895
f 5896 5897 5895
f 5899 5902 5901
f 5899 5901 5900
f 5899 5900 5895
f 5895 5900 5896
f 5900 5901 5896
f 5896 5901 5897
f 5902 5899 5898
f 5898 5899 5895
f 5901 5902 5897
f 5897 5902 5898
f 5910 5911 5903
f 5907 5908 5909
f 5906 5907 5909
f 5905 5906 5909
f 5903 5904 5905
f 5910 5903 5905
f 5912 5920 5919
f 5918 5917 5916
f 5918 5916 5915
f 5918 5915 5914
f 5914 5913 5912
f 5914 5912 5919
f 5912 5913 5903
f 5903 5913 5904
f 5913 5914 5904
f 5904 5914 5905
f 5914 5915 5905
f 5905 5915 5906
f 5915 5916 5906
f 5906 5916 5907
f 5916 5917 5907
f 5907 5917 5908
f 5918 5914 5909
f 5909 5914 5905
f 5917 5918 5908
f 5908 5918 5909
f 5914 5919 5905
f 5905 5919 5910
f 5920 5912 5911
f 5911 5912 5903
f 5919 5920 5910
f 5910 5920 5911
f 5924 5925 5926
f 5922 5923 5924
f 5921 5922 5924
f 5932 5931 5930
f 5930 5929 5928
f 5930 5928 5927
f 5927 5928 5921
f 5921 5928 5922
f 5928 5929 5922
f 5922 5929 5923
f 5930 5927 5924
f 5924 5927 5921
f 5929 5930 5923
f 5923 5930 5924
f 5930 5931 5924
f 5924 5931 5925
f 5932 5930 5926
f 5926 5930 5924
f 5931 5932 5925
f 5925 5932 5926
f 5935 5936 5933
f 5934 5935 5933
f 5937 5940 5939
f 5937 5939 5938
f 5937 5938 5933
f 5933 5938 5934
f 5938 5939 5934
f 5934 5939 5935
f 5940 5937 5936
f 5936 5937 5933
f 5939 5940 5935
f 5935 5940 5936

o Public_Road_Asphalt
usemtl Public_Road_Asphalt
v -4.57200 -7.92480 -0.60960
v -4.57200 -7.92480 -0.45720
v -4.57200 -0.00305 -0.60960
v -4.57200 -0.00305 -0.45720
v 32.00400 -7.92480 -0.60960
v 32.00400 -7.92480 -0.45720
v 32.00400 -0.00305 -0.60960
v 32.00400 -0.00305 -0.45720
f 5942 5944 5941
f 5945 5942 5941
f 5941 5944 5943
f 5943 5945 5941
f 5942 5948 5944
f 5946 5942 5945
f 5946 5948 5942
f 5944 5948 5943
f 5947 5945 5943
f 5943 5948 5947
f 5947 5946 5945
f 5948 5946 5947

o Interior_Marble_Flooring
usemtl Interior_Marble_Flooring
v 16.15440 0.30480 -0.30480
v 16.15440 0.30480 -0.15240
v 16.15440 0.91440 -0.30480
v 16.15440 0.91440 -0.15240
v 17.52600 0.30480 -0.30480
v 17.52600 0.30480 -0.15240
v 17.52600 0.91440 -0.30480
v 17.52600 0.91440 -0.15240
v 16.15440 0.60960 -0.15240
v 16.15440 0.60960 0.00000
v 16.15440 0.91440 -0.15240
v 16.15440 0.91440 0.00000
v 17.52600 0.60960 -0.15240
v 17.52600 0.60960 0.00000
v 17.52600 0.91440 -0.15240
v 17.52600 0.91440 0.00000
v 6.16562 6.09600 -0.30480
v 7.64741 7.78872 -0.30480
v 8.09445 8.07720 -0.30480
v 11.01090 8.07720 -0.30480
v 11.01090 6.09600 -0.30480
v 6.16562 6.09600 0.00000
v 7.64741 7.78872 0.00000
v 8.09445 8.07720 0.00000
v 11.01090 8.07720 0.00000
v 11.01090 6.09600 0.00000
f 5950 5952 5949
f 5953 5950 5949
f 5949 5952 5951
f 5951 5953 5949
f 5950 5956 5952
f 5954 5950 5953
f 5954 5956 5950
f 5952 5956 5951
f 5955 5953 5951
f 5951 5956 5955
f 5955 5954 5953
f 5956 5954 5955
f 5958 5960 5957
f 5961 5958 5957
f 5957 5960 5959
f 5959 5961 5957
f 5958 5964 5960
f 5962 5958 5961
f 5962 5964 5958
f 5960 5964 5959
f 5963 5961 5959
f 5959 5964 5963
f 5963 5962 5961
f 5964 5962 5963
f 5968 5969 5965
f 5967 5968 5965
f 5966 5967 5965
f 5970 5974 5973
f 5970 5973 5972
f 5970 5972 5971
f 5970 5971 5965
f 5965 5971 5966
f 5971 5972 5966
f 5966 5972 5967
f 5972 5973 5967
f 5967 5973 5968
f 5974 5970 5969
f 5969 5970 5965
f 5973 5974 5968
f 5968 5974 5969

o Interior_Flooring
usemtl Interior_Flooring
v 11.01090 0.91440 -0.30480
v 11.01090 9.23369 -0.30480
v 12.64317 10.28700 -0.30480
v 15.65910 10.28700 -0.30480
v 15.65910 11.90527 -0.30480
v 17.66415 12.95400 -0.30480
v 20.91690 12.95400 -0.30480
v 20.91690 15.32161 -0.30480
v 25.94610 17.36603 -0.30480
v 25.94610 0.91440 -0.30480
v 21.14550 0.91440 -0.30480
v 20.91690 0.91440 -0.30480
v 15.88770 0.91440 -0.30480
v 15.65910 0.91440 -0.30480
v 11.01090 0.91440 0.00000
v 11.01090 9.23369 0.00000
v 12.64317 10.28700 0.00000
v 15.65910 10.28700 0.00000
v 15.65910 11.90527 0.00000
v 17.66415 12.95400 0.00000
v 20.91690 12.95400 0.00000
v 20.91690 15.32161 0.00000
v 25.94610 17.36603 0.00000
v 25.94610 0.91440 0.00000
v 21.14550 0.91440 0.00000
v 20.91690 0.91440 0.00000
v 15.88770 0.91440 0.00000
v 15.65910 0.91440 0.00000
f 5983 5984 5985
f 5982 5983 5985
f 5981 5982 5985
f 5980 5981 5985
f 5979 5980 5985
f 5978 5979 5985
f 5977 5978 5985
f 5976 5977 5985
f 5988 5975 5976
f 5987 5988 5976
f 5986 5987 5976
f 5985 5986 5976
f 5999 5998 5997
f 5999 5997 5996
f 5999 5996 5995
f 5999 5995 5994
f 5999 5994 5993
f 5999 5993 5992
f 5999 5992 5991
f 5999 5991 5990
f 5990 5989 6002
f 5990 6002 6001
f 5990 6001 6000
f 5990 6000 5999
f 5989 5990 5975
f 5975 5990 5976
f 5990 5991 5976
f 5976 5991 5977
f 5991 5992 5977
f 5977 5992 5978
f 5992 5993 5978
f 5978 5993 5979
f 5993 5994 5979
f 5979 5994 5980
f 5994 5995 5980
f 5980 5995 5981
f 5995 5996 5981
f 5981 5996 5982
f 5996 5997 5982
f 5982 5997 5983
f 5997 5998 5983
f 5983 5998 5984
f 5998 5999 5984
f 5984 5999 5985
f 5999 6000 5985
f 5985 6000 5986
f 6000 6001 5986
f 5986 6001 5987
f 6002 5989 5988
f 5988 5989 5975
f 6001 6002 5987
f 5987 6002 5988

o Black_Granite_Counters
usemtl Black_Granite_Counters
v 25.10790 11.08710 0.00000
v 25.10790 11.08710 0.86868
v 25.10790 13.71600 0.00000
v 25.10790 13.71600 0.86868
v 25.71750 11.08710 0.00000
v 25.71750 11.08710 0.86868
v 25.71750 13.71600 0.00000
v 25.71750 13.71600 0.86868
v 21.14550 12.64920 0.00000
v 21.14550 12.64920 0.86868
v 21.14550 13.71600 0.00000
v 21.14550 13.71600 0.86868
v 22.55520 12.64920 0.00000
v 22.55520 12.64920 0.86868
v 22.55520 13.71600 0.00000
v 22.55520 13.71600 0.86868
v 25.10790 11.08710 3.35280
v 25.10790 11.08710 4.22148
v 25.10790 13.71600 3.35280
v 25.10790 13.71600 4.22148
v 25.71750 11.08710 3.35280
v 25.71750 11.08710 4.22148
v 25.71750 13.71600 3.35280
v 25.71750 13.71600 4.22148
v 21.14550 12.64920 3.35280
v 21.14550 12.64920 4.22148
v 21.14550 13.71600 3.35280
v 21.14550 13.71600 4.22148
v 22.55520 12.64920 3.35280
v 22.55520 12.64920 4.22148
v 22.55520 13.71600 3.35280
v 22.55520 13.71600 4.22148
v 25.10790 14.32560 0.00000
v 25.10790 14.32560 0.86868
v 25.10790 16.45920 0.00000
v 25.10790 16.45920 0.86868
v 25.71750 14.32560 0.00000
v 25.71750 14.32560 0.86868
v 25.71750 16.45920 0.00000
v 25.71750 16.45920 0.86868
f 6004 6006 6003
f 6007 6004 6003
f 6003 6006 6005
f 6005 6007 6003
f 6004 6010 6006
f 6008 6004 6007
f 6008 6010 6004
f 6006 6010 6005
f 6009 6007 6005
f 6005 6010 6009
f 6009 6008 6007
f 6010 6008 6009
f 6012 6014 6011
f 6015 6012 6011
f 6011 6014 6013
f 6013 6015 6011
f 6012 6018 6014
f 6016 6012 6015
f 6016 6018 6012
f 6014 6018 6013
f 6017 6015 6013
f 6013 6018 6017
f 6017 6016 6015
f 6018 6016 6017
f 6020 6022 6019
f 6023 6020 6019
f 6019 6022 6021
f 6021 6023 6019
f 6020 6026 6022
f 6024 6020 6023
f 6024 6026 6020
f 6022 6026 6021
f 6025 6023 6021
f 6021 6026 6025
f 6025 6024 6023
f 6026 6024 6025
f 6028 6030 6027
f 6031 6028 6027
f 6027 6030 6029
f 6029 6031 6027
f 6028 6034 6030
f 6032 6028 6031
f 6032 6034 6028
f 6030 6034 6029
f 6033 6031 6029
f 6029 6034 6033
f 6033 6032 6031
f 6034 6032 6033
f 6036 6038 6035
f 6039 6036 6035
f 6035 6038 6037
f 6037 6039 6035
f 6036 6042 6038
f 6040 6036 6039
f 6040 6042 6036
f 6038 6042 6037
f 6041 6039 6037
f 6037 6042 6041
f 6041 6040 6039
f 6042 6040 6041

o Overhead_Water_Tank
usemtl Overhead_Water_Tank
v 22.63140 8.99160 12.80160
v 22.63140 8.99160 14.02080
v 22.63140 10.51560 12.80160
v 22.63140 10.51560 14.02080
v 24.76500 8.99160 12.80160
v 24.76500 8.99160 14.02080
v 24.76500 10.51560 12.80160
v 24.76500 10.51560 14.02080
f 6044 6046 6043
f 6047 6044 6043
f 6043 6046 6045
f 6045 6047 6043
f 6044 6050 6046
f 6048 6044 6047
f 6048 6050 6044
f 6046 6050 6045
f 6049 6047 6045
f 6045 6050 6049
f 6049 6048 6047
f 6050 6048 6049
