  0
SECTION
  2
HEADER
  9
$ACADVER
  1
AC1032
  9
$ACADMAINTVER
 90
4
  9
$DWGCODEPAGE
  3
ANSI_1252
  9
$LASTSAVEDBY
  1
ezdxf
  9
$REQUIREDVERSIONS
160
0
  9
$INSBASE
 10
0.0
 20
0.0
 30
0.0
  9
$EXTMIN
 10
1e+20
 20
1e+20
 30
1e+20
  9
$EXTMAX
 10
-1e+20
 20
-1e+20
 30
-1e+20
  9
$LIMMIN
 10
0.0
 20
0.0
  9
$LIMMAX
 10
420.0
 20
297.0
  9
$ORTHOMODE
 70
0
  9
$REGENMODE
 70
1
  9
$FILLMODE
 70
1
  9
$QTEXTMODE
 70
0
  9
$MIRRTEXT
 70
1
  9
$LTSCALE
 40
1.0
  9
$ATTMODE
 70
1
  9
$TEXTSIZE
 40
2.5
  9
$TRACEWID
 40
1.0
  9
$TEXTSTYLE
  7
Standard
  9
$CLAYER
  8
0
  9
$CELTYPE
  6
ByLayer
  9
$CECOLOR
 62
256
  9
$CELTSCALE
 40
1.0
  9
$DISPSILH
 70
0
  9
$DIMSCALE
 40
1.0
  9
$DIMASZ
 40
2.5
  9
$DIMEXO
 40
0.625
  9
$DIMDLI
 40
3.75
  9
$DIMRND
 40
0.0
  9
$DIMDLE
 40
0.0
  9
$DIMEXE
 40
1.25
  9
$DIMTP
 40
0.0
  9
$DIMTM
 40
0.0
  9
$DIMTXT
 40
2.5
  9
$DIMCEN
 40
2.5
  9
$DIMTSZ
 40
0.0
  9
$DIMTOL
 70
0
  9
$DIMLIM
 70
0
  9
$DIMTIH
 70
0
  9
$DIMTOH
 70
0
  9
$DIMSE1
 70
0
  9
$DIMSE2
 70
0
  9
$DIMTAD
 70
1
  9
$DIMZIN
 70
8
  9
$DIMBLK
  1

  9
$DIMASO
 70
1
  9
$DIMSHO
 70
1
  9
$DIMPOST
  1

  9
$DIMAPOST
  1

  9
$DIMALT
 70
0
  9
$DIMALTD
 70
3
  9
$DIMALTF
 40
0.03937007874
  9
$DIMLFAC
 40
1.0
  9
$DIMTOFL
 70
1
  9
$DIMTVP
 40
0.0
  9
$DIMTIX
 70
0
  9
$DIMSOXD
 70
0
  9
$DIMSAH
 70
0
  9
$DIMBLK1
  1

  9
$DIMBLK2
  1

  9
$DIMSTYLE
  2
ISO-25
  9
$DIMCLRD
 70
0
  9
$DIMCLRE
 70
0
  9
$DIMCLRT
 70
0
  9
$DIMTFAC
 40
1.0
  9
$DIMGAP
 40
0.625
  9
$DIMJUST
 70
0
  9
$DIMSD1
 70
0
  9
$DIMSD2
 70
0
  9
$DIMTOLJ
 70
0
  9
$DIMTZIN
 70
8
  9
$DIMALTZ
 70
0
  9
$DIMALTTZ
 70
0
  9
$DIMUPT
 70
0
  9
$DIMDEC
 70
2
  9
$DIMTDEC
 70
2
  9
$DIMALTU
 70
2
  9
$DIMALTTD
 70
3
  9
$DIMTXSTY
  7
Standard
  9
$DIMAUNIT
 70
0
  9
$DIMADEC
 70
0
  9
$DIMALTRND
 40
0.0
  9
$DIMAZIN
 70
0
  9
$DIMDSEP
 70
44
  9
$DIMATFIT
 70
3
  9
$DIMFRAC
 70
0
  9
$DIMLDRBLK
  1

  9
$DIMLUNIT
 70
2
  9
$DIMLWD
 70
-2
  9
$DIMLWE
 70
-2
  9
$DIMTMOVE
 70
0
  9
$DIMFXL
 40
1.0
  9
$DIMFXLON
 70
0
  9
$DIMJOGANG
 40
0.785398163397
  9
$DIMTFILL
 70
0
  9
$DIMTFILLCLR
 70
0
  9
$DIMARCSYM
 70
0
  9
$DIMLTYPE
  6

  9
$DIMLTEX1
  6

  9
$DIMLTEX2
  6

  9
$DIMTXTDIRECTION
 70
0
  9
$LUNITS
 70
2
  9
$LUPREC
 70
4
  9
$SKETCHINC
 40
1.0
  9
$FILLETRAD
 40
10.0
  9
$AUNITS
 70
0
  9
$AUPREC
 70
2
  9
$MENU
  1
.
  9
$ELEVATION
 40
0.0
  9
$PELEVATION
 40
0.0
  9
$THICKNESS
 40
0.0
  9
$LIMCHECK
 70
0
  9
$CHAMFERA
 40
0.0
  9
$CHAMFERB
 40
0.0
  9
$CHAMFERC
 40
0.0
  9
$CHAMFERD
 40
0.0
  9
$SKPOLY
 70
0
  9
$TDCREATE
 40
2461319.458460648
  9
$TDUCREATE
 40
2458532.153996898
  9
$TDUPDATE
 40
2461319.458460648
  9
$TDUUPDATE
 40
2458532.1544311
  9
$TDINDWG
 40
0.0
  9
$TDUSRTIMER
 40
0.0
  9
$USRTIMER
 70
1
  9
$ANGBASE
 50
0.0
  9
$ANGDIR
 70
0
  9
$PDMODE
 70
0
  9
$PDSIZE
 40
0.0
  9
$PLINEWID
 40
0.0
  9
$SPLFRAME
 70
0
  9
$SPLINETYPE
 70
6
  9
$SPLINESEGS
 70
8
  9
$HANDSEED
  5
4BC
  9
$SURFTAB1
 70
6
  9
$SURFTAB2
 70
6
  9
$SURFTYPE
 70
6
  9
$SURFU
 70
6
  9
$SURFV
 70
6
  9
$UCSBASE
  2

  9
$UCSNAME
  2

  9
$UCSORG
 10
0.0
 20
0.0
 30
0.0
  9
$UCSXDIR
 10
1.0
 20
0.0
 30
0.0
  9
$UCSYDIR
 10
0.0
 20
1.0
 30
0.0
  9
$UCSORTHOREF
  2

  9
$UCSORTHOVIEW
 70
0
  9
$UCSORGTOP
 10
0.0
 20
0.0
 30
0.0
  9
$UCSORGBOTTOM
 10
0.0
 20
0.0
 30
0.0
  9
$UCSORGLEFT
 10
0.0
 20
0.0
 30
0.0
  9
$UCSORGRIGHT
 10
0.0
 20
0.0
 30
0.0
  9
$UCSORGFRONT
 10
0.0
 20
0.0
 30
0.0
  9
$UCSORGBACK
 10
0.0
 20
0.0
 30
0.0
  9
$PUCSBASE
  2

  9
$PUCSNAME
  2

  9
$PUCSORG
 10
0.0
 20
0.0
 30
0.0
  9
$PUCSXDIR
 10
1.0
 20
0.0
 30
0.0
  9
$PUCSYDIR
 10
0.0
 20
1.0
 30
0.0
  9
$PUCSORTHOREF
  2

  9
$PUCSORTHOVIEW
 70
0
  9
$PUCSORGTOP
 10
0.0
 20
0.0
 30
0.0
  9
$PUCSORGBOTTOM
 10
0.0
 20
0.0
 30
0.0
  9
$PUCSORGLEFT
 10
0.0
 20
0.0
 30
0.0
  9
$PUCSORGRIGHT
 10
0.0
 20
0.0
 30
0.0
  9
$PUCSORGFRONT
 10
0.0
 20
0.0
 30
0.0
  9
$PUCSORGBACK
 10
0.0
 20
0.0
 30
0.0
  9
$USERI1
 70
0
  9
$USERI2
 70
0
  9
$USERI3
 70
0
  9
$USERI4
 70
0
  9
$USERI5
 70
0
  9
$USERR1
 40
0.0
  9
$USERR2
 40
0.0
  9
$USERR3
 40
0.0
  9
$USERR4
 40
0.0
  9
$USERR5
 40
0.0
  9
$WORLDVIEW
 70
1
  9
$SHADEDGE
 70
3
  9
$SHADEDIF
 70
70
  9
$TILEMODE
 70
1
  9
$MAXACTVP
 70
64
  9
$PINSBASE
 10
0.0
 20
0.0
 30
0.0
  9
$PLIMCHECK
 70
0
  9
$PEXTMIN
 10
1e+20
 20
1e+20
 30
1e+20
  9
$PEXTMAX
 10
-1e+20
 20
-1e+20
 30
-1e+20
  9
$PLIMMIN
 10
0.0
 20
0.0
  9
$PLIMMAX
 10
420.0
 20
297.0
  9
$UNITMODE
 70
0
  9
$VISRETAIN
 70
1
  9
$PLINEGEN
 70
0
  9
$PSLTSCALE
 70
1
  9
$TREEDEPTH
 70
3020
  9
$CMLSTYLE
  2
Standard
  9
$CMLJUST
 70
0
  9
$CMLSCALE
 40
20.0
  9
$PROXYGRAPHICS
 70
1
  9
$MEASUREMENT
 70
0
  9
$CELWEIGHT
370
-1
  9
$ENDCAPS
280
0
  9
$JOINSTYLE
280
0
  9
$LWDISPLAY
290
0
  9
$INSUNITS
 70
2
  9
$HYPERLINKBASE
  1

  9
$STYLESHEET
  1

  9
$XEDIT
290
1
  9
$CEPSNTYPE
380
0
  9
$PSTYLEMODE
290
1
  9
$FINGERPRINTGUID
  2
{872A902D-E4FD-433C-8D79-3CF18D75E38D}
  9
$VERSIONGUID
  2
{C0E0A6A6-835C-4CCF-AD81-CC201C37EA63}
  9
$EXTNAMES
290
1
  9
$PSVPSCALE
 40
0.0
  9
$OLESTARTUP
290
0
  9
$SORTENTS
280
127
  9
$INDEXCTL
280
0
  9
$HIDETEXT
280
1
  9
$XCLIPFRAME
280
1
  9
$HALOGAP
280
0
  9
$OBSCOLOR
 70
257
  9
$OBSLTYPE
280
0
  9
$INTERSECTIONDISPLAY
280
0
  9
$INTERSECTIONCOLOR
 70
257
  9
$DIMASSOC
280
2
  9
$PROJECTNAME
  1

  9
$CAMERADISPLAY
290
0
  9
$LENSLENGTH
 40
50.0
  9
$CAMERAHEIGHT
 40
0.0
  9
$STEPSPERSEC
 40
24.0
  9
$STEPSIZE
 40
100.0
  9
$3DDWFPREC
 40
2.0
  9
$PSOLWIDTH
 40
0.005
  9
$PSOLHEIGHT
 40
0.08
  9
$LOFTANG1
 40
1.570796326795
  9
$LOFTANG2
 40
1.570796326795
  9
$LOFTMAG1
 40
0.0
  9
$LOFTMAG2
 40
0.0
  9
$LOFTPARAM
 70
7
  9
$LOFTNORMALS
280
1
  9
$LATITUDE
 40
37.795
  9
$LONGITUDE
 40
-122.394
  9
$NORTHDIRECTION
 40
0.0
  9
$TIMEZONE
 70
-8000
  9
$LIGHTGLYPHDISPLAY
280
1
  9
$TILEMODELIGHTSYNCH
280
1
  9
$CMATERIAL
347
20
  9
$SOLIDHIST
280
0
  9
$SHOWHIST
280
1
  9
$DWFFRAME
280
2
  9
$DGNFRAME
280
2
  9
$REALWORLDSCALE
290
1
  9
$INTERFERECOLOR
 62
256
  9
$CSHADOW
280
0
  9
$SHADOWPLANELOCATION
 40
0.0
  0
ENDSEC
  0
SECTION
  2
CLASSES
  0
CLASS
  1
ACDBDICTIONARYWDFLT
  2
AcDbDictionaryWithDefault
  3
ObjectDBX Classes
 90
0
 91
0
280
0
281
0
  0
CLASS
  1
SUN
  2
AcDbSun
  3
SCENEOE
 90
1153
 91
0
280
0
281
0
  0
CLASS
  1
VISUALSTYLE
  2
AcDbVisualStyle
  3
ObjectDBX Classes
 90
4095
 91
0
280
0
281
0
  0
CLASS
  1
MATERIAL
  2
AcDbMaterial
  3
ObjectDBX Classes
 90
1153
 91
0
280
0
281
0
  0
CLASS
  1
SCALE
  2
AcDbScale
  3
ObjectDBX Classes
 90
1153
 91
0
280
0
281
0
  0
CLASS
  1
TABLESTYLE
  2
AcDbTableStyle
  3
ObjectDBX Classes
 90
4095
 91
0
280
0
281
0
  0
CLASS
  1
MLEADERSTYLE
  2
AcDbMLeaderStyle
  3
ACDB_MLEADERSTYLE_CLASS
 90
4095
 91
0
280
0
281
0
  0
CLASS
  1
DICTIONARYVAR
  2
AcDbDictionaryVar
  3
ObjectDBX Classes
 90
0
 91
0
280
0
281
0
  0
CLASS
  1
CELLSTYLEMAP
  2
AcDbCellStyleMap
  3
ObjectDBX Classes
 90
1152
 91
0
280
0
281
0
  0
CLASS
  1
MENTALRAYRENDERSETTINGS
  2
AcDbMentalRayRenderSettings
  3
SCENEOE
 90
1024
 91
0
280
0
281
0
  0
CLASS
  1
ACDBDETAILVIEWSTYLE
  2
AcDbDetailViewStyle
  3
ObjectDBX Classes
 90
1025
 91
0
280
0
281
0
  0
CLASS
  1
ACDBSECTIONVIEWSTYLE
  2
AcDbSectionViewStyle
  3
ObjectDBX Classes
 90
1025
 91
0
280
0
281
0
  0
CLASS
  1
RASTERVARIABLES
  2
AcDbRasterVariables
  3
ISM
 90
0
 91
0
280
0
281
0
  0
CLASS
  1
ACDBPLACEHOLDER
  2
AcDbPlaceHolder
  3
ObjectDBX Classes
 90
0
 91
0
280
0
281
0
  0
CLASS
  1
LAYOUT
  2
AcDbLayout
  3
ObjectDBX Classes
 90
0
 91
0
280
0
281
0
  0
ENDSEC
  0
SECTION
  2
TABLES
  0
TABLE
  2
VPORT
  5
8
330
0
100
AcDbSymbolTable
 70
1
  0
VPORT
  5
23
330
8
100
AcDbSymbolTableRecord
100
AcDbViewportTableRecord
  2
*Active
 70
0
 10
0.0
 20
0.0
 11
1.0
 21
1.0
 12
0.0
 22
0.0
 13
0.0
 23
0.0
 14
0.5
 24
0.5
 15
0.5
 25
0.5
 16
0.0
 26
0.0
 36
1.0
 17
0.0
 27
0.0
 37
0.0
 40
1000.0
 41
1.34
 42
50.0
 43
0.0
 44
0.0
 50
0.0
 51
0.0
 71
0
 72
1000
 73
1
 74
3
 75
0
 76
0
 77
0
 78
0
281
0
 65
0
146
0.0
  0
ENDTAB
  0
TABLE
  2
LTYPE
  5
2
330
0
100
AcDbSymbolTable
 70
3
  0
LTYPE
  5
24
330
2
100
AcDbSymbolTableRecord
100
AcDbLinetypeTableRecord
  2
ByBlock
 70
0
  3

 72
65
 73
0
 40
0.0
  0
LTYPE
  5
25
330
2
100
AcDbSymbolTableRecord
100
AcDbLinetypeTableRecord
  2
ByLayer
 70
0
  3

 72
65
 73
0
 40
0.0
  0
LTYPE
  5
26
330
2
100
AcDbSymbolTableRecord
100
AcDbLinetypeTableRecord
  2
Continuous
 70
0
  3

 72
65
 73
0
 40
0.0
  0
ENDTAB
  0
TABLE
  2
LAYER
  5
1
330
0
100
AcDbSymbolTable
 70
21
  0
LAYER
  5
27
330
1
100
AcDbSymbolTableRecord
100
AcDbLayerTableRecord
  2
0
 70
0
 62
7
  6
Continuous
370
-3
390
13
347
21
  0
LAYER
  5
28
330
1
100
AcDbSymbolTableRecord
100
AcDbLayerTableRecord
  2
Defpoints
 70
0
 62
7
  6
Continuous
290
0
370
-3
390
13
347
21
  0
LAYER
  5
2F
330
1
100
AcDbSymbolTableRecord
100
AcDbLayerTableRecord
  2
0_BOUNDARY
 70
0
 62
1
  6
Continuous
370
-3
390
13
347
21
  0
LAYER
  5
30
330
1
100
AcDbSymbolTableRecord
100
AcDbLayerTableRecord
  2
A_WALLS
 70
0
 62
7
  6
Continuous
370
-3
390
13
347
21
  0
LAYER
  5
31
330
1
100
AcDbSymbolTableRecord
100
AcDbLayerTableRecord
  2
S_COLUMNS
 70
0
 62
4
  6
Continuous
370
-3
390
13
347
21
  0
LAYER
  5
32
330
1
100
AcDbSymbolTableRecord
100
AcDbLayerTableRecord
  2
S_COLUMNS_HATCH
 70
0
 62
5
  6
Continuous
370
-3
390
13
347
21
  0
LAYER
  5
33
330
1
100
AcDbSymbolTableRecord
100
AcDbLayerTableRecord
  2
S_BEAMS
 70
0
 62
2
  6
DASHED
370
-3
390
13
347
21
  0
LAYER
  5
34
330
1
100
AcDbSymbolTableRecord
100
AcDbLayerTableRecord
  2
A_DOORS
 70
0
 62
2
  6
Continuous
370
-3
390
13
347
21
  0
LAYER
  5
35
330
1
100
AcDbSymbolTableRecord
100
AcDbLayerTableRecord
  2
A_WINDOWS
 70
0
 62
3
  6
Continuous
370
-3
390
13
347
21
  0
LAYER
  5
36
330
1
100
AcDbSymbolTableRecord
100
AcDbLayerTableRecord
  2
A_STAIRS
 70
0
 62
8
  6
Continuous
370
-3
390
13
347
21
  0
LAYER
  5
37
330
1
100
AcDbSymbolTableRecord
100
AcDbLayerTableRecord
  2
A_ROOM_LABELS
 70
0
 62
7
  6
Continuous
370
-3
390
13
347
21
  0
LAYER
  5
38
330
1
100
AcDbSymbolTableRecord
100
AcDbLayerTableRecord
  2
S_GRID_LINES
 70
0
 62
6
  6
Continuous
370
-3
390
13
347
21
  0
LAYER
  5
39
330
1
100
AcDbSymbolTableRecord
100
AcDbLayerTableRecord
  2
S_GRID_BUBBLES
 70
0
 62
6
  6
Continuous
370
-3
390
13
347
21
  0
LAYER
  5
3A
330
1
100
AcDbSymbolTableRecord
100
AcDbLayerTableRecord
  2
A_DIMENSIONS
 70
0
 62
1
  6
Continuous
370
-3
390
13
347
21
  0
LAYER
  5
3B
330
1
100
AcDbSymbolTableRecord
100
AcDbLayerTableRecord
  2
A_CANOPY
 70
0
 62
4
  6
Continuous
370
-3
390
13
347
21
  0
LAYER
  5
3C
330
1
100
AcDbSymbolTableRecord
100
AcDbLayerTableRecord
  2
A_PERGOLA
 70
0
 62
1
  6
Continuous
370
-3
390
13
347
21
  0
LAYER
  5
3D
330
1
100
AcDbSymbolTableRecord
100
AcDbLayerTableRecord
  2
A_ELEVATION_OUTLINE
 70
0
 62
7
  6
Continuous
370
-3
390
13
347
21
  0
LAYER
  5
3E
330
1
100
AcDbSymbolTableRecord
100
AcDbLayerTableRecord
  2
A_ELEVATION_GLASS
 70
0
 62
4
  6
Continuous
370
-3
390
13
347
21
  0
LAYER
  5
3F
330
1
100
AcDbSymbolTableRecord
100
AcDbLayerTableRecord
  2
A_ELEVATION_FIN
 70
0
 62
2
  6
Continuous
370
-3
390
13
347
21
  0
LAYER
  5
40
330
1
100
AcDbSymbolTableRecord
100
AcDbLayerTableRecord
  2
A_LEVELS
 70
0
 62
6
  6
Continuous
370
-3
390
13
347
21
  0
LAYER
  5
41
330
1
100
AcDbSymbolTableRecord
100
AcDbLayerTableRecord
  2
G_TITLEBLOCK
 70
0
 62
7
  6
Continuous
370
-3
390
13
347
21
  0
ENDTAB
  0
TABLE
  2
STYLE
  5
5
330
0
100
AcDbSymbolTable
 70
1
  0
STYLE
  5
29
330
5
100
AcDbSymbolTableRecord
100
AcDbTextStyleTableRecord
  2
Standard
 70
0
 40
0.0
 41
1.0
 50
0.0
 71
0
 42
2.5
  3
txt
  4

  0
ENDTAB
  0
TABLE
  2
VIEW
  5
7
330
0
100
AcDbSymbolTable
 70
0
  0
ENDTAB
  0
TABLE
  2
UCS
  5
6
330
0
100
AcDbSymbolTable
 70
0
  0
ENDTAB
  0
TABLE
  2
APPID
  5
3
330
0
100
AcDbSymbolTable
 70
3
  0
APPID
  5
2A
330
3
100
AcDbSymbolTableRecord
100
AcDbRegAppTableRecord
  2
ACAD
 70
0
  0
APPID
  5
4B9
330
3
100
AcDbSymbolTableRecord
100
AcDbRegAppTableRecord
  2
HATCHBACKGROUNDCOLOR
 70
0
  0
APPID
  5
4BA
330
3
100
AcDbSymbolTableRecord
100
AcDbRegAppTableRecord
  2
EZDXF
 70
0
  0
ENDTAB
  0
TABLE
  2
DIMSTYLE
  5
4
330
0
100
AcDbSymbolTable
 70
1
100
AcDbDimStyleTable
  0
DIMSTYLE
105
2B
330
4
100
AcDbSymbolTableRecord
100
AcDbDimStyleTableRecord
  2
Standard
 70
0
 40
1.0
 41
2.5
 42
0.625
 43
3.75
 44
1.25
 45
0.0
 46
0.0
 47
0.0
 48
0.0
 49
2.5
140
2.5
141
2.5
142
0.0
143
0.03937007874
144
1.0
145
0.0
146
1.0
147
0.625
148
0.0
 69
0
 70
0
 71
0
 72
0
 73
0
 74
0
 75
0
 76
0
 77
1
 78
8
 79
3
170
0
171
3
172
1
173
0
174
0
175
0
176
0
177
0
178
0
179
2
271
2
272
2
273
2
274
3
275
0
276
0
277
2
278
44
279
0
280
0
281
0
282
0
283
0
284
8
285
0
286
0
288
0
289
3
290
0
371
-2
372
-2
  0
ENDTAB
  0
TABLE
  2
BLOCK_RECORD
  5
9
330
0
100
AcDbSymbolTable
 70
2
  0
BLOCK_RECORD
  5
17
330
9
100
AcDbSymbolTableRecord
100
AcDbBlockTableRecord
  2
*Model_Space
340
1A
 70
0
280
1
281
0
  0
BLOCK_RECORD
  5
1B
330
9
100
AcDbSymbolTableRecord
100
AcDbBlockTableRecord
  2
*Paper_Space
340
1E
 70
0
280
1
281
0
  0
ENDTAB
  0
ENDSEC
  0
SECTION
  2
BLOCKS
  0
BLOCK
  5
18
330
17
100
AcDbEntity
  8
0
100
AcDbBlockBegin
  2
*Model_Space
 70
0
 10
0.0
 20
0.0
 30
0.0
  3
*Model_Space
  1

  0
ENDBLK
  5
19
330
17
100
AcDbEntity
  8
0
100
AcDbBlockEnd
  0
BLOCK
  5
1C
330
1B
100
AcDbEntity
  8
0
100
AcDbBlockBegin
  2
*Paper_Space
 70
0
 10
0.0
 20
0.0
 30
0.0
  3
*Paper_Space
  1

  0
ENDBLK
  5
1D
330
1B
100
AcDbEntity
  8
0
100
AcDbBlockEnd
  0
ENDSEC
  0
SECTION
  2
ENTITIES
  0
LWPOLYLINE
  5
42
330
17
100
AcDbEntity
  8
0_BOUNDARY
100
AcDbPolyline
 90
8
 70
1
 10
0.0
 20
0.0
 10
10.4884
 20
10.0122
 10
24.5949
 20
26.1267
 10
41.1897
 20
36.8354
 10
67.6992
 20
50.701
 10
84.8373
 20
57.6678
 10
88.8145
 20
62.1602
 10
87.9167
 20
0.0
  0
CIRCLE
  5
43
330
17
100
AcDbEntity
  8
0_BOUNDARY
100
AcDbCircle
 10
0.0
 20
0.0
 30
0.0
 40
0.5
  0
TEXT
  5
44
330
17
100
AcDbEntity
  8
0_BOUNDARY
100
AcDbText
 10
0.8
 20
0.8
 30
0.0
 40
0.8
  1
P1
 11
0.8
 21
0.8
 31
0.0
100
AcDbText
 73
1
  0
CIRCLE
  5
45
330
17
100
AcDbEntity
  8
0_BOUNDARY
100
AcDbCircle
 10
10.4884
 20
10.0122
 30
0.0
 40
0.5
  0
TEXT
  5
46
330
17
100
AcDbEntity
  8
0_BOUNDARY
100
AcDbText
 10
11.288400000000001
 20
10.8122
 30
0.0
 40
0.8
  1
P2
 11
11.288400000000001
 21
10.8122
 31
0.0
100
AcDbText
 73
1
  0
CIRCLE
  5
47
330
17
100
AcDbEntity
  8
0_BOUNDARY
100
AcDbCircle
 10
24.5949
 20
26.1267
 30
0.0
 40
0.5
  0
TEXT
  5
48
330
17
100
AcDbEntity
  8
0_BOUNDARY
100
AcDbText
 10
25.3949
 20
26.9267
 30
0.0
 40
0.8
  1
P3
 11
25.3949
 21
26.9267
 31
0.0
100
AcDbText
 73
1
  0
CIRCLE
  5
49
330
17
100
AcDbEntity
  8
0_BOUNDARY
100
AcDbCircle
 10
41.1897
 20
36.8354
 30
0.0
 40
0.5
  0
TEXT
  5
4A
330
17
100
AcDbEntity
  8
0_BOUNDARY
100
AcDbText
 10
41.9897
 20
37.6354
 30
0.0
 40
0.8
  1
P4
 11
41.9897
 21
37.6354
 31
0.0
100
AcDbText
 73
1
  0
CIRCLE
  5
4B
330
17
100
AcDbEntity
  8
0_BOUNDARY
100
AcDbCircle
 10
67.6992
 20
50.701
 30
0.0
 40
0.5
  0
TEXT
  5
4C
330
17
100
AcDbEntity
  8
0_BOUNDARY
100
AcDbText
 10
68.4992
 20
51.501
 30
0.0
 40
0.8
  1
P5
 11
68.4992
 21
51.501
 31
0.0
100
AcDbText
 73
1
  0
CIRCLE
  5
4D
330
17
100
AcDbEntity
  8
0_BOUNDARY
100
AcDbCircle
 10
84.8373
 20
57.6678
 30
0.0
 40
0.5
  0
TEXT
  5
4E
330
17
100
AcDbEntity
  8
0_BOUNDARY
100
AcDbText
 10
85.6373
 20
58.4678
 30
0.0
 40
0.8
  1
P6
 11
85.6373
 21
58.4678
 31
0.0
100
AcDbText
 73
1
  0
CIRCLE
  5
4F
330
17
100
AcDbEntity
  8
0_BOUNDARY
100
AcDbCircle
 10
88.8145
 20
62.1602
 30
0.0
 40
0.5
  0
TEXT
  5
50
330
17
100
AcDbEntity
  8
0_BOUNDARY
100
AcDbText
 10
89.61449999999999
 20
62.9602
 30
0.0
 40
0.8
  1
P7
 11
89.61449999999999
 21
62.9602
 31
0.0
100
AcDbText
 73
1
  0
CIRCLE
  5
51
330
17
100
AcDbEntity
  8
0_BOUNDARY
100
AcDbCircle
 10
87.9167
 20
0.0
 30
0.0
 40
0.5
  0
TEXT
  5
52
330
17
100
AcDbEntity
  8
0_BOUNDARY
100
AcDbText
 10
88.7167
 20
0.8
 30
0.0
 40
0.8
  1
P0
 11
88.7167
 21
0.8
 31
0.0
100
AcDbText
 73
1
  0
TEXT
  5
53
330
17
100
AcDbEntity
  8
0_BOUNDARY
100
AcDbText
 10
5.2442
 20
5.0061
 30
0.0
 40
0.7
  1
P1-P2: 14'-6"
 72
1
 11
5.2442
 21
5.0061
 31
0.0
100
AcDbText
 73
2
  0
TEXT
  5
54
330
17
100
AcDbEntity
  8
0_BOUNDARY
100
AcDbText
 10
17.54165
 20
18.06945
 30
0.0
 40
0.7
  1
P2-P3: 21'-5"
 72
1
 11
17.54165
 21
18.06945
 31
0.0
100
AcDbText
 73
2
  0
TEXT
  5
55
330
17
100
AcDbEntity
  8
0_BOUNDARY
100
AcDbText
 10
32.8923
 20
31.48105
 30
0.0
 40
0.7
  1
P3-P4: 19'-9"
 72
1
 11
32.8923
 21
31.48105
 31
0.0
100
AcDbText
 73
2
  0
TEXT
  5
56
330
17
100
AcDbEntity
  8
0_BOUNDARY
100
AcDbText
 10
54.44445
 20
43.7682
 30
0.0
 40
0.7
  1
P4-P5: 29'-11"
 72
1
 11
54.44445
 21
43.7682
 31
0.0
100
AcDbText
 73
2
  0
TEXT
  5
57
330
17
100
AcDbEntity
  8
0_BOUNDARY
100
AcDbText
 10
76.26825
 20
54.1844
 30
0.0
 40
0.7
  1
P5-P6: 18'-6"
 72
1
 11
76.26825
 21
54.1844
 31
0.0
100
AcDbText
 73
2
  0
TEXT
  5
58
330
17
100
AcDbEntity
  8
0_BOUNDARY
100
AcDbText
 10
86.82589999999999
 20
59.914
 30
0.0
 40
0.7
  1
P6-P7: 6'-0"
 72
1
 11
86.82589999999999
 21
59.914
 31
0.0
100
AcDbText
 73
2
  0
TEXT
  5
59
330
17
100
AcDbEntity
  8
0_BOUNDARY
100
AcDbText
 10
88.3656
 20
31.0801
 30
0.0
 40
0.7
  1
P7-P0: 62'-2"
 72
1
 11
88.3656
 21
31.0801
 31
0.0
100
AcDbText
 73
2
  0
TEXT
  5
5A
330
17
100
AcDbEntity
  8
0_BOUNDARY
100
AcDbText
 10
43.95835
 20
0.0
 30
0.0
 40
0.7
  1
P0-P1: 87'-11"
 72
1
 11
43.95835
 21
0.0
 31
0.0
100
AcDbText
 73
2
  0
LINE
  5
5B
330
17
100
AcDbEntity
  8
S_GRID_LINES
100
AcDbLine
 10
18.0
 20
-4.0
 30
0.0
 11
18.0
 21
65.0
 31
0.0
  0
CIRCLE
  5
5C
330
17
100
AcDbEntity
  8
S_GRID_BUBBLES
100
AcDbCircle
 10
18.0
 20
-5.7
 30
0.0
 40
1.2
  0
TEXT
  5
5D
330
17
100
AcDbEntity
  8
S_GRID_BUBBLES
100
AcDbText
 10
18.0
 20
-5.7
 30
0.0
 40
1.0
  1
A
 72
1
 11
18.0
 21
-5.7
 31
0.0
100
AcDbText
 73
2
  0
CIRCLE
  5
5E
330
17
100
AcDbEntity
  8
S_GRID_BUBBLES
100
AcDbCircle
 10
18.0
 20
66.7
 30
0.0
 40
1.2
  0
TEXT
  5
5F
330
17
100
AcDbEntity
  8
S_GRID_BUBBLES
100
AcDbText
 10
18.0
 20
66.7
 30
0.0
 40
1.0
  1
A
 72
1
 11
18.0
 21
66.7
 31
0.0
100
AcDbText
 73
2
  0
LINE
  5
60
330
17
100
AcDbEntity
  8
S_GRID_LINES
100
AcDbLine
 10
36.5
 20
-4.0
 30
0.0
 11
36.5
 21
65.0
 31
0.0
  0
CIRCLE
  5
61
330
17
100
AcDbEntity
  8
S_GRID_BUBBLES
100
AcDbCircle
 10
36.5
 20
-5.7
 30
0.0
 40
1.2
  0
TEXT
  5
62
330
17
100
AcDbEntity
  8
S_GRID_BUBBLES
100
AcDbText
 10
36.5
 20
-5.7
 30
0.0
 40
1.0
  1
B
 72
1
 11
36.5
 21
-5.7
 31
0.0
100
AcDbText
 73
2
  0
CIRCLE
  5
63
330
17
100
AcDbEntity
  8
S_GRID_BUBBLES
100
AcDbCircle
 10
36.5
 20
66.7
 30
0.0
 40
1.2
  0
TEXT
  5
64
330
17
100
AcDbEntity
  8
S_GRID_BUBBLES
100
AcDbText
 10
36.5
 20
66.7
 30
0.0
 40
1.0
  1
B
 72
1
 11
36.5
 21
66.7
 31
0.0
100
AcDbText
 73
2
  0
LINE
  5
65
330
17
100
AcDbEntity
  8
S_GRID_LINES
100
AcDbLine
 10
51.75
 20
-4.0
 30
0.0
 11
51.75
 21
65.0
 31
0.0
  0
CIRCLE
  5
66
330
17
100
AcDbEntity
  8
S_GRID_BUBBLES
100
AcDbCircle
 10
51.75
 20
-5.7
 30
0.0
 40
1.2
  0
TEXT
  5
67
330
17
100
AcDbEntity
  8
S_GRID_BUBBLES
100
AcDbText
 10
51.75
 20
-5.7
 30
0.0
 40
1.0
  1
C
 72
1
 11
51.75
 21
-5.7
 31
0.0
100
AcDbText
 73
2
  0
CIRCLE
  5
68
330
17
100
AcDbEntity
  8
S_GRID_BUBBLES
100
AcDbCircle
 10
51.75
 20
66.7
 30
0.0
 40
1.2
  0
TEXT
  5
69
330
17
100
AcDbEntity
  8
S_GRID_BUBBLES
100
AcDbText
 10
51.75
 20
66.7
 30
0.0
 40
1.0
  1
C
 72
1
 11
51.75
 21
66.7
 31
0.0
100
AcDbText
 73
2
  0
LINE
  5
6A
330
17
100
AcDbEntity
  8
S_GRID_LINES
100
AcDbLine
 10
57.0
 20
-4.0
 30
0.0
 11
57.0
 21
65.0
 31
0.0
  0
CIRCLE
  5
6B
330
17
100
AcDbEntity
  8
S_GRID_BUBBLES
100
AcDbCircle
 10
57.0
 20
-5.7
 30
0.0
 40
1.2
  0
TEXT
  5
6C
330
17
100
AcDbEntity
  8
S_GRID_BUBBLES
100
AcDbText
 10
57.0
 20
-5.7
 30
0.0
 40
1.0
  1
C'
 72
1
 11
57.0
 21
-5.7
 31
0.0
100
AcDbText
 73
2
  0
CIRCLE
  5
6D
330
17
100
AcDbEntity
  8
S_GRID_BUBBLES
100
AcDbCircle
 10
57.0
 20
66.7
 30
0.0
 40
1.2
  0
TEXT
  5
6E
330
17
100
AcDbEntity
  8
S_GRID_BUBBLES
100
AcDbText
 10
57.0
 20
66.7
 30
0.0
 40
1.0
  1
C'
 72
1
 11
57.0
 21
66.7
 31
0.0
100
AcDbText
 73
2
  0
LINE
  5
6F
330
17
100
AcDbEntity
  8
S_GRID_LINES
100
AcDbLine
 10
69.0
 20
-4.0
 30
0.0
 11
69.0
 21
65.0
 31
0.0
  0
CIRCLE
  5
70
330
17
100
AcDbEntity
  8
S_GRID_BUBBLES
100
AcDbCircle
 10
69.0
 20
-5.7
 30
0.0
 40
1.2
  0
TEXT
  5
71
330
17
100
AcDbEntity
  8
S_GRID_BUBBLES
100
AcDbText
 10
69.0
 20
-5.7
 30
0.0
 40
1.0
  1
D
 72
1
 11
69.0
 21
-5.7
 31
0.0
100
AcDbText
 73
2
  0
CIRCLE
  5
72
330
17
100
AcDbEntity
  8
S_GRID_BUBBLES
100
AcDbCircle
 10
69.0
 20
66.7
 30
0.0
 40
1.2
  0
TEXT
  5
73
330
17
100
AcDbEntity
  8
S_GRID_BUBBLES
100
AcDbText
 10
69.0
 20
66.7
 30
0.0
 40
1.0
  1
D
 72
1
 11
69.0
 21
66.7
 31
0.0
100
AcDbText
 73
2
  0
LINE
  5
74
330
17
100
AcDbEntity
  8
S_GRID_LINES
100
AcDbLine
 10
84.75
 20
-4.0
 30
0.0
 11
84.75
 21
65.0
 31
0.0
  0
CIRCLE
  5
75
330
17
100
AcDbEntity
  8
S_GRID_BUBBLES
100
AcDbCircle
 10
84.75
 20
-5.7
 30
0.0
 40
1.2
  0
TEXT
  5
76
330
17
100
AcDbEntity
  8
S_GRID_BUBBLES
100
AcDbText
 10
84.75
 20
-5.7
 30
0.0
 40
1.0
  1
E
 72
1
 11
84.75
 21
-5.7
 31
0.0
100
AcDbText
 73
2
  0
CIRCLE
  5
77
330
17
100
AcDbEntity
  8
S_GRID_BUBBLES
100
AcDbCircle
 10
84.75
 20
66.7
 30
0.0
 40
1.2
  0
TEXT
  5
78
330
17
100
AcDbEntity
  8
S_GRID_BUBBLES
100
AcDbText
 10
84.75
 20
66.7
 30
0.0
 40
1.0
  1
E
 72
1
 11
84.75
 21
66.7
 31
0.0
100
AcDbText
 73
2
  0
LINE
  5
79
330
17
100
AcDbEntity
  8
S_GRID_LINES
100
AcDbLine
 10
-5.0
 20
3.375
 30
0.0
 11
93.0
 21
3.375
 31
0.0
  0
CIRCLE
  5
7A
330
17
100
AcDbEntity
  8
S_GRID_BUBBLES
100
AcDbCircle
 10
-6.7
 20
3.375
 30
0.0
 40
1.2
  0
TEXT
  5
7B
330
17
100
AcDbEntity
  8
S_GRID_BUBBLES
100
AcDbText
 10
-6.7
 20
3.375
 30
0.0
 40
1.0
  1
1
 72
1
 11
-6.7
 21
3.375
 31
0.0
100
AcDbText
 73
2
  0
CIRCLE
  5
7C
330
17
100
AcDbEntity
  8
S_GRID_BUBBLES
100
AcDbCircle
 10
94.7
 20
3.375
 30
0.0
 40
1.2
  0
TEXT
  5
7D
330
17
100
AcDbEntity
  8
S_GRID_BUBBLES
100
AcDbText
 10
94.7
 20
3.375
 30
0.0
 40
1.0
  1
1
 72
1
 11
94.7
 21
3.375
 31
0.0
100
AcDbText
 73
2
  0
LINE
  5
7E
330
17
100
AcDbEntity
  8
S_GRID_LINES
100
AcDbLine
 10
-5.0
 20
20.125
 30
0.0
 11
93.0
 21
20.125
 31
0.0
  0
CIRCLE
  5
7F
330
17
100
AcDbEntity
  8
S_GRID_BUBBLES
100
AcDbCircle
 10
-6.7
 20
20.125
 30
0.0
 40
1.2
  0
TEXT
  5
80
330
17
100
AcDbEntity
  8
S_GRID_BUBBLES
100
AcDbText
 10
-6.7
 20
20.125
 30
0.0
 40
1.0
  1
2
 72
1
 11
-6.7
 21
20.125
 31
0.0
100
AcDbText
 73
2
  0
CIRCLE
  5
81
330
17
100
AcDbEntity
  8
S_GRID_BUBBLES
100
AcDbCircle
 10
94.7
 20
20.125
 30
0.0
 40
1.2
  0
TEXT
  5
82
330
17
100
AcDbEntity
  8
S_GRID_BUBBLES
100
AcDbText
 10
94.7
 20
20.125
 30
0.0
 40
1.0
  1
2
 72
1
 11
94.7
 21
20.125
 31
0.0
100
AcDbText
 73
2
  0
LINE
  5
83
330
17
100
AcDbEntity
  8
S_GRID_LINES
100
AcDbLine
 10
-5.0
 20
28.5
 30
0.0
 11
93.0
 21
28.5
 31
0.0
  0
CIRCLE
  5
84
330
17
100
AcDbEntity
  8
S_GRID_BUBBLES
100
AcDbCircle
 10
-6.7
 20
28.5
 30
0.0
 40
1.2
  0
TEXT
  5
85
330
17
100
AcDbEntity
  8
S_GRID_BUBBLES
100
AcDbText
 10
-6.7
 20
28.5
 30
0.0
 40
1.0
  1
3
 72
1
 11
-6.7
 21
28.5
 31
0.0
100
AcDbText
 73
2
  0
CIRCLE
  5
86
330
17
100
AcDbEntity
  8
S_GRID_BUBBLES
100
AcDbCircle
 10
94.7
 20
28.5
 30
0.0
 40
1.2
  0
TEXT
  5
87
330
17
100
AcDbEntity
  8
S_GRID_BUBBLES
100
AcDbText
 10
94.7
 20
28.5
 30
0.0
 40
1.0
  1
3
 72
1
 11
94.7
 21
28.5
 31
0.0
100
AcDbText
 73
2
  0
LINE
  5
88
330
17
100
AcDbEntity
  8
S_GRID_LINES
100
AcDbLine
 10
-5.0
 20
36.5
 30
0.0
 11
93.0
 21
36.5
 31
0.0
  0
CIRCLE
  5
89
330
17
100
AcDbEntity
  8
S_GRID_BUBBLES
100
AcDbCircle
 10
-6.7
 20
36.5
 30
0.0
 40
1.2
  0
TEXT
  5
8A
330
17
100
AcDbEntity
  8
S_GRID_BUBBLES
100
AcDbText
 10
-6.7
 20
36.5
 30
0.0
 40
1.0
  1
4
 72
1
 11
-6.7
 21
36.5
 31
0.0
100
AcDbText
 73
2
  0
CIRCLE
  5
8B
330
17
100
AcDbEntity
  8
S_GRID_BUBBLES
100
AcDbCircle
 10
94.7
 20
36.5
 30
0.0
 40
1.2
  0
TEXT
  5
8C
330
17
100
AcDbEntity
  8
S_GRID_BUBBLES
100
AcDbText
 10
94.7
 20
36.5
 30
0.0
 40
1.0
  1
4
 72
1
 11
94.7
 21
36.5
 31
0.0
100
AcDbText
 73
2
  0
LINE
  5
8D
330
17
100
AcDbEntity
  8
S_GRID_LINES
100
AcDbLine
 10
-5.0
 20
42.125
 30
0.0
 11
93.0
 21
42.125
 31
0.0
  0
CIRCLE
  5
8E
330
17
100
AcDbEntity
  8
S_GRID_BUBBLES
100
AcDbCircle
 10
-6.7
 20
42.125
 30
0.0
 40
1.2
  0
TEXT
  5
8F
330
17
100
AcDbEntity
  8
S_GRID_BUBBLES
100
AcDbText
 10
-6.7
 20
42.125
 30
0.0
 40
1.0
  1
5
 72
1
 11
-6.7
 21
42.125
 31
0.0
100
AcDbText
 73
2
  0
CIRCLE
  5
90
330
17
100
AcDbEntity
  8
S_GRID_BUBBLES
100
AcDbCircle
 10
94.7
 20
42.125
 30
0.0
 40
1.2
  0
TEXT
  5
91
330
17
100
AcDbEntity
  8
S_GRID_BUBBLES
100
AcDbText
 10
94.7
 20
42.125
 30
0.0
 40
1.0
  1
5
 72
1
 11
94.7
 21
42.125
 31
0.0
100
AcDbText
 73
2
  0
LINE
  5
92
330
17
100
AcDbEntity
  8
S_GRID_LINES
100
AcDbLine
 10
-5.0
 20
48.0
 30
0.0
 11
93.0
 21
48.0
 31
0.0
  0
CIRCLE
  5
93
330
17
100
AcDbEntity
  8
S_GRID_BUBBLES
100
AcDbCircle
 10
-6.7
 20
48.0
 30
0.0
 40
1.2
  0
TEXT
  5
94
330
17
100
AcDbEntity
  8
S_GRID_BUBBLES
100
AcDbText
 10
-6.7
 20
48.0
 30
0.0
 40
1.0
  1
6
 72
1
 11
-6.7
 21
48.0
 31
0.0
100
AcDbText
 73
2
  0
CIRCLE
  5
95
330
17
100
AcDbEntity
  8
S_GRID_BUBBLES
100
AcDbCircle
 10
94.7
 20
48.0
 30
0.0
 40
1.2
  0
TEXT
  5
96
330
17
100
AcDbEntity
  8
S_GRID_BUBBLES
100
AcDbText
 10
94.7
 20
48.0
 30
0.0
 40
1.0
  1
6
 72
1
 11
94.7
 21
48.0
 31
0.0
100
AcDbText
 73
2
  0
LINE
  5
97
330
17
100
AcDbEntity
  8
S_GRID_LINES
100
AcDbLine
 10
-5.0
 20
55.5
 30
0.0
 11
93.0
 21
55.5
 31
0.0
  0
CIRCLE
  5
98
330
17
100
AcDbEntity
  8
S_GRID_BUBBLES
100
AcDbCircle
 10
-6.7
 20
55.5
 30
0.0
 40
1.2
  0
TEXT
  5
99
330
17
100
AcDbEntity
  8
S_GRID_BUBBLES
100
AcDbText
 10
-6.7
 20
55.5
 30
0.0
 40
1.0
  1
7
 72
1
 11
-6.7
 21
55.5
 31
0.0
100
AcDbText
 73
2
  0
CIRCLE
  5
9A
330
17
100
AcDbEntity
  8
S_GRID_BUBBLES
100
AcDbCircle
 10
94.7
 20
55.5
 30
0.0
 40
1.2
  0
TEXT
  5
9B
330
17
100
AcDbEntity
  8
S_GRID_BUBBLES
100
AcDbText
 10
94.7
 20
55.5
 30
0.0
 40
1.0
  1
7
 72
1
 11
94.7
 21
55.5
 31
0.0
100
AcDbText
 73
2
  0
LWPOLYLINE
  5
9C
330
17
100
AcDbEntity
  8
S_COLUMNS
100
AcDbPolyline
 90
4
 70
1
 10
36.125
 20
3.0
 10
36.875
 20
3.0
 10
36.875
 20
4.5
 10
36.125
 20
4.5
  0
HATCH
  5
9D
330
17
100
AcDbEntity
  8
S_COLUMNS_HATCH
 62
7
100
AcDbHatch
 10
0.0
 20
0.0
 30
0.0
210
0.0
220
0.0
230
1.0
  2
SOLID
 70
0
 71
0
 91
1
 92
3
 72
0
 73
1
 93
4
 10
36.125
 20
3.0
 10
36.875
 20
3.0
 10
36.875
 20
4.5
 10
36.125
 20
4.5
 97
0
 75
1
 76
1
 52
0.0
 41
1.0
 77
0
 78
1
 53
45.0
 43
0.0
 44
0.0
 45
-0.0034798562
 46
0.0034798562
 79
0
 98
0
  0
TEXT
  5
9E
330
17
100
AcDbEntity
  8
S_COLUMNS
100
AcDbText
 10
36.5
 20
3.75
 30
0.0
 40
0.55
  1
B1
 72
1
 11
36.5
 21
3.75
 31
0.0
100
AcDbText
 73
2
  0
LWPOLYLINE
  5
9F
330
17
100
AcDbEntity
  8
S_COLUMNS
100
AcDbPolyline
 90
4
 70
1
 10
36.125
 20
19.375
 10
36.875
 20
19.375
 10
36.875
 20
20.875
 10
36.125
 20
20.875
  0
HATCH
  5
A0
330
17
100
AcDbEntity
  8
S_COLUMNS_HATCH
 62
7
100
AcDbHatch
 10
0.0
 20
0.0
 30
0.0
210
0.0
220
0.0
230
1.0
  2
SOLID
 70
0
 71
0
 91
1
 92
3
 72
0
 73
1
 93
4
 10
36.125
 20
19.375
 10
36.875
 20
19.375
 10
36.875
 20
20.875
 10
36.125
 20
20.875
 97
0
 75
1
 76
1
 52
0.0
 41
1.0
 77
0
 78
1
 53
45.0
 43
0.0
 44
0.0
 45
-0.0034798562
 46
0.0034798562
 79
0
 98
0
  0
TEXT
  5
A1
330
17
100
AcDbEntity
  8
S_COLUMNS
100
AcDbText
 10
36.5
 20
20.125
 30
0.0
 40
0.55
  1
B2
 72
1
 11
36.5
 21
20.125
 31
0.0
100
AcDbText
 73
2
  0
LWPOLYLINE
  5
A2
330
17
100
AcDbEntity
  8
S_COLUMNS
100
AcDbPolyline
 90
4
 70
1
 10
36.125
 20
27.75
 10
36.875
 20
27.75
 10
36.875
 20
29.25
 10
36.125
 20
29.25
  0
HATCH
  5
A3
330
17
100
AcDbEntity
  8
S_COLUMNS_HATCH
 62
7
100
AcDbHatch
 10
0.0
 20
0.0
 30
0.0
210
0.0
220
0.0
230
1.0
  2
SOLID
 70
0
 71
0
 91
1
 92
3
 72
0
 73
1
 93
4
 10
36.125
 20
27.75
 10
36.875
 20
27.75
 10
36.875
 20
29.25
 10
36.125
 20
29.25
 97
0
 75
1
 76
1
 52
0.0
 41
1.0
 77
0
 78
1
 53
45.0
 43
0.0
 44
0.0
 45
-0.0034798562
 46
0.0034798562
 79
0
 98
0
  0
TEXT
  5
A4
330
17
100
AcDbEntity
  8
S_COLUMNS
100
AcDbText
 10
36.5
 20
28.5
 30
0.0
 40
0.55
  1
B3
 72
1
 11
36.5
 21
28.5
 31
0.0
100
AcDbText
 73
2
  0
LWPOLYLINE
  5
A5
330
17
100
AcDbEntity
  8
S_COLUMNS
100
AcDbPolyline
 90
4
 70
1
 10
36.125
 20
31.5
 10
36.875
 20
31.5
 10
36.875
 20
33.0
 10
36.125
 20
33.0
  0
HATCH
  5
A6
330
17
100
AcDbEntity
  8
S_COLUMNS_HATCH
 62
7
100
AcDbHatch
 10
0.0
 20
0.0
 30
0.0
210
0.0
220
0.0
230
1.0
  2
SOLID
 70
0
 71
0
 91
1
 92
3
 72
0
 73
1
 93
4
 10
36.125
 20
31.5
 10
36.875
 20
31.5
 10
36.875
 20
33.0
 10
36.125
 20
33.0
 97
0
 75
1
 76
1
 52
0.0
 41
1.0
 77
0
 78
1
 53
45.0
 43
0.0
 44
0.0
 45
-0.0034798562
 46
0.0034798562
 79
0
 98
0
  0
TEXT
  5
A7
330
17
100
AcDbEntity
  8
S_COLUMNS
100
AcDbText
 10
36.5
 20
32.25
 30
0.0
 40
0.55
  1
B4
 72
1
 11
36.5
 21
32.25
 31
0.0
100
AcDbText
 73
2
  0
LWPOLYLINE
  5
A8
330
17
100
AcDbEntity
  8
S_COLUMNS
100
AcDbPolyline
 90
4
 70
1
 10
51.375
 20
3.0
 10
52.125
 20
3.0
 10
52.125
 20
4.5
 10
51.375
 20
4.5
  0
HATCH
  5
A9
330
17
100
AcDbEntity
  8
S_COLUMNS_HATCH
 62
7
100
AcDbHatch
 10
0.0
 20
0.0
 30
0.0
210
0.0
220
0.0
230
1.0
  2
SOLID
 70
0
 71
0
 91
1
 92
3
 72
0
 73
1
 93
4
 10
51.375
 20
3.0
 10
52.125
 20
3.0
 10
52.125
 20
4.5
 10
51.375
 20
4.5
 97
0
 75
1
 76
1
 52
0.0
 41
1.0
 77
0
 78
1
 53
45.0
 43
0.0
 44
0.0
 45
-0.0034798562
 46
0.0034798562
 79
0
 98
0
  0
TEXT
  5
AA
330
17
100
AcDbEntity
  8
S_COLUMNS
100
AcDbText
 10
51.75
 20
3.75
 30
0.0
 40
0.55
  1
C1
 72
1
 11
51.75
 21
3.75
 31
0.0
100
AcDbText
 73
2
  0
LWPOLYLINE
  5
AB
330
17
100
AcDbEntity
  8
S_COLUMNS
100
AcDbPolyline
 90
4
 70
1
 10
51.375
 20
19.375
 10
52.125
 20
19.375
 10
52.125
 20
20.875
 10
51.375
 20
20.875
  0
HATCH
  5
AC
330
17
100
AcDbEntity
  8
S_COLUMNS_HATCH
 62
7
100
AcDbHatch
 10
0.0
 20
0.0
 30
0.0
210
0.0
220
0.0
230
1.0
  2
SOLID
 70
0
 71
0
 91
1
 92
3
 72
0
 73
1
 93
4
 10
51.375
 20
19.375
 10
52.125
 20
19.375
 10
52.125
 20
20.875
 10
51.375
 20
20.875
 97
0
 75
1
 76
1
 52
0.0
 41
1.0
 77
0
 78
1
 53
45.0
 43
0.0
 44
0.0
 45
-0.0034798562
 46
0.0034798562
 79
0
 98
0
  0
TEXT
  5
AD
330
17
100
AcDbEntity
  8
S_COLUMNS
100
AcDbText
 10
51.75
 20
20.125
 30
0.0
 40
0.55
  1
C2
 72
1
 11
51.75
 21
20.125
 31
0.0
100
AcDbText
 73
2
  0
LWPOLYLINE
  5
AE
330
17
100
AcDbEntity
  8
S_COLUMNS
100
AcDbPolyline
 90
4
 70
1
 10
51.375
 20
27.75
 10
52.125
 20
27.75
 10
52.125
 20
29.25
 10
51.375
 20
29.25
  0
HATCH
  5
AF
330
17
100
AcDbEntity
  8
S_COLUMNS_HATCH
 62
7
100
AcDbHatch
 10
0.0
 20
0.0
 30
0.0
210
0.0
220
0.0
230
1.0
  2
SOLID
 70
0
 71
0
 91
1
 92
3
 72
0
 73
1
 93
4
 10
51.375
 20
27.75
 10
52.125
 20
27.75
 10
52.125
 20
29.25
 10
51.375
 20
29.25
 97
0
 75
1
 76
1
 52
0.0
 41
1.0
 77
0
 78
1
 53
45.0
 43
0.0
 44
0.0
 45
-0.0034798562
 46
0.0034798562
 79
0
 98
0
  0
TEXT
  5
B0
330
17
100
AcDbEntity
  8
S_COLUMNS
100
AcDbText
 10
51.75
 20
28.5
 30
0.0
 40
0.55
  1
C3
 72
1
 11
51.75
 21
28.5
 31
0.0
100
AcDbText
 73
2
  0
LWPOLYLINE
  5
B1
330
17
100
AcDbEntity
  8
S_COLUMNS
100
AcDbPolyline
 90
4
 70
1
 10
51.375
 20
35.75
 10
52.125
 20
35.75
 10
52.125
 20
37.25
 10
51.375
 20
37.25
  0
HATCH
  5
B2
330
17
100
AcDbEntity
  8
S_COLUMNS_HATCH
 62
7
100
AcDbHatch
 10
0.0
 20
0.0
 30
0.0
210
0.0
220
0.0
230
1.0
  2
SOLID
 70
0
 71
0
 91
1
 92
3
 72
0
 73
1
 93
4
 10
51.375
 20
35.75
 10
52.125
 20
35.75
 10
52.125
 20
37.25
 10
51.375
 20
37.25
 97
0
 75
1
 76
1
 52
0.0
 41
1.0
 77
0
 78
1
 53
45.0
 43
0.0
 44
0.0
 45
-0.0034798562
 46
0.0034798562
 79
0
 98
0
  0
TEXT
  5
B3
330
17
100
AcDbEntity
  8
S_COLUMNS
100
AcDbText
 10
51.75
 20
36.5
 30
0.0
 40
0.55
  1
C4
 72
1
 11
51.75
 21
36.5
 31
0.0
100
AcDbText
 73
2
  0
LWPOLYLINE
  5
B4
330
17
100
AcDbEntity
  8
S_COLUMNS
100
AcDbPolyline
 90
4
 70
1
 10
56.625
 20
3.0
 10
57.375
 20
3.0
 10
57.375
 20
4.5
 10
56.625
 20
4.5
  0
HATCH
  5
B5
330
17
100
AcDbEntity
  8
S_COLUMNS_HATCH
 62
7
100
AcDbHatch
 10
0.0
 20
0.0
 30
0.0
210
0.0
220
0.0
230
1.0
  2
SOLID
 70
0
 71
0
 91
1
 92
3
 72
0
 73
1
 93
4
 10
56.625
 20
3.0
 10
57.375
 20
3.0
 10
57.375
 20
4.5
 10
56.625
 20
4.5
 97
0
 75
1
 76
1
 52
0.0
 41
1.0
 77
0
 78
1
 53
45.0
 43
0.0
 44
0.0
 45
-0.0034798562
 46
0.0034798562
 79
0
 98
0
  0
TEXT
  5
B6
330
17
100
AcDbEntity
  8
S_COLUMNS
100
AcDbText
 10
57.0
 20
3.75
 30
0.0
 40
0.55
  1
C'1
 72
1
 11
57.0
 21
3.75
 31
0.0
100
AcDbText
 73
2
  0
LWPOLYLINE
  5
B7
330
17
100
AcDbEntity
  8
S_COLUMNS
100
AcDbPolyline
 90
4
 70
1
 10
56.625
 20
19.375
 10
57.375
 20
19.375
 10
57.375
 20
20.875
 10
56.625
 20
20.875
  0
HATCH
  5
B8
330
17
100
AcDbEntity
  8
S_COLUMNS_HATCH
 62
7
100
AcDbHatch
 10
0.0
 20
0.0
 30
0.0
210
0.0
220
0.0
230
1.0
  2
SOLID
 70
0
 71
0
 91
1
 92
3
 72
0
 73
1
 93
4
 10
56.625
 20
19.375
 10
57.375
 20
19.375
 10
57.375
 20
20.875
 10
56.625
 20
20.875
 97
0
 75
1
 76
1
 52
0.0
 41
1.0
 77
0
 78
1
 53
45.0
 43
0.0
 44
0.0
 45
-0.0034798562
 46
0.0034798562
 79
0
 98
0
  0
TEXT
  5
B9
330
17
100
AcDbEntity
  8
S_COLUMNS
100
AcDbText
 10
57.0
 20
20.125
 30
0.0
 40
0.55
  1
C'2
 72
1
 11
57.0
 21
20.125
 31
0.0
100
AcDbText
 73
2
  0
LWPOLYLINE
  5
BA
330
17
100
AcDbEntity
  8
S_COLUMNS
100
AcDbPolyline
 90
4
 70
1
 10
56.625
 20
27.75
 10
57.375
 20
27.75
 10
57.375
 20
29.25
 10
56.625
 20
29.25
  0
HATCH
  5
BB
330
17
100
AcDbEntity
  8
S_COLUMNS_HATCH
 62
7
100
AcDbHatch
 10
0.0
 20
0.0
 30
0.0
210
0.0
220
0.0
230
1.0
  2
SOLID
 70
0
 71
0
 91
1
 92
3
 72
0
 73
1
 93
4
 10
56.625
 20
27.75
 10
57.375
 20
27.75
 10
57.375
 20
29.25
 10
56.625
 20
29.25
 97
0
 75
1
 76
1
 52
0.0
 41
1.0
 77
0
 78
1
 53
45.0
 43
0.0
 44
0.0
 45
-0.0034798562
 46
0.0034798562
 79
0
 98
0
  0
TEXT
  5
BC
330
17
100
AcDbEntity
  8
S_COLUMNS
100
AcDbText
 10
57.0
 20
28.5
 30
0.0
 40
0.55
  1
C'3
 72
1
 11
57.0
 21
28.5
 31
0.0
100
AcDbText
 73
2
  0
LWPOLYLINE
  5
BD
330
17
100
AcDbEntity
  8
S_COLUMNS
100
AcDbPolyline
 90
4
 70
1
 10
68.625
 20
3.0
 10
69.375
 20
3.0
 10
69.375
 20
4.5
 10
68.625
 20
4.5
  0
HATCH
  5
BE
330
17
100
AcDbEntity
  8
S_COLUMNS_HATCH
 62
7
100
AcDbHatch
 10
0.0
 20
0.0
 30
0.0
210
0.0
220
0.0
230
1.0
  2
SOLID
 70
0
 71
0
 91
1
 92
3
 72
0
 73
1
 93
4
 10
68.625
 20
3.0
 10
69.375
 20
3.0
 10
69.375
 20
4.5
 10
68.625
 20
4.5
 97
0
 75
1
 76
1
 52
0.0
 41
1.0
 77
0
 78
1
 53
45.0
 43
0.0
 44
0.0
 45
-0.0034798562
 46
0.0034798562
 79
0
 98
0
  0
TEXT
  5
BF
330
17
100
AcDbEntity
  8
S_COLUMNS
100
AcDbText
 10
69.0
 20
3.75
 30
0.0
 40
0.55
  1
D1
 72
1
 11
69.0
 21
3.75
 31
0.0
100
AcDbText
 73
2
  0
LWPOLYLINE
  5
C0
330
17
100
AcDbEntity
  8
S_COLUMNS
100
AcDbPolyline
 90
4
 70
1
 10
68.625
 20
19.375
 10
69.375
 20
19.375
 10
69.375
 20
20.875
 10
68.625
 20
20.875
  0
HATCH
  5
C1
330
17
100
AcDbEntity
  8
S_COLUMNS_HATCH
 62
7
100
AcDbHatch
 10
0.0
 20
0.0
 30
0.0
210
0.0
220
0.0
230
1.0
  2
SOLID
 70
0
 71
0
 91
1
 92
3
 72
0
 73
1
 93
4
 10
68.625
 20
19.375
 10
69.375
 20
19.375
 10
69.375
 20
20.875
 10
68.625
 20
20.875
 97
0
 75
1
 76
1
 52
0.0
 41
1.0
 77
0
 78
1
 53
45.0
 43
0.0
 44
0.0
 45
-0.0034798562
 46
0.0034798562
 79
0
 98
0
  0
TEXT
  5
C2
330
17
100
AcDbEntity
  8
S_COLUMNS
100
AcDbText
 10
69.0
 20
20.125
 30
0.0
 40
0.55
  1
D2
 72
1
 11
69.0
 21
20.125
 31
0.0
100
AcDbText
 73
2
  0
LWPOLYLINE
  5
C3
330
17
100
AcDbEntity
  8
S_COLUMNS
100
AcDbPolyline
 90
4
 70
1
 10
68.625
 20
27.75
 10
69.375
 20
27.75
 10
69.375
 20
29.25
 10
68.625
 20
29.25
  0
HATCH
  5
C4
330
17
100
AcDbEntity
  8
S_COLUMNS_HATCH
 62
7
100
AcDbHatch
 10
0.0
 20
0.0
 30
0.0
210
0.0
220
0.0
230
1.0
  2
SOLID
 70
0
 71
0
 91
1
 92
3
 72
0
 73
1
 93
4
 10
68.625
 20
27.75
 10
69.375
 20
27.75
 10
69.375
 20
29.25
 10
68.625
 20
29.25
 97
0
 75
1
 76
1
 52
0.0
 41
1.0
 77
0
 78
1
 53
45.0
 43
0.0
 44
0.0
 45
-0.0034798562
 46
0.0034798562
 79
0
 98
0
  0
TEXT
  5
C5
330
17
100
AcDbEntity
  8
S_COLUMNS
100
AcDbText
 10
69.0
 20
28.5
 30
0.0
 40
0.55
  1
D3
 72
1
 11
69.0
 21
28.5
 31
0.0
100
AcDbText
 73
2
  0
LWPOLYLINE
  5
C6
330
17
100
AcDbEntity
  8
S_COLUMNS
100
AcDbPolyline
 90
4
 70
1
 10
68.625
 20
35.75
 10
69.375
 20
35.75
 10
69.375
 20
37.25
 10
68.625
 20
37.25
  0
HATCH
  5
C7
330
17
100
AcDbEntity
  8
S_COLUMNS_HATCH
 62
7
100
AcDbHatch
 10
0.0
 20
0.0
 30
0.0
210
0.0
220
0.0
230
1.0
  2
SOLID
 70
0
 71
0
 91
1
 92
3
 72
0
 73
1
 93
4
 10
68.625
 20
35.75
 10
69.375
 20
35.75
 10
69.375
 20
37.25
 10
68.625
 20
37.25
 97
0
 75
1
 76
1
 52
0.0
 41
1.0
 77
0
 78
1
 53
45.0
 43
0.0
 44
0.0
 45
-0.0034798562
 46
0.0034798562
 79
0
 98
0
  0
TEXT
  5
C8
330
17
100
AcDbEntity
  8
S_COLUMNS
100
AcDbText
 10
69.0
 20
36.5
 30
0.0
 40
0.55
  1
D4
 72
1
 11
69.0
 21
36.5
 31
0.0
100
AcDbText
 73
2
  0
LWPOLYLINE
  5
C9
330
17
100
AcDbEntity
  8
S_COLUMNS
100
AcDbPolyline
 90
4
 70
1
 10
68.625
 20
41.375
 10
69.375
 20
41.375
 10
69.375
 20
42.875
 10
68.625
 20
42.875
  0
HATCH
  5
CA
330
17
100
AcDbEntity
  8
S_COLUMNS_HATCH
 62
7
100
AcDbHatch
 10
0.0
 20
0.0
 30
0.0
210
0.0
220
0.0
230
1.0
  2
SOLID
 70
0
 71
0
 91
1
 92
3
 72
0
 73
1
 93
4
 10
68.625
 20
41.375
 10
69.375
 20
41.375
 10
69.375
 20
42.875
 10
68.625
 20
42.875
 97
0
 75
1
 76
1
 52
0.0
 41
1.0
 77
0
 78
1
 53
45.0
 43
0.0
 44
0.0
 45
-0.0034798562
 46
0.0034798562
 79
0
 98
0
  0
TEXT
  5
CB
330
17
100
AcDbEntity
  8
S_COLUMNS
100
AcDbText
 10
69.0
 20
42.125
 30
0.0
 40
0.55
  1
D5
 72
1
 11
69.0
 21
42.125
 31
0.0
100
AcDbText
 73
2
  0
LWPOLYLINE
  5
CC
330
17
100
AcDbEntity
  8
S_COLUMNS
100
AcDbPolyline
 90
4
 70
1
 10
84.375
 20
3.0
 10
85.125
 20
3.0
 10
85.125
 20
4.5
 10
84.375
 20
4.5
  0
HATCH
  5
CD
330
17
100
AcDbEntity
  8
S_COLUMNS_HATCH
 62
7
100
AcDbHatch
 10
0.0
 20
0.0
 30
0.0
210
0.0
220
0.0
230
1.0
  2
SOLID
 70
0
 71
0
 91
1
 92
3
 72
0
 73
1
 93
4
 10
84.375
 20
3.0
 10
85.125
 20
3.0
 10
85.125
 20
4.5
 10
84.375
 20
4.5
 97
0
 75
1
 76
1
 52
0.0
 41
1.0
 77
0
 78
1
 53
45.0
 43
0.0
 44
0.0
 45
-0.0034798562
 46
0.0034798562
 79
0
 98
0
  0
TEXT
  5
CE
330
17
100
AcDbEntity
  8
S_COLUMNS
100
AcDbText
 10
84.75
 20
3.75
 30
0.0
 40
0.55
  1
E1
 72
1
 11
84.75
 21
3.75
 31
0.0
100
AcDbText
 73
2
  0
LWPOLYLINE
  5
CF
330
17
100
AcDbEntity
  8
S_COLUMNS
100
AcDbPolyline
 90
4
 70
1
 10
84.375
 20
19.375
 10
85.125
 20
19.375
 10
85.125
 20
20.875
 10
84.375
 20
20.875
  0
HATCH
  5
D0
330
17
100
AcDbEntity
  8
S_COLUMNS_HATCH
 62
7
100
AcDbHatch
 10
0.0
 20
0.0
 30
0.0
210
0.0
220
0.0
230
1.0
  2
SOLID
 70
0
 71
0
 91
1
 92
3
 72
0
 73
1
 93
4
 10
84.375
 20
19.375
 10
85.125
 20
19.375
 10
85.125
 20
20.875
 10
84.375
 20
20.875
 97
0
 75
1
 76
1
 52
0.0
 41
1.0
 77
0
 78
1
 53
45.0
 43
0.0
 44
0.0
 45
-0.0034798562
 46
0.0034798562
 79
0
 98
0
  0
TEXT
  5
D1
330
17
100
AcDbEntity
  8
S_COLUMNS
100
AcDbText
 10
84.75
 20
20.125
 30
0.0
 40
0.55
  1
E2
 72
1
 11
84.75
 21
20.125
 31
0.0
100
AcDbText
 73
2
  0
LWPOLYLINE
  5
D2
330
17
100
AcDbEntity
  8
S_COLUMNS
100
AcDbPolyline
 90
4
 70
1
 10
84.375
 20
27.75
 10
85.125
 20
27.75
 10
85.125
 20
29.25
 10
84.375
 20
29.25
  0
HATCH
  5
D3
330
17
100
AcDbEntity
  8
S_COLUMNS_HATCH
 62
7
100
AcDbHatch
 10
0.0
 20
0.0
 30
0.0
210
0.0
220
0.0
230
1.0
  2
SOLID
 70
0
 71
0
 91
1
 92
3
 72
0
 73
1
 93
4
 10
84.375
 20
27.75
 10
85.125
 20
27.75
 10
85.125
 20
29.25
 10
84.375
 20
29.25
 97
0
 75
1
 76
1
 52
0.0
 41
1.0
 77
0
 78
1
 53
45.0
 43
0.0
 44
0.0
 45
-0.0034798562
 46
0.0034798562
 79
0
 98
0
  0
TEXT
  5
D4
330
17
100
AcDbEntity
  8
S_COLUMNS
100
AcDbText
 10
84.75
 20
28.5
 30
0.0
 40
0.55
  1
E3
 72
1
 11
84.75
 21
28.5
 31
0.0
100
AcDbText
 73
2
  0
LWPOLYLINE
  5
D5
330
17
100
AcDbEntity
  8
S_COLUMNS
100
AcDbPolyline
 90
4
 70
1
 10
84.375
 20
35.75
 10
85.125
 20
35.75
 10
85.125
 20
37.25
 10
84.375
 20
37.25
  0
HATCH
  5
D6
330
17
100
AcDbEntity
  8
S_COLUMNS_HATCH
 62
7
100
AcDbHatch
 10
0.0
 20
0.0
 30
0.0
210
0.0
220
0.0
230
1.0
  2
SOLID
 70
0
 71
0
 91
1
 92
3
 72
0
 73
1
 93
4
 10
84.375
 20
35.75
 10
85.125
 20
35.75
 10
85.125
 20
37.25
 10
84.375
 20
37.25
 97
0
 75
1
 76
1
 52
0.0
 41
1.0
 77
0
 78
1
 53
45.0
 43
0.0
 44
0.0
 45
-0.0034798562
 46
0.0034798562
 79
0
 98
0
  0
TEXT
  5
D7
330
17
100
AcDbEntity
  8
S_COLUMNS
100
AcDbText
 10
84.75
 20
36.5
 30
0.0
 40
0.55
  1
E4
 72
1
 11
84.75
 21
36.5
 31
0.0
100
AcDbText
 73
2
  0
LWPOLYLINE
  5
D8
330
17
100
AcDbEntity
  8
S_COLUMNS
100
AcDbPolyline
 90
4
 70
1
 10
84.375
 20
41.375
 10
85.125
 20
41.375
 10
85.125
 20
42.875
 10
84.375
 20
42.875
  0
HATCH
  5
D9
330
17
100
AcDbEntity
  8
S_COLUMNS_HATCH
 62
7
100
AcDbHatch
 10
0.0
 20
0.0
 30
0.0
210
0.0
220
0.0
230
1.0
  2
SOLID
 70
0
 71
0
 91
1
 92
3
 72
0
 73
1
 93
4
 10
84.375
 20
41.375
 10
85.125
 20
41.375
 10
85.125
 20
42.875
 10
84.375
 20
42.875
 97
0
 75
1
 76
1
 52
0.0
 41
1.0
 77
0
 78
1
 53
45.0
 43
0.0
 44
0.0
 45
-0.0034798562
 46
0.0034798562
 79
0
 98
0
  0
TEXT
  5
DA
330
17
100
AcDbEntity
  8
S_COLUMNS
100
AcDbText
 10
84.75
 20
42.125
 30
0.0
 40
0.55
  1
E5
 72
1
 11
84.75
 21
42.125
 31
0.0
100
AcDbText
 73
2
  0
LWPOLYLINE
  5
DB
330
17
100
AcDbEntity
  8
S_COLUMNS
100
AcDbPolyline
 90
4
 70
1
 10
84.375
 20
47.25
 10
85.125
 20
47.25
 10
85.125
 20
48.75
 10
84.375
 20
48.75
  0
HATCH
  5
DC
330
17
100
AcDbEntity
  8
S_COLUMNS_HATCH
 62
7
100
AcDbHatch
 10
0.0
 20
0.0
 30
0.0
210
0.0
220
0.0
230
1.0
  2
SOLID
 70
0
 71
0
 91
1
 92
3
 72
0
 73
1
 93
4
 10
84.375
 20
47.25
 10
85.125
 20
47.25
 10
85.125
 20
48.75
 10
84.375
 20
48.75
 97
0
 75
1
 76
1
 52
0.0
 41
1.0
 77
0
 78
1
 53
45.0
 43
0.0
 44
0.0
 45
-0.0034798562
 46
0.0034798562
 79
0
 98
0
  0
TEXT
  5
DD
330
17
100
AcDbEntity
  8
S_COLUMNS
100
AcDbText
 10
84.75
 20
48.0
 30
0.0
 40
0.55
  1
E6
 72
1
 11
84.75
 21
48.0
 31
0.0
100
AcDbText
 73
2
  0
LWPOLYLINE
  5
DE
330
17
100
AcDbEntity
  8
A_WALLS
100
AcDbPolyline
 90
4
 70
1
 10
36.125
 20
3.0
 10
39.0
 20
3.0
 10
39.0
 20
3.75
 10
36.125
 20
3.75
  0
LWPOLYLINE
  5
DF
330
17
100
AcDbEntity
  8
A_WALLS
100
AcDbPolyline
 90
4
 70
1
 10
39.0
 20
3.0
 10
48.0
 20
3.0
 10
48.0
 20
3.75
 10
39.0
 20
3.75
  0
LWPOLYLINE
  5
E0
330
17
100
AcDbEntity
  8
A_WALLS
100
AcDbPolyline
 90
4
 70
1
 10
39.0
 20
3.0
 10
48.0
 20
3.0
 10
48.0
 20
3.75
 10
39.0
 20
3.75
  0
LWPOLYLINE
  5
E1
330
17
100
AcDbEntity
  8
A_WALLS
100
AcDbPolyline
 90
4
 70
1
 10
48.0
 20
3.0
 10
52.5
 20
3.0
 10
52.5
 20
3.75
 10
48.0
 20
3.75
  0
LWPOLYLINE
  5
E2
330
17
100
AcDbEntity
  8
A_WALLS
100
AcDbPolyline
 90
4
 70
1
 10
52.5
 20
3.0
 10
55.5
 20
3.0
 10
55.5
 20
3.75
 10
52.5
 20
3.75
  0
LWPOLYLINE
  5
E3
330
17
100
AcDbEntity
  8
A_WALLS
100
AcDbPolyline
 90
4
 70
1
 10
52.5
 20
3.0
 10
55.5
 20
3.0
 10
55.5
 20
3.75
 10
52.5
 20
3.75
  0
LWPOLYLINE
  5
E4
330
17
100
AcDbEntity
  8
A_WALLS
100
AcDbPolyline
 90
4
 70
1
 10
55.5
 20
3.0
 10
57.375
 20
3.0
 10
57.375
 20
3.75
 10
55.5
 20
3.75
  0
LWPOLYLINE
  5
E5
330
17
100
AcDbEntity
  8
A_WALLS
100
AcDbPolyline
 90
4
 70
1
 10
68.625
 20
3.0
 10
72.0
 20
3.0
 10
72.0
 20
3.75
 10
68.625
 20
3.75
  0
LWPOLYLINE
  5
E6
330
17
100
AcDbEntity
  8
A_WALLS
100
AcDbPolyline
 90
4
 70
1
 10
72.0
 20
3.0
 10
81.0
 20
3.0
 10
81.0
 20
3.75
 10
72.0
 20
3.75
  0
LWPOLYLINE
  5
E7
330
17
100
AcDbEntity
  8
A_WALLS
100
AcDbPolyline
 90
4
 70
1
 10
72.0
 20
3.0
 10
81.0
 20
3.0
 10
81.0
 20
3.75
 10
72.0
 20
3.75
  0
LWPOLYLINE
  5
E8
330
17
100
AcDbEntity
  8
A_WALLS
100
AcDbPolyline
 90
4
 70
1
 10
81.0
 20
3.0
 10
85.125
 20
3.0
 10
85.125
 20
3.75
 10
81.0
 20
3.75
  0
LWPOLYLINE
  5
E9
330
17
100
AcDbEntity
  8
A_WALLS
100
AcDbPolyline
 90
4
 70
1
 10
36.125
 20
19.75
 10
42.0
 20
19.75
 10
42.0
 20
20.5
 10
36.125
 20
20.5
  0
LWPOLYLINE
  5
EA
330
17
100
AcDbEntity
  8
A_WALLS
100
AcDbPolyline
 90
4
 70
1
 10
42.0
 20
19.75
 10
45.5
 20
19.75
 10
45.5
 20
20.5
 10
42.0
 20
20.5
  0
LWPOLYLINE
  5
EB
330
17
100
AcDbEntity
  8
A_WALLS
100
AcDbPolyline
 90
4
 70
1
 10
45.5
 20
19.75
 10
51.375
 20
19.75
 10
51.375
 20
20.5
 10
45.5
 20
20.5
  0
LWPOLYLINE
  5
EC
330
17
100
AcDbEntity
  8
A_WALLS
100
AcDbPolyline
 90
4
 70
1
 10
51.375
 20
19.75
 10
57.375
 20
19.75
 10
57.375
 20
20.5
 10
51.375
 20
20.5
  0
LWPOLYLINE
  5
ED
330
17
100
AcDbEntity
  8
A_WALLS
100
AcDbPolyline
 90
4
 70
1
 10
56.625
 20
20.5
 10
62.625
 20
20.5
 10
62.625
 20
21.25
 10
56.625
 20
21.25
  0
LWPOLYLINE
  5
EE
330
17
100
AcDbEntity
  8
A_WALLS
100
AcDbPolyline
 90
4
 70
1
 10
62.625
 20
20.5
 10
63.5
 20
20.5
 10
63.5
 20
21.25
 10
62.625
 20
21.25
  0
LWPOLYLINE
  5
EF
330
17
100
AcDbEntity
  8
A_WALLS
100
AcDbPolyline
 90
4
 70
1
 10
63.5
 20
20.5
 10
66.5
 20
20.5
 10
66.5
 20
21.25
 10
63.5
 20
21.25
  0
LWPOLYLINE
  5
F0
330
17
100
AcDbEntity
  8
A_WALLS
100
AcDbPolyline
 90
4
 70
1
 10
63.5
 20
20.5
 10
66.5
 20
20.5
 10
66.5
 20
21.25
 10
63.5
 20
21.25
  0
LWPOLYLINE
  5
F1
330
17
100
AcDbEntity
  8
A_WALLS
100
AcDbPolyline
 90
4
 70
1
 10
66.5
 20
20.5
 10
69.375
 20
20.5
 10
69.375
 20
21.25
 10
66.5
 20
21.25
  0
LWPOLYLINE
  5
F2
330
17
100
AcDbEntity
  8
A_WALLS
100
AcDbPolyline
 90
4
 70
1
 10
68.625
 20
19.75
 10
69.5
 20
19.75
 10
69.5
 20
20.5
 10
68.625
 20
20.5
  0
LWPOLYLINE
  5
F3
330
17
100
AcDbEntity
  8
A_WALLS
100
AcDbPolyline
 90
4
 70
1
 10
69.5
 20
19.75
 10
73.0
 20
19.75
 10
73.0
 20
20.5
 10
69.5
 20
20.5
  0
LWPOLYLINE
  5
F4
330
17
100
AcDbEntity
  8
A_WALLS
100
AcDbPolyline
 90
4
 70
1
 10
73.0
 20
19.75
 10
73.5
 20
19.75
 10
73.5
 20
20.5
 10
73.0
 20
20.5
  0
LWPOLYLINE
  5
F5
330
17
100
AcDbEntity
  8
A_WALLS
100
AcDbPolyline
 90
4
 70
1
 10
73.5
 20
19.75
 10
76.5
 20
19.75
 10
76.5
 20
20.5
 10
73.5
 20
20.5
  0
LWPOLYLINE
  5
F6
330
17
100
AcDbEntity
  8
A_WALLS
100
AcDbPolyline
 90
4
 70
1
 10
76.5
 20
19.75
 10
85.125
 20
19.75
 10
85.125
 20
20.5
 10
76.5
 20
20.5
  0
LWPOLYLINE
  5
F7
330
17
100
AcDbEntity
  8
A_WALLS
100
AcDbPolyline
 90
4
 70
1
 10
84.375
 20
3.0
 10
85.125
 20
3.0
 10
85.125
 20
8.0
 10
84.375
 20
8.0
  0
LWPOLYLINE
  5
F8
330
17
100
AcDbEntity
  8
A_WALLS
100
AcDbPolyline
 90
4
 70
1
 10
84.375
 20
8.0
 10
85.125
 20
8.0
 10
85.125
 20
14.0
 10
84.375
 20
14.0
  0
LWPOLYLINE
  5
F9
330
17
100
AcDbEntity
  8
A_WALLS
100
AcDbPolyline
 90
4
 70
1
 10
84.375
 20
8.0
 10
85.125
 20
8.0
 10
85.125
 20
14.0
 10
84.375
 20
14.0
  0
LWPOLYLINE
  5
FA
330
17
100
AcDbEntity
  8
A_WALLS
100
AcDbPolyline
 90
4
 70
1
 10
84.375
 20
14.0
 10
85.125
 20
14.0
 10
85.125
 20
22.0
 10
84.375
 20
22.0
  0
LWPOLYLINE
  5
FB
330
17
100
AcDbEntity
  8
A_WALLS
100
AcDbPolyline
 90
4
 70
1
 10
84.375
 20
22.0
 10
85.125
 20
22.0
 10
85.125
 20
26.0
 10
84.375
 20
26.0
  0
LWPOLYLINE
  5
FC
330
17
100
AcDbEntity
  8
A_WALLS
100
AcDbPolyline
 90
4
 70
1
 10
84.375
 20
22.0
 10
85.125
 20
22.0
 10
85.125
 20
26.0
 10
84.375
 20
26.0
  0
LWPOLYLINE
  5
FD
330
17
100
AcDbEntity
  8
A_WALLS
100
AcDbPolyline
 90
4
 70
1
 10
84.375
 20
26.0
 10
85.125
 20
26.0
 10
85.125
 20
32.0
 10
84.375
 20
32.0
  0
LWPOLYLINE
  5
FE
330
17
100
AcDbEntity
  8
A_WALLS
100
AcDbPolyline
 90
4
 70
1
 10
84.375
 20
32.0
 10
85.125
 20
32.0
 10
85.125
 20
38.0
 10
84.375
 20
38.0
  0
LWPOLYLINE
  5
FF
330
17
100
AcDbEntity
  8
A_WALLS
100
AcDbPolyline
 90
4
 70
1
 10
84.375
 20
32.0
 10
85.125
 20
32.0
 10
85.125
 20
38.0
 10
84.375
 20
38.0
  0
LWPOLYLINE
  5
100
330
17
100
AcDbEntity
  8
A_WALLS
100
AcDbPolyline
 90
4
 70
1
 10
84.375
 20
38.0
 10
85.125
 20
38.0
 10
85.125
 20
46.0
 10
84.375
 20
46.0
  0
LWPOLYLINE
  5
101
330
17
100
AcDbEntity
  8
A_WALLS
100
AcDbPolyline
 90
4
 70
1
 10
84.375
 20
46.0
 10
85.125
 20
46.0
 10
85.125
 20
50.0
 10
84.375
 20
50.0
  0
LWPOLYLINE
  5
102
330
17
100
AcDbEntity
  8
A_WALLS
100
AcDbPolyline
 90
4
 70
1
 10
84.375
 20
46.0
 10
85.125
 20
46.0
 10
85.125
 20
50.0
 10
84.375
 20
50.0
  0
LWPOLYLINE
  5
103
330
17
100
AcDbEntity
  8
A_WALLS
100
AcDbPolyline
 90
4
 70
1
 10
84.375
 20
50.0
 10
85.125
 20
50.0
 10
85.125
 20
52.0
 10
84.375
 20
52.0
  0
LWPOLYLINE
  5
104
330
17
100
AcDbEntity
  8
A_WALLS
100
AcDbPolyline
 90
4
 70
1
 10
84.375
 20
52.0
 10
85.125
 20
52.0
 10
85.125
 20
55.0
 10
84.375
 20
55.0
  0
LWPOLYLINE
  5
105
330
17
100
AcDbEntity
  8
A_WALLS
100
AcDbPolyline
 90
4
 70
1
 10
84.375
 20
52.0
 10
85.125
 20
52.0
 10
85.125
 20
55.0
 10
84.375
 20
55.0
  0
LWPOLYLINE
  5
106
330
17
100
AcDbEntity
  8
A_WALLS
100
AcDbPolyline
 90
4
 70
1
 10
84.375
 20
55.0
 10
85.125
 20
55.0
 10
85.125
 20
58.0
 10
84.375
 20
58.0
  0
LWPOLYLINE
  5
107
330
17
100
AcDbEntity
  8
A_WALLS
100
AcDbPolyline
 90
4
 70
1
 10
36.125
 20
3.0
 10
36.875
 20
3.0
 10
36.875
 20
8.0
 10
36.125
 20
8.0
  0
LWPOLYLINE
  5
108
330
17
100
AcDbEntity
  8
A_WALLS
100
AcDbPolyline
 90
4
 70
1
 10
36.125
 20
8.0
 10
36.875
 20
8.0
 10
36.875
 20
15.0
 10
36.125
 20
15.0
  0
LWPOLYLINE
  5
109
330
17
100
AcDbEntity
  8
A_WALLS
100
AcDbPolyline
 90
4
 70
1
 10
36.125
 20
15.0
 10
36.875
 20
15.0
 10
36.875
 20
20.5
 10
36.125
 20
20.5
  0
LWPOLYLINE
  5
10A
330
17
100
AcDbEntity
  8
A_WALLS
100
AcDbPolyline
 90
4
 70
1
 10
51.375
 20
3.0
 10
52.125
 20
3.0
 10
52.125
 20
14.0
 10
51.375
 20
14.0
  0
LWPOLYLINE
  5
10B
330
17
100
AcDbEntity
  8
A_WALLS
100
AcDbPolyline
 90
4
 70
1
 10
51.375
 20
14.0
 10
52.125
 20
14.0
 10
52.125
 20
17.5
 10
51.375
 20
17.5
  0
LWPOLYLINE
  5
10C
330
17
100
AcDbEntity
  8
A_WALLS
100
AcDbPolyline
 90
4
 70
1
 10
51.375
 20
17.5
 10
52.125
 20
17.5
 10
52.125
 20
20.5
 10
51.375
 20
20.5
  0
LWPOLYLINE
  5
10D
330
17
100
AcDbEntity
  8
A_WALLS
100
AcDbPolyline
 90
4
 70
1
 10
56.625
 20
3.0
 10
57.375
 20
3.0
 10
57.375
 20
20.5
 10
56.625
 20
20.5
  0
LWPOLYLINE
  5
10E
330
17
100
AcDbEntity
  8
A_WALLS
100
AcDbPolyline
 90
4
 70
1
 10
68.625
 20
0.0
 10
69.375
 20
0.0
 10
69.375
 20
20.5
 10
68.625
 20
20.5
  0
LWPOLYLINE
  5
10F
330
17
100
AcDbEntity
  8
A_WALLS
100
AcDbPolyline
 90
4
 70
1
 10
52.125
 20
11.5
 10
52.5
 20
11.5
 10
52.5
 20
12.25
 10
52.125
 20
12.25
  0
LWPOLYLINE
  5
110
330
17
100
AcDbEntity
  8
A_WALLS
100
AcDbPolyline
 90
4
 70
1
 10
52.5
 20
11.5
 10
55.5
 20
11.5
 10
55.5
 20
12.25
 10
52.5
 20
12.25
  0
LWPOLYLINE
  5
111
330
17
100
AcDbEntity
  8
A_WALLS
100
AcDbPolyline
 90
4
 70
1
 10
55.5
 20
11.5
 10
56.625
 20
11.5
 10
56.625
 20
12.25
 10
55.5
 20
12.25
  0
LWPOLYLINE
  5
112
330
17
100
AcDbEntity
  8
A_WALLS
100
AcDbPolyline
 90
4
 70
1
 10
36.125
 20
20.5
 10
36.875
 20
20.5
 10
36.875
 20
27.0
 10
36.125
 20
27.0
  0
LWPOLYLINE
  5
113
330
17
100
AcDbEntity
  8
A_WALLS
100
AcDbPolyline
 90
4
 70
1
 10
36.125
 20
27.0
 10
36.875
 20
27.0
 10
36.875
 20
33.0
 10
36.125
 20
33.0
  0
LWPOLYLINE
  5
114
330
17
100
AcDbEntity
  8
A_WALLS
100
AcDbPolyline
 90
4
 70
1
 10
36.125
 20
27.0
 10
36.875
 20
27.0
 10
36.875
 20
33.0
 10
36.125
 20
33.0
  0
LWPOLYLINE
  5
115
330
17
100
AcDbEntity
  8
A_WALLS
100
AcDbPolyline
 90
4
 70
1
 10
36.125
 20
33.0
 10
36.875
 20
33.0
 10
36.875
 20
33.5671
 10
36.125
 20
33.5671
  0
LWPOLYLINE
  5
116
330
17
100
AcDbEntity
  8
A_WALLS
100
AcDbPolyline
 90
4
 70
1
 10
36.125
 20
24.5
 10
42.0
 20
24.5
 10
42.0
 20
25.25
 10
36.125
 20
25.25
  0
LWPOLYLINE
  5
117
330
17
100
AcDbEntity
  8
A_WALLS
100
AcDbPolyline
 90
4
 70
1
 10
42.0
 20
24.5
 10
46.0
 20
24.5
 10
46.0
 20
25.25
 10
42.0
 20
25.25
  0
LWPOLYLINE
  5
118
330
17
100
AcDbEntity
  8
A_WALLS
100
AcDbPolyline
 90
4
 70
1
 10
46.0
 20
24.5
 10
51.375
 20
24.5
 10
51.375
 20
25.25
 10
46.0
 20
25.25
  0
LWPOLYLINE
  5
119
330
17
100
AcDbEntity
  8
A_WALLS
100
AcDbPolyline
 90
4
 70
1
 10
41.1897
 20
36.46
 10
44.0
 20
36.46
 10
44.0
 20
37.21
 10
41.1897
 20
37.21
  0
LWPOLYLINE
  5
11A
330
17
100
AcDbEntity
  8
A_WALLS
100
AcDbPolyline
 90
4
 70
1
 10
44.0
 20
36.46
 10
47.5
 20
36.46
 10
47.5
 20
37.21
 10
44.0
 20
37.21
  0
LWPOLYLINE
  5
11B
330
17
100
AcDbEntity
  8
A_WALLS
100
AcDbPolyline
 90
4
 70
1
 10
47.5
 20
36.46
 10
52.125
 20
36.46
 10
52.125
 20
37.21
 10
47.5
 20
37.21
  0
LWPOLYLINE
  5
11C
330
17
100
AcDbEntity
  8
A_WALLS
100
AcDbPolyline
 90
4
 70
1
 10
51.375
 20
20.5
 10
52.125
 20
20.5
 10
52.125
 20
21.0
 10
51.375
 20
21.0
  0
LWPOLYLINE
  5
11D
330
17
100
AcDbEntity
  8
A_WALLS
100
AcDbPolyline
 90
4
 70
1
 10
51.375
 20
21.0
 10
52.125
 20
21.0
 10
52.125
 20
24.5
 10
51.375
 20
24.5
  0
LWPOLYLINE
  5
11E
330
17
100
AcDbEntity
  8
A_WALLS
100
AcDbPolyline
 90
4
 70
1
 10
51.375
 20
24.5
 10
52.125
 20
24.5
 10
52.125
 20
36.8354
 10
51.375
 20
36.8354
  0
LWPOLYLINE
  5
11F
330
17
100
AcDbEntity
  8
A_WALLS
100
AcDbPolyline
 90
4
 70
1
 10
51.375
 20
36.8354
 10
52.125
 20
36.8354
 10
52.125
 20
42.1627
 10
51.375
 20
42.1627
  0
LWPOLYLINE
  5
120
330
17
100
AcDbEntity
  8
A_WALLS
100
AcDbPolyline
 90
4
 70
1
 10
62.625
 20
20.5
 10
63.375
 20
20.5
 10
63.375
 20
21.0
 10
62.625
 20
21.0
  0
LWPOLYLINE
  5
121
330
17
100
AcDbEntity
  8
A_WALLS
100
AcDbPolyline
 90
4
 70
1
 10
62.625
 20
21.0
 10
63.375
 20
21.0
 10
63.375
 20
24.0
 10
62.625
 20
24.0
  0
LWPOLYLINE
  5
122
330
17
100
AcDbEntity
  8
A_WALLS
100
AcDbPolyline
 90
4
 70
1
 10
62.625
 20
24.0
 10
63.375
 20
24.0
 10
63.375
 20
24.5
 10
62.625
 20
24.5
  0
LWPOLYLINE
  5
123
330
17
100
AcDbEntity
  8
A_WALLS
100
AcDbPolyline
 90
4
 70
1
 10
62.625
 20
23.75
 10
69.375
 20
23.75
 10
69.375
 20
24.5
 10
62.625
 20
24.5
  0
LWPOLYLINE
  5
124
330
17
100
AcDbEntity
  8
A_WALLS
100
AcDbPolyline
 90
4
 70
1
 10
76.5
 20
20.5
 10
77.25
 20
20.5
 10
77.25
 20
22.0
 10
76.5
 20
22.0
  0
LWPOLYLINE
  5
125
330
17
100
AcDbEntity
  8
A_WALLS
100
AcDbPolyline
 90
4
 70
1
 10
76.5
 20
22.0
 10
77.25
 20
22.0
 10
77.25
 20
25.5
 10
76.5
 20
25.5
  0
LWPOLYLINE
  5
126
330
17
100
AcDbEntity
  8
A_WALLS
100
AcDbPolyline
 90
4
 70
1
 10
76.5
 20
25.5
 10
77.25
 20
25.5
 10
77.25
 20
27.5
 10
76.5
 20
27.5
  0
LWPOLYLINE
  5
127
330
17
100
AcDbEntity
  8
A_WALLS
100
AcDbPolyline
 90
4
 70
1
 10
68.625
 20
27.5
 10
85.125
 20
27.5
 10
85.125
 20
28.25
 10
68.625
 20
28.25
  0
LWPOLYLINE
  5
128
330
17
100
AcDbEntity
  8
A_WALLS
100
AcDbPolyline
 90
4
 70
1
 10
68.625
 20
28.25
 10
69.375
 20
28.25
 10
69.375
 20
29.5
 10
68.625
 20
29.5
  0
LWPOLYLINE
  5
129
330
17
100
AcDbEntity
  8
A_WALLS
100
AcDbPolyline
 90
4
 70
1
 10
68.625
 20
29.5
 10
69.375
 20
29.5
 10
69.375
 20
33.0
 10
68.625
 20
33.0
  0
LWPOLYLINE
  5
12A
330
17
100
AcDbEntity
  8
A_WALLS
100
AcDbPolyline
 90
4
 70
1
 10
68.625
 20
33.0
 10
69.375
 20
33.0
 10
69.375
 20
42.5
 10
68.625
 20
42.5
  0
LWPOLYLINE
  5
12B
330
17
100
AcDbEntity
  8
A_WALLS
100
AcDbPolyline
 90
4
 70
1
 10
68.625
 20
42.5
 10
71.0
 20
42.5
 10
71.0
 20
43.25
 10
68.625
 20
43.25
  0
LWPOLYLINE
  5
12C
330
17
100
AcDbEntity
  8
A_WALLS
100
AcDbPolyline
 90
4
 70
1
 10
71.0
 20
42.5
 10
74.5
 20
42.5
 10
74.5
 20
43.25
 10
71.0
 20
43.25
  0
LWPOLYLINE
  5
12D
330
17
100
AcDbEntity
  8
A_WALLS
100
AcDbPolyline
 90
4
 70
1
 10
74.5
 20
42.5
 10
85.125
 20
42.5
 10
85.125
 20
43.25
 10
74.5
 20
43.25
  0
LWPOLYLINE
  5
12E
330
17
100
AcDbEntity
  8
A_WALLS
100
AcDbPolyline
 90
4
 70
1
 10
76.5
 20
43.25
 10
77.25
 20
43.25
 10
77.25
 20
46.0
 10
76.5
 20
46.0
  0
LWPOLYLINE
  5
12F
330
17
100
AcDbEntity
  8
A_WALLS
100
AcDbPolyline
 90
4
 70
1
 10
76.5
 20
46.0
 10
77.25
 20
46.0
 10
77.25
 20
49.5
 10
76.5
 20
49.5
  0
LWPOLYLINE
  5
130
330
17
100
AcDbEntity
  8
A_WALLS
100
AcDbPolyline
 90
4
 70
1
 10
76.5
 20
49.5
 10
77.25
 20
49.5
 10
77.25
 20
57.0
 10
76.5
 20
57.0
  0
LWPOLYLINE
  5
131
330
17
100
AcDbEntity
  8
A_WALLS
100
AcDbPolyline
 90
17
 70
1
 10
69.375
 20
0.0
 10
56.625
 20
0.0
 10
56.625
 20
3.0
 10
36.125
 20
3.0
 10
36.125
 20
20.5
 10
36.125
 20
32.674525835358715
 10
41.56761660986471
 20
36.186671115208924
 10
42.80791478458264
 20
36.8354
 10
51.375
 20
41.316351234949394
 10
51.375
 20
39.059296828832444
 10
68.46863970661684
 20
48.0
 10
68.625
 20
48.0
 10
68.625
 20
50.26774589095992
 10
85.125
 20
56.97515219620963
 10
85.125
 20
3.0
 10
69.375
 20
3.0
 10
69.375
 20
0.0
  0
LINE
  5
132
330
17
100
AcDbEntity
  8
A_DOORS
100
AcDbLine
 10
56.625
 20
20.875
 30
0.0
 11
56.625
 21
26.875
 31
0.0
  0
ARC
  5
133
330
17
100
AcDbEntity
  8
A_DOORS
100
AcDbCircle
 10
56.625
 20
20.875
 30
0.0
 40
6.0
100
AcDbArc
 50
0.0
 51
90.0
  0
TEXT
  5
134
330
17
100
AcDbEntity
  8
A_DOORS
100
AcDbText
 10
57.125
 20
21.375
 30
0.0
 40
0.6
  1
MAIN-DOOR
 72
1
 11
57.125
 21
21.375
 31
0.0
100
AcDbText
 73
2
  0
LINE
  5
135
330
17
100
AcDbEntity
  8
A_DOORS
100
AcDbLine
 10
21.0
 20
62.625
 30
0.0
 11
24.0
 21
62.625
 31
0.0
  0
ARC
  5
136
330
17
100
AcDbEntity
  8
A_DOORS
100
AcDbCircle
 10
21.0
 20
62.625
 30
0.0
 40
3.0
100
AcDbArc
 50
0.0
 51
90.0
  0
TEXT
  5
137
330
17
100
AcDbEntity
  8
A_DOORS
100
AcDbText
 10
21.5
 20
63.125
 30
0.0
 40
0.6
  1
D-POWDER
 72
1
 11
21.5
 21
63.125
 31
0.0
100
AcDbText
 73
2
  0
LINE
  5
138
330
17
100
AcDbEntity
  8
A_WINDOWS
100
AcDbLine
 10
63.5
 20
20.625
 30
0.0
 11
66.5
 21
20.625
 31
0.0
  0
LINE
  5
139
330
17
100
AcDbEntity
  8
A_WINDOWS
100
AcDbLine
 10
63.5
 20
21.125
 30
0.0
 11
66.5
 21
21.125
 31
0.0
  0
TEXT
  5
13A
330
17
100
AcDbEntity
  8
A_WINDOWS
100
AcDbText
 10
65.0
 20
20.275
 30
0.0
 40
0.5
  1
V
 72
1
 11
65.0
 21
20.275
 31
0.0
100
AcDbText
 73
2
  0
LINE
  5
13B
330
17
100
AcDbEntity
  8
A_DOORS
100
AcDbLine
 10
69.5
 20
20.125
 30
0.0
 11
69.5
 21
23.625
 31
0.0
  0
ARC
  5
13C
330
17
100
AcDbEntity
  8
A_DOORS
100
AcDbCircle
 10
69.5
 20
20.125
 30
0.0
 40
3.5
100
AcDbArc
 50
0.0
 51
90.0
  0
TEXT
  5
13D
330
17
100
AcDbEntity
  8
A_DOORS
100
AcDbText
 10
70.0
 20
20.625
 30
0.0
 40
0.6
  1
D-DRAW-PORCH
 72
1
 11
70.0
 21
20.625
 31
0.0
100
AcDbText
 73
2
  0
LINE
  5
13E
330
17
100
AcDbEntity
  8
A_DOORS
100
AcDbLine
 10
73.5
 20
20.125
 30
0.0
 11
73.5
 21
23.125
 31
0.0
  0
ARC
  5
13F
330
17
100
AcDbEntity
  8
A_DOORS
100
AcDbCircle
 10
73.5
 20
20.125
 30
0.0
 40
3.0
100
AcDbArc
 50
0.0
 51
90.0
  0
TEXT
  5
140
330
17
100
AcDbEntity
  8
A_DOORS
100
AcDbText
 10
74.0
 20
20.625
 30
0.0
 40
0.6
  1
D-DRAW-DRESS
 72
1
 11
74.0
 21
20.625
 31
0.0
100
AcDbText
 73
2
  0
LINE
  5
141
330
17
100
AcDbEntity
  8
A_DOORS
100
AcDbLine
 10
22.0
 20
76.875
 30
0.0
 11
25.5
 21
76.875
 31
0.0
  0
ARC
  5
142
330
17
100
AcDbEntity
  8
A_DOORS
100
AcDbCircle
 10
22.0
 20
76.875
 30
0.0
 40
3.5
100
AcDbArc
 50
0.0
 51
90.0
  0
TEXT
  5
143
330
17
100
AcDbEntity
  8
A_DOORS
100
AcDbText
 10
22.5
 20
77.375
 30
0.0
 40
0.6
  1
D-DRESS-BATH
 72
1
 11
22.5
 21
77.375
 31
0.0
100
AcDbText
 73
2
  0
LINE
  5
144
330
17
100
AcDbEntity
  8
A_WINDOWS
100
AcDbLine
 10
72.0
 20
3.0
 30
0.0
 11
81.0
 21
3.0
 31
0.0
  0
LINE
  5
145
330
17
100
AcDbEntity
  8
A_WINDOWS
100
AcDbLine
 10
72.0
 20
3.75
 30
0.0
 11
81.0
 21
3.75
 31
0.0
  0
LINE
  5
146
330
17
100
AcDbEntity
  8
A_WINDOWS
100
AcDbLine
 10
72.0
 20
3.375
 30
0.0
 11
81.0
 21
3.375
 31
0.0
  0
TEXT
  5
147
330
17
100
AcDbEntity
  8
A_WINDOWS
100
AcDbText
 10
76.5
 20
4.075
 30
0.0
 40
0.6
  1
W-DRAW
 72
1
 11
76.5
 21
4.075
 31
0.0
100
AcDbText
 73
2
  0
LINE
  5
148
330
17
100
AcDbEntity
  8
A_WINDOWS
100
AcDbLine
 10
84.0
 20
8.0
 30
0.0
 11
84.0
 21
14.0
 31
0.0
  0
LINE
  5
149
330
17
100
AcDbEntity
  8
A_WINDOWS
100
AcDbLine
 10
84.75
 20
8.0
 30
0.0
 11
84.75
 21
14.0
 31
0.0
  0
LINE
  5
14A
330
17
100
AcDbEntity
  8
A_WINDOWS
100
AcDbLine
 10
84.375
 20
8.0
 30
0.0
 11
84.375
 21
14.0
 31
0.0
  0
TEXT
  5
14B
330
17
100
AcDbEntity
  8
A_WINDOWS
100
AcDbText
 10
85.075
 20
11.0
 30
0.0
 40
0.6
  1
W-DRAW-E
 72
1
 11
85.075
 21
11.0
 31
0.0
100
AcDbText
 73
2
  0
LINE
  5
14C
330
17
100
AcDbEntity
  8
A_WINDOWS
100
AcDbLine
 10
84.125
 20
22.0
 30
0.0
 11
84.125
 21
26.0
 31
0.0
  0
LINE
  5
14D
330
17
100
AcDbEntity
  8
A_WINDOWS
100
AcDbLine
 10
84.625
 20
22.0
 30
0.0
 11
84.625
 21
26.0
 31
0.0
  0
TEXT
  5
14E
330
17
100
AcDbEntity
  8
A_WINDOWS
100
AcDbText
 10
84.975
 20
24.0
 30
0.0
 40
0.5
  1
V
 72
1
 11
84.975
 21
24.0
 31
0.0
100
AcDbText
 73
2
  0
LINE
  5
14F
330
17
100
AcDbEntity
  8
A_WINDOWS
100
AcDbLine
 10
39.0
 20
3.0
 30
0.0
 11
48.0
 21
3.0
 31
0.0
  0
LINE
  5
150
330
17
100
AcDbEntity
  8
A_WINDOWS
100
AcDbLine
 10
39.0
 20
3.75
 30
0.0
 11
48.0
 21
3.75
 31
0.0
  0
LINE
  5
151
330
17
100
AcDbEntity
  8
A_WINDOWS
100
AcDbLine
 10
39.0
 20
3.375
 30
0.0
 11
48.0
 21
3.375
 31
0.0
  0
TEXT
  5
152
330
17
100
AcDbEntity
  8
A_WINDOWS
100
AcDbText
 10
43.5
 20
4.075
 30
0.0
 40
0.6
  1
W-BED2
 72
1
 11
43.5
 21
4.075
 31
0.0
100
AcDbText
 73
2
  0
LINE
  5
153
330
17
100
AcDbEntity
  8
A_WINDOWS
100
AcDbLine
 10
35.75
 20
8.0
 30
0.0
 11
35.75
 21
15.0
 31
0.0
  0
LINE
  5
154
330
17
100
AcDbEntity
  8
A_WINDOWS
100
AcDbLine
 10
36.5
 20
8.0
 30
0.0
 11
36.5
 21
15.0
 31
0.0
  0
LINE
  5
155
330
17
100
AcDbEntity
  8
A_WINDOWS
100
AcDbLine
 10
36.125
 20
8.0
 30
0.0
 11
36.125
 21
15.0
 31
0.0
  0
TEXT
  5
156
330
17
100
AcDbEntity
  8
A_WINDOWS
100
AcDbText
 10
36.825
 20
11.5
 30
0.0
 40
0.6
  1
SL-LAWN
 72
1
 11
36.825
 21
11.5
 31
0.0
100
AcDbText
 73
2
  0
LINE
  5
157
330
17
100
AcDbEntity
  8
A_DOORS
100
AcDbLine
 10
14.0
 20
51.375
 30
0.0
 11
17.5
 21
51.375
 31
0.0
  0
ARC
  5
158
330
17
100
AcDbEntity
  8
A_DOORS
100
AcDbCircle
 10
14.0
 20
51.375
 30
0.0
 40
3.5
100
AcDbArc
 50
0.0
 51
90.0
  0
TEXT
  5
159
330
17
100
AcDbEntity
  8
A_DOORS
100
AcDbText
 10
14.5
 20
51.875
 30
0.0
 40
0.6
  1
D-BED2-DRESS
 72
1
 11
14.5
 21
51.875
 31
0.0
100
AcDbText
 73
2
  0
LINE
  5
15A
330
17
100
AcDbEntity
  8
A_DOORS
100
AcDbLine
 10
52.5
 20
11.875
 30
0.0
 11
52.5
 21
14.875
 31
0.0
  0
ARC
  5
15B
330
17
100
AcDbEntity
  8
A_DOORS
100
AcDbCircle
 10
52.5
 20
11.875
 30
0.0
 40
3.0
100
AcDbArc
 50
0.0
 51
90.0
  0
TEXT
  5
15C
330
17
100
AcDbEntity
  8
A_DOORS
100
AcDbText
 10
53.0
 20
12.375
 30
0.0
 40
0.6
  1
D-DRESS2-BATH
 72
1
 11
53.0
 21
12.375
 31
0.0
100
AcDbText
 73
2
  0
LINE
  5
15D
330
17
100
AcDbEntity
  8
A_WINDOWS
100
AcDbLine
 10
52.5
 20
3.125
 30
0.0
 11
55.5
 21
3.125
 31
0.0
  0
LINE
  5
15E
330
17
100
AcDbEntity
  8
A_WINDOWS
100
AcDbLine
 10
52.5
 20
3.625
 30
0.0
 11
55.5
 21
3.625
 31
0.0
  0
TEXT
  5
15F
330
17
100
AcDbEntity
  8
A_WINDOWS
100
AcDbText
 10
54.0
 20
2.775
 30
0.0
 40
0.5
  1
V
 72
1
 11
54.0
 21
2.775
 31
0.0
100
AcDbText
 73
2
  0
LINE
  5
160
330
17
100
AcDbEntity
  8
A_DOORS
100
AcDbLine
 10
42.0
 20
20.125
 30
0.0
 11
42.0
 21
23.625
 31
0.0
  0
ARC
  5
161
330
17
100
AcDbEntity
  8
A_DOORS
100
AcDbCircle
 10
42.0
 20
20.125
 30
0.0
 40
3.5
100
AcDbArc
 50
0.0
 51
90.0
  0
TEXT
  5
162
330
17
100
AcDbEntity
  8
A_DOORS
100
AcDbText
 10
42.5
 20
20.625
 30
0.0
 40
0.6
  1
D-BED2-PASS
 72
1
 11
42.5
 21
20.625
 31
0.0
100
AcDbText
 73
2
  0
LINE
  5
163
330
17
100
AcDbEntity
  8
A_DOORS
100
AcDbLine
 10
21.0
 20
51.375
 30
0.0
 11
24.5
 21
51.375
 31
0.0
  0
ARC
  5
164
330
17
100
AcDbEntity
  8
A_DOORS
100
AcDbCircle
 10
21.0
 20
51.375
 30
0.0
 40
3.5
100
AcDbArc
 50
0.0
 51
90.0
  0
TEXT
  5
165
330
17
100
AcDbEntity
  8
A_DOORS
100
AcDbText
 10
21.5
 20
51.875
 30
0.0
 40
0.6
  1
D-PASSAGE
 72
1
 11
21.5
 21
51.875
 31
0.0
100
AcDbText
 73
2
  0
LINE
  5
166
330
17
100
AcDbEntity
  8
A_DOORS
100
AcDbLine
 10
42.0
 20
24.875
 30
0.0
 11
42.0
 21
28.875
 31
0.0
  0
ARC
  5
167
330
17
100
AcDbEntity
  8
A_DOORS
100
AcDbCircle
 10
42.0
 20
24.875
 30
0.0
 40
4.0
100
AcDbArc
 50
0.0
 51
90.0
  0
TEXT
  5
168
330
17
100
AcDbEntity
  8
A_DOORS
100
AcDbText
 10
42.5
 20
25.375
 30
0.0
 40
0.6
  1
D-KIT
 72
1
 11
42.5
 21
25.375
 31
0.0
100
AcDbText
 73
2
  0
LINE
  5
169
330
17
100
AcDbEntity
  8
A_WINDOWS
100
AcDbLine
 10
35.75
 20
27.0
 30
0.0
 11
35.75
 21
33.0
 31
0.0
  0
LINE
  5
16A
330
17
100
AcDbEntity
  8
A_WINDOWS
100
AcDbLine
 10
36.5
 20
27.0
 30
0.0
 11
36.5
 21
33.0
 31
0.0
  0
LINE
  5
16B
330
17
100
AcDbEntity
  8
A_WINDOWS
100
AcDbLine
 10
36.125
 20
27.0
 30
0.0
 11
36.125
 21
33.0
 31
0.0
  0
TEXT
  5
16C
330
17
100
AcDbEntity
  8
A_WINDOWS
100
AcDbText
 10
36.825
 20
30.0
 30
0.0
 40
0.6
  1
W-KIT
 72
1
 11
36.825
 21
30.0
 31
0.0
100
AcDbText
 73
2
  0
LINE
  5
16D
330
17
100
AcDbEntity
  8
A_DOORS
100
AcDbLine
 10
44.0
 20
36.8354
 30
0.0
 11
44.0
 21
40.3354
 31
0.0
  0
ARC
  5
16E
330
17
100
AcDbEntity
  8
A_DOORS
100
AcDbCircle
 10
44.0
 20
36.8354
 30
0.0
 40
3.5
100
AcDbArc
 50
0.0
 51
90.0
  0
TEXT
  5
16F
330
17
100
AcDbEntity
  8
A_DOORS
100
AcDbText
 10
44.5
 20
37.3354
 30
0.0
 40
0.6
  1
D-DIRTY-KIT
 72
1
 11
44.5
 21
37.3354
 31
0.0
100
AcDbText
 73
2
  0
LINE
  5
170
330
17
100
AcDbEntity
  8
A_WINDOWS
100
AcDbLine
 10
54.0
 20
41.75
 30
0.0
 11
62.0
 21
41.75
 31
0.0
  0
LINE
  5
171
330
17
100
AcDbEntity
  8
A_WINDOWS
100
AcDbLine
 10
54.0
 20
42.5
 30
0.0
 11
62.0
 21
42.5
 31
0.0
  0
LINE
  5
172
330
17
100
AcDbEntity
  8
A_WINDOWS
100
AcDbLine
 10
54.0
 20
42.125
 30
0.0
 11
62.0
 21
42.125
 31
0.0
  0
TEXT
  5
173
330
17
100
AcDbEntity
  8
A_WINDOWS
100
AcDbText
 10
58.0
 20
42.825
 30
0.0
 40
0.6
  1
W-LOUNGE
 72
1
 11
58.0
 21
42.825
 31
0.0
100
AcDbText
 73
2
  0
LINE
  5
174
330
17
100
AcDbEntity
  8
A_DOORS
100
AcDbLine
 10
29.5
 20
68.625
 30
0.0
 11
33.0
 21
68.625
 31
0.0
  0
ARC
  5
175
330
17
100
AcDbEntity
  8
A_DOORS
100
AcDbCircle
 10
29.5
 20
68.625
 30
0.0
 40
3.5
100
AcDbArc
 50
0.0
 51
90.0
  0
TEXT
  5
176
330
17
100
AcDbEntity
  8
A_DOORS
100
AcDbText
 10
30.0
 20
69.125
 30
0.0
 40
0.6
  1
D-BED1
 72
1
 11
30.0
 21
69.125
 31
0.0
100
AcDbText
 73
2
  0
LINE
  5
177
330
17
100
AcDbEntity
  8
A_WINDOWS
100
AcDbLine
 10
84.0
 20
32.0
 30
0.0
 11
84.0
 21
38.0
 31
0.0
  0
LINE
  5
178
330
17
100
AcDbEntity
  8
A_WINDOWS
100
AcDbLine
 10
84.75
 20
32.0
 30
0.0
 11
84.75
 21
38.0
 31
0.0
  0
LINE
  5
179
330
17
100
AcDbEntity
  8
A_WINDOWS
100
AcDbLine
 10
84.375
 20
32.0
 30
0.0
 11
84.375
 21
38.0
 31
0.0
  0
TEXT
  5
17A
330
17
100
AcDbEntity
  8
A_WINDOWS
100
AcDbText
 10
85.075
 20
35.0
 30
0.0
 40
0.6
  1
W-BED1
 72
1
 11
85.075
 21
35.0
 31
0.0
100
AcDbText
 73
2
  0
LINE
  5
17B
330
17
100
AcDbEntity
  8
A_DOORS
100
AcDbLine
 10
71.0
 20
42.875
 30
0.0
 11
71.0
 21
46.375
 31
0.0
  0
ARC
  5
17C
330
17
100
AcDbEntity
  8
A_DOORS
100
AcDbCircle
 10
71.0
 20
42.875
 30
0.0
 40
3.5
100
AcDbArc
 50
0.0
 51
90.0
  0
TEXT
  5
17D
330
17
100
AcDbEntity
  8
A_DOORS
100
AcDbText
 10
71.5
 20
43.375
 30
0.0
 40
0.6
  1
D-BED1-DRESS
 72
1
 11
71.5
 21
43.375
 31
0.0
100
AcDbText
 73
2
  0
LINE
  5
17E
330
17
100
AcDbEntity
  8
A_DOORS
100
AcDbLine
 10
46.0
 20
76.875
 30
0.0
 11
49.5
 21
76.875
 31
0.0
  0
ARC
  5
17F
330
17
100
AcDbEntity
  8
A_DOORS
100
AcDbCircle
 10
46.0
 20
76.875
 30
0.0
 40
3.5
100
AcDbArc
 50
0.0
 51
90.0
  0
TEXT
  5
180
330
17
100
AcDbEntity
  8
A_DOORS
100
AcDbText
 10
46.5
 20
77.375
 30
0.0
 40
0.6
  1
D-DRESS-WASH
 72
1
 11
46.5
 21
77.375
 31
0.0
100
AcDbText
 73
2
  0
LINE
  5
181
330
17
100
AcDbEntity
  8
A_WINDOWS
100
AcDbLine
 10
84.0
 20
46.0
 30
0.0
 11
84.0
 21
50.0
 31
0.0
  0
LINE
  5
182
330
17
100
AcDbEntity
  8
A_WINDOWS
100
AcDbLine
 10
84.75
 20
46.0
 30
0.0
 11
84.75
 21
50.0
 31
0.0
  0
LINE
  5
183
330
17
100
AcDbEntity
  8
A_WINDOWS
100
AcDbLine
 10
84.375
 20
46.0
 30
0.0
 11
84.375
 21
50.0
 31
0.0
  0
TEXT
  5
184
330
17
100
AcDbEntity
  8
A_WINDOWS
100
AcDbText
 10
85.075
 20
48.0
 30
0.0
 40
0.6
  1
W-WASH
 72
1
 11
85.075
 21
48.0
 31
0.0
100
AcDbText
 73
2
  0
LINE
  5
185
330
17
100
AcDbEntity
  8
A_WINDOWS
100
AcDbLine
 10
84.125
 20
52.0
 30
0.0
 11
84.125
 21
55.0
 31
0.0
  0
LINE
  5
186
330
17
100
AcDbEntity
  8
A_WINDOWS
100
AcDbLine
 10
84.625
 20
52.0
 30
0.0
 11
84.625
 21
55.0
 31
0.0
  0
TEXT
  5
187
330
17
100
AcDbEntity
  8
A_WINDOWS
100
AcDbText
 10
84.975
 20
53.5
 30
0.0
 40
0.5
  1
V
 72
1
 11
84.975
 21
53.5
 31
0.0
100
AcDbText
 73
2
  0
LWPOLYLINE
  5
188
330
17
100
AcDbEntity
  8
A_STAIRS
100
AcDbPolyline
 90
4
 70
1
 10
62.625
 20
20.5
 10
68.625
 20
20.5
 10
68.625
 20
24.5
 10
62.625
 20
24.5
  0
TEXT
  5
189
330
17
100
AcDbEntity
  8
A_STAIRS
100
AcDbText
 10
65.625
 20
23.3
 30
0.0
 40
0.7
  1
MID-LANDING (+7'-0")
 72
1
 11
65.625
 21
23.3
 31
0.0
100
AcDbText
 73
2
  0
TEXT
  5
18A
330
17
100
AcDbEntity
  8
A_STAIRS
100
AcDbText
 10
65.625
 20
22.0
 30
0.0
 40
0.55
  1
POWDER ROOM UNDER (+7' CLG)
 72
1
 11
65.625
 21
22.0
 31
0.0
100
AcDbText
 73
2
  0
LINE
  5
18B
330
17
100
AcDbEntity
  8
A_STAIRS
100
AcDbLine
 10
65.5
 20
24.5
 30
0.0
 11
65.5
 21
33.0
 31
0.0
  0
LINE
  5
18C
330
17
100
AcDbEntity
  8
A_STAIRS
100
AcDbLine
 10
65.75
 20
24.5
 30
0.0
 11
65.75
 21
33.0
 31
0.0
  0
LINE
  5
18D
330
17
100
AcDbEntity
  8
A_STAIRS
100
AcDbLine
 10
62.625
 20
24.5
 30
0.0
 11
62.625
 21
33.0
 31
0.0
  0
LINE
  5
18E
330
17
100
AcDbEntity
  8
A_STAIRS
100
AcDbLine
 10
68.625
 20
24.5
 30
0.0
 11
68.625
 21
29.0
 31
0.0
  0
LINE
  5
18F
330
17
100
AcDbEntity
  8
A_STAIRS
100
AcDbLine
 10
65.75
 20
29.0
 30
0.0
 11
68.625
 21
29.0
 31
0.0
  0
LINE
  5
190
330
17
100
AcDbEntity
  8
A_STAIRS
  6
Continuous
100
AcDbLine
 10
62.625
 20
33.0
 30
0.0
 11
65.5
 21
33.0
 31
0.0
  0
TEXT
  5
191
330
17
100
AcDbEntity
  8
A_STAIRS
100
AcDbText
 10
64.0625
 20
32.575
 30
0.0
 40
0.5
  1
1
 72
1
 11
64.0625
 21
32.575
 31
0.0
100
AcDbText
 73
2
  0
LINE
  5
192
330
17
100
AcDbEntity
  8
A_STAIRS
  6
Continuous
100
AcDbLine
 10
62.625
 20
32.15
 30
0.0
 11
65.5
 21
32.15
 31
0.0
  0
TEXT
  5
193
330
17
100
AcDbEntity
  8
A_STAIRS
100
AcDbText
 10
64.0625
 20
31.724999999999998
 30
0.0
 40
0.5
  1
2
 72
1
 11
64.0625
 21
31.724999999999998
 31
0.0
100
AcDbText
 73
2
  0
LINE
  5
194
330
17
100
AcDbEntity
  8
A_STAIRS
  6
Continuous
100
AcDbLine
 10
62.625
 20
31.3
 30
0.0
 11
65.5
 21
31.3
 31
0.0
  0
TEXT
  5
195
330
17
100
AcDbEntity
  8
A_STAIRS
100
AcDbText
 10
64.0625
 20
30.875
 30
0.0
 40
0.5
  1
3
 72
1
 11
64.0625
 21
30.875
 31
0.0
100
AcDbText
 73
2
  0
LINE
  5
196
330
17
100
AcDbEntity
  8
A_STAIRS
  6
Continuous
100
AcDbLine
 10
62.625
 20
30.45
 30
0.0
 11
65.5
 21
30.45
 31
0.0
  0
TEXT
  5
197
330
17
100
AcDbEntity
  8
A_STAIRS
100
AcDbText
 10
64.0625
 20
30.025
 30
0.0
 40
0.5
  1
4
 72
1
 11
64.0625
 21
30.025
 31
0.0
100
AcDbText
 73
2
  0
LINE
  5
198
330
17
100
AcDbEntity
  8
A_STAIRS
  6
Continuous
100
AcDbLine
 10
62.625
 20
29.6
 30
0.0
 11
65.5
 21
29.6
 31
0.0
  0
TEXT
  5
199
330
17
100
AcDbEntity
  8
A_STAIRS
100
AcDbText
 10
64.0625
 20
29.175
 30
0.0
 40
0.5
  1
5
 72
1
 11
64.0625
 21
29.175
 31
0.0
100
AcDbText
 73
2
  0
LINE
  5
19A
330
17
100
AcDbEntity
  8
A_STAIRS
  6
DASHED
100
AcDbLine
 10
62.625
 20
28.75
 30
0.0
 11
65.5
 21
28.75
 31
0.0
  0
LINE
  5
19B
330
17
100
AcDbEntity
  8
A_STAIRS
  6
DASHED
100
AcDbLine
 10
62.625
 20
27.9
 30
0.0
 11
65.5
 21
27.9
 31
0.0
  0
LINE
  5
19C
330
17
100
AcDbEntity
  8
A_STAIRS
  6
DASHED
100
AcDbLine
 10
62.625
 20
27.05
 30
0.0
 11
65.5
 21
27.05
 31
0.0
  0
LINE
  5
19D
330
17
100
AcDbEntity
  8
A_STAIRS
  6
DASHED
100
AcDbLine
 10
62.625
 20
26.2
 30
0.0
 11
65.5
 21
26.2
 31
0.0
  0
LINE
  5
19E
330
17
100
AcDbEntity
  8
A_STAIRS
  6
DASHED
100
AcDbLine
 10
62.625
 20
25.35
 30
0.0
 11
65.5
 21
25.35
 31
0.0
  0
LINE
  5
19F
330
17
100
AcDbEntity
  8
A_STAIRS
100
AcDbLine
 10
64.0625
 20
32.5
 30
0.0
 11
64.0625
 21
29.5
 31
0.0
  0
TEXT
  5
1A0
330
17
100
AcDbEntity
  8
A_STAIRS
100
AcDbText
 10
63.2625
 20
31.0
 30
0.0
 40
0.6
  1
UP (TO +7')
 72
1
 11
63.2625
 21
31.0
 31
0.0
100
AcDbText
 73
2
  0
LINE
  5
1A1
330
17
100
AcDbEntity
  8
A_STAIRS
  6
DASHED
100
AcDbLine
 10
65.75
 20
25.4
 30
0.0
 11
68.625
 21
25.4
 31
0.0
  0
LINE
  5
1A2
330
17
100
AcDbEntity
  8
A_STAIRS
  6
DASHED
100
AcDbLine
 10
65.75
 20
26.3
 30
0.0
 11
68.625
 21
26.3
 31
0.0
  0
LINE
  5
1A3
330
17
100
AcDbEntity
  8
A_STAIRS
  6
DASHED
100
AcDbLine
 10
65.75
 20
27.2
 30
0.0
 11
68.625
 21
27.2
 31
0.0
  0
LINE
  5
1A4
330
17
100
AcDbEntity
  8
A_STAIRS
  6
DASHED
100
AcDbLine
 10
65.75
 20
28.1
 30
0.0
 11
68.625
 21
28.1
 31
0.0
  0
LINE
  5
1A5
330
17
100
AcDbEntity
  8
A_STAIRS
  6
DASHED
100
AcDbLine
 10
65.75
 20
29.0
 30
0.0
 11
68.625
 21
29.0
 31
0.0
  0
LINE
  5
1A6
330
17
100
AcDbEntity
  8
A_STAIRS
  6
DASHED
100
AcDbLine
 10
67.1875
 20
25.0
 30
0.0
 11
67.1875
 21
28.0
 31
0.0
  0
TEXT
  5
1A7
330
17
100
AcDbEntity
  8
A_STAIRS
100
AcDbText
 10
67.9875
 20
26.5
 30
0.0
 40
0.6
  1
UP TO 1F
 72
1
 11
67.9875
 21
26.5
 31
0.0
100
AcDbText
 73
2
  0
TEXT
  5
1A8
330
17
100
AcDbEntity
  8
A_ROOM_LABELS
100
AcDbText
 10
18.0
 20
10.6
 30
0.0
 40
0.9
  1
MAIN LAWN
 72
1
 11
18.0
 21
10.6
 31
0.0
100
AcDbText
 73
2
  0
TEXT
  5
1A9
330
17
100
AcDbEntity
  8
A_ROOM_LABELS
100
AcDbText
 10
18.0
 20
8.6
 30
0.0
 40
0.65
  1
(588 sq.ft)
 72
1
 11
18.0
 21
8.6
 31
0.0
100
AcDbText
 73
2
  0
TEXT
  5
1AA
330
17
100
AcDbEntity
  8
A_ROOM_LABELS
100
AcDbText
 10
43.75
 20
12.35
 30
0.0
 40
0.9
  1
BED ROOM-2
 72
1
 11
43.75
 21
12.35
 31
0.0
100
AcDbText
 73
2
  0
TEXT
  5
1AB
330
17
100
AcDbEntity
  8
A_ROOM_LABELS
100
AcDbText
 10
43.75
 20
11.25
 30
0.0
 40
0.75
  1
14'-6" x 16'-0"
 72
1
 11
43.75
 21
11.25
 31
0.0
100
AcDbText
 73
2
  0
TEXT
  5
1AC
330
17
100
AcDbEntity
  8
A_ROOM_LABELS
100
AcDbText
 10
43.75
 20
10.35
 30
0.0
 40
0.65
  1
(232 sq.ft)
 72
1
 11
43.75
 21
10.35
 31
0.0
100
AcDbText
 73
2
  0
TEXT
  5
1AD
330
17
100
AcDbEntity
  8
A_ROOM_LABELS
100
AcDbText
 10
54.0
 20
8.2
 30
0.0
 40
0.9
  1
BATH FOR BED 2
 72
1
 11
54.0
 21
8.2
 31
0.0
100
AcDbText
 73
2
  0
TEXT
  5
1AE
330
17
100
AcDbEntity
  8
A_ROOM_LABELS
100
AcDbText
 10
54.0
 20
7.1
 30
0.0
 40
0.75
  1
4'-6" x 7'-9"
 72
1
 11
54.0
 21
7.1
 31
0.0
100
AcDbText
 73
2
  0
TEXT
  5
1AF
330
17
100
AcDbEntity
  8
A_ROOM_LABELS
100
AcDbText
 10
54.0
 20
6.199999999999999
 30
0.0
 40
0.65
  1
(34 sq.ft)
 72
1
 11
54.0
 21
6.199999999999999
 31
0.0
100
AcDbText
 73
2
  0
TEXT
  5
1B0
330
17
100
AcDbEntity
  8
A_ROOM_LABELS
100
AcDbText
 10
54.0
 20
16.6
 30
0.0
 40
0.9
  1
DRESS FOR BED 2
 72
1
 11
54.0
 21
16.6
 31
0.0
100
AcDbText
 73
2
  0
TEXT
  5
1B1
330
17
100
AcDbEntity
  8
A_ROOM_LABELS
100
AcDbText
 10
54.0
 20
15.5
 30
0.0
 40
0.75
  1
4'-6" x 7'-6"
 72
1
 11
54.0
 21
15.5
 31
0.0
100
AcDbText
 73
2
  0
TEXT
  5
1B2
330
17
100
AcDbEntity
  8
A_ROOM_LABELS
100
AcDbText
 10
54.0
 20
14.6
 30
0.0
 40
0.65
  1
(33 sq.ft)
 72
1
 11
54.0
 21
14.6
 31
0.0
100
AcDbText
 73
2
  0
TEXT
  5
1B3
330
17
100
AcDbEntity
  8
A_ROOM_LABELS
100
AcDbText
 10
62.6
 20
10.6
 30
0.0
 40
0.9
  1
CAR PORCH / VERANDA
 72
1
 11
62.6
 21
10.6
 31
0.0
100
AcDbText
 73
2
  0
TEXT
  5
1B4
330
17
100
AcDbEntity
  8
A_ROOM_LABELS
100
AcDbText
 10
62.6
 20
9.5
 30
0.0
 40
0.75
  1
11'-3" x 20'-6"
 72
1
 11
62.6
 21
9.5
 31
0.0
100
AcDbText
 73
2
  0
TEXT
  5
1B5
330
17
100
AcDbEntity
  8
A_ROOM_LABELS
100
AcDbText
 10
62.6
 20
8.6
 30
0.0
 40
0.65
  1
(230 sq.ft)
 72
1
 11
62.6
 21
8.6
 31
0.0
100
AcDbText
 73
2
  0
TEXT
  5
1B6
330
17
100
AcDbEntity
  8
A_ROOM_LABELS
100
AcDbText
 10
77.0
 20
12.35
 30
0.0
 40
0.9
  1
DRAWING ROOM
 72
1
 11
77.0
 21
12.35
 31
0.0
100
AcDbText
 73
2
  0
TEXT
  5
1B7
330
17
100
AcDbEntity
  8
A_ROOM_LABELS
100
AcDbText
 10
77.0
 20
11.25
 30
0.0
 40
0.75
  1
15'-0" x 16'-0"
 72
1
 11
77.0
 21
11.25
 31
0.0
100
AcDbText
 73
2
  0
TEXT
  5
1B8
330
17
100
AcDbEntity
  8
A_ROOM_LABELS
100
AcDbText
 10
77.0
 20
10.35
 30
0.0
 40
0.65
  1
(240 sq.ft)
 72
1
 11
77.0
 21
10.35
 31
0.0
100
AcDbText
 73
2
  0
TEXT
  5
1B9
330
17
100
AcDbEntity
  8
A_ROOM_LABELS
100
AcDbText
 10
73.0
 20
24.6
 30
0.0
 40
0.9
  1
DRESS FOR DRAWING
 72
1
 11
73.0
 21
24.6
 31
0.0
100
AcDbText
 73
2
  0
TEXT
  5
1BA
330
17
100
AcDbEntity
  8
A_ROOM_LABELS
100
AcDbText
 10
73.0
 20
23.5
 30
0.0
 40
0.75
  1
7'-1½" x 7'-0"
 72
1
 11
73.0
 21
23.5
 31
0.0
100
AcDbText
 73
2
  0
TEXT
  5
1BB
330
17
100
AcDbEntity
  8
A_ROOM_LABELS
100
AcDbText
 10
73.0
 20
22.6
 30
0.0
 40
0.65
  1
(49 sq.ft)
 72
1
 11
73.0
 21
22.6
 31
0.0
100
AcDbText
 73
2
  0
TEXT
  5
1BC
330
17
100
AcDbEntity
  8
A_ROOM_LABELS
100
AcDbText
 10
80.5
 20
24.6
 30
0.0
 40
0.9
  1
BATH FOR DRAWING
 72
1
 11
80.5
 21
24.6
 31
0.0
100
AcDbText
 73
2
  0
TEXT
  5
1BD
330
17
100
AcDbEntity
  8
A_ROOM_LABELS
100
AcDbText
 10
80.5
 20
23.5
 30
0.0
 40
0.75
  1
7'-1½" x 7'-0"
 72
1
 11
80.5
 21
23.5
 31
0.0
100
AcDbText
 73
2
  0
TEXT
  5
1BE
330
17
100
AcDbEntity
  8
A_ROOM_LABELS
100
AcDbText
 10
80.5
 20
22.6
 30
0.0
 40
0.65
  1
(49 sq.ft)
 72
1
 11
80.5
 21
22.6
 31
0.0
100
AcDbText
 73
2
  0
TEXT
  5
1BF
330
17
100
AcDbEntity
  8
A_ROOM_LABELS
100
AcDbText
 10
77.0
 20
35.6
 30
0.0
 40
0.9
  1
BED-1
 72
1
 11
77.0
 21
35.6
 31
0.0
100
AcDbText
 73
2
  0
TEXT
  5
1C0
330
17
100
AcDbEntity
  8
A_ROOM_LABELS
100
AcDbText
 10
77.0
 20
34.5
 30
0.0
 40
0.75
  1
15'-0" x 14'-3"
 72
1
 11
77.0
 21
34.5
 31
0.0
100
AcDbText
 73
2
  0
TEXT
  5
1C1
330
17
100
AcDbEntity
  8
A_ROOM_LABELS
100
AcDbText
 10
77.0
 20
33.6
 30
0.0
 40
0.65
  1
(213 sq.ft)
 72
1
 11
77.0
 21
33.6
 31
0.0
100
AcDbText
 73
2
  0
TEXT
  5
1C2
330
17
100
AcDbEntity
  8
A_ROOM_LABELS
100
AcDbText
 10
73.0
 20
49.6
 30
0.0
 40
0.9
  1
DRESSING
 72
1
 11
73.0
 21
49.6
 31
0.0
100
AcDbText
 73
2
  0
TEXT
  5
1C3
330
17
100
AcDbEntity
  8
A_ROOM_LABELS
100
AcDbText
 10
73.0
 20
48.5
 30
0.0
 40
0.75
  1
7'-1½" x 8'-0½"
 72
1
 11
73.0
 21
48.5
 31
0.0
100
AcDbText
 73
2
  0
TEXT
  5
1C4
330
17
100
AcDbEntity
  8
A_ROOM_LABELS
100
AcDbText
 10
73.0
 20
47.6
 30
0.0
 40
0.65
  1
(47 sq.ft)
 72
1
 11
73.0
 21
47.6
 31
0.0
100
AcDbText
 73
2
  0
TEXT
  5
1C5
330
17
100
AcDbEntity
  8
A_ROOM_LABELS
100
AcDbText
 10
80.5
 20
49.6
 30
0.0
 40
0.9
  1
WASHROOM
 72
1
 11
80.5
 21
49.6
 31
0.0
100
AcDbText
 73
2
  0
TEXT
  5
1C6
330
17
100
AcDbEntity
  8
A_ROOM_LABELS
100
AcDbText
 10
80.5
 20
48.5
 30
0.0
 40
0.75
  1
7'-1½" x 11'-3"
 72
1
 11
80.5
 21
48.5
 31
0.0
100
AcDbText
 73
2
  0
TEXT
  5
1C7
330
17
100
AcDbEntity
  8
A_ROOM_LABELS
100
AcDbText
 10
80.5
 20
47.6
 30
0.0
 40
0.65
  1
(69 sq.ft)
 72
1
 11
80.5
 21
47.6
 31
0.0
100
AcDbText
 73
2
  0
TEXT
  5
1C8
330
17
100
AcDbEntity
  8
A_ROOM_LABELS
100
AcDbText
 10
43.75
 20
23.1
 30
0.0
 40
0.9
  1
PASSAGE WAY 4 FEET WIDE
 72
1
 11
43.75
 21
23.1
 31
0.0
100
AcDbText
 73
2
  0
TEXT
  5
1C9
330
17
100
AcDbEntity
  8
A_ROOM_LABELS
100
AcDbText
 10
43.75
 20
21.1
 30
0.0
 40
0.65
  1
(58 sq.ft)
 72
1
 11
43.75
 21
21.1
 31
0.0
100
AcDbText
 73
2
  0
TEXT
  5
1CA
330
17
100
AcDbEntity
  8
A_ROOM_LABELS
100
AcDbText
 10
44.0
 20
31.1
 30
0.0
 40
0.9
  1
KITCHEN
 72
1
 11
44.0
 21
31.1
 31
0.0
100
AcDbText
 73
2
  0
TEXT
  5
1CB
330
17
100
AcDbEntity
  8
A_ROOM_LABELS
100
AcDbText
 10
44.0
 20
30.0
 30
0.0
 40
0.75
  1
14'-6" x 11'-7"
 72
1
 11
44.0
 21
30.0
 31
0.0
100
AcDbText
 73
2
  0
TEXT
  5
1CC
330
17
100
AcDbEntity
  8
A_ROOM_LABELS
100
AcDbText
 10
44.0
 20
29.1
 30
0.0
 40
0.65
  1
(167 sq.ft)
 72
1
 11
44.0
 21
29.1
 31
0.0
100
AcDbText
 73
2
  0
TEXT
  5
1CD
330
17
100
AcDbEntity
  8
A_ROOM_LABELS
100
AcDbText
 10
47.0
 20
39.6
 30
0.0
 40
0.9
  1
DIRTY KITCHEN
 72
1
 11
47.0
 21
39.6
 31
0.0
100
AcDbText
 73
2
  0
TEXT
  5
1CE
330
17
100
AcDbEntity
  8
A_ROOM_LABELS
100
AcDbText
 10
47.0
 20
38.5
 30
0.0
 40
0.75
  1
8'-7" x 4'-6"
 72
1
 11
47.0
 21
38.5
 31
0.0
100
AcDbText
 73
2
  0
TEXT
  5
1CF
330
17
100
AcDbEntity
  8
A_ROOM_LABELS
100
AcDbText
 10
47.0
 20
37.6
 30
0.0
 40
0.65
  1
(19 sq.ft)
 72
1
 11
47.0
 21
37.6
 31
0.0
100
AcDbText
 73
2
  0
TEXT
  5
1D0
330
17
100
AcDbEntity
  8
A_ROOM_LABELS
100
AcDbText
 10
56.0
 20
34.6
 30
0.0
 40
0.9
  1
LOUNGE
 72
1
 11
56.0
 21
34.6
 31
0.0
100
AcDbText
 73
2
  0
TEXT
  5
1D1
330
17
100
AcDbEntity
  8
A_ROOM_LABELS
100
AcDbText
 10
56.0
 20
33.5
 30
0.0
 40
0.75
  1
16'-6" x 23'-6"
 72
1
 11
56.0
 21
33.5
 31
0.0
100
AcDbText
 73
2
  0
TEXT
  5
1D2
330
17
100
AcDbEntity
  8
A_ROOM_LABELS
100
AcDbText
 10
56.0
 20
32.6
 30
0.0
 40
0.65
  1
(292 sq.ft)
 72
1
 11
56.0
 21
32.6
 31
0.0
100
AcDbText
 73
2
  0
TEXT
  5
1D3
330
17
100
AcDbEntity
  8
A_ROOM_LABELS
100
AcDbText
 10
59.0
 20
47.1
 30
0.0
 40
0.9
  1
OPEN AREA FOR LIGHTING
 72
1
 11
59.0
 21
47.1
 31
0.0
100
AcDbText
 73
2
  0
TEXT
  5
1D4
330
17
100
AcDbEntity
  8
A_ROOM_LABELS
100
AcDbText
 10
59.0
 20
45.1
 30
0.0
 40
0.65
  1
(39 sq.ft)
 72
1
 11
59.0
 21
45.1
 31
0.0
100
AcDbText
 73
2
  0
LINE
  5
1D5
330
17
100
AcDbEntity
  8
A_DIMENSIONS
100
AcDbLine
 10
0.0
 20
-6.0
 30
0.0
 11
87.917
 21
-6.0
 31
0.0
  0
LINE
  5
1D6
330
17
100
AcDbEntity
  8
A_DIMENSIONS
100
AcDbLine
 10
0.0
 20
-6.8
 30
0.0
 11
0.0
 21
0.0
 31
0.0
  0
LINE
  5
1D7
330
17
100
AcDbEntity
  8
A_DIMENSIONS
100
AcDbLine
 10
87.917
 20
-6.8
 30
0.0
 11
87.917
 21
0.0
 31
0.0
  0
TEXT
  5
1D8
330
17
100
AcDbEntity
  8
A_DIMENSIONS
100
AcDbText
 10
43.9585
 20
-7.5
 30
0.0
 40
1.0
  1
OVERALL PLOT FRONTAGE = 87'-11"
 72
1
 11
43.9585
 21
-7.5
 31
0.0
100
AcDbText
 73
2
  0
LINE
  5
1D9
330
17
100
AcDbEntity
  8
A_DIMENSIONS
100
AcDbLine
 10
18.0
 20
-3.0
 30
0.0
 11
36.5
 21
-3.0
 31
0.0
  0
LINE
  5
1DA
330
17
100
AcDbEntity
  8
A_DIMENSIONS
100
AcDbLine
 10
18.0
 20
-3.5
 30
0.0
 11
18.0
 21
-2.5
 31
0.0
  0
LINE
  5
1DB
330
17
100
AcDbEntity
  8
A_DIMENSIONS
100
AcDbLine
 10
36.5
 20
-3.5
 30
0.0
 11
36.5
 21
-2.5
 31
0.0
  0
TEXT
  5
1DC
330
17
100
AcDbEntity
  8
A_DIMENSIONS
100
AcDbText
 10
27.25
 20
-2.2
 30
0.0
 40
0.7
  1
18'-6"
 72
1
 11
27.25
 21
-2.2
 31
0.0
100
AcDbText
 73
2
  0
LINE
  5
1DD
330
17
100
AcDbEntity
  8
A_DIMENSIONS
100
AcDbLine
 10
36.5
 20
-3.0
 30
0.0
 11
51.75
 21
-3.0
 31
0.0
  0
LINE
  5
1DE
330
17
100
AcDbEntity
  8
A_DIMENSIONS
100
AcDbLine
 10
36.5
 20
-3.5
 30
0.0
 11
36.5
 21
-2.5
 31
0.0
  0
LINE
  5
1DF
330
17
100
AcDbEntity
  8
A_DIMENSIONS
100
AcDbLine
 10
51.75
 20
-3.5
 30
0.0
 11
51.75
 21
-2.5
 31
0.0
  0
TEXT
  5
1E0
330
17
100
AcDbEntity
  8
A_DIMENSIONS
100
AcDbText
 10
44.125
 20
-2.2
 30
0.0
 40
0.7
  1
15'-3"
 72
1
 11
44.125
 21
-2.2
 31
0.0
100
AcDbText
 73
2
  0
LINE
  5
1E1
330
17
100
AcDbEntity
  8
A_DIMENSIONS
100
AcDbLine
 10
51.75
 20
-3.0
 30
0.0
 11
69.0
 21
-3.0
 31
0.0
  0
LINE
  5
1E2
330
17
100
AcDbEntity
  8
A_DIMENSIONS
100
AcDbLine
 10
51.75
 20
-3.5
 30
0.0
 11
51.75
 21
-2.5
 31
0.0
  0
LINE
  5
1E3
330
17
100
AcDbEntity
  8
A_DIMENSIONS
100
AcDbLine
 10
69.0
 20
-3.5
 30
0.0
 11
69.0
 21
-2.5
 31
0.0
  0
TEXT
  5
1E4
330
17
100
AcDbEntity
  8
A_DIMENSIONS
100
AcDbText
 10
60.375
 20
-2.2
 30
0.0
 40
0.7
  1
17'-3"
 72
1
 11
60.375
 21
-2.2
 31
0.0
100
AcDbText
 73
2
  0
LINE
  5
1E5
330
17
100
AcDbEntity
  8
A_DIMENSIONS
100
AcDbLine
 10
69.0
 20
-3.0
 30
0.0
 11
84.75
 21
-3.0
 31
0.0
  0
LINE
  5
1E6
330
17
100
AcDbEntity
  8
A_DIMENSIONS
100
AcDbLine
 10
69.0
 20
-3.5
 30
0.0
 11
69.0
 21
-2.5
 31
0.0
  0
LINE
  5
1E7
330
17
100
AcDbEntity
  8
A_DIMENSIONS
100
AcDbLine
 10
84.75
 20
-3.5
 30
0.0
 11
84.75
 21
-2.5
 31
0.0
  0
TEXT
  5
1E8
330
17
100
AcDbEntity
  8
A_DIMENSIONS
100
AcDbText
 10
76.875
 20
-2.2
 30
0.0
 40
0.7
  1
15'-9"
 72
1
 11
76.875
 21
-2.2
 31
0.0
100
AcDbText
 73
2
  0
LWPOLYLINE
  5
1E9
330
17
100
AcDbEntity
  8
A_CANOPY
100
AcDbPolyline
 90
6
 70
1
 10
36.125
 20
0.75
 10
1.8718481127148447
 20
0.75
 10
11.030584011346281
 20
9.492906026112436
 10
25.089940213187433
 20
25.553551509724194
 10
36.125
 20
32.674525835358715
 10
36.125
 20
0.75
  0
LWPOLYLINE
  5
1EA
330
17
100
AcDbEntity
  8
A_CANOPY
100
AcDbPolyline
 90
5
 70
1
 10
68.625
 20
0.0
 10
68.625
 20
20.5
 10
57.375
 20
20.5
 10
57.375
 20
0.0
 10
68.625
 20
0.0
  0
TEXT
  5
1EB
330
17
100
AcDbEntity
  8
G_TITLEBLOCK
100
AcDbText
 10
44.0
 20
-9.0
 30
0.0
 40
2.0
  1
GROUND FLOOR ARCHITECTURAL PLAN
 72
1
 11
44.0
 21
-9.0
 31
0.0
100
AcDbText
 73
2
  0
TEXT
  5
1EC
330
17
100
AcDbEntity
  8
G_TITLEBLOCK
100
AcDbText
 10
44.0
 20
-11.0
 30
0.0
 40
1.2
  1
DAATA HAMLET RESIDENCE | CANOPY ARCHITECTURE
 72
1
 11
44.0
 21
-11.0
 31
0.0
100
AcDbText
 73
2
  0
LWPOLYLINE
  5
1ED
330
17
100
AcDbEntity
  8
0_BOUNDARY
100
AcDbPolyline
 90
8
 70
1
 10
130.0
 20
0.0
 10
140.4884
 20
10.0122
 10
154.5949
 20
26.1267
 10
171.18970000000002
 20
36.8354
 10
197.69920000000002
 20
50.701
 10
214.8373
 20
57.6678
 10
218.8145
 20
62.1602
 10
217.9167
 20
0.0
  0
CIRCLE
  5
1EE
330
17
100
AcDbEntity
  8
0_BOUNDARY
100
AcDbCircle
 10
130.0
 20
0.0
 30
0.0
 40
0.5
  0
TEXT
  5
1EF
330
17
100
AcDbEntity
  8
0_BOUNDARY
100
AcDbText
 10
130.8
 20
0.8
 30
0.0
 40
0.8
  1
P1
 11
130.8
 21
0.8
 31
0.0
100
AcDbText
 73
1
  0
CIRCLE
  5
1F0
330
17
100
AcDbEntity
  8
0_BOUNDARY
100
AcDbCircle
 10
140.4884
 20
10.0122
 30
0.0
 40
0.5
  0
TEXT
  5
1F1
330
17
100
AcDbEntity
  8
0_BOUNDARY
100
AcDbText
 10
141.28840000000002
 20
10.8122
 30
0.0
 40
0.8
  1
P2
 11
141.28840000000002
 21
10.8122
 31
0.0
100
AcDbText
 73
1
  0
CIRCLE
  5
1F2
330
17
100
AcDbEntity
  8
0_BOUNDARY
100
AcDbCircle
 10
154.5949
 20
26.1267
 30
0.0
 40
0.5
  0
TEXT
  5
1F3
330
17
100
AcDbEntity
  8
0_BOUNDARY
100
AcDbText
 10
155.3949
 20
26.9267
 30
0.0
 40
0.8
  1
P3
 11
155.3949
 21
26.9267
 31
0.0
100
AcDbText
 73
1
  0
CIRCLE
  5
1F4
330
17
100
AcDbEntity
  8
0_BOUNDARY
100
AcDbCircle
 10
171.18970000000002
 20
36.8354
 30
0.0
 40
0.5
  0
TEXT
  5
1F5
330
17
100
AcDbEntity
  8
0_BOUNDARY
100
AcDbText
 10
171.98970000000003
 20
37.6354
 30
0.0
 40
0.8
  1
P4
 11
171.98970000000003
 21
37.6354
 31
0.0
100
AcDbText
 73
1
  0
CIRCLE
  5
1F6
330
17
100
AcDbEntity
  8
0_BOUNDARY
100
AcDbCircle
 10
197.69920000000002
 20
50.701
 30
0.0
 40
0.5
  0
TEXT
  5
1F7
330
17
100
AcDbEntity
  8
0_BOUNDARY
100
AcDbText
 10
198.49920000000003
 20
51.501
 30
0.0
 40
0.8
  1
P5
 11
198.49920000000003
 21
51.501
 31
0.0
100
AcDbText
 73
1
  0
CIRCLE
  5
1F8
330
17
100
AcDbEntity
  8
0_BOUNDARY
100
AcDbCircle
 10
214.8373
 20
57.6678
 30
0.0
 40
0.5
  0
TEXT
  5
1F9
330
17
100
AcDbEntity
  8
0_BOUNDARY
100
AcDbText
 10
215.6373
 20
58.4678
 30
0.0
 40
0.8
  1
P6
 11
215.6373
 21
58.4678
 31
0.0
100
AcDbText
 73
1
  0
CIRCLE
  5
1FA
330
17
100
AcDbEntity
  8
0_BOUNDARY
100
AcDbCircle
 10
218.8145
 20
62.1602
 30
0.0
 40
0.5
  0
TEXT
  5
1FB
330
17
100
AcDbEntity
  8
0_BOUNDARY
100
AcDbText
 10
219.61450000000002
 20
62.9602
 30
0.0
 40
0.8
  1
P7
 11
219.61450000000002
 21
62.9602
 31
0.0
100
AcDbText
 73
1
  0
CIRCLE
  5
1FC
330
17
100
AcDbEntity
  8
0_BOUNDARY
100
AcDbCircle
 10
217.9167
 20
0.0
 30
0.0
 40
0.5
  0
TEXT
  5
1FD
330
17
100
AcDbEntity
  8
0_BOUNDARY
100
AcDbText
 10
218.7167
 20
0.8
 30
0.0
 40
0.8
  1
P0
 11
218.7167
 21
0.8
 31
0.0
100
AcDbText
 73
1
  0
TEXT
  5
1FE
330
17
100
AcDbEntity
  8
0_BOUNDARY
100
AcDbText
 10
135.2442
 20
5.0061
 30
0.0
 40
0.7
  1
P1-P2: 14'-6"
 72
1
 11
135.2442
 21
5.0061
 31
0.0
100
AcDbText
 73
2
  0
TEXT
  5
1FF
330
17
100
AcDbEntity
  8
0_BOUNDARY
100
AcDbText
 10
147.54165
 20
18.06945
 30
0.0
 40
0.7
  1
P2-P3: 21'-5"
 72
1
 11
147.54165
 21
18.06945
 31
0.0
100
AcDbText
 73
2
  0
TEXT
  5
200
330
17
100
AcDbEntity
  8
0_BOUNDARY
100
AcDbText
 10
162.8923
 20
31.48105
 30
0.0
 40
0.7
  1
P3-P4: 19'-9"
 72
1
 11
162.8923
 21
31.48105
 31
0.0
100
AcDbText
 73
2
  0
TEXT
  5
201
330
17
100
AcDbEntity
  8
0_BOUNDARY
100
AcDbText
 10
184.44445000000002
 20
43.7682
 30
0.0
 40
0.7
  1
P4-P5: 29'-11"
 72
1
 11
184.44445000000002
 21
43.7682
 31
0.0
100
AcDbText
 73
2
  0
TEXT
  5
202
330
17
100
AcDbEntity
  8
0_BOUNDARY
100
AcDbText
 10
206.26825
 20
54.1844
 30
0.0
 40
0.7
  1
P5-P6: 18'-6"
 72
1
 11
206.26825
 21
54.1844
 31
0.0
100
AcDbText
 73
2
  0
TEXT
  5
203
330
17
100
AcDbEntity
  8
0_BOUNDARY
100
AcDbText
 10
216.8259
 20
59.914
 30
0.0
 40
0.7
  1
P6-P7: 6'-0"
 72
1
 11
216.8259
 21
59.914
 31
0.0
100
AcDbText
 73
2
  0
TEXT
  5
204
330
17
100
AcDbEntity
  8
0_BOUNDARY
100
AcDbText
 10
218.3656
 20
31.0801
 30
0.0
 40
0.7
  1
P7-P0: 62'-2"
 72
1
 11
218.3656
 21
31.0801
 31
0.0
100
AcDbText
 73
2
  0
TEXT
  5
205
330
17
100
AcDbEntity
  8
0_BOUNDARY
100
AcDbText
 10
173.95835
 20
0.0
 30
0.0
 40
0.7
  1
P0-P1: 87'-11"
 72
1
 11
173.95835
 21
0.0
 31
0.0
100
AcDbText
 73
2
  0
LINE
  5
206
330
17
100
AcDbEntity
  8
S_GRID_LINES
100
AcDbLine
 10
148.0
 20
-4.0
 30
0.0
 11
148.0
 21
65.0
 31
0.0
  0
CIRCLE
  5
207
330
17
100
AcDbEntity
  8
S_GRID_BUBBLES
100
AcDbCircle
 10
148.0
 20
-5.7
 30
0.0
 40
1.2
  0
TEXT
  5
208
330
17
100
AcDbEntity
  8
S_GRID_BUBBLES
100
AcDbText
 10
148.0
 20
-5.7
 30
0.0
 40
1.0
  1
A
 72
1
 11
148.0
 21
-5.7
 31
0.0
100
AcDbText
 73
2
  0
CIRCLE
  5
209
330
17
100
AcDbEntity
  8
S_GRID_BUBBLES
100
AcDbCircle
 10
148.0
 20
66.7
 30
0.0
 40
1.2
  0
TEXT
  5
20A
330
17
100
AcDbEntity
  8
S_GRID_BUBBLES
100
AcDbText
 10
148.0
 20
66.7
 30
0.0
 40
1.0
  1
A
 72
1
 11
148.0
 21
66.7
 31
0.0
100
AcDbText
 73
2
  0
LINE
  5
20B
330
17
100
AcDbEntity
  8
S_GRID_LINES
100
AcDbLine
 10
166.5
 20
-4.0
 30
0.0
 11
166.5
 21
65.0
 31
0.0
  0
CIRCLE
  5
20C
330
17
100
AcDbEntity
  8
S_GRID_BUBBLES
100
AcDbCircle
 10
166.5
 20
-5.7
 30
0.0
 40
1.2
  0
TEXT
  5
20D
330
17
100
AcDbEntity
  8
S_GRID_BUBBLES
100
AcDbText
 10
166.5
 20
-5.7
 30
0.0
 40
1.0
  1
B
 72
1
 11
166.5
 21
-5.7
 31
0.0
100
AcDbText
 73
2
  0
CIRCLE
  5
20E
330
17
100
AcDbEntity
  8
S_GRID_BUBBLES
100
AcDbCircle
 10
166.5
 20
66.7
 30
0.0
 40
1.2
  0
TEXT
  5
20F
330
17
100
AcDbEntity
  8
S_GRID_BUBBLES
100
AcDbText
 10
166.5
 20
66.7
 30
0.0
 40
1.0
  1
B
 72
1
 11
166.5
 21
66.7
 31
0.0
100
AcDbText
 73
2
  0
LINE
  5
210
330
17
100
AcDbEntity
  8
S_GRID_LINES
100
AcDbLine
 10
181.75
 20
-4.0
 30
0.0
 11
181.75
 21
65.0
 31
0.0
  0
CIRCLE
  5
211
330
17
100
AcDbEntity
  8
S_GRID_BUBBLES
100
AcDbCircle
 10
181.75
 20
-5.7
 30
0.0
 40
1.2
  0
TEXT
  5
212
330
17
100
AcDbEntity
  8
S_GRID_BUBBLES
100
AcDbText
 10
181.75
 20
-5.7
 30
0.0
 40
1.0
  1
C
 72
1
 11
181.75
 21
-5.7
 31
0.0
100
AcDbText
 73
2
  0
CIRCLE
  5
213
330
17
100
AcDbEntity
  8
S_GRID_BUBBLES
100
AcDbCircle
 10
181.75
 20
66.7
 30
0.0
 40
1.2
  0
TEXT
  5
214
330
17
100
AcDbEntity
  8
S_GRID_BUBBLES
100
AcDbText
 10
181.75
 20
66.7
 30
0.0
 40
1.0
  1
C
 72
1
 11
181.75
 21
66.7
 31
0.0
100
AcDbText
 73
2
  0
LINE
  5
215
330
17
100
AcDbEntity
  8
S_GRID_LINES
100
AcDbLine
 10
187.0
 20
-4.0
 30
0.0
 11
187.0
 21
65.0
 31
0.0
  0
CIRCLE
  5
216
330
17
100
AcDbEntity
  8
S_GRID_BUBBLES
100
AcDbCircle
 10
187.0
 20
-5.7
 30
0.0
 40
1.2
  0
TEXT
  5
217
330
17
100
AcDbEntity
  8
S_GRID_BUBBLES
100
AcDbText
 10
187.0
 20
-5.7
 30
0.0
 40
1.0
  1
C'
 72
1
 11
187.0
 21
-5.7
 31
0.0
100
AcDbText
 73
2
  0
CIRCLE
  5
218
330
17
100
AcDbEntity
  8
S_GRID_BUBBLES
100
AcDbCircle
 10
187.0
 20
66.7
 30
0.0
 40
1.2
  0
TEXT
  5
219
330
17
100
AcDbEntity
  8
S_GRID_BUBBLES
100
AcDbText
 10
187.0
 20
66.7
 30
0.0
 40
1.0
  1
C'
 72
1
 11
187.0
 21
66.7
 31
0.0
100
AcDbText
 73
2
  0
LINE
  5
21A
330
17
100
AcDbEntity
  8
S_GRID_LINES
100
AcDbLine
 10
199.0
 20
-4.0
 30
0.0
 11
199.0
 21
65.0
 31
0.0
  0
CIRCLE
  5
21B
330
17
100
AcDbEntity
  8
S_GRID_BUBBLES
100
AcDbCircle
 10
199.0
 20
-5.7
 30
0.0
 40
1.2
  0
TEXT
  5
21C
330
17
100
AcDbEntity
  8
S_GRID_BUBBLES
100
AcDbText
 10
199.0
 20
-5.7
 30
0.0
 40
1.0
  1
D
 72
1
 11
199.0
 21
-5.7
 31
0.0
100
AcDbText
 73
2
  0
CIRCLE
  5
21D
330
17
100
AcDbEntity
  8
S_GRID_BUBBLES
100
AcDbCircle
 10
199.0
 20
66.7
 30
0.0
 40
1.2
  0
TEXT
  5
21E
330
17
100
AcDbEntity
  8
S_GRID_BUBBLES
100
AcDbText
 10
199.0
 20
66.7
 30
0.0
 40
1.0
  1
D
 72
1
 11
199.0
 21
66.7
 31
0.0
100
AcDbText
 73
2
  0
LINE
  5
21F
330
17
100
AcDbEntity
  8
S_GRID_LINES
100
AcDbLine
 10
214.75
 20
-4.0
 30
0.0
 11
214.75
 21
65.0
 31
0.0
  0
CIRCLE
  5
220
330
17
100
AcDbEntity
  8
S_GRID_BUBBLES
100
AcDbCircle
 10
214.75
 20
-5.7
 30
0.0
 40
1.2
  0
TEXT
  5
221
330
17
100
AcDbEntity
  8
S_GRID_BUBBLES
100
AcDbText
 10
214.75
 20
-5.7
 30
0.0
 40
1.0
  1
E
 72
1
 11
214.75
 21
-5.7
 31
0.0
100
AcDbText
 73
2
  0
CIRCLE
  5
222
330
17
100
AcDbEntity
  8
S_GRID_BUBBLES
100
AcDbCircle
 10
214.75
 20
66.7
 30
0.0
 40
1.2
  0
TEXT
  5
223
330
17
100
AcDbEntity
  8
S_GRID_BUBBLES
100
AcDbText
 10
214.75
 20
66.7
 30
0.0
 40
1.0
  1
E
 72
1
 11
214.75
 21
66.7
 31
0.0
100
AcDbText
 73
2
  0
LINE
  5
224
330
17
100
AcDbEntity
  8
S_GRID_LINES
100
AcDbLine
 10
125.0
 20
3.375
 30
0.0
 11
223.0
 21
3.375
 31
0.0
  0
CIRCLE
  5
225
330
17
100
AcDbEntity
  8
S_GRID_BUBBLES
100
AcDbCircle
 10
123.3
 20
3.375
 30
0.0
 40
1.2
  0
TEXT
  5
226
330
17
100
AcDbEntity
  8
S_GRID_BUBBLES
100
AcDbText
 10
123.3
 20
3.375
 30
0.0
 40
1.0
  1
1
 72
1
 11
123.3
 21
3.375
 31
0.0
100
AcDbText
 73
2
  0
CIRCLE
  5
227
330
17
100
AcDbEntity
  8
S_GRID_BUBBLES
100
AcDbCircle
 10
224.7
 20
3.375
 30
0.0
 40
1.2
  0
TEXT
  5
228
330
17
100
AcDbEntity
  8
S_GRID_BUBBLES
100
AcDbText
 10
224.7
 20
3.375
 30
0.0
 40
1.0
  1
1
 72
1
 11
224.7
 21
3.375
 31
0.0
100
AcDbText
 73
2
  0
LINE
  5
229
330
17
100
AcDbEntity
  8
S_GRID_LINES
100
AcDbLine
 10
125.0
 20
20.125
 30
0.0
 11
223.0
 21
20.125
 31
0.0
  0
CIRCLE
  5
22A
330
17
100
AcDbEntity
  8
S_GRID_BUBBLES
100
AcDbCircle
 10
123.3
 20
20.125
 30
0.0
 40
1.2
  0
TEXT
  5
22B
330
17
100
AcDbEntity
  8
S_GRID_BUBBLES
100
AcDbText
 10
123.3
 20
20.125
 30
0.0
 40
1.0
  1
2
 72
1
 11
123.3
 21
20.125
 31
0.0
100
AcDbText
 73
2
  0
CIRCLE
  5
22C
330
17
100
AcDbEntity
  8
S_GRID_BUBBLES
100
AcDbCircle
 10
224.7
 20
20.125
 30
0.0
 40
1.2
  0
TEXT
  5
22D
330
17
100
AcDbEntity
  8
S_GRID_BUBBLES
100
AcDbText
 10
224.7
 20
20.125
 30
0.0
 40
1.0
  1
2
 72
1
 11
224.7
 21
20.125
 31
0.0
100
AcDbText
 73
2
  0
LINE
  5
22E
330
17
100
AcDbEntity
  8
S_GRID_LINES
100
AcDbLine
 10
125.0
 20
28.5
 30
0.0
 11
223.0
 21
28.5
 31
0.0
  0
CIRCLE
  5
22F
330
17
100
AcDbEntity
  8
S_GRID_BUBBLES
100
AcDbCircle
 10
123.3
 20
28.5
 30
0.0
 40
1.2
  0
TEXT
  5
230
330
17
100
AcDbEntity
  8
S_GRID_BUBBLES
100
AcDbText
 10
123.3
 20
28.5
 30
0.0
 40
1.0
  1
3
 72
1
 11
123.3
 21
28.5
 31
0.0
100
AcDbText
 73
2
  0
CIRCLE
  5
231
330
17
100
AcDbEntity
  8
S_GRID_BUBBLES
100
AcDbCircle
 10
224.7
 20
28.5
 30
0.0
 40
1.2
  0
TEXT
  5
232
330
17
100
AcDbEntity
  8
S_GRID_BUBBLES
100
AcDbText
 10
224.7
 20
28.5
 30
0.0
 40
1.0
  1
3
 72
1
 11
224.7
 21
28.5
 31
0.0
100
AcDbText
 73
2
  0
LINE
  5
233
330
17
100
AcDbEntity
  8
S_GRID_LINES
100
AcDbLine
 10
125.0
 20
36.5
 30
0.0
 11
223.0
 21
36.5
 31
0.0
  0
CIRCLE
  5
234
330
17
100
AcDbEntity
  8
S_GRID_BUBBLES
100
AcDbCircle
 10
123.3
 20
36.5
 30
0.0
 40
1.2
  0
TEXT
  5
235
330
17
100
AcDbEntity
  8
S_GRID_BUBBLES
100
AcDbText
 10
123.3
 20
36.5
 30
0.0
 40
1.0
  1
4
 72
1
 11
123.3
 21
36.5
 31
0.0
100
AcDbText
 73
2
  0
CIRCLE
  5
236
330
17
100
AcDbEntity
  8
S_GRID_BUBBLES
100
AcDbCircle
 10
224.7
 20
36.5
 30
0.0
 40
1.2
  0
TEXT
  5
237
330
17
100
AcDbEntity
  8
S_GRID_BUBBLES
100
AcDbText
 10
224.7
 20
36.5
 30
0.0
 40
1.0
  1
4
 72
1
 11
224.7
 21
36.5
 31
0.0
100
AcDbText
 73
2
  0
LINE
  5
238
330
17
100
AcDbEntity
  8
S_GRID_LINES
100
AcDbLine
 10
125.0
 20
42.125
 30
0.0
 11
223.0
 21
42.125
 31
0.0
  0
CIRCLE
  5
239
330
17
100
AcDbEntity
  8
S_GRID_BUBBLES
100
AcDbCircle
 10
123.3
 20
42.125
 30
0.0
 40
1.2
  0
TEXT
  5
23A
330
17
100
AcDbEntity
  8
S_GRID_BUBBLES
100
AcDbText
 10
123.3
 20
42.125
 30
0.0
 40
1.0
  1
5
 72
1
 11
123.3
 21
42.125
 31
0.0
100
AcDbText
 73
2
  0
CIRCLE
  5
23B
330
17
100
AcDbEntity
  8
S_GRID_BUBBLES
100
AcDbCircle
 10
224.7
 20
42.125
 30
0.0
 40
1.2
  0
TEXT
  5
23C
330
17
100
AcDbEntity
  8
S_GRID_BUBBLES
100
AcDbText
 10
224.7
 20
42.125
 30
0.0
 40
1.0
  1
5
 72
1
 11
224.7
 21
42.125
 31
0.0
100
AcDbText
 73
2
  0
LINE
  5
23D
330
17
100
AcDbEntity
  8
S_GRID_LINES
100
AcDbLine
 10
125.0
 20
48.0
 30
0.0
 11
223.0
 21
48.0
 31
0.0
  0
CIRCLE
  5
23E
330
17
100
AcDbEntity
  8
S_GRID_BUBBLES
100
AcDbCircle
 10
123.3
 20
48.0
 30
0.0
 40
1.2
  0
TEXT
  5
23F
330
17
100
AcDbEntity
  8
S_GRID_BUBBLES
100
AcDbText
 10
123.3
 20
48.0
 30
0.0
 40
1.0
  1
6
 72
1
 11
123.3
 21
48.0
 31
0.0
100
AcDbText
 73
2
  0
CIRCLE
  5
240
330
17
100
AcDbEntity
  8
S_GRID_BUBBLES
100
AcDbCircle
 10
224.7
 20
48.0
 30
0.0
 40
1.2
  0
TEXT
  5
241
330
17
100
AcDbEntity
  8
S_GRID_BUBBLES
100
AcDbText
 10
224.7
 20
48.0
 30
0.0
 40
1.0
  1
6
 72
1
 11
224.7
 21
48.0
 31
0.0
100
AcDbText
 73
2
  0
LINE
  5
242
330
17
100
AcDbEntity
  8
S_GRID_LINES
100
AcDbLine
 10
125.0
 20
55.5
 30
0.0
 11
223.0
 21
55.5
 31
0.0
  0
CIRCLE
  5
243
330
17
100
AcDbEntity
  8
S_GRID_BUBBLES
100
AcDbCircle
 10
123.3
 20
55.5
 30
0.0
 40
1.2
  0
TEXT
  5
244
330
17
100
AcDbEntity
  8
S_GRID_BUBBLES
100
AcDbText
 10
123.3
 20
55.5
 30
0.0
 40
1.0
  1
7
 72
1
 11
123.3
 21
55.5
 31
0.0
100
AcDbText
 73
2
  0
CIRCLE
  5
245
330
17
100
AcDbEntity
  8
S_GRID_BUBBLES
100
AcDbCircle
 10
224.7
 20
55.5
 30
0.0
 40
1.2
  0
TEXT
  5
246
330
17
100
AcDbEntity
  8
S_GRID_BUBBLES
100
AcDbText
 10
224.7
 20
55.5
 30
0.0
 40
1.0
  1
7
 72
1
 11
224.7
 21
55.5
 31
0.0
100
AcDbText
 73
2
  0
LWPOLYLINE
  5
247
330
17
100
AcDbEntity
  8
S_COLUMNS
100
AcDbPolyline
 90
4
 70
1
 10
166.125
 20
3.0
 10
166.875
 20
3.0
 10
166.875
 20
4.5
 10
166.125
 20
4.5
  0
HATCH
  5
248
330
17
100
AcDbEntity
  8
S_COLUMNS_HATCH
 62
7
100
AcDbHatch
 10
0.0
 20
0.0
 30
0.0
210
0.0
220
0.0
230
1.0
  2
SOLID
 70
0
 71
0
 91
1
 92
3
 72
0
 73
1
 93
4
 10
166.125
 20
3.0
 10
166.875
 20
3.0
 10
166.875
 20
4.5
 10
166.125
 20
4.5
 97
0
 75
1
 76
1
 52
0.0
 41
1.0
 77
0
 78
1
 53
45.0
 43
0.0
 44
0.0
 45
-0.0034798562
 46
0.0034798562
 79
0
 98
0
  0
TEXT
  5
249
330
17
100
AcDbEntity
  8
S_COLUMNS
100
AcDbText
 10
166.5
 20
3.75
 30
0.0
 40
0.55
  1
B1
 72
1
 11
166.5
 21
3.75
 31
0.0
100
AcDbText
 73
2
  0
LWPOLYLINE
  5
24A
330
17
100
AcDbEntity
  8
S_COLUMNS
100
AcDbPolyline
 90
4
 70
1
 10
166.125
 20
19.375
 10
166.875
 20
19.375
 10
166.875
 20
20.875
 10
166.125
 20
20.875
  0
HATCH
  5
24B
330
17
100
AcDbEntity
  8
S_COLUMNS_HATCH
 62
7
100
AcDbHatch
 10
0.0
 20
0.0
 30
0.0
210
0.0
220
0.0
230
1.0
  2
SOLID
 70
0
 71
0
 91
1
 92
3
 72
0
 73
1
 93
4
 10
166.125
 20
19.375
 10
166.875
 20
19.375
 10
166.875
 20
20.875
 10
166.125
 20
20.875
 97
0
 75
1
 76
1
 52
0.0
 41
1.0
 77
0
 78
1
 53
45.0
 43
0.0
 44
0.0
 45
-0.0034798562
 46
0.0034798562
 79
0
 98
0
  0
TEXT
  5
24C
330
17
100
AcDbEntity
  8
S_COLUMNS
100
AcDbText
 10
166.5
 20
20.125
 30
0.0
 40
0.55
  1
B2
 72
1
 11
166.5
 21
20.125
 31
0.0
100
AcDbText
 73
2
  0
LWPOLYLINE
  5
24D
330
17
100
AcDbEntity
  8
S_COLUMNS
100
AcDbPolyline
 90
4
 70
1
 10
166.125
 20
27.75
 10
166.875
 20
27.75
 10
166.875
 20
29.25
 10
166.125
 20
29.25
  0
HATCH
  5
24E
330
17
100
AcDbEntity
  8
S_COLUMNS_HATCH
 62
7
100
AcDbHatch
 10
0.0
 20
0.0
 30
0.0
210
0.0
220
0.0
230
1.0
  2
SOLID
 70
0
 71
0
 91
1
 92
3
 72
0
 73
1
 93
4
 10
166.125
 20
27.75
 10
166.875
 20
27.75
 10
166.875
 20
29.25
 10
166.125
 20
29.25
 97
0
 75
1
 76
1
 52
0.0
 41
1.0
 77
0
 78
1
 53
45.0
 43
0.0
 44
0.0
 45
-0.0034798562
 46
0.0034798562
 79
0
 98
0
  0
TEXT
  5
24F
330
17
100
AcDbEntity
  8
S_COLUMNS
100
AcDbText
 10
166.5
 20
28.5
 30
0.0
 40
0.55
  1
B3
 72
1
 11
166.5
 21
28.5
 31
0.0
100
AcDbText
 73
2
  0
LWPOLYLINE
  5
250
330
17
100
AcDbEntity
  8
S_COLUMNS
100
AcDbPolyline
 90
4
 70
1
 10
166.125
 20
31.5
 10
166.875
 20
31.5
 10
166.875
 20
33.0
 10
166.125
 20
33.0
  0
HATCH
  5
251
330
17
100
AcDbEntity
  8
S_COLUMNS_HATCH
 62
7
100
AcDbHatch
 10
0.0
 20
0.0
 30
0.0
210
0.0
220
0.0
230
1.0
  2
SOLID
 70
0
 71
0
 91
1
 92
3
 72
0
 73
1
 93
4
 10
166.125
 20
31.5
 10
166.875
 20
31.5
 10
166.875
 20
33.0
 10
166.125
 20
33.0
 97
0
 75
1
 76
1
 52
0.0
 41
1.0
 77
0
 78
1
 53
45.0
 43
0.0
 44
0.0
 45
-0.0034798562
 46
0.0034798562
 79
0
 98
0
  0
TEXT
  5
252
330
17
100
AcDbEntity
  8
S_COLUMNS
100
AcDbText
 10
166.5
 20
32.25
 30
0.0
 40
0.55
  1
B4
 72
1
 11
166.5
 21
32.25
 31
0.0
100
AcDbText
 73
2
  0
LWPOLYLINE
  5
253
330
17
100
AcDbEntity
  8
S_COLUMNS
100
AcDbPolyline
 90
4
 70
1
 10
181.375
 20
3.0
 10
182.125
 20
3.0
 10
182.125
 20
4.5
 10
181.375
 20
4.5
  0
HATCH
  5
254
330
17
100
AcDbEntity
  8
S_COLUMNS_HATCH
 62
7
100
AcDbHatch
 10
0.0
 20
0.0
 30
0.0
210
0.0
220
0.0
230
1.0
  2
SOLID
 70
0
 71
0
 91
1
 92
3
 72
0
 73
1
 93
4
 10
181.375
 20
3.0
 10
182.125
 20
3.0
 10
182.125
 20
4.5
 10
181.375
 20
4.5
 97
0
 75
1
 76
1
 52
0.0
 41
1.0
 77
0
 78
1
 53
45.0
 43
0.0
 44
0.0
 45
-0.0034798562
 46
0.0034798562
 79
0
 98
0
  0
TEXT
  5
255
330
17
100
AcDbEntity
  8
S_COLUMNS
100
AcDbText
 10
181.75
 20
3.75
 30
0.0
 40
0.55
  1
C1
 72
1
 11
181.75
 21
3.75
 31
0.0
100
AcDbText
 73
2
  0
LWPOLYLINE
  5
256
330
17
100
AcDbEntity
  8
S_COLUMNS
100
AcDbPolyline
 90
4
 70
1
 10
181.375
 20
19.375
 10
182.125
 20
19.375
 10
182.125
 20
20.875
 10
181.375
 20
20.875
  0
HATCH
  5
257
330
17
100
AcDbEntity
  8
S_COLUMNS_HATCH
 62
7
100
AcDbHatch
 10
0.0
 20
0.0
 30
0.0
210
0.0
220
0.0
230
1.0
  2
SOLID
 70
0
 71
0
 91
1
 92
3
 72
0
 73
1
 93
4
 10
181.375
 20
19.375
 10
182.125
 20
19.375
 10
182.125
 20
20.875
 10
181.375
 20
20.875
 97
0
 75
1
 76
1
 52
0.0
 41
1.0
 77
0
 78
1
 53
45.0
 43
0.0
 44
0.0
 45
-0.0034798562
 46
0.0034798562
 79
0
 98
0
  0
TEXT
  5
258
330
17
100
AcDbEntity
  8
S_COLUMNS
100
AcDbText
 10
181.75
 20
20.125
 30
0.0
 40
0.55
  1
C2
 72
1
 11
181.75
 21
20.125
 31
0.0
100
AcDbText
 73
2
  0
LWPOLYLINE
  5
259
330
17
100
AcDbEntity
  8
S_COLUMNS
100
AcDbPolyline
 90
4
 70
1
 10
181.375
 20
27.75
 10
182.125
 20
27.75
 10
182.125
 20
29.25
 10
181.375
 20
29.25
  0
HATCH
  5
25A
330
17
100
AcDbEntity
  8
S_COLUMNS_HATCH
 62
7
100
AcDbHatch
 10
0.0
 20
0.0
 30
0.0
210
0.0
220
0.0
230
1.0
  2
SOLID
 70
0
 71
0
 91
1
 92
3
 72
0
 73
1
 93
4
 10
181.375
 20
27.75
 10
182.125
 20
27.75
 10
182.125
 20
29.25
 10
181.375
 20
29.25
 97
0
 75
1
 76
1
 52
0.0
 41
1.0
 77
0
 78
1
 53
45.0
 43
0.0
 44
0.0
 45
-0.0034798562
 46
0.0034798562
 79
0
 98
0
  0
TEXT
  5
25B
330
17
100
AcDbEntity
  8
S_COLUMNS
100
AcDbText
 10
181.75
 20
28.5
 30
0.0
 40
0.55
  1
C3
 72
1
 11
181.75
 21
28.5
 31
0.0
100
AcDbText
 73
2
  0
LWPOLYLINE
  5
25C
330
17
100
AcDbEntity
  8
S_COLUMNS
100
AcDbPolyline
 90
4
 70
1
 10
181.375
 20
35.75
 10
182.125
 20
35.75
 10
182.125
 20
37.25
 10
181.375
 20
37.25
  0
HATCH
  5
25D
330
17
100
AcDbEntity
  8
S_COLUMNS_HATCH
 62
7
100
AcDbHatch
 10
0.0
 20
0.0
 30
0.0
210
0.0
220
0.0
230
1.0
  2
SOLID
 70
0
 71
0
 91
1
 92
3
 72
0
 73
1
 93
4
 10
181.375
 20
35.75
 10
182.125
 20
35.75
 10
182.125
 20
37.25
 10
181.375
 20
37.25
 97
0
 75
1
 76
1
 52
0.0
 41
1.0
 77
0
 78
1
 53
45.0
 43
0.0
 44
0.0
 45
-0.0034798562
 46
0.0034798562
 79
0
 98
0
  0
TEXT
  5
25E
330
17
100
AcDbEntity
  8
S_COLUMNS
100
AcDbText
 10
181.75
 20
36.5
 30
0.0
 40
0.55
  1
C4
 72
1
 11
181.75
 21
36.5
 31
0.0
100
AcDbText
 73
2
  0
LWPOLYLINE
  5
25F
330
17
100
AcDbEntity
  8
S_COLUMNS
100
AcDbPolyline
 90
4
 70
1
 10
186.625
 20
3.0
 10
187.375
 20
3.0
 10
187.375
 20
4.5
 10
186.625
 20
4.5
  0
HATCH
  5
260
330
17
100
AcDbEntity
  8
S_COLUMNS_HATCH
 62
7
100
AcDbHatch
 10
0.0
 20
0.0
 30
0.0
210
0.0
220
0.0
230
1.0
  2
SOLID
 70
0
 71
0
 91
1
 92
3
 72
0
 73
1
 93
4
 10
186.625
 20
3.0
 10
187.375
 20
3.0
 10
187.375
 20
4.5
 10
186.625
 20
4.5
 97
0
 75
1
 76
1
 52
0.0
 41
1.0
 77
0
 78
1
 53
45.0
 43
0.0
 44
0.0
 45
-0.0034798562
 46
0.0034798562
 79
0
 98
0
  0
TEXT
  5
261
330
17
100
AcDbEntity
  8
S_COLUMNS
100
AcDbText
 10
187.0
 20
3.75
 30
0.0
 40
0.55
  1
C'1
 72
1
 11
187.0
 21
3.75
 31
0.0
100
AcDbText
 73
2
  0
LWPOLYLINE
  5
262
330
17
100
AcDbEntity
  8
S_COLUMNS
100
AcDbPolyline
 90
4
 70
1
 10
186.625
 20
19.375
 10
187.375
 20
19.375
 10
187.375
 20
20.875
 10
186.625
 20
20.875
  0
HATCH
  5
263
330
17
100
AcDbEntity
  8
S_COLUMNS_HATCH
 62
7
100
AcDbHatch
 10
0.0
 20
0.0
 30
0.0
210
0.0
220
0.0
230
1.0
  2
SOLID
 70
0
 71
0
 91
1
 92
3
 72
0
 73
1
 93
4
 10
186.625
 20
19.375
 10
187.375
 20
19.375
 10
187.375
 20
20.875
 10
186.625
 20
20.875
 97
0
 75
1
 76
1
 52
0.0
 41
1.0
 77
0
 78
1
 53
45.0
 43
0.0
 44
0.0
 45
-0.0034798562
 46
0.0034798562
 79
0
 98
0
  0
TEXT
  5
264
330
17
100
AcDbEntity
  8
S_COLUMNS
100
AcDbText
 10
187.0
 20
20.125
 30
0.0
 40
0.55
  1
C'2
 72
1
 11
187.0
 21
20.125
 31
0.0
100
AcDbText
 73
2
  0
LWPOLYLINE
  5
265
330
17
100
AcDbEntity
  8
S_COLUMNS
100
AcDbPolyline
 90
4
 70
1
 10
186.625
 20
27.75
 10
187.375
 20
27.75
 10
187.375
 20
29.25
 10
186.625
 20
29.25
  0
HATCH
  5
266
330
17
100
AcDbEntity
  8
S_COLUMNS_HATCH
 62
7
100
AcDbHatch
 10
0.0
 20
0.0
 30
0.0
210
0.0
220
0.0
230
1.0
  2
SOLID
 70
0
 71
0
 91
1
 92
3
 72
0
 73
1
 93
4
 10
186.625
 20
27.75
 10
187.375
 20
27.75
 10
187.375
 20
29.25
 10
186.625
 20
29.25
 97
0
 75
1
 76
1
 52
0.0
 41
1.0
 77
0
 78
1
 53
45.0
 43
0.0
 44
0.0
 45
-0.0034798562
 46
0.0034798562
 79
0
 98
0
  0
TEXT
  5
267
330
17
100
AcDbEntity
  8
S_COLUMNS
100
AcDbText
 10
187.0
 20
28.5
 30
0.0
 40
0.55
  1
C'3
 72
1
 11
187.0
 21
28.5
 31
0.0
100
AcDbText
 73
2
  0
LWPOLYLINE
  5
268
330
17
100
AcDbEntity
  8
S_COLUMNS
100
AcDbPolyline
 90
4
 70
1
 10
198.625
 20
3.0
 10
199.375
 20
3.0
 10
199.375
 20
4.5
 10
198.625
 20
4.5
  0
HATCH
  5
269
330
17
100
AcDbEntity
  8
S_COLUMNS_HATCH
 62
7
100
AcDbHatch
 10
0.0
 20
0.0
 30
0.0
210
0.0
220
0.0
230
1.0
  2
SOLID
 70
0
 71
0
 91
1
 92
3
 72
0
 73
1
 93
4
 10
198.625
 20
3.0
 10
199.375
 20
3.0
 10
199.375
 20
4.5
 10
198.625
 20
4.5
 97
0
 75
1
 76
1
 52
0.0
 41
1.0
 77
0
 78
1
 53
45.0
 43
0.0
 44
0.0
 45
-0.0034798562
 46
0.0034798562
 79
0
 98
0
  0
TEXT
  5
26A
330
17
100
AcDbEntity
  8
S_COLUMNS
100
AcDbText
 10
199.0
 20
3.75
 30
0.0
 40
0.55
  1
D1
 72
1
 11
199.0
 21
3.75
 31
0.0
100
AcDbText
 73
2
  0
LWPOLYLINE
  5
26B
330
17
100
AcDbEntity
  8
S_COLUMNS
100
AcDbPolyline
 90
4
 70
1
 10
198.625
 20
19.375
 10
199.375
 20
19.375
 10
199.375
 20
20.875
 10
198.625
 20
20.875
  0
HATCH
  5
26C
330
17
100
AcDbEntity
  8
S_COLUMNS_HATCH
 62
7
100
AcDbHatch
 10
0.0
 20
0.0
 30
0.0
210
0.0
220
0.0
230
1.0
  2
SOLID
 70
0
 71
0
 91
1
 92
3
 72
0
 73
1
 93
4
 10
198.625
 20
19.375
 10
199.375
 20
19.375
 10
199.375
 20
20.875
 10
198.625
 20
20.875
 97
0
 75
1
 76
1
 52
0.0
 41
1.0
 77
0
 78
1
 53
45.0
 43
0.0
 44
0.0
 45
-0.0034798562
 46
0.0034798562
 79
0
 98
0
  0
TEXT
  5
26D
330
17
100
AcDbEntity
  8
S_COLUMNS
100
AcDbText
 10
199.0
 20
20.125
 30
0.0
 40
0.55
  1
D2
 72
1
 11
199.0
 21
20.125
 31
0.0
100
AcDbText
 73
2
  0
LWPOLYLINE
  5
26E
330
17
100
AcDbEntity
  8
S_COLUMNS
100
AcDbPolyline
 90
4
 70
1
 10
198.625
 20
27.75
 10
199.375
 20
27.75
 10
199.375
 20
29.25
 10
198.625
 20
29.25
  0
HATCH
  5
26F
330
17
100
AcDbEntity
  8
S_COLUMNS_HATCH
 62
7
100
AcDbHatch
 10
0.0
 20
0.0
 30
0.0
210
0.0
220
0.0
230
1.0
  2
SOLID
 70
0
 71
0
 91
1
 92
3
 72
0
 73
1
 93
4
 10
198.625
 20
27.75
 10
199.375
 20
27.75
 10
199.375
 20
29.25
 10
198.625
 20
29.25
 97
0
 75
1
 76
1
 52
0.0
 41
1.0
 77
0
 78
1
 53
45.0
 43
0.0
 44
0.0
 45
-0.0034798562
 46
0.0034798562
 79
0
 98
0
  0
TEXT
  5
270
330
17
100
AcDbEntity
  8
S_COLUMNS
100
AcDbText
 10
199.0
 20
28.5
 30
0.0
 40
0.55
  1
D3
 72
1
 11
199.0
 21
28.5
 31
0.0
100
AcDbText
 73
2
  0
LWPOLYLINE
  5
271
330
17
100
AcDbEntity
  8
S_COLUMNS
100
AcDbPolyline
 90
4
 70
1
 10
198.625
 20
35.75
 10
199.375
 20
35.75
 10
199.375
 20
37.25
 10
198.625
 20
37.25
  0
HATCH
  5
272
330
17
100
AcDbEntity
  8
S_COLUMNS_HATCH
 62
7
100
AcDbHatch
 10
0.0
 20
0.0
 30
0.0
210
0.0
220
0.0
230
1.0
  2
SOLID
 70
0
 71
0
 91
1
 92
3
 72
0
 73
1
 93
4
 10
198.625
 20
35.75
 10
199.375
 20
35.75
 10
199.375
 20
37.25
 10
198.625
 20
37.25
 97
0
 75
1
 76
1
 52
0.0
 41
1.0
 77
0
 78
1
 53
45.0
 43
0.0
 44
0.0
 45
-0.0034798562
 46
0.0034798562
 79
0
 98
0
  0
TEXT
  5
273
330
17
100
AcDbEntity
  8
S_COLUMNS
100
AcDbText
 10
199.0
 20
36.5
 30
0.0
 40
0.55
  1
D4
 72
1
 11
199.0
 21
36.5
 31
0.0
100
AcDbText
 73
2
  0
LWPOLYLINE
  5
274
330
17
100
AcDbEntity
  8
S_COLUMNS
100
AcDbPolyline
 90
4
 70
1
 10
198.625
 20
41.375
 10
199.375
 20
41.375
 10
199.375
 20
42.875
 10
198.625
 20
42.875
  0
HATCH
  5
275
330
17
100
AcDbEntity
  8
S_COLUMNS_HATCH
 62
7
100
AcDbHatch
 10
0.0
 20
0.0
 30
0.0
210
0.0
220
0.0
230
1.0
  2
SOLID
 70
0
 71
0
 91
1
 92
3
 72
0
 73
1
 93
4
 10
198.625
 20
41.375
 10
199.375
 20
41.375
 10
199.375
 20
42.875
 10
198.625
 20
42.875
 97
0
 75
1
 76
1
 52
0.0
 41
1.0
 77
0
 78
1
 53
45.0
 43
0.0
 44
0.0
 45
-0.0034798562
 46
0.0034798562
 79
0
 98
0
  0
TEXT
  5
276
330
17
100
AcDbEntity
  8
S_COLUMNS
100
AcDbText
 10
199.0
 20
42.125
 30
0.0
 40
0.55
  1
D5
 72
1
 11
199.0
 21
42.125
 31
0.0
100
AcDbText
 73
2
  0
LWPOLYLINE
  5
277
330
17
100
AcDbEntity
  8
S_COLUMNS
100
AcDbPolyline
 90
4
 70
1
 10
214.375
 20
3.0
 10
215.125
 20
3.0
 10
215.125
 20
4.5
 10
214.375
 20
4.5
  0
HATCH
  5
278
330
17
100
AcDbEntity
  8
S_COLUMNS_HATCH
 62
7
100
AcDbHatch
 10
0.0
 20
0.0
 30
0.0
210
0.0
220
0.0
230
1.0
  2
SOLID
 70
0
 71
0
 91
1
 92
3
 72
0
 73
1
 93
4
 10
214.375
 20
3.0
 10
215.125
 20
3.0
 10
215.125
 20
4.5
 10
214.375
 20
4.5
 97
0
 75
1
 76
1
 52
0.0
 41
1.0
 77
0
 78
1
 53
45.0
 43
0.0
 44
0.0
 45
-0.0034798562
 46
0.0034798562
 79
0
 98
0
  0
TEXT
  5
279
330
17
100
AcDbEntity
  8
S_COLUMNS
100
AcDbText
 10
214.75
 20
3.75
 30
0.0
 40
0.55
  1
E1
 72
1
 11
214.75
 21
3.75
 31
0.0
100
AcDbText
 73
2
  0
LWPOLYLINE
  5
27A
330
17
100
AcDbEntity
  8
S_COLUMNS
100
AcDbPolyline
 90
4
 70
1
 10
214.375
 20
19.375
 10
215.125
 20
19.375
 10
215.125
 20
20.875
 10
214.375
 20
20.875
  0
HATCH
  5
27B
330
17
100
AcDbEntity
  8
S_COLUMNS_HATCH
 62
7
100
AcDbHatch
 10
0.0
 20
0.0
 30
0.0
210
0.0
220
0.0
230
1.0
  2
SOLID
 70
0
 71
0
 91
1
 92
3
 72
0
 73
1
 93
4
 10
214.375
 20
19.375
 10
215.125
 20
19.375
 10
215.125
 20
20.875
 10
214.375
 20
20.875
 97
0
 75
1
 76
1
 52
0.0
 41
1.0
 77
0
 78
1
 53
45.0
 43
0.0
 44
0.0
 45
-0.0034798562
 46
0.0034798562
 79
0
 98
0
  0
TEXT
  5
27C
330
17
100
AcDbEntity
  8
S_COLUMNS
100
AcDbText
 10
214.75
 20
20.125
 30
0.0
 40
0.55
  1
E2
 72
1
 11
214.75
 21
20.125
 31
0.0
100
AcDbText
 73
2
  0
LWPOLYLINE
  5
27D
330
17
100
AcDbEntity
  8
S_COLUMNS
100
AcDbPolyline
 90
4
 70
1
 10
214.375
 20
27.75
 10
215.125
 20
27.75
 10
215.125
 20
29.25
 10
214.375
 20
29.25
  0
HATCH
  5
27E
330
17
100
AcDbEntity
  8
S_COLUMNS_HATCH
 62
7
100
AcDbHatch
 10
0.0
 20
0.0
 30
0.0
210
0.0
220
0.0
230
1.0
  2
SOLID
 70
0
 71
0
 91
1
 92
3
 72
0
 73
1
 93
4
 10
214.375
 20
27.75
 10
215.125
 20
27.75
 10
215.125
 20
29.25
 10
214.375
 20
29.25
 97
0
 75
1
 76
1
 52
0.0
 41
1.0
 77
0
 78
1
 53
45.0
 43
0.0
 44
0.0
 45
-0.0034798562
 46
0.0034798562
 79
0
 98
0
  0
TEXT
  5
27F
330
17
100
AcDbEntity
  8
S_COLUMNS
100
AcDbText
 10
214.75
 20
28.5
 30
0.0
 40
0.55
  1
E3
 72
1
 11
214.75
 21
28.5
 31
0.0
100
AcDbText
 73
2
  0
LWPOLYLINE
  5
280
330
17
100
AcDbEntity
  8
S_COLUMNS
100
AcDbPolyline
 90
4
 70
1
 10
214.375
 20
35.75
 10
215.125
 20
35.75
 10
215.125
 20
37.25
 10
214.375
 20
37.25
  0
HATCH
  5
281
330
17
100
AcDbEntity
  8
S_COLUMNS_HATCH
 62
7
100
AcDbHatch
 10
0.0
 20
0.0
 30
0.0
210
0.0
220
0.0
230
1.0
  2
SOLID
 70
0
 71
0
 91
1
 92
3
 72
0
 73
1
 93
4
 10
214.375
 20
35.75
 10
215.125
 20
35.75
 10
215.125
 20
37.25
 10
214.375
 20
37.25
 97
0
 75
1
 76
1
 52
0.0
 41
1.0
 77
0
 78
1
 53
45.0
 43
0.0
 44
0.0
 45
-0.0034798562
 46
0.0034798562
 79
0
 98
0
  0
TEXT
  5
282
330
17
100
AcDbEntity
  8
S_COLUMNS
100
AcDbText
 10
214.75
 20
36.5
 30
0.0
 40
0.55
  1
E4
 72
1
 11
214.75
 21
36.5
 31
0.0
100
AcDbText
 73
2
  0
LWPOLYLINE
  5
283
330
17
100
AcDbEntity
  8
S_COLUMNS
100
AcDbPolyline
 90
4
 70
1
 10
214.375
 20
41.375
 10
215.125
 20
41.375
 10
215.125
 20
42.875
 10
214.375
 20
42.875
  0
HATCH
  5
284
330
17
100
AcDbEntity
  8
S_COLUMNS_HATCH
 62
7
100
AcDbHatch
 10
0.0
 20
0.0
 30
0.0
210
0.0
220
0.0
230
1.0
  2
SOLID
 70
0
 71
0
 91
1
 92
3
 72
0
 73
1
 93
4
 10
214.375
 20
41.375
 10
215.125
 20
41.375
 10
215.125
 20
42.875
 10
214.375
 20
42.875
 97
0
 75
1
 76
1
 52
0.0
 41
1.0
 77
0
 78
1
 53
45.0
 43
0.0
 44
0.0
 45
-0.0034798562
 46
0.0034798562
 79
0
 98
0
  0
TEXT
  5
285
330
17
100
AcDbEntity
  8
S_COLUMNS
100
AcDbText
 10
214.75
 20
42.125
 30
0.0
 40
0.55
  1
E5
 72
1
 11
214.75
 21
42.125
 31
0.0
100
AcDbText
 73
2
  0
LWPOLYLINE
  5
286
330
17
100
AcDbEntity
  8
S_COLUMNS
100
AcDbPolyline
 90
4
 70
1
 10
214.375
 20
47.25
 10
215.125
 20
47.25
 10
215.125
 20
48.75
 10
214.375
 20
48.75
  0
HATCH
  5
287
330
17
100
AcDbEntity
  8
S_COLUMNS_HATCH
 62
7
100
AcDbHatch
 10
0.0
 20
0.0
 30
0.0
210
0.0
220
0.0
230
1.0
  2
SOLID
 70
0
 71
0
 91
1
 92
3
 72
0
 73
1
 93
4
 10
214.375
 20
47.25
 10
215.125
 20
47.25
 10
215.125
 20
48.75
 10
214.375
 20
48.75
 97
0
 75
1
 76
1
 52
0.0
 41
1.0
 77
0
 78
1
 53
45.0
 43
0.0
 44
0.0
 45
-0.0034798562
 46
0.0034798562
 79
0
 98
0
  0
TEXT
  5
288
330
17
100
AcDbEntity
  8
S_COLUMNS
100
AcDbText
 10
214.75
 20
48.0
 30
0.0
 40
0.55
  1
E6
 72
1
 11
214.75
 21
48.0
 31
0.0
100
AcDbText
 73
2
  0
LWPOLYLINE
  5
289
330
17
100
AcDbEntity
  8
A_WALLS
100
AcDbPolyline
 90
4
 70
1
 10
166.125
 20
3.0
 10
169.0
 20
3.0
 10
169.0
 20
3.75
 10
166.125
 20
3.75
  0
LWPOLYLINE
  5
28A
330
17
100
AcDbEntity
  8
A_WALLS
100
AcDbPolyline
 90
4
 70
1
 10
169.0
 20
3.0
 10
178.0
 20
3.0
 10
178.0
 20
3.75
 10
169.0
 20
3.75
  0
LWPOLYLINE
  5
28B
330
17
100
AcDbEntity
  8
A_WALLS
100
AcDbPolyline
 90
4
 70
1
 10
169.0
 20
3.0
 10
178.0
 20
3.0
 10
178.0
 20
3.75
 10
169.0
 20
3.75
  0
LWPOLYLINE
  5
28C
330
17
100
AcDbEntity
  8
A_WALLS
100
AcDbPolyline
 90
4
 70
1
 10
178.0
 20
3.0
 10
187.375
 20
3.0
 10
187.375
 20
3.75
 10
178.0
 20
3.75
  0
LWPOLYLINE
  5
28D
330
17
100
AcDbEntity
  8
A_WALLS
100
AcDbPolyline
 90
4
 70
1
 10
198.625
 20
3.0
 10
202.0
 20
3.0
 10
202.0
 20
3.75
 10
198.625
 20
3.75
  0
LWPOLYLINE
  5
28E
330
17
100
AcDbEntity
  8
A_WALLS
100
AcDbPolyline
 90
4
 70
1
 10
202.0
 20
3.0
 10
211.0
 20
3.0
 10
211.0
 20
3.75
 10
202.0
 20
3.75
  0
LWPOLYLINE
  5
28F
330
17
100
AcDbEntity
  8
A_WALLS
100
AcDbPolyline
 90
4
 70
1
 10
202.0
 20
3.0
 10
211.0
 20
3.0
 10
211.0
 20
3.75
 10
202.0
 20
3.75
  0
LWPOLYLINE
  5
290
330
17
100
AcDbEntity
  8
A_WALLS
100
AcDbPolyline
 90
4
 70
1
 10
211.0
 20
3.0
 10
215.125
 20
3.0
 10
215.125
 20
3.75
 10
211.0
 20
3.75
  0
LWPOLYLINE
  5
291
330
17
100
AcDbEntity
  8
A_WALLS
100
AcDbPolyline
 90
4
 70
1
 10
166.125
 20
19.75
 10
172.0
 20
19.75
 10
172.0
 20
20.5
 10
166.125
 20
20.5
  0
LWPOLYLINE
  5
292
330
17
100
AcDbEntity
  8
A_WALLS
100
AcDbPolyline
 90
4
 70
1
 10
172.0
 20
19.75
 10
175.5
 20
19.75
 10
175.5
 20
20.5
 10
172.0
 20
20.5
  0
LWPOLYLINE
  5
293
330
17
100
AcDbEntity
  8
A_WALLS
100
AcDbPolyline
 90
4
 70
1
 10
175.5
 20
19.75
 10
181.375
 20
19.75
 10
181.375
 20
20.5
 10
175.5
 20
20.5
  0
LWPOLYLINE
  5
294
330
17
100
AcDbEntity
  8
A_WALLS
100
AcDbPolyline
 90
4
 70
1
 10
181.375
 20
19.75
 10
187.375
 20
19.75
 10
187.375
 20
20.5
 10
181.375
 20
20.5
  0
LWPOLYLINE
  5
295
330
17
100
AcDbEntity
  8
A_WALLS
100
AcDbPolyline
 90
4
 70
1
 10
186.625
 20
20.5
 10
192.625
 20
20.5
 10
192.625
 20
21.25
 10
186.625
 20
21.25
  0
LWPOLYLINE
  5
296
330
17
100
AcDbEntity
  8
A_WALLS
100
AcDbPolyline
 90
4
 70
1
 10
192.625
 20
20.5
 10
199.375
 20
20.5
 10
199.375
 20
21.25
 10
192.625
 20
21.25
  0
LWPOLYLINE
  5
297
330
17
100
AcDbEntity
  8
A_WALLS
100
AcDbPolyline
 90
4
 70
1
 10
198.625
 20
19.75
 10
202.0
 20
19.75
 10
202.0
 20
20.5
 10
198.625
 20
20.5
  0
LWPOLYLINE
  5
298
330
17
100
AcDbEntity
  8
A_WALLS
100
AcDbPolyline
 90
4
 70
1
 10
202.0
 20
19.75
 10
205.5
 20
19.75
 10
205.5
 20
20.5
 10
202.0
 20
20.5
  0
LWPOLYLINE
  5
299
330
17
100
AcDbEntity
  8
A_WALLS
100
AcDbPolyline
 90
4
 70
1
 10
205.5
 20
19.75
 10
215.125
 20
19.75
 10
215.125
 20
20.5
 10
205.5
 20
20.5
  0
LWPOLYLINE
  5
29A
330
17
100
AcDbEntity
  8
A_WALLS
100
AcDbPolyline
 90
4
 70
1
 10
214.375
 20
3.0
 10
215.125
 20
3.0
 10
215.125
 20
8.0
 10
214.375
 20
8.0
  0
LWPOLYLINE
  5
29B
330
17
100
AcDbEntity
  8
A_WALLS
100
AcDbPolyline
 90
4
 70
1
 10
214.375
 20
8.0
 10
215.125
 20
8.0
 10
215.125
 20
14.0
 10
214.375
 20
14.0
  0
LWPOLYLINE
  5
29C
330
17
100
AcDbEntity
  8
A_WALLS
100
AcDbPolyline
 90
4
 70
1
 10
214.375
 20
8.0
 10
215.125
 20
8.0
 10
215.125
 20
14.0
 10
214.375
 20
14.0
  0
LWPOLYLINE
  5
29D
330
17
100
AcDbEntity
  8
A_WALLS
100
AcDbPolyline
 90
4
 70
1
 10
214.375
 20
14.0
 10
215.125
 20
14.0
 10
215.125
 20
22.0
 10
214.375
 20
22.0
  0
LWPOLYLINE
  5
29E
330
17
100
AcDbEntity
  8
A_WALLS
100
AcDbPolyline
 90
4
 70
1
 10
214.375
 20
22.0
 10
215.125
 20
22.0
 10
215.125
 20
26.0
 10
214.375
 20
26.0
  0
LWPOLYLINE
  5
29F
330
17
100
AcDbEntity
  8
A_WALLS
100
AcDbPolyline
 90
4
 70
1
 10
214.375
 20
22.0
 10
215.125
 20
22.0
 10
215.125
 20
26.0
 10
214.375
 20
26.0
  0
LWPOLYLINE
  5
2A0
330
17
100
AcDbEntity
  8
A_WALLS
100
AcDbPolyline
 90
4
 70
1
 10
214.375
 20
26.0
 10
215.125
 20
26.0
 10
215.125
 20
58.0
 10
214.375
 20
58.0
  0
LWPOLYLINE
  5
2A1
330
17
100
AcDbEntity
  8
A_WALLS
100
AcDbPolyline
 90
4
 70
1
 10
166.125
 20
3.0
 10
166.875
 20
3.0
 10
166.875
 20
20.5
 10
166.125
 20
20.5
  0
LWPOLYLINE
  5
2A2
330
17
100
AcDbEntity
  8
A_WALLS
100
AcDbPolyline
 90
4
 70
1
 10
181.375
 20
3.0
 10
182.125
 20
3.0
 10
182.125
 20
20.5
 10
181.375
 20
20.5
  0
LWPOLYLINE
  5
2A3
330
17
100
AcDbEntity
  8
A_WALLS
100
AcDbPolyline
 90
4
 70
1
 10
186.625
 20
3.0
 10
187.375
 20
3.0
 10
187.375
 20
20.5
 10
186.625
 20
20.5
  0
LWPOLYLINE
  5
2A4
330
17
100
AcDbEntity
  8
A_WALLS
100
AcDbPolyline
 90
4
 70
1
 10
198.625
 20
0.0
 10
199.375
 20
0.0
 10
199.375
 20
20.5
 10
198.625
 20
20.5
  0
LWPOLYLINE
  5
2A5
330
17
100
AcDbEntity
  8
A_WALLS
100
AcDbPolyline
 90
4
 70
1
 10
182.125
 20
11.5
 10
186.625
 20
11.5
 10
186.625
 20
12.25
 10
182.125
 20
12.25
  0
LWPOLYLINE
  5
2A6
330
17
100
AcDbEntity
  8
A_WALLS
100
AcDbPolyline
 90
4
 70
1
 10
166.125
 20
20.5
 10
166.875
 20
20.5
 10
166.875
 20
33.5671
 10
166.125
 20
33.5671
  0
LWPOLYLINE
  5
2A7
330
17
100
AcDbEntity
  8
A_WALLS
100
AcDbPolyline
 90
4
 70
1
 10
166.125
 20
24.5
 10
181.375
 20
24.5
 10
181.375
 20
25.25
 10
166.125
 20
25.25
  0
LWPOLYLINE
  5
2A8
330
17
100
AcDbEntity
  8
A_WALLS
100
AcDbPolyline
 90
4
 70
1
 10
171.18970000000002
 20
36.46
 10
182.125
 20
36.46
 10
182.125
 20
37.21
 10
171.18970000000002
 20
37.21
  0
LWPOLYLINE
  5
2A9
330
17
100
AcDbEntity
  8
A_WALLS
100
AcDbPolyline
 90
4
 70
1
 10
181.375
 20
20.5
 10
182.125
 20
20.5
 10
182.125
 20
36.8354
 10
181.375
 20
36.8354
  0
LWPOLYLINE
  5
2AA
330
17
100
AcDbEntity
  8
A_WALLS
100
AcDbPolyline
 90
4
 70
1
 10
181.375
 20
36.8354
 10
182.125
 20
36.8354
 10
182.125
 20
42.1627
 10
181.375
 20
42.1627
  0
LWPOLYLINE
  5
2AB
330
17
100
AcDbEntity
  8
A_WALLS
100
AcDbPolyline
 90
4
 70
1
 10
192.625
 20
20.5
 10
193.375
 20
20.5
 10
193.375
 20
24.5
 10
192.625
 20
24.5
  0
LWPOLYLINE
  5
2AC
330
17
100
AcDbEntity
  8
A_WALLS
100
AcDbPolyline
 90
4
 70
1
 10
192.625
 20
23.75
 10
199.375
 20
23.75
 10
199.375
 20
24.5
 10
192.625
 20
24.5
  0
LWPOLYLINE
  5
2AD
330
17
100
AcDbEntity
  8
A_WALLS
100
AcDbPolyline
 90
4
 70
1
 10
206.5
 20
20.5
 10
207.25
 20
20.5
 10
207.25
 20
27.5
 10
206.5
 20
27.5
  0
LWPOLYLINE
  5
2AE
330
17
100
AcDbEntity
  8
A_WALLS
100
AcDbPolyline
 90
4
 70
1
 10
198.625
 20
27.5
 10
215.125
 20
27.5
 10
215.125
 20
28.25
 10
198.625
 20
28.25
  0
LWPOLYLINE
  5
2AF
330
17
100
AcDbEntity
  8
A_WALLS
100
AcDbPolyline
 90
4
 70
1
 10
198.625
 20
28.25
 10
199.375
 20
28.25
 10
199.375
 20
29.5
 10
198.625
 20
29.5
  0
LWPOLYLINE
  5
2B0
330
17
100
AcDbEntity
  8
A_WALLS
100
AcDbPolyline
 90
4
 70
1
 10
198.625
 20
29.5
 10
199.375
 20
29.5
 10
199.375
 20
33.0
 10
198.625
 20
33.0
  0
LWPOLYLINE
  5
2B1
330
17
100
AcDbEntity
  8
A_WALLS
100
AcDbPolyline
 90
4
 70
1
 10
198.625
 20
33.0
 10
199.375
 20
33.0
 10
199.375
 20
42.5
 10
198.625
 20
42.5
  0
LWPOLYLINE
  5
2B2
330
17
100
AcDbEntity
  8
A_WALLS
100
AcDbPolyline
 90
4
 70
1
 10
198.625
 20
42.5
 10
215.125
 20
42.5
 10
215.125
 20
43.25
 10
198.625
 20
43.25
  0
LWPOLYLINE
  5
2B3
330
17
100
AcDbEntity
  8
A_WALLS
100
AcDbPolyline
 90
4
 70
1
 10
206.5
 20
43.25
 10
207.25
 20
43.25
 10
207.25
 20
57.0
 10
206.5
 20
57.0
  0
LWPOLYLINE
  5
2B4
330
17
100
AcDbEntity
  8
A_WALLS
100
AcDbPolyline
 90
17
 70
1
 10
199.375
 20
0.0
 10
186.625
 20
0.0
 10
186.625
 20
3.0
 10
166.125
 20
3.0
 10
166.125
 20
20.5
 10
166.125
 20
32.674525835358715
 10
171.5676166098647
 20
36.186671115208924
 10
172.80791478458264
 20
36.8354
 10
181.375
 20
41.316351234949394
 10
181.375
 20
39.059296828832444
 10
198.46863970661684
 20
48.0
 10
198.625
 20
48.0
 10
198.625
 20
50.26774589095992
 10
215.125
 20
56.97515219620963
 10
215.125
 20
3.0
 10
199.375
 20
3.0
 10
199.375
 20
0.0
  0
LINE
  5
2B5
330
17
100
AcDbEntity
  8
A_WINDOWS
100
AcDbLine
 10
186.625
 20
20.5
 30
0.0
 11
192.625
 21
20.5
 31
0.0
  0
LINE
  5
2B6
330
17
100
AcDbEntity
  8
A_WINDOWS
100
AcDbLine
 10
186.625
 20
21.25
 30
0.0
 11
192.625
 21
21.25
 31
0.0
  0
LINE
  5
2B7
330
17
100
AcDbEntity
  8
A_WINDOWS
100
AcDbLine
 10
186.625
 20
20.875
 30
0.0
 11
192.625
 21
20.875
 31
0.0
  0
TEXT
  5
2B8
330
17
100
AcDbEntity
  8
A_WINDOWS
100
AcDbText
 10
189.625
 20
21.575
 30
0.0
 40
0.6
  1
SL-TERRACE
 72
1
 11
189.625
 21
21.575
 31
0.0
100
AcDbText
 73
2
  0
LINE
  5
2B9
330
17
100
AcDbEntity
  8
A_WINDOWS
100
AcDbLine
 10
169.0
 20
3.0
 30
0.0
 11
178.0
 21
3.0
 31
0.0
  0
LINE
  5
2BA
330
17
100
AcDbEntity
  8
A_WINDOWS
100
AcDbLine
 10
169.0
 20
3.75
 30
0.0
 11
178.0
 21
3.75
 31
0.0
  0
LINE
  5
2BB
330
17
100
AcDbEntity
  8
A_WINDOWS
100
AcDbLine
 10
169.0
 20
3.375
 30
0.0
 11
178.0
 21
3.375
 31
0.0
  0
TEXT
  5
2BC
330
17
100
AcDbEntity
  8
A_WINDOWS
100
AcDbText
 10
173.5
 20
4.075
 30
0.0
 40
0.6
  1
W-BED4
 72
1
 11
173.5
 21
4.075
 31
0.0
100
AcDbText
 73
2
  0
LINE
  5
2BD
330
17
100
AcDbEntity
  8
A_WINDOWS
100
AcDbLine
 10
202.0
 20
3.0
 30
0.0
 11
211.0
 21
3.0
 31
0.0
  0
LINE
  5
2BE
330
17
100
AcDbEntity
  8
A_WINDOWS
100
AcDbLine
 10
202.0
 20
3.75
 30
0.0
 11
211.0
 21
3.75
 31
0.0
  0
LINE
  5
2BF
330
17
100
AcDbEntity
  8
A_WINDOWS
100
AcDbLine
 10
202.0
 20
3.375
 30
0.0
 11
211.0
 21
3.375
 31
0.0
  0
TEXT
  5
2C0
330
17
100
AcDbEntity
  8
A_WINDOWS
100
AcDbText
 10
206.5
 20
4.075
 30
0.0
 40
0.6
  1
W-BED3
 72
1
 11
206.5
 21
4.075
 31
0.0
100
AcDbText
 73
2
  0
LINE
  5
2C1
330
17
100
AcDbEntity
  8
A_WINDOWS
100
AcDbLine
 10
214.0
 20
8.0
 30
0.0
 11
214.0
 21
14.0
 31
0.0
  0
LINE
  5
2C2
330
17
100
AcDbEntity
  8
A_WINDOWS
100
AcDbLine
 10
214.75
 20
8.0
 30
0.0
 11
214.75
 21
14.0
 31
0.0
  0
LINE
  5
2C3
330
17
100
AcDbEntity
  8
A_WINDOWS
100
AcDbLine
 10
214.375
 20
8.0
 30
0.0
 11
214.375
 21
14.0
 31
0.0
  0
TEXT
  5
2C4
330
17
100
AcDbEntity
  8
A_WINDOWS
100
AcDbText
 10
215.075
 20
11.0
 30
0.0
 40
0.6
  1
W-BED3-E
 72
1
 11
215.075
 21
11.0
 31
0.0
100
AcDbText
 73
2
  0
LINE
  5
2C5
330
17
100
AcDbEntity
  8
A_WINDOWS
100
AcDbLine
 10
214.125
 20
22.0
 30
0.0
 11
214.125
 21
26.0
 31
0.0
  0
LINE
  5
2C6
330
17
100
AcDbEntity
  8
A_WINDOWS
100
AcDbLine
 10
214.625
 20
22.0
 30
0.0
 11
214.625
 21
26.0
 31
0.0
  0
TEXT
  5
2C7
330
17
100
AcDbEntity
  8
A_WINDOWS
100
AcDbText
 10
214.975
 20
24.0
 30
0.0
 40
0.5
  1
V
 72
1
 11
214.975
 21
24.0
 31
0.0
100
AcDbText
 73
2
  0
LINE
  5
2C8
330
17
100
AcDbEntity
  8
A_DOORS
100
AcDbLine
 10
172.0
 20
20.125
 30
0.0
 11
172.0
 21
23.625
 31
0.0
  0
ARC
  5
2C9
330
17
100
AcDbEntity
  8
A_DOORS
100
AcDbCircle
 10
172.0
 20
20.125
 30
0.0
 40
3.5
100
AcDbArc
 50
0.0
 51
90.0
  0
TEXT
  5
2CA
330
17
100
AcDbEntity
  8
A_DOORS
100
AcDbText
 10
172.5
 20
20.625
 30
0.0
 40
0.6
  1
D-BED4
 72
1
 11
172.5
 21
20.625
 31
0.0
100
AcDbText
 73
2
  0
LINE
  5
2CB
330
17
100
AcDbEntity
  8
A_DOORS
100
AcDbLine
 10
202.0
 20
20.125
 30
0.0
 11
202.0
 21
23.625
 31
0.0
  0
ARC
  5
2CC
330
17
100
AcDbEntity
  8
A_DOORS
100
AcDbCircle
 10
202.0
 20
20.125
 30
0.0
 40
3.5
100
AcDbArc
 50
0.0
 51
90.0
  0
TEXT
  5
2CD
330
17
100
AcDbEntity
  8
A_DOORS
100
AcDbText
 10
202.5
 20
20.625
 30
0.0
 40
0.6
  1
D-BED3
 72
1
 11
202.5
 21
20.625
 31
0.0
100
AcDbText
 73
2
  0
LINE
  5
2CE
330
17
100
AcDbEntity
  8
A_DOORS
100
AcDbLine
 10
159.5
 20
68.625
 30
0.0
 11
163.0
 21
68.625
 31
0.0
  0
ARC
  5
2CF
330
17
100
AcDbEntity
  8
A_DOORS
100
AcDbCircle
 10
159.5
 20
68.625
 30
0.0
 40
3.5
100
AcDbArc
 50
0.0
 51
90.0
  0
TEXT
  5
2D0
330
17
100
AcDbEntity
  8
A_DOORS
100
AcDbText
 10
160.0
 20
69.125
 30
0.0
 40
0.6
  1
D-BED5
 72
1
 11
160.0
 21
69.125
 31
0.0
100
AcDbText
 73
2
  0
LWPOLYLINE
  5
2D1
330
17
100
AcDbEntity
  8
A_STAIRS
100
AcDbPolyline
 90
4
 70
1
 10
192.625
 20
20.5
 10
198.625
 20
20.5
 10
198.625
 20
24.5
 10
192.625
 20
24.5
  0
TEXT
  5
2D2
330
17
100
AcDbEntity
  8
A_STAIRS
100
AcDbText
 10
195.625
 20
23.3
 30
0.0
 40
0.7
  1
MID-LANDING (+7'-0")
 72
1
 11
195.625
 21
23.3
 31
0.0
100
AcDbText
 73
2
  0
TEXT
  5
2D3
330
17
100
AcDbEntity
  8
A_STAIRS
100
AcDbText
 10
195.625
 20
22.0
 30
0.0
 40
0.55
  1
POWDER ROOM UNDER (+7' CLG)
 72
1
 11
195.625
 21
22.0
 31
0.0
100
AcDbText
 73
2
  0
LINE
  5
2D4
330
17
100
AcDbEntity
  8
A_STAIRS
100
AcDbLine
 10
195.5
 20
24.5
 30
0.0
 11
195.5
 21
33.0
 31
0.0
  0
LINE
  5
2D5
330
17
100
AcDbEntity
  8
A_STAIRS
100
AcDbLine
 10
195.75
 20
24.5
 30
0.0
 11
195.75
 21
33.0
 31
0.0
  0
LINE
  5
2D6
330
17
100
AcDbEntity
  8
A_STAIRS
100
AcDbLine
 10
192.625
 20
24.5
 30
0.0
 11
192.625
 21
33.0
 31
0.0
  0
LINE
  5
2D7
330
17
100
AcDbEntity
  8
A_STAIRS
100
AcDbLine
 10
198.625
 20
24.5
 30
0.0
 11
198.625
 21
29.0
 31
0.0
  0
LINE
  5
2D8
330
17
100
AcDbEntity
  8
A_STAIRS
100
AcDbLine
 10
195.75
 20
29.0
 30
0.0
 11
198.625
 21
29.0
 31
0.0
  0
LINE
  5
2D9
330
17
100
AcDbEntity
  8
A_STAIRS
  6
Continuous
100
AcDbLine
 10
192.625
 20
33.0
 30
0.0
 11
195.5
 21
33.0
 31
0.0
  0
TEXT
  5
2DA
330
17
100
AcDbEntity
  8
A_STAIRS
100
AcDbText
 10
194.0625
 20
32.575
 30
0.0
 40
0.5
  1
1
 72
1
 11
194.0625
 21
32.575
 31
0.0
100
AcDbText
 73
2
  0
LINE
  5
2DB
330
17
100
AcDbEntity
  8
A_STAIRS
  6
Continuous
100
AcDbLine
 10
192.625
 20
32.15
 30
0.0
 11
195.5
 21
32.15
 31
0.0
  0
TEXT
  5
2DC
330
17
100
AcDbEntity
  8
A_STAIRS
100
AcDbText
 10
194.0625
 20
31.724999999999998
 30
0.0
 40
0.5
  1
2
 72
1
 11
194.0625
 21
31.724999999999998
 31
0.0
100
AcDbText
 73
2
  0
LINE
  5
2DD
330
17
100
AcDbEntity
  8
A_STAIRS
  6
Continuous
100
AcDbLine
 10
192.625
 20
31.3
 30
0.0
 11
195.5
 21
31.3
 31
0.0
  0
TEXT
  5
2DE
330
17
100
AcDbEntity
  8
A_STAIRS
100
AcDbText
 10
194.0625
 20
30.875
 30
0.0
 40
0.5
  1
3
 72
1
 11
194.0625
 21
30.875
 31
0.0
100
AcDbText
 73
2
  0
LINE
  5
2DF
330
17
100
AcDbEntity
  8
A_STAIRS
  6
Continuous
100
AcDbLine
 10
192.625
 20
30.45
 30
0.0
 11
195.5
 21
30.45
 31
0.0
  0
TEXT
  5
2E0
330
17
100
AcDbEntity
  8
A_STAIRS
100
AcDbText
 10
194.0625
 20
30.025
 30
0.0
 40
0.5
  1
4
 72
1
 11
194.0625
 21
30.025
 31
0.0
100
AcDbText
 73
2
  0
LINE
  5
2E1
330
17
100
AcDbEntity
  8
A_STAIRS
  6
Continuous
100
AcDbLine
 10
192.625
 20
29.6
 30
0.0
 11
195.5
 21
29.6
 31
0.0
  0
TEXT
  5
2E2
330
17
100
AcDbEntity
  8
A_STAIRS
100
AcDbText
 10
194.0625
 20
29.175
 30
0.0
 40
0.5
  1
5
 72
1
 11
194.0625
 21
29.175
 31
0.0
100
AcDbText
 73
2
  0
LINE
  5
2E3
330
17
100
AcDbEntity
  8
A_STAIRS
  6
DASHED
100
AcDbLine
 10
192.625
 20
28.75
 30
0.0
 11
195.5
 21
28.75
 31
0.0
  0
LINE
  5
2E4
330
17
100
AcDbEntity
  8
A_STAIRS
  6
DASHED
100
AcDbLine
 10
192.625
 20
27.9
 30
0.0
 11
195.5
 21
27.9
 31
0.0
  0
LINE
  5
2E5
330
17
100
AcDbEntity
  8
A_STAIRS
  6
DASHED
100
AcDbLine
 10
192.625
 20
27.05
 30
0.0
 11
195.5
 21
27.05
 31
0.0
  0
LINE
  5
2E6
330
17
100
AcDbEntity
  8
A_STAIRS
  6
DASHED
100
AcDbLine
 10
192.625
 20
26.2
 30
0.0
 11
195.5
 21
26.2
 31
0.0
  0
LINE
  5
2E7
330
17
100
AcDbEntity
  8
A_STAIRS
  6
DASHED
100
AcDbLine
 10
192.625
 20
25.35
 30
0.0
 11
195.5
 21
25.35
 31
0.0
  0
LINE
  5
2E8
330
17
100
AcDbEntity
  8
A_STAIRS
100
AcDbLine
 10
194.0625
 20
32.5
 30
0.0
 11
194.0625
 21
29.5
 31
0.0
  0
TEXT
  5
2E9
330
17
100
AcDbEntity
  8
A_STAIRS
100
AcDbText
 10
193.2625
 20
31.0
 30
0.0
 40
0.6
  1
UP (TO +7')
 72
1
 11
193.2625
 21
31.0
 31
0.0
100
AcDbText
 73
2
  0
LINE
  5
2EA
330
17
100
AcDbEntity
  8
A_STAIRS
  6
DASHED
100
AcDbLine
 10
195.75
 20
25.4
 30
0.0
 11
198.625
 21
25.4
 31
0.0
  0
LINE
  5
2EB
330
17
100
AcDbEntity
  8
A_STAIRS
  6
DASHED
100
AcDbLine
 10
195.75
 20
26.3
 30
0.0
 11
198.625
 21
26.3
 31
0.0
  0
LINE
  5
2EC
330
17
100
AcDbEntity
  8
A_STAIRS
  6
DASHED
100
AcDbLine
 10
195.75
 20
27.2
 30
0.0
 11
198.625
 21
27.2
 31
0.0
  0
LINE
  5
2ED
330
17
100
AcDbEntity
  8
A_STAIRS
  6
DASHED
100
AcDbLine
 10
195.75
 20
28.1
 30
0.0
 11
198.625
 21
28.1
 31
0.0
  0
LINE
  5
2EE
330
17
100
AcDbEntity
  8
A_STAIRS
  6
DASHED
100
AcDbLine
 10
195.75
 20
29.0
 30
0.0
 11
198.625
 21
29.0
 31
0.0
  0
LINE
  5
2EF
330
17
100
AcDbEntity
  8
A_STAIRS
  6
DASHED
100
AcDbLine
 10
197.1875
 20
25.0
 30
0.0
 11
197.1875
 21
28.0
 31
0.0
  0
TEXT
  5
2F0
330
17
100
AcDbEntity
  8
A_STAIRS
100
AcDbText
 10
197.9875
 20
26.5
 30
0.0
 40
0.6
  1
UP TO 1F
 72
1
 11
197.9875
 21
26.5
 31
0.0
100
AcDbText
 73
2
  0
TEXT
  5
2F1
330
17
100
AcDbEntity
  8
A_ROOM_LABELS
100
AcDbText
 10
192.6
 20
10.6
 30
0.0
 40
0.9
  1
FRONT SUN TERRACE
 72
1
 11
192.6
 21
10.6
 31
0.0
100
AcDbText
 73
2
  0
TEXT
  5
2F2
330
17
100
AcDbEntity
  8
A_ROOM_LABELS
100
AcDbText
 10
192.6
 20
9.5
 30
0.0
 40
0.75
  1
11'-3" x 20'-6"
 72
1
 11
192.6
 21
9.5
 31
0.0
100
AcDbText
 73
2
  0
TEXT
  5
2F3
330
17
100
AcDbEntity
  8
A_ROOM_LABELS
100
AcDbText
 10
192.6
 20
8.6
 30
0.0
 40
0.65
  1
(230 sq.ft)
 72
1
 11
192.6
 21
8.6
 31
0.0
100
AcDbText
 73
2
  0
TEXT
  5
2F4
330
17
100
AcDbEntity
  8
A_ROOM_LABELS
100
AcDbText
 10
173.75
 20
12.35
 30
0.0
 40
0.9
  1
BED ROOM-4
 72
1
 11
173.75
 21
12.35
 31
0.0
100
AcDbText
 73
2
  0
TEXT
  5
2F5
330
17
100
AcDbEntity
  8
A_ROOM_LABELS
100
AcDbText
 10
173.75
 20
11.25
 30
0.0
 40
0.75
  1
14'-6" x 16'-0"
 72
1
 11
173.75
 21
11.25
 31
0.0
100
AcDbText
 73
2
  0
TEXT
  5
2F6
330
17
100
AcDbEntity
  8
A_ROOM_LABELS
100
AcDbText
 10
173.75
 20
10.35
 30
0.0
 40
0.65
  1
(232 sq.ft)
 72
1
 11
173.75
 21
10.35
 31
0.0
100
AcDbText
 73
2
  0
TEXT
  5
2F7
330
17
100
AcDbEntity
  8
A_ROOM_LABELS
100
AcDbText
 10
184.0
 20
12.35
 30
0.0
 40
0.9
  1
BATH & DRESS
 72
1
 11
184.0
 21
12.35
 31
0.0
100
AcDbText
 73
2
  0
TEXT
  5
2F8
330
17
100
AcDbEntity
  8
A_ROOM_LABELS
100
AcDbText
 10
184.0
 20
11.25
 30
0.0
 40
0.75
  1
4'-6" x 16'-0"
 72
1
 11
184.0
 21
11.25
 31
0.0
100
AcDbText
 73
2
  0
TEXT
  5
2F9
330
17
100
AcDbEntity
  8
A_ROOM_LABELS
100
AcDbText
 10
184.0
 20
10.35
 30
0.0
 40
0.65
  1
(72 sq.ft)
 72
1
 11
184.0
 21
10.35
 31
0.0
100
AcDbText
 73
2
  0
TEXT
  5
2FA
330
17
100
AcDbEntity
  8
A_ROOM_LABELS
100
AcDbText
 10
207.0
 20
12.35
 30
0.0
 40
0.9
  1
BED ROOM-3
 72
1
 11
207.0
 21
12.35
 31
0.0
100
AcDbText
 73
2
  0
TEXT
  5
2FB
330
17
100
AcDbEntity
  8
A_ROOM_LABELS
100
AcDbText
 10
207.0
 20
11.25
 30
0.0
 40
0.75
  1
15'-0" x 16'-0"
 72
1
 11
207.0
 21
11.25
 31
0.0
100
AcDbText
 73
2
  0
TEXT
  5
2FC
330
17
100
AcDbEntity
  8
A_ROOM_LABELS
100
AcDbText
 10
207.0
 20
10.35
 30
0.0
 40
0.65
  1
(240 sq.ft)
 72
1
 11
207.0
 21
10.35
 31
0.0
100
AcDbText
 73
2
  0
TEXT
  5
2FD
330
17
100
AcDbEntity
  8
A_ROOM_LABELS
100
AcDbText
 10
207.0
 20
24.6
 30
0.0
 40
0.9
  1
BATH & DRESS
 72
1
 11
207.0
 21
24.6
 31
0.0
100
AcDbText
 73
2
  0
TEXT
  5
2FE
330
17
100
AcDbEntity
  8
A_ROOM_LABELS
100
AcDbText
 10
207.0
 20
23.5
 30
0.0
 40
0.75
  1
15'-0" x 7'-3"
 72
1
 11
207.0
 21
23.5
 31
0.0
100
AcDbText
 73
2
  0
TEXT
  5
2FF
330
17
100
AcDbEntity
  8
A_ROOM_LABELS
100
AcDbText
 10
207.0
 20
22.6
 30
0.0
 40
0.65
  1
(108 sq.ft)
 72
1
 11
207.0
 21
22.6
 31
0.0
100
AcDbText
 73
2
  0
TEXT
  5
300
330
17
100
AcDbEntity
  8
A_ROOM_LABELS
100
AcDbText
 10
207.0
 20
35.6
 30
0.0
 40
0.9
  1
BED ROOM-5
 72
1
 11
207.0
 21
35.6
 31
0.0
100
AcDbText
 73
2
  0
TEXT
  5
301
330
17
100
AcDbEntity
  8
A_ROOM_LABELS
100
AcDbText
 10
207.0
 20
34.5
 30
0.0
 40
0.75
  1
15'-0" x 13'-6"
 72
1
 11
207.0
 21
34.5
 31
0.0
100
AcDbText
 73
2
  0
TEXT
  5
302
330
17
100
AcDbEntity
  8
A_ROOM_LABELS
100
AcDbText
 10
207.0
 20
33.6
 30
0.0
 40
0.65
  1
(202 sq.ft)
 72
1
 11
207.0
 21
33.6
 31
0.0
100
AcDbText
 73
2
  0
TEXT
  5
303
330
17
100
AcDbEntity
  8
A_ROOM_LABELS
100
AcDbText
 10
207.0
 20
49.6
 30
0.0
 40
0.9
  1
MASTER BATH & DRESS
 72
1
 11
207.0
 21
49.6
 31
0.0
100
AcDbText
 73
2
  0
TEXT
  5
304
330
17
100
AcDbEntity
  8
A_ROOM_LABELS
100
AcDbText
 10
207.0
 20
48.5
 30
0.0
 40
0.75
  1
15'-0" x 11'-9"
 72
1
 11
207.0
 21
48.5
 31
0.0
100
AcDbText
 73
2
  0
TEXT
  5
305
330
17
100
AcDbEntity
  8
A_ROOM_LABELS
100
AcDbText
 10
207.0
 20
47.6
 30
0.0
 40
0.65
  1
(130 sq.ft)
 72
1
 11
207.0
 21
47.6
 31
0.0
100
AcDbText
 73
2
  0
TEXT
  5
306
330
17
100
AcDbEntity
  8
A_ROOM_LABELS
100
AcDbText
 10
186.0
 20
34.6
 30
0.0
 40
0.9
  1
FAMILY LOUNGE
 72
1
 11
186.0
 21
34.6
 31
0.0
100
AcDbText
 73
2
  0
TEXT
  5
307
330
17
100
AcDbEntity
  8
A_ROOM_LABELS
100
AcDbText
 10
186.0
 20
33.5
 30
0.0
 40
0.75
  1
16'-6" x 23'-6"
 72
1
 11
186.0
 21
33.5
 31
0.0
100
AcDbText
 73
2
  0
TEXT
  5
308
330
17
100
AcDbEntity
  8
A_ROOM_LABELS
100
AcDbText
 10
186.0
 20
32.6
 30
0.0
 40
0.65
  1
(292 sq.ft)
 72
1
 11
186.0
 21
32.6
 31
0.0
100
AcDbText
 73
2
  0
TEXT
  5
309
330
17
100
AcDbEntity
  8
A_ROOM_LABELS
100
AcDbText
 10
174.0
 20
29.1
 30
0.0
 40
0.9
  1
UTILITY TERRACE
 72
1
 11
174.0
 21
29.1
 31
0.0
100
AcDbText
 73
2
  0
TEXT
  5
30A
330
17
100
AcDbEntity
  8
A_ROOM_LABELS
100
AcDbText
 10
174.0
 20
28.0
 30
0.0
 40
0.75
  1
15'-3" x 16'-4"
 72
1
 11
174.0
 21
28.0
 31
0.0
100
AcDbText
 73
2
  0
TEXT
  5
30B
330
17
100
AcDbEntity
  8
A_ROOM_LABELS
100
AcDbText
 10
174.0
 20
27.1
 30
0.0
 40
0.65
  1
(235 sq.ft)
 72
1
 11
174.0
 21
27.1
 31
0.0
100
AcDbText
 73
2
  0
LINE
  5
30C
330
17
100
AcDbEntity
  8
A_DIMENSIONS
100
AcDbLine
 10
130.0
 20
-6.0
 30
0.0
 11
217.917
 21
-6.0
 31
0.0
  0
LINE
  5
30D
330
17
100
AcDbEntity
  8
A_DIMENSIONS
100
AcDbLine
 10
130.0
 20
-6.8
 30
0.0
 11
130.0
 21
0.0
 31
0.0
  0
LINE
  5
30E
330
17
100
AcDbEntity
  8
A_DIMENSIONS
100
AcDbLine
 10
217.917
 20
-6.8
 30
0.0
 11
217.917
 21
0.0
 31
0.0
  0
TEXT
  5
30F
330
17
100
AcDbEntity
  8
A_DIMENSIONS
100
AcDbText
 10
173.95850000000002
 20
-7.5
 30
0.0
 40
1.0
  1
OVERALL PLOT FRONTAGE = 87'-11"
 72
1
 11
173.95850000000002
 21
-7.5
 31
0.0
100
AcDbText
 73
2
  0
LINE
  5
310
330
17
100
AcDbEntity
  8
A_DIMENSIONS
100
AcDbLine
 10
148.0
 20
-3.0
 30
0.0
 11
166.5
 21
-3.0
 31
0.0
  0
LINE
  5
311
330
17
100
AcDbEntity
  8
A_DIMENSIONS
100
AcDbLine
 10
148.0
 20
-3.5
 30
0.0
 11
148.0
 21
-2.5
 31
0.0
  0
LINE
  5
312
330
17
100
AcDbEntity
  8
A_DIMENSIONS
100
AcDbLine
 10
166.5
 20
-3.5
 30
0.0
 11
166.5
 21
-2.5
 31
0.0
  0
TEXT
  5
313
330
17
100
AcDbEntity
  8
A_DIMENSIONS
100
AcDbText
 10
157.25
 20
-2.2
 30
0.0
 40
0.7
  1
18'-6"
 72
1
 11
157.25
 21
-2.2
 31
0.0
100
AcDbText
 73
2
  0
LINE
  5
314
330
17
100
AcDbEntity
  8
A_DIMENSIONS
100
AcDbLine
 10
166.5
 20
-3.0
 30
0.0
 11
181.75
 21
-3.0
 31
0.0
  0
LINE
  5
315
330
17
100
AcDbEntity
  8
A_DIMENSIONS
100
AcDbLine
 10
166.5
 20
-3.5
 30
0.0
 11
166.5
 21
-2.5
 31
0.0
  0
LINE
  5
316
330
17
100
AcDbEntity
  8
A_DIMENSIONS
100
AcDbLine
 10
181.75
 20
-3.5
 30
0.0
 11
181.75
 21
-2.5
 31
0.0
  0
TEXT
  5
317
330
17
100
AcDbEntity
  8
A_DIMENSIONS
100
AcDbText
 10
174.125
 20
-2.2
 30
0.0
 40
0.7
  1
15'-3"
 72
1
 11
174.125
 21
-2.2
 31
0.0
100
AcDbText
 73
2
  0
LINE
  5
318
330
17
100
AcDbEntity
  8
A_DIMENSIONS
100
AcDbLine
 10
181.75
 20
-3.0
 30
0.0
 11
199.0
 21
-3.0
 31
0.0
  0
LINE
  5
319
330
17
100
AcDbEntity
  8
A_DIMENSIONS
100
AcDbLine
 10
181.75
 20
-3.5
 30
0.0
 11
181.75
 21
-2.5
 31
0.0
  0
LINE
  5
31A
330
17
100
AcDbEntity
  8
A_DIMENSIONS
100
AcDbLine
 10
199.0
 20
-3.5
 30
0.0
 11
199.0
 21
-2.5
 31
0.0
  0
TEXT
  5
31B
330
17
100
AcDbEntity
  8
A_DIMENSIONS
100
AcDbText
 10
190.375
 20
-2.2
 30
0.0
 40
0.7
  1
17'-3"
 72
1
 11
190.375
 21
-2.2
 31
0.0
100
AcDbText
 73
2
  0
LINE
  5
31C
330
17
100
AcDbEntity
  8
A_DIMENSIONS
100
AcDbLine
 10
199.0
 20
-3.0
 30
0.0
 11
214.75
 21
-3.0
 31
0.0
  0
LINE
  5
31D
330
17
100
AcDbEntity
  8
A_DIMENSIONS
100
AcDbLine
 10
199.0
 20
-3.5
 30
0.0
 11
199.0
 21
-2.5
 31
0.0
  0
LINE
  5
31E
330
17
100
AcDbEntity
  8
A_DIMENSIONS
100
AcDbLine
 10
214.75
 20
-3.5
 30
0.0
 11
214.75
 21
-2.5
 31
0.0
  0
TEXT
  5
31F
330
17
100
AcDbEntity
  8
A_DIMENSIONS
100
AcDbText
 10
206.875
 20
-2.2
 30
0.0
 40
0.7
  1
15'-9"
 72
1
 11
206.875
 21
-2.2
 31
0.0
100
AcDbText
 73
2
  0
LWPOLYLINE
  5
320
330
17
100
AcDbEntity
  8
A_CANOPY
100
AcDbPolyline
 90
4
 70
1
 10
147.5
 20
0.0
 10
166.875
 20
0.0
 10
166.875
 20
18.0
 10
147.5
 20
18.0
  0
TEXT
  5
321
330
17
100
AcDbEntity
  8
A_CANOPY
100
AcDbText
 10
157.0
 20
9.0
 30
0.0
 40
1.0
  1
OPEN TERRACE OVER PORCH
 72
1
 11
157.0
 21
9.0
 31
0.0
100
AcDbText
 73
2
  0
LWPOLYLINE
  5
322
330
17
100
AcDbEntity
  8
A_CANOPY
100
AcDbPolyline
 90
4
 70
1
 10
198.625
 20
45.75
 10
215.125
 20
45.75
 10
215.125
 20
52.0
 10
198.625
 20
52.0
  0
TEXT
  5
323
330
17
100
AcDbEntity
  8
A_CANOPY
100
AcDbText
 10
206.875
 20
48.875
 30
0.0
 40
1.0
  1
UTILITY TERRACE
 72
1
 11
206.875
 21
48.875
 31
0.0
100
AcDbText
 73
2
  0
TEXT
  5
324
330
17
100
AcDbEntity
  8
G_TITLEBLOCK
100
AcDbText
 10
174.0
 20
-9.0
 30
0.0
 40
2.0
  1
FIRST FLOOR ARCHITECTURAL PLAN
 72
1
 11
174.0
 21
-9.0
 31
0.0
100
AcDbText
 73
2
  0
TEXT
  5
325
330
17
100
AcDbEntity
  8
G_TITLEBLOCK
100
AcDbText
 10
174.0
 20
-11.0
 30
0.0
 40
1.2
  1
DAATA HAMLET RESIDENCE | CANOPY ARCHITECTURE
 72
1
 11
174.0
 21
-11.0
 31
0.0
100
AcDbText
 73
2
  0
LWPOLYLINE
  5
326
330
17
100
AcDbEntity
  8
0_BOUNDARY
100
AcDbPolyline
 90
8
 70
1
 10
260.0
 20
0.0
 10
270.4884
 20
10.0122
 10
284.5949
 20
26.1267
 10
301.1897
 20
36.8354
 10
327.6992
 20
50.701
 10
344.8373
 20
57.6678
 10
348.8145
 20
62.1602
 10
347.9167
 20
0.0
  0
CIRCLE
  5
327
330
17
100
AcDbEntity
  8
0_BOUNDARY
100
AcDbCircle
 10
260.0
 20
0.0
 30
0.0
 40
0.5
  0
TEXT
  5
328
330
17
100
AcDbEntity
  8
0_BOUNDARY
100
AcDbText
 10
260.8
 20
0.8
 30
0.0
 40
0.8
  1
P1
 11
260.8
 21
0.8
 31
0.0
100
AcDbText
 73
1
  0
CIRCLE
  5
329
330
17
100
AcDbEntity
  8
0_BOUNDARY
100
AcDbCircle
 10
270.4884
 20
10.0122
 30
0.0
 40
0.5
  0
TEXT
  5
32A
330
17
100
AcDbEntity
  8
0_BOUNDARY
100
AcDbText
 10
271.2884
 20
10.8122
 30
0.0
 40
0.8
  1
P2
 11
271.2884
 21
10.8122
 31
0.0
100
AcDbText
 73
1
  0
CIRCLE
  5
32B
330
17
100
AcDbEntity
  8
0_BOUNDARY
100
AcDbCircle
 10
284.5949
 20
26.1267
 30
0.0
 40
0.5
  0
TEXT
  5
32C
330
17
100
AcDbEntity
  8
0_BOUNDARY
100
AcDbText
 10
285.3949
 20
26.9267
 30
0.0
 40
0.8
  1
P3
 11
285.3949
 21
26.9267
 31
0.0
100
AcDbText
 73
1
  0
CIRCLE
  5
32D
330
17
100
AcDbEntity
  8
0_BOUNDARY
100
AcDbCircle
 10
301.1897
 20
36.8354
 30
0.0
 40
0.5
  0
TEXT
  5
32E
330
17
100
AcDbEntity
  8
0_BOUNDARY
100
AcDbText
 10
301.9897
 20
37.6354
 30
0.0
 40
0.8
  1
P4
 11
301.9897
 21
37.6354
 31
0.0
100
AcDbText
 73
1
  0
CIRCLE
  5
32F
330
17
100
AcDbEntity
  8
0_BOUNDARY
100
AcDbCircle
 10
327.6992
 20
50.701
 30
0.0
 40
0.5
  0
TEXT
  5
330
330
17
100
AcDbEntity
  8
0_BOUNDARY
100
AcDbText
 10
328.49920000000003
 20
51.501
 30
0.0
 40
0.8
  1
P5
 11
328.49920000000003
 21
51.501
 31
0.0
100
AcDbText
 73
1
  0
CIRCLE
  5
331
330
17
100
AcDbEntity
  8
0_BOUNDARY
100
AcDbCircle
 10
344.8373
 20
57.6678
 30
0.0
 40
0.5
  0
TEXT
  5
332
330
17
100
AcDbEntity
  8
0_BOUNDARY
100
AcDbText
 10
345.63730000000004
 20
58.4678
 30
0.0
 40
0.8
  1
P6
 11
345.63730000000004
 21
58.4678
 31
0.0
100
AcDbText
 73
1
  0
CIRCLE
  5
333
330
17
100
AcDbEntity
  8
0_BOUNDARY
100
AcDbCircle
 10
348.8145
 20
62.1602
 30
0.0
 40
0.5
  0
TEXT
  5
334
330
17
100
AcDbEntity
  8
0_BOUNDARY
100
AcDbText
 10
349.6145
 20
62.9602
 30
0.0
 40
0.8
  1
P7
 11
349.6145
 21
62.9602
 31
0.0
100
AcDbText
 73
1
  0
CIRCLE
  5
335
330
17
100
AcDbEntity
  8
0_BOUNDARY
100
AcDbCircle
 10
347.9167
 20
0.0
 30
0.0
 40
0.5
  0
TEXT
  5
336
330
17
100
AcDbEntity
  8
0_BOUNDARY
100
AcDbText
 10
348.7167
 20
0.8
 30
0.0
 40
0.8
  1
P0
 11
348.7167
 21
0.8
 31
0.0
100
AcDbText
 73
1
  0
TEXT
  5
337
330
17
100
AcDbEntity
  8
0_BOUNDARY
100
AcDbText
 10
265.2442
 20
5.0061
 30
0.0
 40
0.7
  1
P1-P2: 14'-6"
 72
1
 11
265.2442
 21
5.0061
 31
0.0
100
AcDbText
 73
2
  0
TEXT
  5
338
330
17
100
AcDbEntity
  8
0_BOUNDARY
100
AcDbText
 10
277.54165
 20
18.06945
 30
0.0
 40
0.7
  1
P2-P3: 21'-5"
 72
1
 11
277.54165
 21
18.06945
 31
0.0
100
AcDbText
 73
2
  0
TEXT
  5
339
330
17
100
AcDbEntity
  8
0_BOUNDARY
100
AcDbText
 10
292.8923
 20
31.48105
 30
0.0
 40
0.7
  1
P3-P4: 19'-9"
 72
1
 11
292.8923
 21
31.48105
 31
0.0
100
AcDbText
 73
2
  0
TEXT
  5
33A
330
17
100
AcDbEntity
  8
0_BOUNDARY
100
AcDbText
 10
314.44445
 20
43.7682
 30
0.0
 40
0.7
  1
P4-P5: 29'-11"
 72
1
 11
314.44445
 21
43.7682
 31
0.0
100
AcDbText
 73
2
  0
TEXT
  5
33B
330
17
100
AcDbEntity
  8
0_BOUNDARY
100
AcDbText
 10
336.26824999999997
 20
54.1844
 30
0.0
 40
0.7
  1
P5-P6: 18'-6"
 72
1
 11
336.26824999999997
 21
54.1844
 31
0.0
100
AcDbText
 73
2
  0
TEXT
  5
33C
330
17
100
AcDbEntity
  8
0_BOUNDARY
100
AcDbText
 10
346.8259
 20
59.914
 30
0.0
 40
0.7
  1
P6-P7: 6'-0"
 72
1
 11
346.8259
 21
59.914
 31
0.0
100
AcDbText
 73
2
  0
TEXT
  5
33D
330
17
100
AcDbEntity
  8
0_BOUNDARY
100
AcDbText
 10
348.3656
 20
31.0801
 30
0.0
 40
0.7
  1
P7-P0: 62'-2"
 72
1
 11
348.3656
 21
31.0801
 31
0.0
100
AcDbText
 73
2
  0
TEXT
  5
33E
330
17
100
AcDbEntity
  8
0_BOUNDARY
100
AcDbText
 10
303.95835
 20
0.0
 30
0.0
 40
0.7
  1
P0-P1: 87'-11"
 72
1
 11
303.95835
 21
0.0
 31
0.0
100
AcDbText
 73
2
  0
LINE
  5
33F
330
17
100
AcDbEntity
  8
S_GRID_LINES
100
AcDbLine
 10
278.0
 20
-4.0
 30
0.0
 11
278.0
 21
65.0
 31
0.0
  0
CIRCLE
  5
340
330
17
100
AcDbEntity
  8
S_GRID_BUBBLES
100
AcDbCircle
 10
278.0
 20
-5.7
 30
0.0
 40
1.2
  0
TEXT
  5
341
330
17
100
AcDbEntity
  8
S_GRID_BUBBLES
100
AcDbText
 10
278.0
 20
-5.7
 30
0.0
 40
1.0
  1
A
 72
1
 11
278.0
 21
-5.7
 31
0.0
100
AcDbText
 73
2
  0
CIRCLE
  5
342
330
17
100
AcDbEntity
  8
S_GRID_BUBBLES
100
AcDbCircle
 10
278.0
 20
66.7
 30
0.0
 40
1.2
  0
TEXT
  5
343
330
17
100
AcDbEntity
  8
S_GRID_BUBBLES
100
AcDbText
 10
278.0
 20
66.7
 30
0.0
 40
1.0
  1
A
 72
1
 11
278.0
 21
66.7
 31
0.0
100
AcDbText
 73
2
  0
LINE
  5
344
330
17
100
AcDbEntity
  8
S_GRID_LINES
100
AcDbLine
 10
296.5
 20
-4.0
 30
0.0
 11
296.5
 21
65.0
 31
0.0
  0
CIRCLE
  5
345
330
17
100
AcDbEntity
  8
S_GRID_BUBBLES
100
AcDbCircle
 10
296.5
 20
-5.7
 30
0.0
 40
1.2
  0
TEXT
  5
346
330
17
100
AcDbEntity
  8
S_GRID_BUBBLES
100
AcDbText
 10
296.5
 20
-5.7
 30
0.0
 40
1.0
  1
B
 72
1
 11
296.5
 21
-5.7
 31
0.0
100
AcDbText
 73
2
  0
CIRCLE
  5
347
330
17
100
AcDbEntity
  8
S_GRID_BUBBLES
100
AcDbCircle
 10
296.5
 20
66.7
 30
0.0
 40
1.2
  0
TEXT
  5
348
330
17
100
AcDbEntity
  8
S_GRID_BUBBLES
100
AcDbText
 10
296.5
 20
66.7
 30
0.0
 40
1.0
  1
B
 72
1
 11
296.5
 21
66.7
 31
0.0
100
AcDbText
 73
2
  0
LINE
  5
349
330
17
100
AcDbEntity
  8
S_GRID_LINES
100
AcDbLine
 10
311.75
 20
-4.0
 30
0.0
 11
311.75
 21
65.0
 31
0.0
  0
CIRCLE
  5
34A
330
17
100
AcDbEntity
  8
S_GRID_BUBBLES
100
AcDbCircle
 10
311.75
 20
-5.7
 30
0.0
 40
1.2
  0
TEXT
  5
34B
330
17
100
AcDbEntity
  8
S_GRID_BUBBLES
100
AcDbText
 10
311.75
 20
-5.7
 30
0.0
 40
1.0
  1
C
 72
1
 11
311.75
 21
-5.7
 31
0.0
100
AcDbText
 73
2
  0
CIRCLE
  5
34C
330
17
100
AcDbEntity
  8
S_GRID_BUBBLES
100
AcDbCircle
 10
311.75
 20
66.7
 30
0.0
 40
1.2
  0
TEXT
  5
34D
330
17
100
AcDbEntity
  8
S_GRID_BUBBLES
100
AcDbText
 10
311.75
 20
66.7
 30
0.0
 40
1.0
  1
C
 72
1
 11
311.75
 21
66.7
 31
0.0
100
AcDbText
 73
2
  0
LINE
  5
34E
330
17
100
AcDbEntity
  8
S_GRID_LINES
100
AcDbLine
 10
317.0
 20
-4.0
 30
0.0
 11
317.0
 21
65.0
 31
0.0
  0
CIRCLE
  5
34F
330
17
100
AcDbEntity
  8
S_GRID_BUBBLES
100
AcDbCircle
 10
317.0
 20
-5.7
 30
0.0
 40
1.2
  0
TEXT
  5
350
330
17
100
AcDbEntity
  8
S_GRID_BUBBLES
100
AcDbText
 10
317.0
 20
-5.7
 30
0.0
 40
1.0
  1
C'
 72
1
 11
317.0
 21
-5.7
 31
0.0
100
AcDbText
 73
2
  0
CIRCLE
  5
351
330
17
100
AcDbEntity
  8
S_GRID_BUBBLES
100
AcDbCircle
 10
317.0
 20
66.7
 30
0.0
 40
1.2
  0
TEXT
  5
352
330
17
100
AcDbEntity
  8
S_GRID_BUBBLES
100
AcDbText
 10
317.0
 20
66.7
 30
0.0
 40
1.0
  1
C'
 72
1
 11
317.0
 21
66.7
 31
0.0
100
AcDbText
 73
2
  0
LINE
  5
353
330
17
100
AcDbEntity
  8
S_GRID_LINES
100
AcDbLine
 10
329.0
 20
-4.0
 30
0.0
 11
329.0
 21
65.0
 31
0.0
  0
CIRCLE
  5
354
330
17
100
AcDbEntity
  8
S_GRID_BUBBLES
100
AcDbCircle
 10
329.0
 20
-5.7
 30
0.0
 40
1.2
  0
TEXT
  5
355
330
17
100
AcDbEntity
  8
S_GRID_BUBBLES
100
AcDbText
 10
329.0
 20
-5.7
 30
0.0
 40
1.0
  1
D
 72
1
 11
329.0
 21
-5.7
 31
0.0
100
AcDbText
 73
2
  0
CIRCLE
  5
356
330
17
100
AcDbEntity
  8
S_GRID_BUBBLES
100
AcDbCircle
 10
329.0
 20
66.7
 30
0.0
 40
1.2
  0
TEXT
  5
357
330
17
100
AcDbEntity
  8
S_GRID_BUBBLES
100
AcDbText
 10
329.0
 20
66.7
 30
0.0
 40
1.0
  1
D
 72
1
 11
329.0
 21
66.7
 31
0.0
100
AcDbText
 73
2
  0
LINE
  5
358
330
17
100
AcDbEntity
  8
S_GRID_LINES
100
AcDbLine
 10
344.75
 20
-4.0
 30
0.0
 11
344.75
 21
65.0
 31
0.0
  0
CIRCLE
  5
359
330
17
100
AcDbEntity
  8
S_GRID_BUBBLES
100
AcDbCircle
 10
344.75
 20
-5.7
 30
0.0
 40
1.2
  0
TEXT
  5
35A
330
17
100
AcDbEntity
  8
S_GRID_BUBBLES
100
AcDbText
 10
344.75
 20
-5.7
 30
0.0
 40
1.0
  1
E
 72
1
 11
344.75
 21
-5.7
 31
0.0
100
AcDbText
 73
2
  0
CIRCLE
  5
35B
330
17
100
AcDbEntity
  8
S_GRID_BUBBLES
100
AcDbCircle
 10
344.75
 20
66.7
 30
0.0
 40
1.2
  0
TEXT
  5
35C
330
17
100
AcDbEntity
  8
S_GRID_BUBBLES
100
AcDbText
 10
344.75
 20
66.7
 30
0.0
 40
1.0
  1
E
 72
1
 11
344.75
 21
66.7
 31
0.0
100
AcDbText
 73
2
  0
LINE
  5
35D
330
17
100
AcDbEntity
  8
S_GRID_LINES
100
AcDbLine
 10
255.0
 20
3.375
 30
0.0
 11
353.0
 21
3.375
 31
0.0
  0
CIRCLE
  5
35E
330
17
100
AcDbEntity
  8
S_GRID_BUBBLES
100
AcDbCircle
 10
253.3
 20
3.375
 30
0.0
 40
1.2
  0
TEXT
  5
35F
330
17
100
AcDbEntity
  8
S_GRID_BUBBLES
100
AcDbText
 10
253.3
 20
3.375
 30
0.0
 40
1.0
  1
1
 72
1
 11
253.3
 21
3.375
 31
0.0
100
AcDbText
 73
2
  0
CIRCLE
  5
360
330
17
100
AcDbEntity
  8
S_GRID_BUBBLES
100
AcDbCircle
 10
354.7
 20
3.375
 30
0.0
 40
1.2
  0
TEXT
  5
361
330
17
100
AcDbEntity
  8
S_GRID_BUBBLES
100
AcDbText
 10
354.7
 20
3.375
 30
0.0
 40
1.0
  1
1
 72
1
 11
354.7
 21
3.375
 31
0.0
100
AcDbText
 73
2
  0
LINE
  5
362
330
17
100
AcDbEntity
  8
S_GRID_LINES
100
AcDbLine
 10
255.0
 20
20.125
 30
0.0
 11
353.0
 21
20.125
 31
0.0
  0
CIRCLE
  5
363
330
17
100
AcDbEntity
  8
S_GRID_BUBBLES
100
AcDbCircle
 10
253.3
 20
20.125
 30
0.0
 40
1.2
  0
TEXT
  5
364
330
17
100
AcDbEntity
  8
S_GRID_BUBBLES
100
AcDbText
 10
253.3
 20
20.125
 30
0.0
 40
1.0
  1
2
 72
1
 11
253.3
 21
20.125
 31
0.0
100
AcDbText
 73
2
  0
CIRCLE
  5
365
330
17
100
AcDbEntity
  8
S_GRID_BUBBLES
100
AcDbCircle
 10
354.7
 20
20.125
 30
0.0
 40
1.2
  0
TEXT
  5
366
330
17
100
AcDbEntity
  8
S_GRID_BUBBLES
100
AcDbText
 10
354.7
 20
20.125
 30
0.0
 40
1.0
  1
2
 72
1
 11
354.7
 21
20.125
 31
0.0
100
AcDbText
 73
2
  0
LINE
  5
367
330
17
100
AcDbEntity
  8
S_GRID_LINES
100
AcDbLine
 10
255.0
 20
28.5
 30
0.0
 11
353.0
 21
28.5
 31
0.0
  0
CIRCLE
  5
368
330
17
100
AcDbEntity
  8
S_GRID_BUBBLES
100
AcDbCircle
 10
253.3
 20
28.5
 30
0.0
 40
1.2
  0
TEXT
  5
369
330
17
100
AcDbEntity
  8
S_GRID_BUBBLES
100
AcDbText
 10
253.3
 20
28.5
 30
0.0
 40
1.0
  1
3
 72
1
 11
253.3
 21
28.5
 31
0.0
100
AcDbText
 73
2
  0
CIRCLE
  5
36A
330
17
100
AcDbEntity
  8
S_GRID_BUBBLES
100
AcDbCircle
 10
354.7
 20
28.5
 30
0.0
 40
1.2
  0
TEXT
  5
36B
330
17
100
AcDbEntity
  8
S_GRID_BUBBLES
100
AcDbText
 10
354.7
 20
28.5
 30
0.0
 40
1.0
  1
3
 72
1
 11
354.7
 21
28.5
 31
0.0
100
AcDbText
 73
2
  0
LINE
  5
36C
330
17
100
AcDbEntity
  8
S_GRID_LINES
100
AcDbLine
 10
255.0
 20
36.5
 30
0.0
 11
353.0
 21
36.5
 31
0.0
  0
CIRCLE
  5
36D
330
17
100
AcDbEntity
  8
S_GRID_BUBBLES
100
AcDbCircle
 10
253.3
 20
36.5
 30
0.0
 40
1.2
  0
TEXT
  5
36E
330
17
100
AcDbEntity
  8
S_GRID_BUBBLES
100
AcDbText
 10
253.3
 20
36.5
 30
0.0
 40
1.0
  1
4
 72
1
 11
253.3
 21
36.5
 31
0.0
100
AcDbText
 73
2
  0
CIRCLE
  5
36F
330
17
100
AcDbEntity
  8
S_GRID_BUBBLES
100
AcDbCircle
 10
354.7
 20
36.5
 30
0.0
 40
1.2
  0
TEXT
  5
370
330
17
100
AcDbEntity
  8
S_GRID_BUBBLES
100
AcDbText
 10
354.7
 20
36.5
 30
0.0
 40
1.0
  1
4
 72
1
 11
354.7
 21
36.5
 31
0.0
100
AcDbText
 73
2
  0
LINE
  5
371
330
17
100
AcDbEntity
  8
S_GRID_LINES
100
AcDbLine
 10
255.0
 20
42.125
 30
0.0
 11
353.0
 21
42.125
 31
0.0
  0
CIRCLE
  5
372
330
17
100
AcDbEntity
  8
S_GRID_BUBBLES
100
AcDbCircle
 10
253.3
 20
42.125
 30
0.0
 40
1.2
  0
TEXT
  5
373
330
17
100
AcDbEntity
  8
S_GRID_BUBBLES
100
AcDbText
 10
253.3
 20
42.125
 30
0.0
 40
1.0
  1
5
 72
1
 11
253.3
 21
42.125
 31
0.0
100
AcDbText
 73
2
  0
CIRCLE
  5
374
330
17
100
AcDbEntity
  8
S_GRID_BUBBLES
100
AcDbCircle
 10
354.7
 20
42.125
 30
0.0
 40
1.2
  0
TEXT
  5
375
330
17
100
AcDbEntity
  8
S_GRID_BUBBLES
100
AcDbText
 10
354.7
 20
42.125
 30
0.0
 40
1.0
  1
5
 72
1
 11
354.7
 21
42.125
 31
0.0
100
AcDbText
 73
2
  0
LINE
  5
376
330
17
100
AcDbEntity
  8
S_GRID_LINES
100
AcDbLine
 10
255.0
 20
48.0
 30
0.0
 11
353.0
 21
48.0
 31
0.0
  0
CIRCLE
  5
377
330
17
100
AcDbEntity
  8
S_GRID_BUBBLES
100
AcDbCircle
 10
253.3
 20
48.0
 30
0.0
 40
1.2
  0
TEXT
  5
378
330
17
100
AcDbEntity
  8
S_GRID_BUBBLES
100
AcDbText
 10
253.3
 20
48.0
 30
0.0
 40
1.0
  1
6
 72
1
 11
253.3
 21
48.0
 31
0.0
100
AcDbText
 73
2
  0
CIRCLE
  5
379
330
17
100
AcDbEntity
  8
S_GRID_BUBBLES
100
AcDbCircle
 10
354.7
 20
48.0
 30
0.0
 40
1.2
  0
TEXT
  5
37A
330
17
100
AcDbEntity
  8
S_GRID_BUBBLES
100
AcDbText
 10
354.7
 20
48.0
 30
0.0
 40
1.0
  1
6
 72
1
 11
354.7
 21
48.0
 31
0.0
100
AcDbText
 73
2
  0
LINE
  5
37B
330
17
100
AcDbEntity
  8
S_GRID_LINES
100
AcDbLine
 10
255.0
 20
55.5
 30
0.0
 11
353.0
 21
55.5
 31
0.0
  0
CIRCLE
  5
37C
330
17
100
AcDbEntity
  8
S_GRID_BUBBLES
100
AcDbCircle
 10
253.3
 20
55.5
 30
0.0
 40
1.2
  0
TEXT
  5
37D
330
17
100
AcDbEntity
  8
S_GRID_BUBBLES
100
AcDbText
 10
253.3
 20
55.5
 30
0.0
 40
1.0
  1
7
 72
1
 11
253.3
 21
55.5
 31
0.0
100
AcDbText
 73
2
  0
CIRCLE
  5
37E
330
17
100
AcDbEntity
  8
S_GRID_BUBBLES
100
AcDbCircle
 10
354.7
 20
55.5
 30
0.0
 40
1.2
  0
TEXT
  5
37F
330
17
100
AcDbEntity
  8
S_GRID_BUBBLES
100
AcDbText
 10
354.7
 20
55.5
 30
0.0
 40
1.0
  1
7
 72
1
 11
354.7
 21
55.5
 31
0.0
100
AcDbText
 73
2
  0
LWPOLYLINE
  5
380
330
17
100
AcDbEntity
  8
S_COLUMNS
100
AcDbPolyline
 90
4
 70
1
 10
296.125
 20
3.0
 10
296.875
 20
3.0
 10
296.875
 20
4.5
 10
296.125
 20
4.5
  0
HATCH
  5
381
330
17
100
AcDbEntity
  8
S_COLUMNS_HATCH
 62
7
100
AcDbHatch
 10
0.0
 20
0.0
 30
0.0
210
0.0
220
0.0
230
1.0
  2
SOLID
 70
0
 71
0
 91
1
 92
3
 72
0
 73
1
 93
4
 10
296.125
 20
3.0
 10
296.875
 20
3.0
 10
296.875
 20
4.5
 10
296.125
 20
4.5
 97
0
 75
1
 76
1
 52
0.0
 41
1.0
 77
0
 78
1
 53
45.0
 43
0.0
 44
0.0
 45
-0.0034798562
 46
0.0034798562
 79
0
 98
0
  0
TEXT
  5
382
330
17
100
AcDbEntity
  8
S_COLUMNS
100
AcDbText
 10
296.5
 20
3.75
 30
0.0
 40
0.55
  1
B1
 72
1
 11
296.5
 21
3.75
 31
0.0
100
AcDbText
 73
2
  0
LWPOLYLINE
  5
383
330
17
100
AcDbEntity
  8
S_COLUMNS
100
AcDbPolyline
 90
4
 70
1
 10
296.125
 20
19.375
 10
296.875
 20
19.375
 10
296.875
 20
20.875
 10
296.125
 20
20.875
  0
HATCH
  5
384
330
17
100
AcDbEntity
  8
S_COLUMNS_HATCH
 62
7
100
AcDbHatch
 10
0.0
 20
0.0
 30
0.0
210
0.0
220
0.0
230
1.0
  2
SOLID
 70
0
 71
0
 91
1
 92
3
 72
0
 73
1
 93
4
 10
296.125
 20
19.375
 10
296.875
 20
19.375
 10
296.875
 20
20.875
 10
296.125
 20
20.875
 97
0
 75
1
 76
1
 52
0.0
 41
1.0
 77
0
 78
1
 53
45.0
 43
0.0
 44
0.0
 45
-0.0034798562
 46
0.0034798562
 79
0
 98
0
  0
TEXT
  5
385
330
17
100
AcDbEntity
  8
S_COLUMNS
100
AcDbText
 10
296.5
 20
20.125
 30
0.0
 40
0.55
  1
B2
 72
1
 11
296.5
 21
20.125
 31
0.0
100
AcDbText
 73
2
  0
LWPOLYLINE
  5
386
330
17
100
AcDbEntity
  8
S_COLUMNS
100
AcDbPolyline
 90
4
 70
1
 10
296.125
 20
27.75
 10
296.875
 20
27.75
 10
296.875
 20
29.25
 10
296.125
 20
29.25
  0
HATCH
  5
387
330
17
100
AcDbEntity
  8
S_COLUMNS_HATCH
 62
7
100
AcDbHatch
 10
0.0
 20
0.0
 30
0.0
210
0.0
220
0.0
230
1.0
  2
SOLID
 70
0
 71
0
 91
1
 92
3
 72
0
 73
1
 93
4
 10
296.125
 20
27.75
 10
296.875
 20
27.75
 10
296.875
 20
29.25
 10
296.125
 20
29.25
 97
0
 75
1
 76
1
 52
0.0
 41
1.0
 77
0
 78
1
 53
45.0
 43
0.0
 44
0.0
 45
-0.0034798562
 46
0.0034798562
 79
0
 98
0
  0
TEXT
  5
388
330
17
100
AcDbEntity
  8
S_COLUMNS
100
AcDbText
 10
296.5
 20
28.5
 30
0.0
 40
0.55
  1
B3
 72
1
 11
296.5
 21
28.5
 31
0.0
100
AcDbText
 73
2
  0
LWPOLYLINE
  5
389
330
17
100
AcDbEntity
  8
S_COLUMNS
100
AcDbPolyline
 90
4
 70
1
 10
296.125
 20
31.5
 10
296.875
 20
31.5
 10
296.875
 20
33.0
 10
296.125
 20
33.0
  0
HATCH
  5
38A
330
17
100
AcDbEntity
  8
S_COLUMNS_HATCH
 62
7
100
AcDbHatch
 10
0.0
 20
0.0
 30
0.0
210
0.0
220
0.0
230
1.0
  2
SOLID
 70
0
 71
0
 91
1
 92
3
 72
0
 73
1
 93
4
 10
296.125
 20
31.5
 10
296.875
 20
31.5
 10
296.875
 20
33.0
 10
296.125
 20
33.0
 97
0
 75
1
 76
1
 52
0.0
 41
1.0
 77
0
 78
1
 53
45.0
 43
0.0
 44
0.0
 45
-0.0034798562
 46
0.0034798562
 79
0
 98
0
  0
TEXT
  5
38B
330
17
100
AcDbEntity
  8
S_COLUMNS
100
AcDbText
 10
296.5
 20
32.25
 30
0.0
 40
0.55
  1
B4
 72
1
 11
296.5
 21
32.25
 31
0.0
100
AcDbText
 73
2
  0
LWPOLYLINE
  5
38C
330
17
100
AcDbEntity
  8
S_COLUMNS
100
AcDbPolyline
 90
4
 70
1
 10
311.375
 20
3.0
 10
312.125
 20
3.0
 10
312.125
 20
4.5
 10
311.375
 20
4.5
  0
HATCH
  5
38D
330
17
100
AcDbEntity
  8
S_COLUMNS_HATCH
 62
7
100
AcDbHatch
 10
0.0
 20
0.0
 30
0.0
210
0.0
220
0.0
230
1.0
  2
SOLID
 70
0
 71
0
 91
1
 92
3
 72
0
 73
1
 93
4
 10
311.375
 20
3.0
 10
312.125
 20
3.0
 10
312.125
 20
4.5
 10
311.375
 20
4.5
 97
0
 75
1
 76
1
 52
0.0
 41
1.0
 77
0
 78
1
 53
45.0
 43
0.0
 44
0.0
 45
-0.0034798562
 46
0.0034798562
 79
0
 98
0
  0
TEXT
  5
38E
330
17
100
AcDbEntity
  8
S_COLUMNS
100
AcDbText
 10
311.75
 20
3.75
 30
0.0
 40
0.55
  1
C1
 72
1
 11
311.75
 21
3.75
 31
0.0
100
AcDbText
 73
2
  0
LWPOLYLINE
  5
38F
330
17
100
AcDbEntity
  8
S_COLUMNS
100
AcDbPolyline
 90
4
 70
1
 10
311.375
 20
19.375
 10
312.125
 20
19.375
 10
312.125
 20
20.875
 10
311.375
 20
20.875
  0
HATCH
  5
390
330
17
100
AcDbEntity
  8
S_COLUMNS_HATCH
 62
7
100
AcDbHatch
 10
0.0
 20
0.0
 30
0.0
210
0.0
220
0.0
230
1.0
  2
SOLID
 70
0
 71
0
 91
1
 92
3
 72
0
 73
1
 93
4
 10
311.375
 20
19.375
 10
312.125
 20
19.375
 10
312.125
 20
20.875
 10
311.375
 20
20.875
 97
0
 75
1
 76
1
 52
0.0
 41
1.0
 77
0
 78
1
 53
45.0
 43
0.0
 44
0.0
 45
-0.0034798562
 46
0.0034798562
 79
0
 98
0
  0
TEXT
  5
391
330
17
100
AcDbEntity
  8
S_COLUMNS
100
AcDbText
 10
311.75
 20
20.125
 30
0.0
 40
0.55
  1
C2
 72
1
 11
311.75
 21
20.125
 31
0.0
100
AcDbText
 73
2
  0
LWPOLYLINE
  5
392
330
17
100
AcDbEntity
  8
S_COLUMNS
100
AcDbPolyline
 90
4
 70
1
 10
311.375
 20
27.75
 10
312.125
 20
27.75
 10
312.125
 20
29.25
 10
311.375
 20
29.25
  0
HATCH
  5
393
330
17
100
AcDbEntity
  8
S_COLUMNS_HATCH
 62
7
100
AcDbHatch
 10
0.0
 20
0.0
 30
0.0
210
0.0
220
0.0
230
1.0
  2
SOLID
 70
0
 71
0
 91
1
 92
3
 72
0
 73
1
 93
4
 10
311.375
 20
27.75
 10
312.125
 20
27.75
 10
312.125
 20
29.25
 10
311.375
 20
29.25
 97
0
 75
1
 76
1
 52
0.0
 41
1.0
 77
0
 78
1
 53
45.0
 43
0.0
 44
0.0
 45
-0.0034798562
 46
0.0034798562
 79
0
 98
0
  0
TEXT
  5
394
330
17
100
AcDbEntity
  8
S_COLUMNS
100
AcDbText
 10
311.75
 20
28.5
 30
0.0
 40
0.55
  1
C3
 72
1
 11
311.75
 21
28.5
 31
0.0
100
AcDbText
 73
2
  0
LWPOLYLINE
  5
395
330
17
100
AcDbEntity
  8
S_COLUMNS
100
AcDbPolyline
 90
4
 70
1
 10
311.375
 20
35.75
 10
312.125
 20
35.75
 10
312.125
 20
37.25
 10
311.375
 20
37.25
  0
HATCH
  5
396
330
17
100
AcDbEntity
  8
S_COLUMNS_HATCH
 62
7
100
AcDbHatch
 10
0.0
 20
0.0
 30
0.0
210
0.0
220
0.0
230
1.0
  2
SOLID
 70
0
 71
0
 91
1
 92
3
 72
0
 73
1
 93
4
 10
311.375
 20
35.75
 10
312.125
 20
35.75
 10
312.125
 20
37.25
 10
311.375
 20
37.25
 97
0
 75
1
 76
1
 52
0.0
 41
1.0
 77
0
 78
1
 53
45.0
 43
0.0
 44
0.0
 45
-0.0034798562
 46
0.0034798562
 79
0
 98
0
  0
TEXT
  5
397
330
17
100
AcDbEntity
  8
S_COLUMNS
100
AcDbText
 10
311.75
 20
36.5
 30
0.0
 40
0.55
  1
C4
 72
1
 11
311.75
 21
36.5
 31
0.0
100
AcDbText
 73
2
  0
LWPOLYLINE
  5
398
330
17
100
AcDbEntity
  8
S_COLUMNS
100
AcDbPolyline
 90
4
 70
1
 10
316.625
 20
3.0
 10
317.375
 20
3.0
 10
317.375
 20
4.5
 10
316.625
 20
4.5
  0
HATCH
  5
399
330
17
100
AcDbEntity
  8
S_COLUMNS_HATCH
 62
7
100
AcDbHatch
 10
0.0
 20
0.0
 30
0.0
210
0.0
220
0.0
230
1.0
  2
SOLID
 70
0
 71
0
 91
1
 92
3
 72
0
 73
1
 93
4
 10
316.625
 20
3.0
 10
317.375
 20
3.0
 10
317.375
 20
4.5
 10
316.625
 20
4.5
 97
0
 75
1
 76
1
 52
0.0
 41
1.0
 77
0
 78
1
 53
45.0
 43
0.0
 44
0.0
 45
-0.0034798562
 46
0.0034798562
 79
0
 98
0
  0
TEXT
  5
39A
330
17
100
AcDbEntity
  8
S_COLUMNS
100
AcDbText
 10
317.0
 20
3.75
 30
0.0
 40
0.55
  1
C'1
 72
1
 11
317.0
 21
3.75
 31
0.0
100
AcDbText
 73
2
  0
LWPOLYLINE
  5
39B
330
17
100
AcDbEntity
  8
S_COLUMNS
100
AcDbPolyline
 90
4
 70
1
 10
316.625
 20
19.375
 10
317.375
 20
19.375
 10
317.375
 20
20.875
 10
316.625
 20
20.875
  0
HATCH
  5
39C
330
17
100
AcDbEntity
  8
S_COLUMNS_HATCH
 62
7
100
AcDbHatch
 10
0.0
 20
0.0
 30
0.0
210
0.0
220
0.0
230
1.0
  2
SOLID
 70
0
 71
0
 91
1
 92
3
 72
0
 73
1
 93
4
 10
316.625
 20
19.375
 10
317.375
 20
19.375
 10
317.375
 20
20.875
 10
316.625
 20
20.875
 97
0
 75
1
 76
1
 52
0.0
 41
1.0
 77
0
 78
1
 53
45.0
 43
0.0
 44
0.0
 45
-0.0034798562
 46
0.0034798562
 79
0
 98
0
  0
TEXT
  5
39D
330
17
100
AcDbEntity
  8
S_COLUMNS
100
AcDbText
 10
317.0
 20
20.125
 30
0.0
 40
0.55
  1
C'2
 72
1
 11
317.0
 21
20.125
 31
0.0
100
AcDbText
 73
2
  0
LWPOLYLINE
  5
39E
330
17
100
AcDbEntity
  8
S_COLUMNS
100
AcDbPolyline
 90
4
 70
1
 10
316.625
 20
27.75
 10
317.375
 20
27.75
 10
317.375
 20
29.25
 10
316.625
 20
29.25
  0
HATCH
  5
39F
330
17
100
AcDbEntity
  8
S_COLUMNS_HATCH
 62
7
100
AcDbHatch
 10
0.0
 20
0.0
 30
0.0
210
0.0
220
0.0
230
1.0
  2
SOLID
 70
0
 71
0
 91
1
 92
3
 72
0
 73
1
 93
4
 10
316.625
 20
27.75
 10
317.375
 20
27.75
 10
317.375
 20
29.25
 10
316.625
 20
29.25
 97
0
 75
1
 76
1
 52
0.0
 41
1.0
 77
0
 78
1
 53
45.0
 43
0.0
 44
0.0
 45
-0.0034798562
 46
0.0034798562
 79
0
 98
0
  0
TEXT
  5
3A0
330
17
100
AcDbEntity
  8
S_COLUMNS
100
AcDbText
 10
317.0
 20
28.5
 30
0.0
 40
0.55
  1
C'3
 72
1
 11
317.0
 21
28.5
 31
0.0
100
AcDbText
 73
2
  0
LWPOLYLINE
  5
3A1
330
17
100
AcDbEntity
  8
S_COLUMNS
100
AcDbPolyline
 90
4
 70
1
 10
328.625
 20
3.0
 10
329.375
 20
3.0
 10
329.375
 20
4.5
 10
328.625
 20
4.5
  0
HATCH
  5
3A2
330
17
100
AcDbEntity
  8
S_COLUMNS_HATCH
 62
7
100
AcDbHatch
 10
0.0
 20
0.0
 30
0.0
210
0.0
220
0.0
230
1.0
  2
SOLID
 70
0
 71
0
 91
1
 92
3
 72
0
 73
1
 93
4
 10
328.625
 20
3.0
 10
329.375
 20
3.0
 10
329.375
 20
4.5
 10
328.625
 20
4.5
 97
0
 75
1
 76
1
 52
0.0
 41
1.0
 77
0
 78
1
 53
45.0
 43
0.0
 44
0.0
 45
-0.0034798562
 46
0.0034798562
 79
0
 98
0
  0
TEXT
  5
3A3
330
17
100
AcDbEntity
  8
S_COLUMNS
100
AcDbText
 10
329.0
 20
3.75
 30
0.0
 40
0.55
  1
D1
 72
1
 11
329.0
 21
3.75
 31
0.0
100
AcDbText
 73
2
  0
LWPOLYLINE
  5
3A4
330
17
100
AcDbEntity
  8
S_COLUMNS
100
AcDbPolyline
 90
4
 70
1
 10
328.625
 20
19.375
 10
329.375
 20
19.375
 10
329.375
 20
20.875
 10
328.625
 20
20.875
  0
HATCH
  5
3A5
330
17
100
AcDbEntity
  8
S_COLUMNS_HATCH
 62
7
100
AcDbHatch
 10
0.0
 20
0.0
 30
0.0
210
0.0
220
0.0
230
1.0
  2
SOLID
 70
0
 71
0
 91
1
 92
3
 72
0
 73
1
 93
4
 10
328.625
 20
19.375
 10
329.375
 20
19.375
 10
329.375
 20
20.875
 10
328.625
 20
20.875
 97
0
 75
1
 76
1
 52
0.0
 41
1.0
 77
0
 78
1
 53
45.0
 43
0.0
 44
0.0
 45
-0.0034798562
 46
0.0034798562
 79
0
 98
0
  0
TEXT
  5
3A6
330
17
100
AcDbEntity
  8
S_COLUMNS
100
AcDbText
 10
329.0
 20
20.125
 30
0.0
 40
0.55
  1
D2
 72
1
 11
329.0
 21
20.125
 31
0.0
100
AcDbText
 73
2
  0
LWPOLYLINE
  5
3A7
330
17
100
AcDbEntity
  8
S_COLUMNS
100
AcDbPolyline
 90
4
 70
1
 10
328.625
 20
27.75
 10
329.375
 20
27.75
 10
329.375
 20
29.25
 10
328.625
 20
29.25
  0
HATCH
  5
3A8
330
17
100
AcDbEntity
  8
S_COLUMNS_HATCH
 62
7
100
AcDbHatch
 10
0.0
 20
0.0
 30
0.0
210
0.0
220
0.0
230
1.0
  2
SOLID
 70
0
 71
0
 91
1
 92
3
 72
0
 73
1
 93
4
 10
328.625
 20
27.75
 10
329.375
 20
27.75
 10
329.375
 20
29.25
 10
328.625
 20
29.25
 97
0
 75
1
 76
1
 52
0.0
 41
1.0
 77
0
 78
1
 53
45.0
 43
0.0
 44
0.0
 45
-0.0034798562
 46
0.0034798562
 79
0
 98
0
  0
TEXT
  5
3A9
330
17
100
AcDbEntity
  8
S_COLUMNS
100
AcDbText
 10
329.0
 20
28.5
 30
0.0
 40
0.55
  1
D3
 72
1
 11
329.0
 21
28.5
 31
0.0
100
AcDbText
 73
2
  0
LWPOLYLINE
  5
3AA
330
17
100
AcDbEntity
  8
S_COLUMNS
100
AcDbPolyline
 90
4
 70
1
 10
328.625
 20
35.75
 10
329.375
 20
35.75
 10
329.375
 20
37.25
 10
328.625
 20
37.25
  0
HATCH
  5
3AB
330
17
100
AcDbEntity
  8
S_COLUMNS_HATCH
 62
7
100
AcDbHatch
 10
0.0
 20
0.0
 30
0.0
210
0.0
220
0.0
230
1.0
  2
SOLID
 70
0
 71
0
 91
1
 92
3
 72
0
 73
1
 93
4
 10
328.625
 20
35.75
 10
329.375
 20
35.75
 10
329.375
 20
37.25
 10
328.625
 20
37.25
 97
0
 75
1
 76
1
 52
0.0
 41
1.0
 77
0
 78
1
 53
45.0
 43
0.0
 44
0.0
 45
-0.0034798562
 46
0.0034798562
 79
0
 98
0
  0
TEXT
  5
3AC
330
17
100
AcDbEntity
  8
S_COLUMNS
100
AcDbText
 10
329.0
 20
36.5
 30
0.0
 40
0.55
  1
D4
 72
1
 11
329.0
 21
36.5
 31
0.0
100
AcDbText
 73
2
  0
LWPOLYLINE
  5
3AD
330
17
100
AcDbEntity
  8
S_COLUMNS
100
AcDbPolyline
 90
4
 70
1
 10
328.625
 20
41.375
 10
329.375
 20
41.375
 10
329.375
 20
42.875
 10
328.625
 20
42.875
  0
HATCH
  5
3AE
330
17
100
AcDbEntity
  8
S_COLUMNS_HATCH
 62
7
100
AcDbHatch
 10
0.0
 20
0.0
 30
0.0
210
0.0
220
0.0
230
1.0
  2
SOLID
 70
0
 71
0
 91
1
 92
3
 72
0
 73
1
 93
4
 10
328.625
 20
41.375
 10
329.375
 20
41.375
 10
329.375
 20
42.875
 10
328.625
 20
42.875
 97
0
 75
1
 76
1
 52
0.0
 41
1.0
 77
0
 78
1
 53
45.0
 43
0.0
 44
0.0
 45
-0.0034798562
 46
0.0034798562
 79
0
 98
0
  0
TEXT
  5
3AF
330
17
100
AcDbEntity
  8
S_COLUMNS
100
AcDbText
 10
329.0
 20
42.125
 30
0.0
 40
0.55
  1
D5
 72
1
 11
329.0
 21
42.125
 31
0.0
100
AcDbText
 73
2
  0
LWPOLYLINE
  5
3B0
330
17
100
AcDbEntity
  8
S_COLUMNS
100
AcDbPolyline
 90
4
 70
1
 10
344.375
 20
3.0
 10
345.125
 20
3.0
 10
345.125
 20
4.5
 10
344.375
 20
4.5
  0
HATCH
  5
3B1
330
17
100
AcDbEntity
  8
S_COLUMNS_HATCH
 62
7
100
AcDbHatch
 10
0.0
 20
0.0
 30
0.0
210
0.0
220
0.0
230
1.0
  2
SOLID
 70
0
 71
0
 91
1
 92
3
 72
0
 73
1
 93
4
 10
344.375
 20
3.0
 10
345.125
 20
3.0
 10
345.125
 20
4.5
 10
344.375
 20
4.5
 97
0
 75
1
 76
1
 52
0.0
 41
1.0
 77
0
 78
1
 53
45.0
 43
0.0
 44
0.0
 45
-0.0034798562
 46
0.0034798562
 79
0
 98
0
  0
TEXT
  5
3B2
330
17
100
AcDbEntity
  8
S_COLUMNS
100
AcDbText
 10
344.75
 20
3.75
 30
0.0
 40
0.55
  1
E1
 72
1
 11
344.75
 21
3.75
 31
0.0
100
AcDbText
 73
2
  0
LWPOLYLINE
  5
3B3
330
17
100
AcDbEntity
  8
S_COLUMNS
100
AcDbPolyline
 90
4
 70
1
 10
344.375
 20
19.375
 10
345.125
 20
19.375
 10
345.125
 20
20.875
 10
344.375
 20
20.875
  0
HATCH
  5
3B4
330
17
100
AcDbEntity
  8
S_COLUMNS_HATCH
 62
7
100
AcDbHatch
 10
0.0
 20
0.0
 30
0.0
210
0.0
220
0.0
230
1.0
  2
SOLID
 70
0
 71
0
 91
1
 92
3
 72
0
 73
1
 93
4
 10
344.375
 20
19.375
 10
345.125
 20
19.375
 10
345.125
 20
20.875
 10
344.375
 20
20.875
 97
0
 75
1
 76
1
 52
0.0
 41
1.0
 77
0
 78
1
 53
45.0
 43
0.0
 44
0.0
 45
-0.0034798562
 46
0.0034798562
 79
0
 98
0
  0
TEXT
  5
3B5
330
17
100
AcDbEntity
  8
S_COLUMNS
100
AcDbText
 10
344.75
 20
20.125
 30
0.0
 40
0.55
  1
E2
 72
1
 11
344.75
 21
20.125
 31
0.0
100
AcDbText
 73
2
  0
LWPOLYLINE
  5
3B6
330
17
100
AcDbEntity
  8
S_COLUMNS
100
AcDbPolyline
 90
4
 70
1
 10
344.375
 20
27.75
 10
345.125
 20
27.75
 10
345.125
 20
29.25
 10
344.375
 20
29.25
  0
HATCH
  5
3B7
330
17
100
AcDbEntity
  8
S_COLUMNS_HATCH
 62
7
100
AcDbHatch
 10
0.0
 20
0.0
 30
0.0
210
0.0
220
0.0
230
1.0
  2
SOLID
 70
0
 71
0
 91
1
 92
3
 72
0
 73
1
 93
4
 10
344.375
 20
27.75
 10
345.125
 20
27.75
 10
345.125
 20
29.25
 10
344.375
 20
29.25
 97
0
 75
1
 76
1
 52
0.0
 41
1.0
 77
0
 78
1
 53
45.0
 43
0.0
 44
0.0
 45
-0.0034798562
 46
0.0034798562
 79
0
 98
0
  0
TEXT
  5
3B8
330
17
100
AcDbEntity
  8
S_COLUMNS
100
AcDbText
 10
344.75
 20
28.5
 30
0.0
 40
0.55
  1
E3
 72
1
 11
344.75
 21
28.5
 31
0.0
100
AcDbText
 73
2
  0
LWPOLYLINE
  5
3B9
330
17
100
AcDbEntity
  8
S_COLUMNS
100
AcDbPolyline
 90
4
 70
1
 10
344.375
 20
35.75
 10
345.125
 20
35.75
 10
345.125
 20
37.25
 10
344.375
 20
37.25
  0
HATCH
  5
3BA
330
17
100
AcDbEntity
  8
S_COLUMNS_HATCH
 62
7
100
AcDbHatch
 10
0.0
 20
0.0
 30
0.0
210
0.0
220
0.0
230
1.0
  2
SOLID
 70
0
 71
0
 91
1
 92
3
 72
0
 73
1
 93
4
 10
344.375
 20
35.75
 10
345.125
 20
35.75
 10
345.125
 20
37.25
 10
344.375
 20
37.25
 97
0
 75
1
 76
1
 52
0.0
 41
1.0
 77
0
 78
1
 53
45.0
 43
0.0
 44
0.0
 45
-0.0034798562
 46
0.0034798562
 79
0
 98
0
  0
TEXT
  5
3BB
330
17
100
AcDbEntity
  8
S_COLUMNS
100
AcDbText
 10
344.75
 20
36.5
 30
0.0
 40
0.55
  1
E4
 72
1
 11
344.75
 21
36.5
 31
0.0
100
AcDbText
 73
2
  0
LWPOLYLINE
  5
3BC
330
17
100
AcDbEntity
  8
S_COLUMNS
100
AcDbPolyline
 90
4
 70
1
 10
344.375
 20
41.375
 10
345.125
 20
41.375
 10
345.125
 20
42.875
 10
344.375
 20
42.875
  0
HATCH
  5
3BD
330
17
100
AcDbEntity
  8
S_COLUMNS_HATCH
 62
7
100
AcDbHatch
 10
0.0
 20
0.0
 30
0.0
210
0.0
220
0.0
230
1.0
  2
SOLID
 70
0
 71
0
 91
1
 92
3
 72
0
 73
1
 93
4
 10
344.375
 20
41.375
 10
345.125
 20
41.375
 10
345.125
 20
42.875
 10
344.375
 20
42.875
 97
0
 75
1
 76
1
 52
0.0
 41
1.0
 77
0
 78
1
 53
45.0
 43
0.0
 44
0.0
 45
-0.0034798562
 46
0.0034798562
 79
0
 98
0
  0
TEXT
  5
3BE
330
17
100
AcDbEntity
  8
S_COLUMNS
100
AcDbText
 10
344.75
 20
42.125
 30
0.0
 40
0.55
  1
E5
 72
1
 11
344.75
 21
42.125
 31
0.0
100
AcDbText
 73
2
  0
LWPOLYLINE
  5
3BF
330
17
100
AcDbEntity
  8
S_COLUMNS
100
AcDbPolyline
 90
4
 70
1
 10
344.375
 20
47.25
 10
345.125
 20
47.25
 10
345.125
 20
48.75
 10
344.375
 20
48.75
  0
HATCH
  5
3C0
330
17
100
AcDbEntity
  8
S_COLUMNS_HATCH
 62
7
100
AcDbHatch
 10
0.0
 20
0.0
 30
0.0
210
0.0
220
0.0
230
1.0
  2
SOLID
 70
0
 71
0
 91
1
 92
3
 72
0
 73
1
 93
4
 10
344.375
 20
47.25
 10
345.125
 20
47.25
 10
345.125
 20
48.75
 10
344.375
 20
48.75
 97
0
 75
1
 76
1
 52
0.0
 41
1.0
 77
0
 78
1
 53
45.0
 43
0.0
 44
0.0
 45
-0.0034798562
 46
0.0034798562
 79
0
 98
0
  0
TEXT
  5
3C1
330
17
100
AcDbEntity
  8
S_COLUMNS
100
AcDbText
 10
344.75
 20
48.0
 30
0.0
 40
0.55
  1
E6
 72
1
 11
344.75
 21
48.0
 31
0.0
100
AcDbText
 73
2
  0
LWPOLYLINE
  5
3C2
330
17
100
AcDbEntity
  8
A_WALLS
100
AcDbPolyline
 90
4
 70
1
 10
296.125
 20
19.75
 10
302.0
 20
19.75
 10
302.0
 20
20.5
 10
296.125
 20
20.5
  0
LWPOLYLINE
  5
3C3
330
17
100
AcDbEntity
  8
A_WALLS
100
AcDbPolyline
 90
4
 70
1
 10
302.0
 20
19.75
 10
305.5
 20
19.75
 10
305.5
 20
20.5
 10
302.0
 20
20.5
  0
LWPOLYLINE
  5
3C4
330
17
100
AcDbEntity
  8
A_WALLS
100
AcDbPolyline
 90
4
 70
1
 10
305.5
 20
19.75
 10
311.375
 20
19.75
 10
311.375
 20
20.5
 10
305.5
 20
20.5
  0
LWPOLYLINE
  5
3C5
330
17
100
AcDbEntity
  8
A_WALLS
100
AcDbPolyline
 90
4
 70
1
 10
322.625
 20
20.5
 10
323.375
 20
20.5
 10
323.375
 20
32.5
 10
322.625
 20
32.5
  0
LWPOLYLINE
  5
3C6
330
17
100
AcDbEntity
  8
A_WALLS
100
AcDbPolyline
 90
4
 70
1
 10
328.625
 20
20.5
 10
329.375
 20
20.5
 10
329.375
 20
32.5
 10
328.625
 20
32.5
  0
LWPOLYLINE
  5
3C7
330
17
100
AcDbEntity
  8
A_WALLS
100
AcDbPolyline
 90
4
 70
1
 10
322.625
 20
31.75
 10
329.375
 20
31.75
 10
329.375
 20
32.5
 10
322.625
 20
32.5
  0
LWPOLYLINE
  5
3C8
330
17
100
AcDbEntity
  8
A_WALLS
100
AcDbPolyline
 90
4
 70
1
 10
328.625
 20
19.75
 10
332.0
 20
19.75
 10
332.0
 20
20.5
 10
328.625
 20
20.5
  0
LWPOLYLINE
  5
3C9
330
17
100
AcDbEntity
  8
A_WALLS
100
AcDbPolyline
 90
4
 70
1
 10
332.0
 20
19.75
 10
335.5
 20
19.75
 10
335.5
 20
20.5
 10
332.0
 20
20.5
  0
LWPOLYLINE
  5
3CA
330
17
100
AcDbEntity
  8
A_WALLS
100
AcDbPolyline
 90
4
 70
1
 10
335.5
 20
19.75
 10
345.125
 20
19.75
 10
345.125
 20
20.5
 10
335.5
 20
20.5
  0
LWPOLYLINE
  5
3CB
330
17
100
AcDbEntity
  8
A_WALLS
100
AcDbPolyline
 90
4
 70
1
 10
328.625
 20
36.5
 10
345.125
 20
36.5
 10
345.125
 20
37.25
 10
328.625
 20
37.25
  0
LWPOLYLINE
  5
3CC
330
17
100
AcDbEntity
  8
A_WALLS
100
AcDbPolyline
 90
4
 70
1
 10
344.375
 20
20.5
 10
345.125
 20
20.5
 10
345.125
 20
46.0
 10
344.375
 20
46.0
  0
LWPOLYLINE
  5
3CD
330
17
100
AcDbEntity
  8
A_WALLS
100
AcDbPolyline
 90
14
 70
1
 10
296.125
 20
3.0
 10
296.125
 20
20.5
 10
311.375
 20
20.5
 10
311.375
 20
39.059296828832444
 10
328.46863970661684
 20
48.0
 10
328.625
 20
48.0
 10
328.625
 20
50.26774589095992
 10
345.125
 20
56.97515219620963
 10
345.125
 20
3.0
 10
328.625
 20
3.0
 10
328.625
 20
20.5
 10
317.375
 20
20.5
 10
317.375
 20
3.0
 10
296.125
 20
3.0
  0
LINE
  5
3CE
330
17
100
AcDbEntity
  8
A_DOORS
100
AcDbLine
 10
302.0
 20
20.125
 30
0.0
 11
302.0
 21
23.625
 31
0.0
  0
ARC
  5
3CF
330
17
100
AcDbEntity
  8
A_DOORS
100
AcDbCircle
 10
302.0
 20
20.125
 30
0.0
 40
3.5
100
AcDbArc
 50
0.0
 51
90.0
  0
TEXT
  5
3D0
330
17
100
AcDbEntity
  8
A_DOORS
100
AcDbText
 10
302.5
 20
20.625
 30
0.0
 40
0.6
  1
D-BED6
 72
1
 11
302.5
 21
20.625
 31
0.0
100
AcDbText
 73
2
  0
LINE
  5
3D1
330
17
100
AcDbEntity
  8
A_DOORS
100
AcDbLine
 10
332.0
 20
20.125
 30
0.0
 11
332.0
 21
23.625
 31
0.0
  0
ARC
  5
3D2
330
17
100
AcDbEntity
  8
A_DOORS
100
AcDbCircle
 10
332.0
 20
20.125
 30
0.0
 40
3.5
100
AcDbArc
 50
0.0
 51
90.0
  0
TEXT
  5
3D3
330
17
100
AcDbEntity
  8
A_DOORS
100
AcDbText
 10
332.5
 20
20.625
 30
0.0
 40
0.6
  1
D-BED7
 72
1
 11
332.5
 21
20.625
 31
0.0
100
AcDbText
 73
2
  0
LWPOLYLINE
  5
3D4
330
17
100
AcDbEntity
  8
A_STAIRS
100
AcDbPolyline
 90
4
 70
1
 10
322.625
 20
20.5
 10
328.625
 20
20.5
 10
328.625
 20
24.5
 10
322.625
 20
24.5
  0
TEXT
  5
3D5
330
17
100
AcDbEntity
  8
A_STAIRS
100
AcDbText
 10
325.625
 20
23.3
 30
0.0
 40
0.7
  1
MID-LANDING (+7'-0")
 72
1
 11
325.625
 21
23.3
 31
0.0
100
AcDbText
 73
2
  0
TEXT
  5
3D6
330
17
100
AcDbEntity
  8
A_STAIRS
100
AcDbText
 10
325.625
 20
22.0
 30
0.0
 40
0.55
  1
POWDER ROOM UNDER (+7' CLG)
 72
1
 11
325.625
 21
22.0
 31
0.0
100
AcDbText
 73
2
  0
LINE
  5
3D7
330
17
100
AcDbEntity
  8
A_STAIRS
100
AcDbLine
 10
325.5
 20
24.5
 30
0.0
 11
325.5
 21
33.0
 31
0.0
  0
LINE
  5
3D8
330
17
100
AcDbEntity
  8
A_STAIRS
100
AcDbLine
 10
325.75
 20
24.5
 30
0.0
 11
325.75
 21
33.0
 31
0.0
  0
LINE
  5
3D9
330
17
100
AcDbEntity
  8
A_STAIRS
100
AcDbLine
 10
322.625
 20
24.5
 30
0.0
 11
322.625
 21
33.0
 31
0.0
  0
LINE
  5
3DA
330
17
100
AcDbEntity
  8
A_STAIRS
100
AcDbLine
 10
328.625
 20
24.5
 30
0.0
 11
328.625
 21
29.0
 31
0.0
  0
LINE
  5
3DB
330
17
100
AcDbEntity
  8
A_STAIRS
100
AcDbLine
 10
325.75
 20
29.0
 30
0.0
 11
328.625
 21
29.0
 31
0.0
  0
LINE
  5
3DC
330
17
100
AcDbEntity
  8
A_STAIRS
  6
Continuous
100
AcDbLine
 10
322.625
 20
33.0
 30
0.0
 11
325.5
 21
33.0
 31
0.0
  0
TEXT
  5
3DD
330
17
100
AcDbEntity
  8
A_STAIRS
100
AcDbText
 10
324.0625
 20
32.575
 30
0.0
 40
0.5
  1
1
 72
1
 11
324.0625
 21
32.575
 31
0.0
100
AcDbText
 73
2
  0
LINE
  5
3DE
330
17
100
AcDbEntity
  8
A_STAIRS
  6
Continuous
100
AcDbLine
 10
322.625
 20
32.15
 30
0.0
 11
325.5
 21
32.15
 31
0.0
  0
TEXT
  5
3DF
330
17
100
AcDbEntity
  8
A_STAIRS
100
AcDbText
 10
324.0625
 20
31.724999999999998
 30
0.0
 40
0.5
  1
2
 72
1
 11
324.0625
 21
31.724999999999998
 31
0.0
100
AcDbText
 73
2
  0
LINE
  5
3E0
330
17
100
AcDbEntity
  8
A_STAIRS
  6
Continuous
100
AcDbLine
 10
322.625
 20
31.3
 30
0.0
 11
325.5
 21
31.3
 31
0.0
  0
TEXT
  5
3E1
330
17
100
AcDbEntity
  8
A_STAIRS
100
AcDbText
 10
324.0625
 20
30.875
 30
0.0
 40
0.5
  1
3
 72
1
 11
324.0625
 21
30.875
 31
0.0
100
AcDbText
 73
2
  0
LINE
  5
3E2
330
17
100
AcDbEntity
  8
A_STAIRS
  6
Continuous
100
AcDbLine
 10
322.625
 20
30.45
 30
0.0
 11
325.5
 21
30.45
 31
0.0
  0
TEXT
  5
3E3
330
17
100
AcDbEntity
  8
A_STAIRS
100
AcDbText
 10
324.0625
 20
30.025
 30
0.0
 40
0.5
  1
4
 72
1
 11
324.0625
 21
30.025
 31
0.0
100
AcDbText
 73
2
  0
LINE
  5
3E4
330
17
100
AcDbEntity
  8
A_STAIRS
  6
Continuous
100
AcDbLine
 10
322.625
 20
29.6
 30
0.0
 11
325.5
 21
29.6
 31
0.0
  0
TEXT
  5
3E5
330
17
100
AcDbEntity
  8
A_STAIRS
100
AcDbText
 10
324.0625
 20
29.175
 30
0.0
 40
0.5
  1
5
 72
1
 11
324.0625
 21
29.175
 31
0.0
100
AcDbText
 73
2
  0
LINE
  5
3E6
330
17
100
AcDbEntity
  8
A_STAIRS
  6
DASHED
100
AcDbLine
 10
322.625
 20
28.75
 30
0.0
 11
325.5
 21
28.75
 31
0.0
  0
LINE
  5
3E7
330
17
100
AcDbEntity
  8
A_STAIRS
  6
DASHED
100
AcDbLine
 10
322.625
 20
27.9
 30
0.0
 11
325.5
 21
27.9
 31
0.0
  0
LINE
  5
3E8
330
17
100
AcDbEntity
  8
A_STAIRS
  6
DASHED
100
AcDbLine
 10
322.625
 20
27.05
 30
0.0
 11
325.5
 21
27.05
 31
0.0
  0
LINE
  5
3E9
330
17
100
AcDbEntity
  8
A_STAIRS
  6
DASHED
100
AcDbLine
 10
322.625
 20
26.2
 30
0.0
 11
325.5
 21
26.2
 31
0.0
  0
LINE
  5
3EA
330
17
100
AcDbEntity
  8
A_STAIRS
  6
DASHED
100
AcDbLine
 10
322.625
 20
25.35
 30
0.0
 11
325.5
 21
25.35
 31
0.0
  0
LINE
  5
3EB
330
17
100
AcDbEntity
  8
A_STAIRS
100
AcDbLine
 10
324.0625
 20
32.5
 30
0.0
 11
324.0625
 21
29.5
 31
0.0
  0
TEXT
  5
3EC
330
17
100
AcDbEntity
  8
A_STAIRS
100
AcDbText
 10
323.2625
 20
31.0
 30
0.0
 40
0.6
  1
UP (TO +7')
 72
1
 11
323.2625
 21
31.0
 31
0.0
100
AcDbText
 73
2
  0
LINE
  5
3ED
330
17
100
AcDbEntity
  8
A_STAIRS
  6
DASHED
100
AcDbLine
 10
325.75
 20
25.4
 30
0.0
 11
328.625
 21
25.4
 31
0.0
  0
LINE
  5
3EE
330
17
100
AcDbEntity
  8
A_STAIRS
  6
DASHED
100
AcDbLine
 10
325.75
 20
26.3
 30
0.0
 11
328.625
 21
26.3
 31
0.0
  0
LINE
  5
3EF
330
17
100
AcDbEntity
  8
A_STAIRS
  6
DASHED
100
AcDbLine
 10
325.75
 20
27.2
 30
0.0
 11
328.625
 21
27.2
 31
0.0
  0
LINE
  5
3F0
330
17
100
AcDbEntity
  8
A_STAIRS
  6
DASHED
100
AcDbLine
 10
325.75
 20
28.1
 30
0.0
 11
328.625
 21
28.1
 31
0.0
  0
LINE
  5
3F1
330
17
100
AcDbEntity
  8
A_STAIRS
  6
DASHED
100
AcDbLine
 10
325.75
 20
29.0
 30
0.0
 11
328.625
 21
29.0
 31
0.0
  0
LINE
  5
3F2
330
17
100
AcDbEntity
  8
A_STAIRS
  6
DASHED
100
AcDbLine
 10
327.1875
 20
25.0
 30
0.0
 11
327.1875
 21
28.0
 31
0.0
  0
TEXT
  5
3F3
330
17
100
AcDbEntity
  8
A_STAIRS
100
AcDbText
 10
327.9875
 20
26.5
 30
0.0
 40
0.6
  1
UP TO 1F
 72
1
 11
327.9875
 21
26.5
 31
0.0
100
AcDbText
 73
2
  0
TEXT
  5
3F4
330
17
100
AcDbEntity
  8
A_ROOM_LABELS
100
AcDbText
 10
310.0
 20
10.6
 30
0.0
 40
0.9
  1
FRONT SUN TERRACE
 72
1
 11
310.0
 21
10.6
 31
0.0
100
AcDbText
 73
2
  0
TEXT
  5
3F5
330
17
100
AcDbEntity
  8
A_ROOM_LABELS
100
AcDbText
 10
310.0
 20
9.5
 30
0.0
 40
0.75
  1
31'-9" x 20'-6"
 72
1
 11
310.0
 21
9.5
 31
0.0
100
AcDbText
 73
2
  0
TEXT
  5
3F6
330
17
100
AcDbEntity
  8
A_ROOM_LABELS
100
AcDbText
 10
310.0
 20
8.6
 30
0.0
 40
0.65
  1
(650 sq.ft)
 72
1
 11
310.0
 21
8.6
 31
0.0
100
AcDbText
 73
2
  0
TEXT
  5
3F7
330
17
100
AcDbEntity
  8
A_ROOM_LABELS
100
AcDbText
 10
303.75
 20
29.1
 30
0.0
 40
0.9
  1
BED ROOM-6
 72
1
 11
303.75
 21
29.1
 31
0.0
100
AcDbText
 73
2
  0
TEXT
  5
3F8
330
17
100
AcDbEntity
  8
A_ROOM_LABELS
100
AcDbText
 10
303.75
 20
28.0
 30
0.0
 40
0.75
  1
14'-6" x 16'-0"
 72
1
 11
303.75
 21
28.0
 31
0.0
100
AcDbText
 73
2
  0
TEXT
  5
3F9
330
17
100
AcDbEntity
  8
A_ROOM_LABELS
100
AcDbText
 10
303.75
 20
27.1
 30
0.0
 40
0.65
  1
(232 sq.ft)
 72
1
 11
303.75
 21
27.1
 31
0.0
100
AcDbText
 73
2
  0
TEXT
  5
3FA
330
17
100
AcDbEntity
  8
A_ROOM_LABELS
100
AcDbText
 10
337.0
 20
29.1
 30
0.0
 40
0.9
  1
BED ROOM-7
 72
1
 11
337.0
 21
29.1
 31
0.0
100
AcDbText
 73
2
  0
TEXT
  5
3FB
330
17
100
AcDbEntity
  8
A_ROOM_LABELS
100
AcDbText
 10
337.0
 20
28.0
 30
0.0
 40
0.75
  1
15'-0" x 16'-0"
 72
1
 11
337.0
 21
28.0
 31
0.0
100
AcDbText
 73
2
  0
TEXT
  5
3FC
330
17
100
AcDbEntity
  8
A_ROOM_LABELS
100
AcDbText
 10
337.0
 20
27.1
 30
0.0
 40
0.65
  1
(240 sq.ft)
 72
1
 11
337.0
 21
27.1
 31
0.0
100
AcDbText
 73
2
  0
TEXT
  5
3FD
330
17
100
AcDbEntity
  8
A_ROOM_LABELS
100
AcDbText
 10
320.0
 20
46.6
 30
0.0
 40
0.9
  1
REAR SUN TERRACE
 72
1
 11
320.0
 21
46.6
 31
0.0
100
AcDbText
 73
2
  0
TEXT
  5
3FE
330
17
100
AcDbEntity
  8
A_ROOM_LABELS
100
AcDbText
 10
320.0
 20
45.5
 30
0.0
 40
0.75
  1
37'-10½" x 18'-0"
 72
1
 11
320.0
 21
45.5
 31
0.0
100
AcDbText
 73
2
  0
TEXT
  5
3FF
330
17
100
AcDbEntity
  8
A_ROOM_LABELS
100
AcDbText
 10
320.0
 20
44.6
 30
0.0
 40
0.65
  1
(361 sq.ft)
 72
1
 11
320.0
 21
44.6
 31
0.0
100
AcDbText
 73
2
  0
LINE
  5
400
330
17
100
AcDbEntity
  8
A_DIMENSIONS
100
AcDbLine
 10
260.0
 20
-6.0
 30
0.0
 11
347.91700000000003
 21
-6.0
 31
0.0
  0
LINE
  5
401
330
17
100
AcDbEntity
  8
A_DIMENSIONS
100
AcDbLine
 10
260.0
 20
-6.8
 30
0.0
 11
260.0
 21
0.0
 31
0.0
  0
LINE
  5
402
330
17
100
AcDbEntity
  8
A_DIMENSIONS
100
AcDbLine
 10
347.91700000000003
 20
-6.8
 30
0.0
 11
347.91700000000003
 21
0.0
 31
0.0
  0
TEXT
  5
403
330
17
100
AcDbEntity
  8
A_DIMENSIONS
100
AcDbText
 10
303.9585
 20
-7.5
 30
0.0
 40
1.0
  1
OVERALL PLOT FRONTAGE = 87'-11"
 72
1
 11
303.9585
 21
-7.5
 31
0.0
100
AcDbText
 73
2
  0
LINE
  5
404
330
17
100
AcDbEntity
  8
A_DIMENSIONS
100
AcDbLine
 10
278.0
 20
-3.0
 30
0.0
 11
296.5
 21
-3.0
 31
0.0
  0
LINE
  5
405
330
17
100
AcDbEntity
  8
A_DIMENSIONS
100
AcDbLine
 10
278.0
 20
-3.5
 30
0.0
 11
278.0
 21
-2.5
 31
0.0
  0
LINE
  5
406
330
17
100
AcDbEntity
  8
A_DIMENSIONS
100
AcDbLine
 10
296.5
 20
-3.5
 30
0.0
 11
296.5
 21
-2.5
 31
0.0
  0
TEXT
  5
407
330
17
100
AcDbEntity
  8
A_DIMENSIONS
100
AcDbText
 10
287.25
 20
-2.2
 30
0.0
 40
0.7
  1
18'-6"
 72
1
 11
287.25
 21
-2.2
 31
0.0
100
AcDbText
 73
2
  0
LINE
  5
408
330
17
100
AcDbEntity
  8
A_DIMENSIONS
100
AcDbLine
 10
296.5
 20
-3.0
 30
0.0
 11
311.75
 21
-3.0
 31
0.0
  0
LINE
  5
409
330
17
100
AcDbEntity
  8
A_DIMENSIONS
100
AcDbLine
 10
296.5
 20
-3.5
 30
0.0
 11
296.5
 21
-2.5
 31
0.0
  0
LINE
  5
40A
330
17
100
AcDbEntity
  8
A_DIMENSIONS
100
AcDbLine
 10
311.75
 20
-3.5
 30
0.0
 11
311.75
 21
-2.5
 31
0.0
  0
TEXT
  5
40B
330
17
100
AcDbEntity
  8
A_DIMENSIONS
100
AcDbText
 10
304.125
 20
-2.2
 30
0.0
 40
0.7
  1
15'-3"
 72
1
 11
304.125
 21
-2.2
 31
0.0
100
AcDbText
 73
2
  0
LINE
  5
40C
330
17
100
AcDbEntity
  8
A_DIMENSIONS
100
AcDbLine
 10
311.75
 20
-3.0
 30
0.0
 11
329.0
 21
-3.0
 31
0.0
  0
LINE
  5
40D
330
17
100
AcDbEntity
  8
A_DIMENSIONS
100
AcDbLine
 10
311.75
 20
-3.5
 30
0.0
 11
311.75
 21
-2.5
 31
0.0
  0
LINE
  5
40E
330
17
100
AcDbEntity
  8
A_DIMENSIONS
100
AcDbLine
 10
329.0
 20
-3.5
 30
0.0
 11
329.0
 21
-2.5
 31
0.0
  0
TEXT
  5
40F
330
17
100
AcDbEntity
  8
A_DIMENSIONS
100
AcDbText
 10
320.375
 20
-2.2
 30
0.0
 40
0.7
  1
17'-3"
 72
1
 11
320.375
 21
-2.2
 31
0.0
100
AcDbText
 73
2
  0
LINE
  5
410
330
17
100
AcDbEntity
  8
A_DIMENSIONS
100
AcDbLine
 10
329.0
 20
-3.0
 30
0.0
 11
344.75
 21
-3.0
 31
0.0
  0
LINE
  5
411
330
17
100
AcDbEntity
  8
A_DIMENSIONS
100
AcDbLine
 10
329.0
 20
-3.5
 30
0.0
 11
329.0
 21
-2.5
 31
0.0
  0
LINE
  5
412
330
17
100
AcDbEntity
  8
A_DIMENSIONS
100
AcDbLine
 10
344.75
 20
-3.5
 30
0.0
 11
344.75
 21
-2.5
 31
0.0
  0
TEXT
  5
413
330
17
100
AcDbEntity
  8
A_DIMENSIONS
100
AcDbText
 10
336.875
 20
-2.2
 30
0.0
 40
0.7
  1
15'-9"
 72
1
 11
336.875
 21
-2.2
 31
0.0
100
AcDbText
 73
2
  0
LWPOLYLINE
  5
414
330
17
100
AcDbEntity
  8
A_CANOPY
100
AcDbPolyline
 90
4
 70
1
 10
296.875
 20
0.0
 10
311.375
 20
0.0
 10
311.375
 20
20.5
 10
296.875
 20
20.5
  0
TEXT
  5
415
330
17
100
AcDbEntity
  8
A_CANOPY
100
AcDbText
 10
304.125
 20
10.25
 30
0.0
 40
1.0
  1
FRONT SUN TERRACE (OPEN TO SKY)
 72
1
 11
304.125
 21
10.25
 31
0.0
100
AcDbText
 73
2
  0
LWPOLYLINE
  5
416
330
17
100
AcDbEntity
  8
A_CANOPY
100
AcDbPolyline
 90
4
 70
1
 10
296.125
 20
20.5
 10
311.375
 20
20.5
 10
311.375
 20
33.75
 10
296.125
 20
33.75
  0
LWPOLYLINE
  5
417
330
17
100
AcDbEntity
  8
A_CANOPY
100
AcDbPolyline
 90
4
 70
1
 10
311.375
 20
28.25
 10
328.625
 20
28.25
 10
328.625
 20
42.5
 10
311.375
 20
42.5
  0
TEXT
  5
418
330
17
100
AcDbEntity
  8
G_TITLEBLOCK
100
AcDbText
 10
304.0
 20
-9.0
 30
0.0
 40
2.0
  1
SECOND FLOOR ARCHITECTURAL PLAN
 72
1
 11
304.0
 21
-9.0
 31
0.0
100
AcDbText
 73
2
  0
TEXT
  5
419
330
17
100
AcDbEntity
  8
G_TITLEBLOCK
100
AcDbText
 10
304.0
 20
-11.0
 30
0.0
 40
1.2
  1
DAATA HAMLET RESIDENCE | CANOPY ARCHITECTURE
 72
1
 11
304.0
 21
-11.0
 31
0.0
100
AcDbText
 73
2
  0
LWPOLYLINE
  5
41A
330
17
100
AcDbEntity
  8
0_BOUNDARY
100
AcDbPolyline
 90
8
 70
1
 10
390.0
 20
0.0
 10
400.4884
 20
10.0122
 10
414.5949
 20
26.1267
 10
431.1897
 20
36.8354
 10
457.6992
 20
50.701
 10
474.8373
 20
57.6678
 10
478.8145
 20
62.1602
 10
477.9167
 20
0.0
  0
CIRCLE
  5
41B
330
17
100
AcDbEntity
  8
0_BOUNDARY
100
AcDbCircle
 10
390.0
 20
0.0
 30
0.0
 40
0.5
  0
TEXT
  5
41C
330
17
100
AcDbEntity
  8
0_BOUNDARY
100
AcDbText
 10
390.8
 20
0.8
 30
0.0
 40
0.8
  1
P1
 11
390.8
 21
0.8
 31
0.0
100
AcDbText
 73
1
  0
CIRCLE
  5
41D
330
17
100
AcDbEntity
  8
0_BOUNDARY
100
AcDbCircle
 10
400.4884
 20
10.0122
 30
0.0
 40
0.5
  0
TEXT
  5
41E
330
17
100
AcDbEntity
  8
0_BOUNDARY
100
AcDbText
 10
401.2884
 20
10.8122
 30
0.0
 40
0.8
  1
P2
 11
401.2884
 21
10.8122
 31
0.0
100
AcDbText
 73
1
  0
CIRCLE
  5
41F
330
17
100
AcDbEntity
  8
0_BOUNDARY
100
AcDbCircle
 10
414.5949
 20
26.1267
 30
0.0
 40
0.5
  0
TEXT
  5
420
330
17
100
AcDbEntity
  8
0_BOUNDARY
100
AcDbText
 10
415.3949
 20
26.9267
 30
0.0
 40
0.8
  1
P3
 11
415.3949
 21
26.9267
 31
0.0
100
AcDbText
 73
1
  0
CIRCLE
  5
421
330
17
100
AcDbEntity
  8
0_BOUNDARY
100
AcDbCircle
 10
431.1897
 20
36.8354
 30
0.0
 40
0.5
  0
TEXT
  5
422
330
17
100
AcDbEntity
  8
0_BOUNDARY
100
AcDbText
 10
431.9897
 20
37.6354
 30
0.0
 40
0.8
  1
P4
 11
431.9897
 21
37.6354
 31
0.0
100
AcDbText
 73
1
  0
CIRCLE
  5
423
330
17
100
AcDbEntity
  8
0_BOUNDARY
100
AcDbCircle
 10
457.6992
 20
50.701
 30
0.0
 40
0.5
  0
TEXT
  5
424
330
17
100
AcDbEntity
  8
0_BOUNDARY
100
AcDbText
 10
458.49920000000003
 20
51.501
 30
0.0
 40
0.8
  1
P5
 11
458.49920000000003
 21
51.501
 31
0.0
100
AcDbText
 73
1
  0
CIRCLE
  5
425
330
17
100
AcDbEntity
  8
0_BOUNDARY
100
AcDbCircle
 10
474.8373
 20
57.6678
 30
0.0
 40
0.5
  0
TEXT
  5
426
330
17
100
AcDbEntity
  8
0_BOUNDARY
100
AcDbText
 10
475.63730000000004
 20
58.4678
 30
0.0
 40
0.8
  1
P6
 11
475.63730000000004
 21
58.4678
 31
0.0
100
AcDbText
 73
1
  0
CIRCLE
  5
427
330
17
100
AcDbEntity
  8
0_BOUNDARY
100
AcDbCircle
 10
478.8145
 20
62.1602
 30
0.0
 40
0.5
  0
TEXT
  5
428
330
17
100
AcDbEntity
  8
0_BOUNDARY
100
AcDbText
 10
479.6145
 20
62.9602
 30
0.0
 40
0.8
  1
P7
 11
479.6145
 21
62.9602
 31
0.0
100
AcDbText
 73
1
  0
CIRCLE
  5
429
330
17
100
AcDbEntity
  8
0_BOUNDARY
100
AcDbCircle
 10
477.9167
 20
0.0
 30
0.0
 40
0.5
  0
TEXT
  5
42A
330
17
100
AcDbEntity
  8
0_BOUNDARY
100
AcDbText
 10
478.7167
 20
0.8
 30
0.0
 40
0.8
  1
P0
 11
478.7167
 21
0.8
 31
0.0
100
AcDbText
 73
1
  0
TEXT
  5
42B
330
17
100
AcDbEntity
  8
0_BOUNDARY
100
AcDbText
 10
395.2442
 20
5.0061
 30
0.0
 40
0.7
  1
P1-P2: 14'-6"
 72
1
 11
395.2442
 21
5.0061
 31
0.0
100
AcDbText
 73
2
  0
TEXT
  5
42C
330
17
100
AcDbEntity
  8
0_BOUNDARY
100
AcDbText
 10
407.54165
 20
18.06945
 30
0.0
 40
0.7
  1
P2-P3: 21'-5"
 72
1
 11
407.54165
 21
18.06945
 31
0.0
100
AcDbText
 73
2
  0
TEXT
  5
42D
330
17
100
AcDbEntity
  8
0_BOUNDARY
100
AcDbText
 10
422.8923
 20
31.48105
 30
0.0
 40
0.7
  1
P3-P4: 19'-9"
 72
1
 11
422.8923
 21
31.48105
 31
0.0
100
AcDbText
 73
2
  0
TEXT
  5
42E
330
17
100
AcDbEntity
  8
0_BOUNDARY
100
AcDbText
 10
444.44445
 20
43.7682
 30
0.0
 40
0.7
  1
P4-P5: 29'-11"
 72
1
 11
444.44445
 21
43.7682
 31
0.0
100
AcDbText
 73
2
  0
TEXT
  5
42F
330
17
100
AcDbEntity
  8
0_BOUNDARY
100
AcDbText
 10
466.26824999999997
 20
54.1844
 30
0.0
 40
0.7
  1
P5-P6: 18'-6"
 72
1
 11
466.26824999999997
 21
54.1844
 31
0.0
100
AcDbText
 73
2
  0
TEXT
  5
430
330
17
100
AcDbEntity
  8
0_BOUNDARY
100
AcDbText
 10
476.8259
 20
59.914
 30
0.0
 40
0.7
  1
P6-P7: 6'-0"
 72
1
 11
476.8259
 21
59.914
 31
0.0
100
AcDbText
 73
2
  0
TEXT
  5
431
330
17
100
AcDbEntity
  8
0_BOUNDARY
100
AcDbText
 10
478.3656
 20
31.0801
 30
0.0
 40
0.7
  1
P7-P0: 62'-2"
 72
1
 11
478.3656
 21
31.0801
 31
0.0
100
AcDbText
 73
2
  0
TEXT
  5
432
330
17
100
AcDbEntity
  8
0_BOUNDARY
100
AcDbText
 10
433.95835
 20
0.0
 30
0.0
 40
0.7
  1
P0-P1: 87'-11"
 72
1
 11
433.95835
 21
0.0
 31
0.0
100
AcDbText
 73
2
  0
LINE
  5
433
330
17
100
AcDbEntity
  8
S_GRID_LINES
100
AcDbLine
 10
408.0
 20
-4.0
 30
0.0
 11
408.0
 21
65.0
 31
0.0
  0
CIRCLE
  5
434
330
17
100
AcDbEntity
  8
S_GRID_BUBBLES
100
AcDbCircle
 10
408.0
 20
-5.7
 30
0.0
 40
1.2
  0
TEXT
  5
435
330
17
100
AcDbEntity
  8
S_GRID_BUBBLES
100
AcDbText
 10
408.0
 20
-5.7
 30
0.0
 40
1.0
  1
A
 72
1
 11
408.0
 21
-5.7
 31
0.0
100
AcDbText
 73
2
  0
CIRCLE
  5
436
330
17
100
AcDbEntity
  8
S_GRID_BUBBLES
100
AcDbCircle
 10
408.0
 20
66.7
 30
0.0
 40
1.2
  0
TEXT
  5
437
330
17
100
AcDbEntity
  8
S_GRID_BUBBLES
100
AcDbText
 10
408.0
 20
66.7
 30
0.0
 40
1.0
  1
A
 72
1
 11
408.0
 21
66.7
 31
0.0
100
AcDbText
 73
2
  0
LINE
  5
438
330
17
100
AcDbEntity
  8
S_GRID_LINES
100
AcDbLine
 10
426.5
 20
-4.0
 30
0.0
 11
426.5
 21
65.0
 31
0.0
  0
CIRCLE
  5
439
330
17
100
AcDbEntity
  8
S_GRID_BUBBLES
100
AcDbCircle
 10
426.5
 20
-5.7
 30
0.0
 40
1.2
  0
TEXT
  5
43A
330
17
100
AcDbEntity
  8
S_GRID_BUBBLES
100
AcDbText
 10
426.5
 20
-5.7
 30
0.0
 40
1.0
  1
B
 72
1
 11
426.5
 21
-5.7
 31
0.0
100
AcDbText
 73
2
  0
CIRCLE
  5
43B
330
17
100
AcDbEntity
  8
S_GRID_BUBBLES
100
AcDbCircle
 10
426.5
 20
66.7
 30
0.0
 40
1.2
  0
TEXT
  5
43C
330
17
100
AcDbEntity
  8
S_GRID_BUBBLES
100
AcDbText
 10
426.5
 20
66.7
 30
0.0
 40
1.0
  1
B
 72
1
 11
426.5
 21
66.7
 31
0.0
100
AcDbText
 73
2
  0
LINE
  5
43D
330
17
100
AcDbEntity
  8
S_GRID_LINES
100
AcDbLine
 10
441.75
 20
-4.0
 30
0.0
 11
441.75
 21
65.0
 31
0.0
  0
CIRCLE
  5
43E
330
17
100
AcDbEntity
  8
S_GRID_BUBBLES
100
AcDbCircle
 10
441.75
 20
-5.7
 30
0.0
 40
1.2
  0
TEXT
  5
43F
330
17
100
AcDbEntity
  8
S_GRID_BUBBLES
100
AcDbText
 10
441.75
 20
-5.7
 30
0.0
 40
1.0
  1
C
 72
1
 11
441.75
 21
-5.7
 31
0.0
100
AcDbText
 73
2
  0
CIRCLE
  5
440
330
17
100
AcDbEntity
  8
S_GRID_BUBBLES
100
AcDbCircle
 10
441.75
 20
66.7
 30
0.0
 40
1.2
  0
TEXT
  5
441
330
17
100
AcDbEntity
  8
S_GRID_BUBBLES
100
AcDbText
 10
441.75
 20
66.7
 30
0.0
 40
1.0
  1
C
 72
1
 11
441.75
 21
66.7
 31
0.0
100
AcDbText
 73
2
  0
LINE
  5
442
330
17
100
AcDbEntity
  8
S_GRID_LINES
100
AcDbLine
 10
447.0
 20
-4.0
 30
0.0
 11
447.0
 21
65.0
 31
0.0
  0
CIRCLE
  5
443
330
17
100
AcDbEntity
  8
S_GRID_BUBBLES
100
AcDbCircle
 10
447.0
 20
-5.7
 30
0.0
 40
1.2
  0
TEXT
  5
444
330
17
100
AcDbEntity
  8
S_GRID_BUBBLES
100
AcDbText
 10
447.0
 20
-5.7
 30
0.0
 40
1.0
  1
C'
 72
1
 11
447.0
 21
-5.7
 31
0.0
100
AcDbText
 73
2
  0
CIRCLE
  5
445
330
17
100
AcDbEntity
  8
S_GRID_BUBBLES
100
AcDbCircle
 10
447.0
 20
66.7
 30
0.0
 40
1.2
  0
TEXT
  5
446
330
17
100
AcDbEntity
  8
S_GRID_BUBBLES
100
AcDbText
 10
447.0
 20
66.7
 30
0.0
 40
1.0
  1
C'
 72
1
 11
447.0
 21
66.7
 31
0.0
100
AcDbText
 73
2
  0
LINE
  5
447
330
17
100
AcDbEntity
  8
S_GRID_LINES
100
AcDbLine
 10
459.0
 20
-4.0
 30
0.0
 11
459.0
 21
65.0
 31
0.0
  0
CIRCLE
  5
448
330
17
100
AcDbEntity
  8
S_GRID_BUBBLES
100
AcDbCircle
 10
459.0
 20
-5.7
 30
0.0
 40
1.2
  0
TEXT
  5
449
330
17
100
AcDbEntity
  8
S_GRID_BUBBLES
100
AcDbText
 10
459.0
 20
-5.7
 30
0.0
 40
1.0
  1
D
 72
1
 11
459.0
 21
-5.7
 31
0.0
100
AcDbText
 73
2
  0
CIRCLE
  5
44A
330
17
100
AcDbEntity
  8
S_GRID_BUBBLES
100
AcDbCircle
 10
459.0
 20
66.7
 30
0.0
 40
1.2
  0
TEXT
  5
44B
330
17
100
AcDbEntity
  8
S_GRID_BUBBLES
100
AcDbText
 10
459.0
 20
66.7
 30
0.0
 40
1.0
  1
D
 72
1
 11
459.0
 21
66.7
 31
0.0
100
AcDbText
 73
2
  0
LINE
  5
44C
330
17
100
AcDbEntity
  8
S_GRID_LINES
100
AcDbLine
 10
474.75
 20
-4.0
 30
0.0
 11
474.75
 21
65.0
 31
0.0
  0
CIRCLE
  5
44D
330
17
100
AcDbEntity
  8
S_GRID_BUBBLES
100
AcDbCircle
 10
474.75
 20
-5.7
 30
0.0
 40
1.2
  0
TEXT
  5
44E
330
17
100
AcDbEntity
  8
S_GRID_BUBBLES
100
AcDbText
 10
474.75
 20
-5.7
 30
0.0
 40
1.0
  1
E
 72
1
 11
474.75
 21
-5.7
 31
0.0
100
AcDbText
 73
2
  0
CIRCLE
  5
44F
330
17
100
AcDbEntity
  8
S_GRID_BUBBLES
100
AcDbCircle
 10
474.75
 20
66.7
 30
0.0
 40
1.2
  0
TEXT
  5
450
330
17
100
AcDbEntity
  8
S_GRID_BUBBLES
100
AcDbText
 10
474.75
 20
66.7
 30
0.0
 40
1.0
  1
E
 72
1
 11
474.75
 21
66.7
 31
0.0
100
AcDbText
 73
2
  0
LINE
  5
451
330
17
100
AcDbEntity
  8
S_GRID_LINES
100
AcDbLine
 10
385.0
 20
3.375
 30
0.0
 11
483.0
 21
3.375
 31
0.0
  0
CIRCLE
  5
452
330
17
100
AcDbEntity
  8
S_GRID_BUBBLES
100
AcDbCircle
 10
383.3
 20
3.375
 30
0.0
 40
1.2
  0
TEXT
  5
453
330
17
100
AcDbEntity
  8
S_GRID_BUBBLES
100
AcDbText
 10
383.3
 20
3.375
 30
0.0
 40
1.0
  1
1
 72
1
 11
383.3
 21
3.375
 31
0.0
100
AcDbText
 73
2
  0
CIRCLE
  5
454
330
17
100
AcDbEntity
  8
S_GRID_BUBBLES
100
AcDbCircle
 10
484.7
 20
3.375
 30
0.0
 40
1.2
  0
TEXT
  5
455
330
17
100
AcDbEntity
  8
S_GRID_BUBBLES
100
AcDbText
 10
484.7
 20
3.375
 30
0.0
 40
1.0
  1
1
 72
1
 11
484.7
 21
3.375
 31
0.0
100
AcDbText
 73
2
  0
LINE
  5
456
330
17
100
AcDbEntity
  8
S_GRID_LINES
100
AcDbLine
 10
385.0
 20
20.125
 30
0.0
 11
483.0
 21
20.125
 31
0.0
  0
CIRCLE
  5
457
330
17
100
AcDbEntity
  8
S_GRID_BUBBLES
100
AcDbCircle
 10
383.3
 20
20.125
 30
0.0
 40
1.2
  0
TEXT
  5
458
330
17
100
AcDbEntity
  8
S_GRID_BUBBLES
100
AcDbText
 10
383.3
 20
20.125
 30
0.0
 40
1.0
  1
2
 72
1
 11
383.3
 21
20.125
 31
0.0
100
AcDbText
 73
2
  0
CIRCLE
  5
459
330
17
100
AcDbEntity
  8
S_GRID_BUBBLES
100
AcDbCircle
 10
484.7
 20
20.125
 30
0.0
 40
1.2
  0
TEXT
  5
45A
330
17
100
AcDbEntity
  8
S_GRID_BUBBLES
100
AcDbText
 10
484.7
 20
20.125
 30
0.0
 40
1.0
  1
2
 72
1
 11
484.7
 21
20.125
 31
0.0
100
AcDbText
 73
2
  0
LINE
  5
45B
330
17
100
AcDbEntity
  8
S_GRID_LINES
100
AcDbLine
 10
385.0
 20
28.5
 30
0.0
 11
483.0
 21
28.5
 31
0.0
  0
CIRCLE
  5
45C
330
17
100
AcDbEntity
  8
S_GRID_BUBBLES
100
AcDbCircle
 10
383.3
 20
28.5
 30
0.0
 40
1.2
  0
TEXT
  5
45D
330
17
100
AcDbEntity
  8
S_GRID_BUBBLES
100
AcDbText
 10
383.3
 20
28.5
 30
0.0
 40
1.0
  1
3
 72
1
 11
383.3
 21
28.5
 31
0.0
100
AcDbText
 73
2
  0
CIRCLE
  5
45E
330
17
100
AcDbEntity
  8
S_GRID_BUBBLES
100
AcDbCircle
 10
484.7
 20
28.5
 30
0.0
 40
1.2
  0
TEXT
  5
45F
330
17
100
AcDbEntity
  8
S_GRID_BUBBLES
100
AcDbText
 10
484.7
 20
28.5
 30
0.0
 40
1.0
  1
3
 72
1
 11
484.7
 21
28.5
 31
0.0
100
AcDbText
 73
2
  0
LINE
  5
460
330
17
100
AcDbEntity
  8
S_GRID_LINES
100
AcDbLine
 10
385.0
 20
36.5
 30
0.0
 11
483.0
 21
36.5
 31
0.0
  0
CIRCLE
  5
461
330
17
100
AcDbEntity
  8
S_GRID_BUBBLES
100
AcDbCircle
 10
383.3
 20
36.5
 30
0.0
 40
1.2
  0
TEXT
  5
462
330
17
100
AcDbEntity
  8
S_GRID_BUBBLES
100
AcDbText
 10
383.3
 20
36.5
 30
0.0
 40
1.0
  1
4
 72
1
 11
383.3
 21
36.5
 31
0.0
100
AcDbText
 73
2
  0
CIRCLE
  5
463
330
17
100
AcDbEntity
  8
S_GRID_BUBBLES
100
AcDbCircle
 10
484.7
 20
36.5
 30
0.0
 40
1.2
  0
TEXT
  5
464
330
17
100
AcDbEntity
  8
S_GRID_BUBBLES
100
AcDbText
 10
484.7
 20
36.5
 30
0.0
 40
1.0
  1
4
 72
1
 11
484.7
 21
36.5
 31
0.0
100
AcDbText
 73
2
  0
LINE
  5
465
330
17
100
AcDbEntity
  8
S_GRID_LINES
100
AcDbLine
 10
385.0
 20
42.125
 30
0.0
 11
483.0
 21
42.125
 31
0.0
  0
CIRCLE
  5
466
330
17
100
AcDbEntity
  8
S_GRID_BUBBLES
100
AcDbCircle
 10
383.3
 20
42.125
 30
0.0
 40
1.2
  0
TEXT
  5
467
330
17
100
AcDbEntity
  8
S_GRID_BUBBLES
100
AcDbText
 10
383.3
 20
42.125
 30
0.0
 40
1.0
  1
5
 72
1
 11
383.3
 21
42.125
 31
0.0
100
AcDbText
 73
2
  0
CIRCLE
  5
468
330
17
100
AcDbEntity
  8
S_GRID_BUBBLES
100
AcDbCircle
 10
484.7
 20
42.125
 30
0.0
 40
1.2
  0
TEXT
  5
469
330
17
100
AcDbEntity
  8
S_GRID_BUBBLES
100
AcDbText
 10
484.7
 20
42.125
 30
0.0
 40
1.0
  1
5
 72
1
 11
484.7
 21
42.125
 31
0.0
100
AcDbText
 73
2
  0
LINE
  5
46A
330
17
100
AcDbEntity
  8
S_GRID_LINES
100
AcDbLine
 10
385.0
 20
48.0
 30
0.0
 11
483.0
 21
48.0
 31
0.0
  0
CIRCLE
  5
46B
330
17
100
AcDbEntity
  8
S_GRID_BUBBLES
100
AcDbCircle
 10
383.3
 20
48.0
 30
0.0
 40
1.2
  0
TEXT
  5
46C
330
17
100
AcDbEntity
  8
S_GRID_BUBBLES
100
AcDbText
 10
383.3
 20
48.0
 30
0.0
 40
1.0
  1
6
 72
1
 11
383.3
 21
48.0
 31
0.0
100
AcDbText
 73
2
  0
CIRCLE
  5
46D
330
17
100
AcDbEntity
  8
S_GRID_BUBBLES
100
AcDbCircle
 10
484.7
 20
48.0
 30
0.0
 40
1.2
  0
TEXT
  5
46E
330
17
100
AcDbEntity
  8
S_GRID_BUBBLES
100
AcDbText
 10
484.7
 20
48.0
 30
0.0
 40
1.0
  1
6
 72
1
 11
484.7
 21
48.0
 31
0.0
100
AcDbText
 73
2
  0
LINE
  5
46F
330
17
100
AcDbEntity
  8
S_GRID_LINES
100
AcDbLine
 10
385.0
 20
55.5
 30
0.0
 11
483.0
 21
55.5
 31
0.0
  0
CIRCLE
  5
470
330
17
100
AcDbEntity
  8
S_GRID_BUBBLES
100
AcDbCircle
 10
383.3
 20
55.5
 30
0.0
 40
1.2
  0
TEXT
  5
471
330
17
100
AcDbEntity
  8
S_GRID_BUBBLES
100
AcDbText
 10
383.3
 20
55.5
 30
0.0
 40
1.0
  1
7
 72
1
 11
383.3
 21
55.5
 31
0.0
100
AcDbText
 73
2
  0
CIRCLE
  5
472
330
17
100
AcDbEntity
  8
S_GRID_BUBBLES
100
AcDbCircle
 10
484.7
 20
55.5
 30
0.0
 40
1.2
  0
TEXT
  5
473
330
17
100
AcDbEntity
  8
S_GRID_BUBBLES
100
AcDbText
 10
484.7
 20
55.5
 30
0.0
 40
1.0
  1
7
 72
1
 11
484.7
 21
55.5
 31
0.0
100
AcDbText
 73
2
  0
LWPOLYLINE
  5
474
330
17
100
AcDbEntity
  8
S_COLUMNS
100
AcDbPolyline
 90
4
 70
1
 10
458.625
 20
35.75
 10
459.375
 20
35.75
 10
459.375
 20
37.25
 10
458.625
 20
37.25
  0
HATCH
  5
475
330
17
100
AcDbEntity
  8
S_COLUMNS_HATCH
 62
7
100
AcDbHatch
 10
0.0
 20
0.0
 30
0.0
210
0.0
220
0.0
230
1.0
  2
SOLID
 70
0
 71
0
 91
1
 92
3
 72
0
 73
1
 93
4
 10
458.625
 20
35.75
 10
459.375
 20
35.75
 10
459.375
 20
37.25
 10
458.625
 20
37.25
 97
0
 75
1
 76
1
 52
0.0
 41
1.0
 77
0
 78
1
 53
45.0
 43
0.0
 44
0.0
 45
-0.0034798562
 46
0.0034798562
 79
0
 98
0
  0
TEXT
  5
476
330
17
100
AcDbEntity
  8
S_COLUMNS
100
AcDbText
 10
459.0
 20
36.5
 30
0.0
 40
0.55
  1
D4
 72
1
 11
459.0
 21
36.5
 31
0.0
100
AcDbText
 73
2
  0
LWPOLYLINE
  5
477
330
17
100
AcDbEntity
  8
S_COLUMNS
100
AcDbPolyline
 90
4
 70
1
 10
474.375
 20
35.75
 10
475.125
 20
35.75
 10
475.125
 20
37.25
 10
474.375
 20
37.25
  0
HATCH
  5
478
330
17
100
AcDbEntity
  8
S_COLUMNS_HATCH
 62
7
100
AcDbHatch
 10
0.0
 20
0.0
 30
0.0
210
0.0
220
0.0
230
1.0
  2
SOLID
 70
0
 71
0
 91
1
 92
3
 72
0
 73
1
 93
4
 10
474.375
 20
35.75
 10
475.125
 20
35.75
 10
475.125
 20
37.25
 10
474.375
 20
37.25
 97
0
 75
1
 76
1
 52
0.0
 41
1.0
 77
0
 78
1
 53
45.0
 43
0.0
 44
0.0
 45
-0.0034798562
 46
0.0034798562
 79
0
 98
0
  0
TEXT
  5
479
330
17
100
AcDbEntity
  8
S_COLUMNS
100
AcDbText
 10
474.75
 20
36.5
 30
0.0
 40
0.55
  1
E4
 72
1
 11
474.75
 21
36.5
 31
0.0
100
AcDbText
 73
2
  0
LWPOLYLINE
  5
47A
330
17
100
AcDbEntity
  8
S_COLUMNS
100
AcDbPolyline
 90
4
 70
1
 10
474.375
 20
47.25
 10
475.125
 20
47.25
 10
475.125
 20
48.75
 10
474.375
 20
48.75
  0
HATCH
  5
47B
330
17
100
AcDbEntity
  8
S_COLUMNS_HATCH
 62
7
100
AcDbHatch
 10
0.0
 20
0.0
 30
0.0
210
0.0
220
0.0
230
1.0
  2
SOLID
 70
0
 71
0
 91
1
 92
3
 72
0
 73
1
 93
4
 10
474.375
 20
47.25
 10
475.125
 20
47.25
 10
475.125
 20
48.75
 10
474.375
 20
48.75
 97
0
 75
1
 76
1
 52
0.0
 41
1.0
 77
0
 78
1
 53
45.0
 43
0.0
 44
0.0
 45
-0.0034798562
 46
0.0034798562
 79
0
 98
0
  0
TEXT
  5
47C
330
17
100
AcDbEntity
  8
S_COLUMNS
100
AcDbText
 10
474.75
 20
48.0
 30
0.0
 40
0.55
  1
E6
 72
1
 11
474.75
 21
48.0
 31
0.0
100
AcDbText
 73
2
  0
LWPOLYLINE
  5
47D
330
17
100
AcDbEntity
  8
A_WALLS
100
AcDbPolyline
 90
4
 70
1
 10
452.625
 20
20.5
 10
453.375
 20
20.5
 10
453.375
 20
32.5
 10
452.625
 20
32.5
  0
LWPOLYLINE
  5
47E
330
17
100
AcDbEntity
  8
A_WALLS
100
AcDbPolyline
 90
4
 70
1
 10
458.625
 20
20.5
 10
459.375
 20
20.5
 10
459.375
 20
32.5
 10
458.625
 20
32.5
  0
LWPOLYLINE
  5
47F
330
17
100
AcDbEntity
  8
A_WALLS
100
AcDbPolyline
 90
4
 70
1
 10
452.625
 20
20.5
 10
459.375
 20
20.5
 10
459.375
 20
21.25
 10
452.625
 20
21.25
  0
LWPOLYLINE
  5
480
330
17
100
AcDbEntity
  8
A_WALLS
100
AcDbPolyline
 90
4
 70
1
 10
452.625
 20
31.75
 10
459.375
 20
31.75
 10
459.375
 20
32.5
 10
452.625
 20
32.5
  0
LWPOLYLINE
  5
481
330
17
100
AcDbEntity
  8
A_WALLS
100
AcDbPolyline
 90
9
 70
1
 10
450.0
 20
20.5
 10
450.0
 20
36.0
 10
458.625
 20
36.0
 10
458.625
 20
37.0
 10
475.125
 20
37.0
 10
475.125
 20
20.5
 10
459.375
 20
20.5
 10
458.625
 20
20.5
 10
450.0
 20
20.5
  0
LWPOLYLINE
  5
482
330
17
100
AcDbEntity
  8
A_WALLS
100
AcDbPolyline
 90
5
 70
1
 10
459.375
 20
24.5
 10
459.375
 20
36.0
 10
450.0
 20
36.0
 10
450.0
 20
24.5
 10
459.375
 20
24.5
  0
LWPOLYLINE
  5
483
330
17
100
AcDbEntity
  8
A_STAIRS
100
AcDbPolyline
 90
4
 70
1
 10
452.625
 20
20.5
 10
458.625
 20
20.5
 10
458.625
 20
24.5
 10
452.625
 20
24.5
  0
TEXT
  5
484
330
17
100
AcDbEntity
  8
A_STAIRS
100
AcDbText
 10
455.625
 20
23.3
 30
0.0
 40
0.7
  1
MID-LANDING (+7'-0")
 72
1
 11
455.625
 21
23.3
 31
0.0
100
AcDbText
 73
2
  0
TEXT
  5
485
330
17
100
AcDbEntity
  8
A_STAIRS
100
AcDbText
 10
455.625
 20
22.0
 30
0.0
 40
0.55
  1
POWDER ROOM UNDER (+7' CLG)
 72
1
 11
455.625
 21
22.0
 31
0.0
100
AcDbText
 73
2
  0
LINE
  5
486
330
17
100
AcDbEntity
  8
A_STAIRS
100
AcDbLine
 10
455.5
 20
24.5
 30
0.0
 11
455.5
 21
33.0
 31
0.0
  0
LINE
  5
487
330
17
100
AcDbEntity
  8
A_STAIRS
100
AcDbLine
 10
455.75
 20
24.5
 30
0.0
 11
455.75
 21
33.0
 31
0.0
  0
LINE
  5
488
330
17
100
AcDbEntity
  8
A_STAIRS
100
AcDbLine
 10
452.625
 20
24.5
 30
0.0
 11
452.625
 21
33.0
 31
0.0
  0
LINE
  5
489
330
17
100
AcDbEntity
  8
A_STAIRS
100
AcDbLine
 10
458.625
 20
24.5
 30
0.0
 11
458.625
 21
29.0
 31
0.0
  0
LINE
  5
48A
330
17
100
AcDbEntity
  8
A_STAIRS
100
AcDbLine
 10
455.75
 20
29.0
 30
0.0
 11
458.625
 21
29.0
 31
0.0
  0
LINE
  5
48B
330
17
100
AcDbEntity
  8
A_STAIRS
  6
Continuous
100
AcDbLine
 10
452.625
 20
33.0
 30
0.0
 11
455.5
 21
33.0
 31
0.0
  0
TEXT
  5
48C
330
17
100
AcDbEntity
  8
A_STAIRS
100
AcDbText
 10
454.0625
 20
32.575
 30
0.0
 40
0.5
  1
1
 72
1
 11
454.0625
 21
32.575
 31
0.0
100
AcDbText
 73
2
  0
LINE
  5
48D
330
17
100
AcDbEntity
  8
A_STAIRS
  6
Continuous
100
AcDbLine
 10
452.625
 20
32.15
 30
0.0
 11
455.5
 21
32.15
 31
0.0
  0
TEXT
  5
48E
330
17
100
AcDbEntity
  8
A_STAIRS
100
AcDbText
 10
454.0625
 20
31.724999999999998
 30
0.0
 40
0.5
  1
2
 72
1
 11
454.0625
 21
31.724999999999998
 31
0.0
100
AcDbText
 73
2
  0
LINE
  5
48F
330
17
100
AcDbEntity
  8
A_STAIRS
  6
Continuous
100
AcDbLine
 10
452.625
 20
31.3
 30
0.0
 11
455.5
 21
31.3
 31
0.0
  0
TEXT
  5
490
330
17
100
AcDbEntity
  8
A_STAIRS
100
AcDbText
 10
454.0625
 20
30.875
 30
0.0
 40
0.5
  1
3
 72
1
 11
454.0625
 21
30.875
 31
0.0
100
AcDbText
 73
2
  0
LINE
  5
491
330
17
100
AcDbEntity
  8
A_STAIRS
  6
Continuous
100
AcDbLine
 10
452.625
 20
30.45
 30
0.0
 11
455.5
 21
30.45
 31
0.0
  0
TEXT
  5
492
330
17
100
AcDbEntity
  8
A_STAIRS
100
AcDbText
 10
454.0625
 20
30.025
 30
0.0
 40
0.5
  1
4
 72
1
 11
454.0625
 21
30.025
 31
0.0
100
AcDbText
 73
2
  0
LINE
  5
493
330
17
100
AcDbEntity
  8
A_STAIRS
  6
Continuous
100
AcDbLine
 10
452.625
 20
29.6
 30
0.0
 11
455.5
 21
29.6
 31
0.0
  0
TEXT
  5
494
330
17
100
AcDbEntity
  8
A_STAIRS
100
AcDbText
 10
454.0625
 20
29.175
 30
0.0
 40
0.5
  1
5
 72
1
 11
454.0625
 21
29.175
 31
0.0
100
AcDbText
 73
2
  0
LINE
  5
495
330
17
100
AcDbEntity
  8
A_STAIRS
  6
DASHED
100
AcDbLine
 10
452.625
 20
28.75
 30
0.0
 11
455.5
 21
28.75
 31
0.0
  0
LINE
  5
496
330
17
100
AcDbEntity
  8
A_STAIRS
  6
DASHED
100
AcDbLine
 10
452.625
 20
27.9
 30
0.0
 11
455.5
 21
27.9
 31
0.0
  0
LINE
  5
497
330
17
100
AcDbEntity
  8
A_STAIRS
  6
DASHED
100
AcDbLine
 10
452.625
 20
27.05
 30
0.0
 11
455.5
 21
27.05
 31
0.0
  0
LINE
  5
498
330
17
100
AcDbEntity
  8
A_STAIRS
  6
DASHED
100
AcDbLine
 10
452.625
 20
26.2
 30
0.0
 11
455.5
 21
26.2
 31
0.0
  0
LINE
  5
499
330
17
100
AcDbEntity
  8
A_STAIRS
  6
DASHED
100
AcDbLine
 10
452.625
 20
25.35
 30
0.0
 11
455.5
 21
25.35
 31
0.0
  0
LINE
  5
49A
330
17
100
AcDbEntity
  8
A_STAIRS
100
AcDbLine
 10
454.0625
 20
32.5
 30
0.0
 11
454.0625
 21
29.5
 31
0.0
  0
TEXT
  5
49B
330
17
100
AcDbEntity
  8
A_STAIRS
100
AcDbText
 10
453.2625
 20
31.0
 30
0.0
 40
0.6
  1
UP (TO +7')
 72
1
 11
453.2625
 21
31.0
 31
0.0
100
AcDbText
 73
2
  0
LINE
  5
49C
330
17
100
AcDbEntity
  8
A_STAIRS
  6
DASHED
100
AcDbLine
 10
455.75
 20
25.4
 30
0.0
 11
458.625
 21
25.4
 31
0.0
  0
LINE
  5
49D
330
17
100
AcDbEntity
  8
A_STAIRS
  6
DASHED
100
AcDbLine
 10
455.75
 20
26.3
 30
0.0
 11
458.625
 21
26.3
 31
0.0
  0
LINE
  5
49E
330
17
100
AcDbEntity
  8
A_STAIRS
  6
DASHED
100
AcDbLine
 10
455.75
 20
27.2
 30
0.0
 11
458.625
 21
27.2
 31
0.0
  0
LINE
  5
49F
330
17
100
AcDbEntity
  8
A_STAIRS
  6
DASHED
100
AcDbLine
 10
455.75
 20
28.1
 30
0.0
 11
458.625
 21
28.1
 31
0.0
  0
LINE
  5
4A0
330
17
100
AcDbEntity
  8
A_STAIRS
  6
DASHED
100
AcDbLine
 10
455.75
 20
29.0
 30
0.0
 11
458.625
 21
29.0
 31
0.0
  0
LINE
  5
4A1
330
17
100
AcDbEntity
  8
A_STAIRS
  6
DASHED
100
AcDbLine
 10
457.1875
 20
25.0
 30
0.0
 11
457.1875
 21
28.0
 31
0.0
  0
TEXT
  5
4A2
330
17
100
AcDbEntity
  8
A_STAIRS
100
AcDbText
 10
457.9875
 20
26.5
 30
0.0
 40
0.6
  1
UP TO 1F
 72
1
 11
457.9875
 21
26.5
 31
0.0
100
AcDbText
 73
2
  0
LINE
  5
4A3
330
17
100
AcDbEntity
  8
A_DIMENSIONS
100
AcDbLine
 10
390.0
 20
-6.0
 30
0.0
 11
477.91700000000003
 21
-6.0
 31
0.0
  0
LINE
  5
4A4
330
17
100
AcDbEntity
  8
A_DIMENSIONS
100
AcDbLine
 10
390.0
 20
-6.8
 30
0.0
 11
390.0
 21
0.0
 31
0.0
  0
LINE
  5
4A5
330
17
100
AcDbEntity
  8
A_DIMENSIONS
100
AcDbLine
 10
477.91700000000003
 20
-6.8
 30
0.0
 11
477.91700000000003
 21
0.0
 31
0.0
  0
TEXT
  5
4A6
330
17
100
AcDbEntity
  8
A_DIMENSIONS
100
AcDbText
 10
433.9585
 20
-7.5
 30
0.0
 40
1.0
  1
OVERALL PLOT FRONTAGE = 87'-11"
 72
1
 11
433.9585
 21
-7.5
 31
0.0
100
AcDbText
 73
2
  0
LINE
  5
4A7
330
17
100
AcDbEntity
  8
A_DIMENSIONS
100
AcDbLine
 10
408.0
 20
-3.0
 30
0.0
 11
426.5
 21
-3.0
 31
0.0
  0
LINE
  5
4A8
330
17
100
AcDbEntity
  8
A_DIMENSIONS
100
AcDbLine
 10
408.0
 20
-3.5
 30
0.0
 11
408.0
 21
-2.5
 31
0.0
  0
LINE
  5
4A9
330
17
100
AcDbEntity
  8
A_DIMENSIONS
100
AcDbLine
 10
426.5
 20
-3.5
 30
0.0
 11
426.5
 21
-2.5
 31
0.0
  0
TEXT
  5
4AA
330
17
100
AcDbEntity
  8
A_DIMENSIONS
100
AcDbText
 10
417.25
 20
-2.2
 30
0.0
 40
0.7
  1
18'-6"
 72
1
 11
417.25
 21
-2.2
 31
0.0
100
AcDbText
 73
2
  0
LINE
  5
4AB
330
17
100
AcDbEntity
  8
A_DIMENSIONS
100
AcDbLine
 10
426.5
 20
-3.0
 30
0.0
 11
441.75
 21
-3.0
 31
0.0
  0
LINE
  5
4AC
330
17
100
AcDbEntity
  8
A_DIMENSIONS
100
AcDbLine
 10
426.5
 20
-3.5
 30
0.0
 11
426.5
 21
-2.5
 31
0.0
  0
LINE
  5
4AD
330
17
100
AcDbEntity
  8
A_DIMENSIONS
100
AcDbLine
 10
441.75
 20
-3.5
 30
0.0
 11
441.75
 21
-2.5
 31
0.0
  0
TEXT
  5
4AE
330
17
100
AcDbEntity
  8
A_DIMENSIONS
100
AcDbText
 10
434.125
 20
-2.2
 30
0.0
 40
0.7
  1
15'-3"
 72
1
 11
434.125
 21
-2.2
 31
0.0
100
AcDbText
 73
2
  0
LINE
  5
4AF
330
17
100
AcDbEntity
  8
A_DIMENSIONS
100
AcDbLine
 10
441.75
 20
-3.0
 30
0.0
 11
459.0
 21
-3.0
 31
0.0
  0
LINE
  5
4B0
330
17
100
AcDbEntity
  8
A_DIMENSIONS
100
AcDbLine
 10
441.75
 20
-3.5
 30
0.0
 11
441.75
 21
-2.5
 31
0.0
  0
LINE
  5
4B1
330
17
100
AcDbEntity
  8
A_DIMENSIONS
100
AcDbLine
 10
459.0
 20
-3.5
 30
0.0
 11
459.0
 21
-2.5
 31
0.0
  0
TEXT
  5
4B2
330
17
100
AcDbEntity
  8
A_DIMENSIONS
100
AcDbText
 10
450.375
 20
-2.2
 30
0.0
 40
0.7
  1
17'-3"
 72
1
 11
450.375
 21
-2.2
 31
0.0
100
AcDbText
 73
2
  0
LINE
  5
4B3
330
17
100
AcDbEntity
  8
A_DIMENSIONS
100
AcDbLine
 10
459.0
 20
-3.0
 30
0.0
 11
474.75
 21
-3.0
 31
0.0
  0
LINE
  5
4B4
330
17
100
AcDbEntity
  8
A_DIMENSIONS
100
AcDbLine
 10
459.0
 20
-3.5
 30
0.0
 11
459.0
 21
-2.5
 31
0.0
  0
LINE
  5
4B5
330
17
100
AcDbEntity
  8
A_DIMENSIONS
100
AcDbLine
 10
474.75
 20
-3.5
 30
0.0
 11
474.75
 21
-2.5
 31
0.0
  0
TEXT
  5
4B6
330
17
100
AcDbEntity
  8
A_DIMENSIONS
100
AcDbText
 10
466.875
 20
-2.2
 30
0.0
 40
0.7
  1
15'-9"
 72
1
 11
466.875
 21
-2.2
 31
0.0
100
AcDbText
 73
2
  0
TEXT
  5
4B7
330
17
100
AcDbEntity
  8
G_TITLEBLOCK
100
AcDbText
 10
434.0
 20
-9.0
 30
0.0
 40
2.0
  1
ROOF & MUMTY PLAN
 72
1
 11
434.0
 21
-9.0
 31
0.0
100
AcDbText
 73
2
  0
TEXT
  5
4B8
330
17
100
AcDbEntity
  8
G_TITLEBLOCK
100
AcDbText
 10
434.0
 20
-11.0
 30
0.0
 40
1.2
  1
DAATA HAMLET RESIDENCE | CANOPY ARCHITECTURE
 72
1
 11
434.0
 21
-11.0
 31
0.0
100
AcDbText
 73
2
  0
ENDSEC
  0
SECTION
  2
OBJECTS
  0
DICTIONARY
  5
A
330
0
100
AcDbDictionary
281
1
  3
ACAD_COLOR
350
B
  3
ACAD_GROUP
350
C
  3
ACAD_LAYOUT
350
D
  3
ACAD_MATERIAL
350
E
  3
ACAD_MLEADERSTYLE
350
F
  3
ACAD_MLINESTYLE
350
10
  3
ACAD_PLOTSETTINGS
350
11
  3
ACAD_PLOTSTYLENAME
350
12
  3
ACAD_SCALELIST
350
14
  3
ACAD_TABLESTYLE
350
15
  3
ACAD_VISUALSTYLE
350
16
  3
EZDXF_META
350
2D
  0
DICTIONARY
  5
B
330
A
100
AcDbDictionary
281
1
  0
DICTIONARY
  5
C
330
A
100
AcDbDictionary
281
1
  0
DICTIONARY
  5
D
330
A
100
AcDbDictionary
281
1
  3
Model
350
1A
  3
Layout1
350
1E
  0
DICTIONARY
  5
E
330
A
100
AcDbDictionary
281
1
  3
ByBlock
350
1F
  3
ByLayer
350
20
  3
Global
350
21
  0
DICTIONARY
  5
F
330
A
100
AcDbDictionary
281
1
  3
Standard
350
2C
  0
DICTIONARY
  5
10
330
A
100
AcDbDictionary
281
1
  3
Standard
350
22
  0
DICTIONARY
  5
11
330
A
100
AcDbDictionary
281
1
  0
ACDBDICTIONARYWDFLT
  5
12
330
A
100
AcDbDictionary
281
1
  3
Normal
350
13
100
AcDbDictionaryWithDefault
340
13
  0
ACDBPLACEHOLDER
  5
13
330
12
  0
DICTIONARY
  5
14
330
A
100
AcDbDictionary
281
1
  0
DICTIONARY
  5
15
330
A
100
AcDbDictionary
281
1
  0
DICTIONARY
  5
16
330
A
100
AcDbDictionary
281
1
  0
LAYOUT
  5
1A
330
D
100
AcDbPlotSettings
  1

  4
A3
  6

 40
7.5
 41
20.0
 42
7.5
 43
20.0
 44
420.0
 45
297.0
 46
0.0
 47
0.0
 48
0.0
 49
0.0
140
0.0
141
0.0
142
1.0
143
1.0
 70
1024
 72
1
 73
0
 74
5
  7

 75
16
 76
0
 77
2
 78
300
147
1.0
148
0.0
149
0.0
100
AcDbLayout
  1
Model
 70
1
 71
0
 10
0.0
 20
0.0
 11
420.0
 21
297.0
 12
0.0
 22
0.0
 32
0.0
 14
1e+20
 24
1e+20
 34
1e+20
 15
-1e+20
 25
-1e+20
 35
-1e+20
146
0.0
 13
0.0
 23
0.0
 33
0.0
 16
1.0
 26
0.0
 36
0.0
 17
0.0
 27
1.0
 37
0.0
 76
1
330
17
  0
LAYOUT
  5
1E
330
D
100
AcDbPlotSettings
  1

  4
A3
  6

 40
7.5
 41
20.0
 42
7.5
 43
20.0
 44
420.0
 45
297.0
 46
0.0
 47
0.0
 48
0.0
 49
0.0
140
0.0
141
0.0
142
1.0
143
1.0
 70
0
 72
1
 73
0
 74
5
  7

 75
16
 76
0
 77
2
 78
300
147
1.0
148
0.0
149
0.0
100
AcDbLayout
  1
Layout1
 70
1
 71
1
 10
0.0
 20
0.0
 11
420.0
 21
297.0
 12
0.0
 22
0.0
 32
0.0
 14
1e+20
 24
1e+20
 34
1e+20
 15
-1e+20
 25
-1e+20
 35
-1e+20
146
0.0
 13
0.0
 23
0.0
 33
0.0
 16
1.0
 26
0.0
 36
0.0
 17
0.0
 27
1.0
 37
0.0
 76
1
330
1B
  0
MATERIAL
  5
1F
102
{ACAD_REACTORS
330
E
102
}
330
E
100
AcDbMaterial
  1
ByBlock
  2

 70
0
 40
1.0
 71
1
 41
1.0
 91
-1023410177
 42
1.0
 72
1
  3

 73
1
 74
1
 75
1
 44
0.5
 73
0
 45
1.0
 46
1.0
 77
1
  4

 78
1
 79
1
170
1
 48
1.0
171
1
  6

172
1
173
1
174
1
140
1.0
141
1.0
175
1
  7

176
1
177
1
178
1
143
1.0
179
1
  8

270
1
271
1
272
1
145
1.0
146
1.0
273
1
  9

274
1
275
1
276
1
 42
1.0
 72
1
  3

 73
1
 74
1
 75
1
 94
63
  0
MATERIAL
  5
20
102
{ACAD_REACTORS
330
E
102
}
330
E
100
AcDbMaterial
  1
ByLayer
  2

 70
0
 40
1.0
 71
1
 41
1.0
 91
-1023410177
 42
1.0
 72
1
  3

 73
1
 74
1
 75
1
 44
0.5
 73
0
 45
1.0
 46
1.0
 77
1
  4

 78
1
 79
1
170
1
 48
1.0
171
1
  6

172
1
173
1
174
1
140
1.0
141
1.0
175
1
  7

176
1
177
1
178
1
143
1.0
179
1
  8

270
1
271
1
272
1
145
1.0
146
1.0
273
1
  9

274
1
275
1
276
1
 42
1.0
 72
1
  3

 73
1
 74
1
 75
1
 94
63
  0
MATERIAL
  5
21
102
{ACAD_REACTORS
330
E
102
}
330
E
100
AcDbMaterial
  1
Global
  2

 70
0
 40
1.0
 71
1
 41
1.0
 91
-1023410177
 42
1.0
 72
1
  3

 73
1
 74
1
 75
1
 44
0.5
 73
0
 45
1.0
 46
1.0
 77
1
  4

 78
1
 79
1
170
1
 48
1.0
171
1
  6

172
1
173
1
174
1
140
1.0
141
1.0
175
1
  7

176
1
177
1
178
1
143
1.0
179
1
  8

270
1
271
1
272
1
145
1.0
146
1.0
273
1
  9

274
1
275
1
276
1
 42
1.0
 72
1
  3

 73
1
 74
1
 75
1
 94
63
  0
MLINESTYLE
  5
22
102
{ACAD_REACTORS
330
10
102
}
330
10
100
AcDbMlineStyle
  2
Standard
 70
0
  3

 62
256
 51
90.0
 52
90.0
 71
2
 49
0.5
 62
256
  6
BYLAYER
 49
-0.5
 62
256
  6
BYLAYER
  0
MLEADERSTYLE
  5
2C
102
{ACAD_REACTORS
330
F
102
}
330
F
100
AcDbMLeaderStyle
179
2
170
2
171
1
172
0
 90
2
 40
0.0
 41
0.0
173
1
 91
-1056964608
 92
-2
290
1
 42
2.0
291
1
 43
8.0
  3
Standard
 44
4.0
300

342
29
174
1
175
1
176
0
178
1
 93
-1056964608
 45
4.0
292
0
297
0
 46
4.0
 94
-1056964608
 47
1.0
 49
1.0
140
1.0
294
1
141
0.0
177
0
142
1.0
295
0
296
0
143
3.75
271
0
272
9
273
9
  0
DICTIONARY
  5
2D
330
A
100
AcDbDictionary
280
1
281
1
  3
CREATED_BY_EZDXF
350
2E
  3
WRITTEN_BY_EZDXF
350
4BB
  0
DICTIONARYVAR
  5
2E
330
2D
100
DictionaryVariables
280
0
  1
1.4.4 @ 2026-10-05T06:00:11.111870+00:00
  0
DICTIONARYVAR
  5
4BB
330
2D
100
DictionaryVariables
280
0
  1
1.4.4 @ 2026-10-05T06:00:11.175727+00:00
  0
ENDSEC
  0
EOF
