# https://github.com/mikedh/trimesh

o geometry_0
v 0.00000000 0.00000000 -0.03000000 0.85490196 0.64705882 0.12549020
v 0.18000000 0.00000000 -0.03000000 0.85490196 0.64705882 0.12549020
v 0.18000000 0.00000000 0.03000000 0.85490196 0.64705882 0.12549020
v 0.00000000 0.00000000 0.03000000 0.85490196 0.64705882 0.12549020
v 0.17846008 0.02349471 -0.03000000 0.85490196 0.64705882 0.12549020
v 0.17846008 0.02349471 0.03000000 0.85490196 0.64705882 0.12549020
v 0.17386665 0.04658743 -0.03000000 0.85490196 0.64705882 0.12549020
v 0.17386665 0.04658743 0.03000000 0.85490196 0.64705882 0.12549020
v 0.16629832 0.06888302 -0.03000000 0.85490196 0.64705882 0.12549020
v 0.16629832 0.06888302 0.03000000 0.85490196 0.64705882 0.12549020
v 0.15588457 0.09000000 -0.03000000 0.85490196 0.64705882 0.12549020
v 0.15588457 0.09000000 0.03000000 0.85490196 0.64705882 0.12549020
v 0.14280360 0.10957706 -0.03000000 0.85490196 0.64705882 0.12549020
v 0.14280360 0.10957706 0.03000000 0.85490196 0.64705882 0.12549020
v 0.12727922 0.12727922 -0.03000000 0.85490196 0.64705882 0.12549020
v 0.12727922 0.12727922 0.03000000 0.85490196 0.64705882 0.12549020
v 0.10957706 0.14280360 -0.03000000 0.85490196 0.64705882 0.12549020
v 0.10957706 0.14280360 0.03000000 0.85490196 0.64705882 0.12549020
v 0.09000000 0.15588457 -0.03000000 0.85490196 0.64705882 0.12549020
v 0.09000000 0.15588457 0.03000000 0.85490196 0.64705882 0.12549020
v 0.06888302 0.16629832 -0.03000000 0.85490196 0.64705882 0.12549020
v 0.06888302 0.16629832 0.03000000 0.85490196 0.64705882 0.12549020
v 0.04658743 0.17386665 -0.03000000 0.85490196 0.64705882 0.12549020
v 0.04658743 0.17386665 0.03000000 0.85490196 0.64705882 0.12549020
v 0.02349471 0.17846008 -0.03000000 0.85490196 0.64705882 0.12549020
v 0.02349471 0.17846008 0.03000000 0.85490196 0.64705882 0.12549020
v 0.00000000 0.18000000 -0.03000000 0.85490196 0.64705882 0.12549020
v 0.00000000 0.18000000 0.03000000 0.85490196 0.64705882 0.12549020
v -0.02349471 0.17846008 -0.03000000 0.85490196 0.64705882 0.12549020
v -0.02349471 0.17846008 0.03000000 0.85490196 0.64705882 0.12549020
v -0.04658743 0.17386665 -0.03000000 0.85490196 0.64705882 0.12549020
v -0.04658743 0.17386665 0.03000000 0.85490196 0.64705882 0.12549020
v -0.06888302 0.16629832 -0.03000000 0.85490196 0.64705882 0.12549020
v -0.06888302 0.16629832 0.03000000 0.85490196 0.64705882 0.12549020
v -0.09000000 0.15588457 -0.03000000 0.85490196 0.64705882 0.12549020
v -0.09000000 0.15588457 0.03000000 0.85490196 0.64705882 0.12549020
v -0.10957706 0.14280360 -0.03000000 0.85490196 0.64705882 0.12549020
v -0.10957706 0.14280360 0.03000000 0.85490196 0.64705882 0.12549020
v -0.12727922 0.12727922 -0.03000000 0.85490196 0.64705882 0.12549020
v -0.12727922 0.12727922 0.03000000 0.85490196 0.64705882 0.12549020
v -0.14280360 0.10957706 -0.03000000 0.85490196 0.64705882 0.12549020
v -0.14280360 0.10957706 0.03000000 0.85490196 0.64705882 0.12549020
v -0.15588457 0.09000000 -0.03000000 0.85490196 0.64705882 0.12549020
v -0.15588457 0.09000000 0.03000000 0.85490196 0.64705882 0.12549020
v -0.16629832 0.06888302 -0.03000000 0.85490196 0.64705882 0.12549020
v -0.16629832 0.06888302 0.03000000 0.85490196 0.64705882 0.12549020
v -0.17386665 0.04658743 -0.03000000 0.85490196 0.64705882 0.12549020
v -0.17386665 0.04658743 0.03000000 0.85490196 0.64705882 0.12549020
v -0.17846008 0.02349471 -0.03000000 0.85490196 0.64705882 0.12549020
v -0.17846008 0.02349471 0.03000000 0.85490196 0.64705882 0.12549020
v -0.18000000 0.00000000 -0.03000000 0.85490196 0.64705882 0.12549020
v -0.18000000 0.00000000 0.03000000 0.85490196 0.64705882 0.12549020
v -0.17846008 -0.02349471 -0.03000000 0.85490196 0.64705882 0.12549020
v -0.17846008 -0.02349471 0.03000000 0.85490196 0.64705882 0.12549020
v -0.17386665 -0.04658743 -0.03000000 0.85490196 0.64705882 0.12549020
v -0.17386665 -0.04658743 0.03000000 0.85490196 0.64705882 0.12549020
v -0.16629832 -0.06888302 -0.03000000 0.85490196 0.64705882 0.12549020
v -0.16629832 -0.06888302 0.03000000 0.85490196 0.64705882 0.12549020
v -0.15588457 -0.09000000 -0.03000000 0.85490196 0.64705882 0.12549020
v -0.15588457 -0.09000000 0.03000000 0.85490196 0.64705882 0.12549020
v -0.14280360 -0.10957706 -0.03000000 0.85490196 0.64705882 0.12549020
v -0.14280360 -0.10957706 0.03000000 0.85490196 0.64705882 0.12549020
v -0.12727922 -0.12727922 -0.03000000 0.85490196 0.64705882 0.12549020
v -0.12727922 -0.12727922 0.03000000 0.85490196 0.64705882 0.12549020
v -0.10957706 -0.14280360 -0.03000000 0.85490196 0.64705882 0.12549020
v -0.10957706 -0.14280360 0.03000000 0.85490196 0.64705882 0.12549020
v -0.09000000 -0.15588457 -0.03000000 0.85490196 0.64705882 0.12549020
v -0.09000000 -0.15588457 0.03000000 0.85490196 0.64705882 0.12549020
v -0.06888302 -0.16629832 -0.03000000 0.85490196 0.64705882 0.12549020
v -0.06888302 -0.16629832 0.03000000 0.85490196 0.64705882 0.12549020
v -0.04658743 -0.17386665 -0.03000000 0.85490196 0.64705882 0.12549020
v -0.04658743 -0.17386665 0.03000000 0.85490196 0.64705882 0.12549020
v -0.02349471 -0.17846008 -0.03000000 0.85490196 0.64705882 0.12549020
v -0.02349471 -0.17846008 0.03000000 0.85490196 0.64705882 0.12549020
v -0.00000000 -0.18000000 -0.03000000 0.85490196 0.64705882 0.12549020
v -0.00000000 -0.18000000 0.03000000 0.85490196 0.64705882 0.12549020
v 0.02349471 -0.17846008 -0.03000000 0.85490196 0.64705882 0.12549020
v 0.02349471 -0.17846008 0.03000000 0.85490196 0.64705882 0.12549020
v 0.04658743 -0.17386665 -0.03000000 0.85490196 0.64705882 0.12549020
v 0.04658743 -0.17386665 0.03000000 0.85490196 0.64705882 0.12549020
v 0.06888302 -0.16629832 -0.03000000 0.85490196 0.64705882 0.12549020
v 0.06888302 -0.16629832 0.03000000 0.85490196 0.64705882 0.12549020
v 0.09000000 -0.15588457 -0.03000000 0.85490196 0.64705882 0.12549020
v 0.09000000 -0.15588457 0.03000000 0.85490196 0.64705882 0.12549020
v 0.10957706 -0.14280360 -0.03000000 0.85490196 0.64705882 0.12549020
v 0.10957706 -0.14280360 0.03000000 0.85490196 0.64705882 0.12549020
v 0.12727922 -0.12727922 -0.03000000 0.85490196 0.64705882 0.12549020
v 0.12727922 -0.12727922 0.03000000 0.85490196 0.64705882 0.12549020
v 0.14280360 -0.10957706 -0.03000000 0.85490196 0.64705882 0.12549020
v 0.14280360 -0.10957706 0.03000000 0.85490196 0.64705882 0.12549020
v 0.15588457 -0.09000000 -0.03000000 0.85490196 0.64705882 0.12549020
v 0.15588457 -0.09000000 0.03000000 0.85490196 0.64705882 0.12549020
v 0.16629832 -0.06888302 -0.03000000 0.85490196 0.64705882 0.12549020
v 0.16629832 -0.06888302 0.03000000 0.85490196 0.64705882 0.12549020
v 0.17386665 -0.04658743 -0.03000000 0.85490196 0.64705882 0.12549020
v 0.17386665 -0.04658743 0.03000000 0.85490196 0.64705882 0.12549020
v 0.17846008 -0.02349471 -0.03000000 0.85490196 0.64705882 0.12549020
v 0.17846008 -0.02349471 0.03000000 0.85490196 0.64705882 0.12549020
f 2 1 5
f 2 5 3
f 3 5 6
f 3 6 4
f 5 1 7
f 5 7 6
f 6 7 8
f 6 8 4
f 7 1 9
f 7 9 8
f 8 9 10
f 8 10 4
f 9 1 11
f 9 11 10
f 10 11 12
f 10 12 4
f 11 1 13
f 11 13 12
f 12 13 14
f 12 14 4
f 13 1 15
f 13 15 14
f 14 15 16
f 14 16 4
f 15 1 17
f 15 17 16
f 16 17 18
f 16 18 4
f 17 1 19
f 17 19 18
f 18 19 20
f 18 20 4
f 19 1 21
f 19 21 20
f 20 21 22
f 20 22 4
f 21 1 23
f 21 23 22
f 22 23 24
f 22 24 4
f 23 1 25
f 23 25 24
f 24 25 26
f 24 26 4
f 25 1 27
f 25 27 26
f 26 27 28
f 26 28 4
f 27 1 29
f 27 29 28
f 28 29 30
f 28 30 4
f 29 1 31
f 29 31 30
f 30 31 32
f 30 32 4
f 31 1 33
f 31 33 32
f 32 33 34
f 32 34 4
f 33 1 35
f 33 35 34
f 34 35 36
f 34 36 4
f 35 1 37
f 35 37 36
f 36 37 38
f 36 38 4
f 37 1 39
f 37 39 38
f 38 39 40
f 38 40 4
f 39 1 41
f 39 41 40
f 40 41 42
f 40 42 4
f 41 1 43
f 41 43 42
f 42 43 44
f 42 44 4
f 43 1 45
f 43 45 44
f 44 45 46
f 44 46 4
f 45 1 47
f 45 47 46
f 46 47 48
f 46 48 4
f 47 1 49
f 47 49 48
f 48 49 50
f 48 50 4
f 49 1 51
f 49 51 50
f 50 51 52
f 50 52 4
f 51 1 53
f 51 53 52
f 52 53 54
f 52 54 4
f 53 1 55
f 53 55 54
f 54 55 56
f 54 56 4
f 55 1 57
f 55 57 56
f 56 57 58
f 56 58 4
f 57 1 59
f 57 59 58
f 58 59 60
f 58 60 4
f 59 1 61
f 59 61 60
f 60 61 62
f 60 62 4
f 61 1 63
f 61 63 62
f 62 63 64
f 62 64 4
f 63 1 65
f 63 65 64
f 64 65 66
f 64 66 4
f 65 1 67
f 65 67 66
f 66 67 68
f 66 68 4
f 67 1 69
f 67 69 68
f 68 69 70
f 68 70 4
f 69 1 71
f 69 71 70
f 70 71 72
f 70 72 4
f 71 1 73
f 71 73 72
f 72 73 74
f 72 74 4
f 73 1 75
f 73 75 74
f 74 75 76
f 74 76 4
f 75 1 77
f 75 77 76
f 76 77 78
f 76 78 4
f 77 1 79
f 77 79 78
f 78 79 80
f 78 80 4
f 79 1 81
f 79 81 80
f 80 81 82
f 80 82 4
f 81 1 83
f 81 83 82
f 82 83 84
f 82 84 4
f 83 1 85
f 83 85 84
f 84 85 86
f 84 86 4
f 85 1 87
f 85 87 86
f 86 87 88
f 86 88 4
f 87 1 89
f 87 89 88
f 88 89 90
f 88 90 4
f 89 1 91
f 89 91 90
f 90 91 92
f 90 92 4
f 91 1 93
f 91 93 92
f 92 93 94
f 92 94 4
f 93 1 95
f 93 95 94
f 94 95 96
f 94 96 4
f 95 1 97
f 95 97 96
f 96 97 98
f 96 98 4
f 97 1 2
f 97 2 98
f 98 2 3
f 98 3 4

o geometry_1
v -0.06308773 0.06207810 0.00000000 1.00000000 0.98039216 0.90196078
v 0.06308773 0.06207810 0.00000000 1.00000000 0.98039216 0.90196078
v -0.06308773 -0.14207810 0.00000000 1.00000000 0.98039216 0.90196078
v 0.06308773 -0.14207810 0.00000000 1.00000000 0.98039216 0.90196078
v 0.00000000 -0.10308773 0.10207810 1.00000000 0.98039216 0.90196078
v 0.00000000 0.02308773 0.10207810 1.00000000 0.98039216 0.90196078
v 0.00000000 -0.10308773 -0.10207810 1.00000000 0.98039216 0.90196078
v 0.00000000 0.02308773 -0.10207810 1.00000000 0.98039216 0.90196078
v 0.10207810 -0.04000000 -0.06308773 1.00000000 0.98039216 0.90196078
v 0.10207810 -0.04000000 0.06308773 1.00000000 0.98039216 0.90196078
v -0.10207810 -0.04000000 -0.06308773 1.00000000 0.98039216 0.90196078
v -0.10207810 -0.04000000 0.06308773 1.00000000 0.98039216 0.90196078
v 0.00000000 0.08000000 0.00000000 1.00000000 0.98039216 0.90196078
v 0.00000000 -0.16000000 0.00000000 1.00000000 0.98039216 0.90196078
v -0.03708204 -0.13708204 0.06000000 1.00000000 0.98039216 0.90196078
v 0.03708204 -0.13708204 0.06000000 1.00000000 0.98039216 0.90196078
v -0.03708204 0.05708204 0.06000000 1.00000000 0.98039216 0.90196078
v 0.03708204 0.05708204 0.06000000 1.00000000 0.98039216 0.90196078
v 0.00000000 -0.04000000 0.12000000 1.00000000 0.98039216 0.90196078
v -0.03708204 -0.13708204 -0.06000000 1.00000000 0.98039216 0.90196078
v 0.03708204 -0.13708204 -0.06000000 1.00000000 0.98039216 0.90196078
v -0.03708204 0.05708204 -0.06000000 1.00000000 0.98039216 0.90196078
v 0.03708204 0.05708204 -0.06000000 1.00000000 0.98039216 0.90196078
v 0.00000000 -0.04000000 -0.12000000 1.00000000 0.98039216 0.90196078
v 0.09708204 0.02000000 -0.03708204 1.00000000 0.98039216 0.90196078
v 0.09708204 -0.10000000 -0.03708204 1.00000000 0.98039216 0.90196078
v 0.06000000 -0.07708204 -0.09708204 1.00000000 0.98039216 0.90196078
v 0.06000000 -0.00291796 -0.09708204 1.00000000 0.98039216 0.90196078
v 0.09708204 0.02000000 0.03708204 1.00000000 0.98039216 0.90196078
v 0.09708204 -0.10000000 0.03708204 1.00000000 0.98039216 0.90196078
v 0.06000000 -0.07708204 0.09708204 1.00000000 0.98039216 0.90196078
v 0.06000000 -0.00291796 0.09708204 1.00000000 0.98039216 0.90196078
v 0.12000000 -0.04000000 0.00000000 1.00000000 0.98039216 0.90196078
v -0.09708204 0.02000000 -0.03708204 1.00000000 0.98039216 0.90196078
v -0.09708204 -0.10000000 -0.03708204 1.00000000 0.98039216 0.90196078
v -0.06000000 -0.07708204 -0.09708204 1.00000000 0.98039216 0.90196078
v -0.06000000 -0.00291796 -0.09708204 1.00000000 0.98039216 0.90196078
v -0.09708204 0.02000000 0.03708204 1.00000000 0.98039216 0.90196078
v -0.09708204 -0.10000000 0.03708204 1.00000000 0.98039216 0.90196078
v -0.06000000 -0.07708204 0.09708204 1.00000000 0.98039216 0.90196078
v -0.06000000 -0.00291796 0.09708204 1.00000000 0.98039216 0.90196078
v -0.12000000 -0.04000000 0.00000000 1.00000000 0.98039216 0.90196078
v -0.03279198 0.07543260 0.00000000 1.00000000 0.98039216 0.90196078
v 0.03279198 0.07543260 0.00000000 1.00000000 0.98039216 0.90196078
v -0.03279198 -0.15543260 0.00000000 1.00000000 0.98039216 0.90196078
v 0.03279198 -0.15543260 0.00000000 1.00000000 0.98039216 0.90196078
v -0.05206663 -0.14352022 0.03118703 1.00000000 0.98039216 0.90196078
v -0.01927464 -0.12325366 0.08424557 1.00000000 0.98039216 0.90196078
v -0.01949518 -0.15412678 0.03154387 1.00000000 0.98039216 0.90196078
v 0.05206663 -0.14352022 0.03118703 1.00000000 0.98039216 0.90196078
v 0.01927464 -0.12325366 0.08424557 1.00000000 0.98039216 0.90196078
v 0.01949518 -0.15412678 0.03154387 1.00000000 0.98039216 0.90196078
v 0.00000000 -0.14207810 0.06308773 1.00000000 0.98039216 0.90196078
v -0.05206663 0.06352022 0.03118703 1.00000000 0.98039216 0.90196078
v -0.01927464 0.04325366 0.08424557 1.00000000 0.98039216 0.90196078
v -0.01949518 0.07412678 0.03154387 1.00000000 0.98039216 0.90196078
v 0.05206663 0.06352022 0.03118703 1.00000000 0.98039216 0.90196078
v 0.01927464 0.04325366 0.08424557 1.00000000 0.98039216 0.90196078
v 0.01949518 0.07412678 0.03154387 1.00000000 0.98039216 0.90196078
v 0.00000000 0.06207810 0.06308773 1.00000000 0.98039216 0.90196078
v 0.00000000 -0.07279198 0.11543260 1.00000000 0.98039216 0.90196078
v 0.00000000 -0.00720802 0.11543260 1.00000000 0.98039216 0.90196078
v -0.05206663 -0.14352022 -0.03118703 1.00000000 0.98039216 0.90196078
v -0.01927464 -0.12325366 -0.08424557 1.00000000 0.98039216 0.90196078
v -0.01949518 -0.15412678 -0.03154387 1.00000000 0.98039216 0.90196078
v 0.05206663 -0.14352022 -0.03118703 1.00000000 0.98039216 0.90196078
v 0.01927464 -0.12325366 -0.08424557 1.00000000 0.98039216 0.90196078
v 0.01949518 -0.15412678 -0.03154387 1.00000000 0.98039216 0.90196078
v 0.00000000 -0.14207810 -0.06308773 1.00000000 0.98039216 0.90196078
v -0.05206663 0.06352022 -0.03118703 1.00000000 0.98039216 0.90196078
v -0.01927464 0.04325366 -0.08424557 1.00000000 0.98039216 0.90196078
v -0.01949518 0.07412678 -0.03154387 1.00000000 0.98039216 0.90196078
v 0.05206663 0.06352022 -0.03118703 1.00000000 0.98039216 0.90196078
v 0.01927464 0.04325366 -0.08424557 1.00000000 0.98039216 0.90196078
v 0.01949518 0.07412678 -0.03154387 1.00000000 0.98039216 0.90196078
v 0.00000000 0.06207810 -0.06308773 1.00000000 0.98039216 0.90196078
v 0.00000000 -0.07279198 -0.11543260 1.00000000 0.98039216 0.90196078
v 0.00000000 -0.00720802 -0.11543260 1.00000000 0.98039216 0.90196078
v 0.08325366 0.04424557 -0.01927464 1.00000000 0.98039216 0.90196078
v 0.10352022 -0.00881297 -0.05206663 1.00000000 0.98039216 0.90196078
v 0.07053423 0.04258292 -0.05103905 1.00000000 0.98039216 0.90196078
v 0.08325366 -0.12424557 -0.01927464 1.00000000 0.98039216 0.90196078
v 0.10352022 -0.07118703 -0.05206663 1.00000000 0.98039216 0.90196078
v 0.07053423 -0.12258292 -0.05103905 1.00000000 0.98039216 0.90196078
v 0.03118703 -0.09206663 -0.10352022 1.00000000 0.98039216 0.90196078
v 0.08424557 -0.05927464 -0.08325366 1.00000000 0.98039216 0.90196078
v 0.05103905 -0.11053423 -0.08258292 1.00000000 0.98039216 0.90196078
v 0.03154387 -0.05949518 -0.11412678 1.00000000 0.98039216 0.90196078
v 0.08258292 -0.09103905 -0.07053423 1.00000000 0.98039216 0.90196078
v 0.03118703 0.01206663 -0.10352022 1.00000000 0.98039216 0.90196078
v 0.08424557 -0.02072536 -0.08325366 1.00000000 0.98039216 0.90196078
v 0.05103905 0.03053423 -0.08258292 1.00000000 0.98039216 0.90196078
v 0.03154387 -0.02050482 -0.11412678 1.00000000 0.98039216 0.90196078
v 0.08258292 0.01103905 -0.07053423 1.00000000 0.98039216 0.90196078
v 0.06308773 -0.04000000 -0.10207810 1.00000000 0.98039216 0.90196078
v 0.08325366 0.04424557 0.01927464 1.00000000 0.98039216 0.90196078
v 0.10352022 -0.00881297 0.05206663 1.00000000 0.98039216 0.90196078
v 0.07053423 0.04258292 0.05103905 1.00000000 0.98039216 0.90196078
v 0.10207810 0.02308773 0.00000000 1.00000000 0.98039216 0.90196078
v 0.08325366 -0.12424557 0.01927464 1.00000000 0.98039216 0.90196078
v 0.10352022 -0.07118703 0.05206663 1.00000000 0.98039216 0.90196078
v 0.07053423 -0.12258292 0.05103905 1.00000000 0.98039216 0.90196078
v 0.10207810 -0.10308773 0.00000000 1.00000000 0.98039216 0.90196078
v 0.03118703 -0.09206663 0.10352022 1.00000000 0.98039216 0.90196078
v 0.08424557 -0.05927464 0.08325366 1.00000000 0.98039216 0.90196078
v 0.05103905 -0.11053423 0.08258292 1.00000000 0.98039216 0.90196078
v 0.03154387 -0.05949518 0.11412678 1.00000000 0.98039216 0.90196078
v 0.08258292 -0.09103905 0.07053423 1.00000000 0.98039216 0.90196078
v 0.03118703 0.01206663 0.10352022 1.00000000 0.98039216 0.90196078
v 0.08424557 -0.02072536 0.08325366 1.00000000 0.98039216 0.90196078
v 0.05103905 0.03053423 0.08258292 1.00000000 0.98039216 0.90196078
v 0.03154387 -0.02050482 0.11412678 1.00000000 0.98039216 0.90196078
v 0.08258292 0.01103905 0.07053423 1.00000000 0.98039216 0.90196078
v 0.06308773 -0.04000000 0.10207810 1.00000000 0.98039216 0.90196078
v 0.11543260 -0.04000000 -0.03279198 1.00000000 0.98039216 0.90196078
v 0.11543260 -0.04000000 0.03279198 1.00000000 0.98039216 0.90196078
v 0.11412678 -0.00845613 -0.01949518 1.00000000 0.98039216 0.90196078
v 0.11412678 -0.07154387 -0.01949518 1.00000000 0.98039216 0.90196078
v 0.11412678 -0.00845613 0.01949518 1.00000000 0.98039216 0.90196078
v 0.11412678 -0.07154387 0.01949518 1.00000000 0.98039216 0.90196078
v -0.08325366 0.04424557 -0.01927464 1.00000000 0.98039216 0.90196078
v -0.10352022 -0.00881297 -0.05206663 1.00000000 0.98039216 0.90196078
v -0.07053423 0.04258292 -0.05103905 1.00000000 0.98039216 0.90196078
v -0.08325366 -0.12424557 -0.01927464 1.00000000 0.98039216 0.90196078
v -0.10352022 -0.07118703 -0.05206663 1.00000000 0.98039216 0.90196078
v -0.07053423 -0.12258292 -0.05103905 1.00000000 0.98039216 0.90196078
v -0.03118703 -0.09206663 -0.10352022 1.00000000 0.98039216 0.90196078
v -0.08424557 -0.05927464 -0.08325366 1.00000000 0.98039216 0.90196078
v -0.05103905 -0.11053423 -0.08258292 1.00000000 0.98039216 0.90196078
v -0.03154387 -0.05949518 -0.11412678 1.00000000 0.98039216 0.90196078
v -0.08258292 -0.09103905 -0.07053423 1.00000000 0.98039216 0.90196078
v -0.03118703 0.01206663 -0.10352022 1.00000000 0.98039216 0.90196078
v -0.08424557 -0.02072536 -0.08325366 1.00000000 0.98039216 0.90196078
v -0.05103905 0.03053423 -0.08258292 1.00000000 0.98039216 0.90196078
v -0.03154387 -0.02050482 -0.11412678 1.00000000 0.98039216 0.90196078
v -0.08258292 0.01103905 -0.07053423 1.00000000 0.98039216 0.90196078
v -0.06308773 -0.04000000 -0.10207810 1.00000000 0.98039216 0.90196078
v -0.08325366 0.04424557 0.01927464 1.00000000 0.98039216 0.90196078
v -0.10352022 -0.00881297 0.05206663 1.00000000 0.98039216 0.90196078
v -0.07053423 0.04258292 0.05103905 1.00000000 0.98039216 0.90196078
v -0.10207810 0.02308773 0.00000000 1.00000000 0.98039216 0.90196078
v -0.08325366 -0.12424557 0.01927464 1.00000000 0.98039216 0.90196078
v -0.10352022 -0.07118703 0.05206663 1.00000000 0.98039216 0.90196078
v -0.07053423 -0.12258292 0.05103905 1.00000000 0.98039216 0.90196078
v -0.10207810 -0.10308773 0.00000000 1.00000000 0.98039216 0.90196078
v -0.03118703 -0.09206663 0.10352022 1.00000000 0.98039216 0.90196078
v -0.08424557 -0.05927464 0.08325366 1.00000000 0.98039216 0.90196078
v -0.05103905 -0.11053423 0.08258292 1.00000000 0.98039216 0.90196078
v -0.03154387 -0.05949518 0.11412678 1.00000000 0.98039216 0.90196078
v -0.08258292 -0.09103905 0.07053423 1.00000000 0.98039216 0.90196078
v -0.03118703 0.01206663 0.10352022 1.00000000 0.98039216 0.90196078
v -0.08424557 -0.02072536 0.08325366 1.00000000 0.98039216 0.90196078
v -0.05103905 0.03053423 0.08258292 1.00000000 0.98039216 0.90196078
v -0.03154387 -0.02050482 0.11412678 1.00000000 0.98039216 0.90196078
v -0.08258292 0.01103905 0.07053423 1.00000000 0.98039216 0.90196078
v -0.06308773 -0.04000000 0.10207810 1.00000000 0.98039216 0.90196078
v -0.11543260 -0.04000000 -0.03279198 1.00000000 0.98039216 0.90196078
v -0.11543260 -0.04000000 0.03279198 1.00000000 0.98039216 0.90196078
v -0.11412678 -0.00845613 -0.01949518 1.00000000 0.98039216 0.90196078
v -0.11412678 -0.07154387 -0.01949518 1.00000000 0.98039216 0.90196078
v -0.11412678 -0.00845613 0.01949518 1.00000000 0.98039216 0.90196078
v -0.11412678 -0.07154387 0.01949518 1.00000000 0.98039216 0.90196078
v -0.04840264 0.06980521 0.00000000 1.00000000 0.98039216 0.90196078
v -0.01655427 0.07885267 0.00000000 1.00000000 0.98039216 0.90196078
v 0.04840264 0.06980521 0.00000000 1.00000000 0.98039216 0.90196078
v 0.01655427 0.07885267 0.00000000 1.00000000 0.98039216 0.90196078
v -0.04840264 -0.14980521 0.00000000 1.00000000 0.98039216 0.90196078
v -0.01655427 -0.15885267 0.00000000 1.00000000 0.98039216 0.90196078
v 0.04840264 -0.14980521 0.00000000 1.00000000 0.98039216 0.90196078
v 0.01655427 -0.15885267 0.00000000 1.00000000 0.98039216 0.90196078
v -0.05813300 -0.14379152 0.01574405 1.00000000 0.98039216 0.90196078
v -0.04500463 -0.14126938 0.04603365 1.00000000 0.98039216 0.90196078
v -0.04298746 -0.15091655 0.01579864 1.00000000 0.98039216 0.90196078
v -0.00973036 -0.11387704 0.09406117 1.00000000 0.98039216 0.90196078
v -0.02845036 -0.13103828 0.07281902 1.00000000 0.98039216 0.90196078
v -0.00986910 -0.15852260 0.01596853 1.00000000 0.98039216 0.90196078
v -0.02864123 -0.14692078 0.04634249 1.00000000 0.98039216 0.90196078
v -0.02641404 -0.15596711 0.01593510 1.00000000 0.98039216 0.90196078
v -0.03615107 -0.14994930 0.03168993 1.00000000 0.98039216 0.90196078
v 0.05813300 -0.14379152 0.01574405 1.00000000 0.98039216 0.90196078
v 0.04500463 -0.14126938 0.04603365 1.00000000 0.98039216 0.90196078
v 0.04298746 -0.15091655 0.01579864 1.00000000 0.98039216 0.90196078
v 0.00973036 -0.11387704 0.09406117 1.00000000 0.98039216 0.90196078
v 0.02845036 -0.13103828 0.07281902 1.00000000 0.98039216 0.90196078
v 0.00000000 -0.12434884 0.08535381 1.00000000 0.98039216 0.90196078
v 0.00986910 -0.15852260 0.01596853 1.00000000 0.98039216 0.90196078
v 0.02864123 -0.14692078 0.04634249 1.00000000 0.98039216 0.90196078
v 0.02641404 -0.15596711 0.01593510 1.00000000 0.98039216 0.90196078
v 0.00000000 -0.15566335 0.03196856 1.00000000 0.98039216 0.90196078
v 0.03615107 -0.14994930 0.03168993 1.00000000 0.98039216 0.90196078
v -0.01877214 -0.14082135 0.06231102 1.00000000 0.98039216 0.90196078
v 0.01877214 -0.14082135 0.06231102 1.00000000 0.98039216 0.90196078
v -0.00973702 -0.13362452 0.07442875 1.00000000 0.98039216 0.90196078
v -0.00987883 -0.14955790 0.04795285 1.00000000 0.98039216 0.90196078
v 0.00973702 -0.13362452 0.07442875 1.00000000 0.98039216 0.90196078
v 0.00987883 -0.14955790 0.04795285 1.00000000 0.98039216 0.90196078
v -0.05813300 0.06379152 0.01574405 1.00000000 0.98039216 0.90196078
v -0.04500463 0.06126938 0.04603365 1.00000000 0.98039216 0.90196078
v -0.04298746 0.07091655 0.01579864 1.00000000 0.98039216 0.90196078
v -0.00973036 0.03387704 0.09406117 1.00000000 0.98039216 0.90196078
v -0.02845036 0.05103828 0.07281902 1.00000000 0.98039216 0.90196078
v -0.00986910 0.07852260 0.01596853 1.00000000 0.98039216 0.90196078
v -0.02864123 0.06692078 0.04634249 1.00000000 0.98039216 0.90196078
v -0.02641404 0.07596711 0.01593510 1.00000000 0.98039216 0.90196078
v -0.03615107 0.06994930 0.03168993 1.00000000 0.98039216 0.90196078
v 0.05813300 0.06379152 0.01574405 1.00000000 0.98039216 0.90196078
v 0.04500463 0.06126938 0.04603365 1.00000000 0.98039216 0.90196078
v 0.04298746 0.07091655 0.01579864 1.00000000 0.98039216 0.90196078
v 0.00973036 0.03387704 0.09406117 1.00000000 0.98039216 0.90196078
v 0.02845036 0.05103828 0.07281902 1.00000000 0.98039216 0.90196078
v 0.00000000 0.04434884 0.08535381 1.00000000 0.98039216 0.90196078
v 0.00986910 0.07852260 0.01596853 1.00000000 0.98039216 0.90196078
v 0.02864123 0.06692078 0.04634249 1.00000000 0.98039216 0.90196078
v 0.02641404 0.07596711 0.01593510 1.00000000 0.98039216 0.90196078
v 0.00000000 0.07566335 0.03196856 1.00000000 0.98039216 0.90196078
v 0.03615107 0.06994930 0.03168993 1.00000000 0.98039216 0.90196078
v -0.01877214 0.06082135 0.06231102 1.00000000 0.98039216 0.90196078
v 0.01877214 0.06082135 0.06231102 1.00000000 0.98039216 0.90196078
v -0.00973702 0.05362452 0.07442875 1.00000000 0.98039216 0.90196078
v -0.00987883 0.06955790 0.04795285 1.00000000 0.98039216 0.90196078
v 0.00973702 0.05362452 0.07442875 1.00000000 0.98039216 0.90196078
v 0.00987883 0.06955790 0.04795285 1.00000000 0.98039216 0.90196078
v 0.00000000 -0.08840264 0.10980521 1.00000000 0.98039216 0.90196078
v 0.00000000 -0.05655427 0.11885267 1.00000000 0.98039216 0.90196078
v 0.00000000 0.00840264 0.10980521 1.00000000 0.98039216 0.90196078
v 0.00000000 -0.02344573 0.11885267 1.00000000 0.98039216 0.90196078
v -0.05813300 -0.14379152 -0.01574405 1.00000000 0.98039216 0.90196078
v -0.04500463 -0.14126938 -0.04603365 1.00000000 0.98039216 0.90196078
v -0.04298746 -0.15091655 -0.01579864 1.00000000 0.98039216 0.90196078
v -0.00973036 -0.11387704 -0.09406117 1.00000000 0.98039216 0.90196078
v -0.02845036 -0.13103828 -0.07281902 1.00000000 0.98039216 0.90196078
v -0.00986910 -0.15852260 -0.01596853 1.00000000 0.98039216 0.90196078
v -0.02864123 -0.14692078 -0.04634249 1.00000000 0.98039216 0.90196078
v -0.02641404 -0.15596711 -0.01593510 1.00000000 0.98039216 0.90196078
v -0.03615107 -0.14994930 -0.03168993 1.00000000 0.98039216 0.90196078
v 0.05813300 -0.14379152 -0.01574405 1.00000000 0.98039216 0.90196078
v 0.04500463 -0.14126938 -0.04603365 1.00000000 0.98039216 0.90196078
v 0.04298746 -0.15091655 -0.01579864 1.00000000 0.98039216 0.90196078
v 0.00973036 -0.11387704 -0.09406117 1.00000000 0.98039216 0.90196078
v 0.02845036 -0.13103828 -0.07281902 1.00000000 0.98039216 0.90196078
v 0.00000000 -0.12434884 -0.08535381 1.00000000 0.98039216 0.90196078
v 0.00986910 -0.15852260 -0.01596853 1.00000000 0.98039216 0.90196078
v 0.02864123 -0.14692078 -0.04634249 1.00000000 0.98039216 0.90196078
v 0.02641404 -0.15596711 -0.01593510 1.00000000 0.98039216 0.90196078
v 0.00000000 -0.15566335 -0.03196856 1.00000000 0.98039216 0.90196078
v 0.03615107 -0.14994930 -0.03168993 1.00000000 0.98039216 0.90196078
v -0.01877214 -0.14082135 -0.06231102 1.00000000 0.98039216 0.90196078
v 0.01877214 -0.14082135 -0.06231102 1.00000000 0.98039216 0.90196078
v -0.00973702 -0.13362452 -0.07442875 1.00000000 0.98039216 0.90196078
v -0.00987883 -0.14955790 -0.04795285 1.00000000 0.98039216 0.90196078
v 0.00973702 -0.13362452 -0.07442875 1.00000000 0.98039216 0.90196078
v 0.00987883 -0.14955790 -0.04795285 1.00000000 0.98039216 0.90196078
v -0.05813300 0.06379152 -0.01574405 1.00000000 0.98039216 0.90196078
v -0.04500463 0.06126938 -0.04603365 1.00000000 0.98039216 0.90196078
v -0.04298746 0.07091655 -0.01579864 1.00000000 0.98039216 0.90196078
v -0.00973036 0.03387704 -0.09406117 1.00000000 0.98039216 0.90196078
v -0.02845036 0.05103828 -0.07281902 1.00000000 0.98039216 0.90196078
v -0.00986910 0.07852260 -0.01596853 1.00000000 0.98039216 0.90196078
v -0.02864123 0.06692078 -0.04634249 1.00000000 0.98039216 0.90196078
v -0.02641404 0.07596711 -0.01593510 1.00000000 0.98039216 0.90196078
v -0.03615107 0.06994930 -0.03168993 1.00000000 0.98039216 0.90196078
v 0.05813300 0.06379152 -0.01574405 1.00000000 0.98039216 0.90196078
v 0.04500463 0.06126938 -0.04603365 1.00000000 0.98039216 0.90196078
v 0.04298746 0.07091655 -0.01579864 1.00000000 0.98039216 0.90196078
v 0.00973036 0.03387704 -0.09406117 1.00000000 0.98039216 0.90196078
v 0.02845036 0.05103828 -0.07281902 1.00000000 0.98039216 0.90196078
v 0.00000000 0.04434884 -0.08535381 1.00000000 0.98039216 0.90196078
v 0.00986910 0.07852260 -0.01596853 1.00000000 0.98039216 0.90196078
v 0.02864123 0.06692078 -0.04634249 1.00000000 0.98039216 0.90196078
v 0.02641404 0.07596711 -0.01593510 1.00000000 0.98039216 0.90196078
v 0.00000000 0.07566335 -0.03196856 1.00000000 0.98039216 0.90196078
v 0.03615107 0.06994930 -0.03168993 1.00000000 0.98039216 0.90196078
v -0.01877214 0.06082135 -0.06231102 1.00000000 0.98039216 0.90196078
v 0.01877214 0.06082135 -0.06231102 1.00000000 0.98039216 0.90196078
v -0.00973702 0.05362452 -0.07442875 1.00000000 0.98039216 0.90196078
v -0.00987883 0.06955790 -0.04795285 1.00000000 0.98039216 0.90196078
v 0.00973702 0.05362452 -0.07442875 1.00000000 0.98039216 0.90196078
v 0.00987883 0.06955790 -0.04795285 1.00000000 0.98039216 0.90196078
v 0.00000000 -0.08840264 -0.10980521 1.00000000 0.98039216 0.90196078
v 0.00000000 -0.05655427 -0.11885267 1.00000000 0.98039216 0.90196078
v 0.00000000 0.00840264 -0.10980521 1.00000000 0.98039216 0.90196078
v 0.00000000 -0.02344573 -0.11885267 1.00000000 0.98039216 0.90196078
v 0.07387704 0.05406117 -0.00973036 1.00000000 0.98039216 0.90196078
v 0.09103828 0.03281902 -0.02845036 1.00000000 0.98039216 0.90196078
v 0.06855020 0.05511791 -0.02556274 1.00000000 0.98039216 0.90196078
v 0.10379152 -0.02425595 -0.05813300 1.00000000 0.98039216 0.90196078
v 0.10126938 0.00603365 -0.04500463 1.00000000 0.98039216 0.90196078
v 0.05447886 0.05095225 -0.05621158 1.00000000 0.98039216 0.90196078
v 0.08485281 0.03218011 -0.04460976 1.00000000 0.98039216 0.90196078
v 0.06193459 0.05401420 -0.04153836 1.00000000 0.98039216 0.90196078
v 0.07768943 0.04427718 -0.03552055 1.00000000 0.98039216 0.90196078
v 0.07387704 -0.13406117 -0.00973036 1.00000000 0.98039216 0.90196078
v 0.09103828 -0.11281902 -0.02845036 1.00000000 0.98039216 0.90196078
v 0.06855020 -0.13511791 -0.02556274 1.00000000 0.98039216 0.90196078
v 0.10379152 -0.05574405 -0.05813300 1.00000000 0.98039216 0.90196078
v 0.10126938 -0.08603365 -0.04500463 1.00000000 0.98039216 0.90196078
v 0.05447886 -0.13095225 -0.05621158 1.00000000 0.98039216 0.90196078
v 0.08485281 -0.11218011 -0.04460976 1.00000000 0.98039216 0.90196078
v 0.06193459 -0.13401420 -0.04153836 1.00000000 0.98039216 0.90196078
v 0.07768943 -0.12427718 -0.03552055 1.00000000 0.98039216 0.90196078
v 0.01574405 -0.09813300 -0.10379152 1.00000000 0.98039216 0.90196078
v 0.04603365 -0.08500463 -0.10126938 1.00000000 0.98039216 0.90196078
v 0.02556274 -0.10855020 -0.09511791 1.00000000 0.98039216 0.90196078
v 0.01579864 -0.08298746 -0.11091655 1.00000000 0.98039216 0.90196078
v 0.09406117 -0.04973036 -0.07387704 1.00000000 0.98039216 0.90196078
v 0.07281902 -0.06845036 -0.09103828 1.00000000 0.98039216 0.90196078
v 0.09511791 -0.06556274 -0.06855020 1.00000000 0.98039216 0.90196078
v 0.04460976 -0.12485281 -0.07218011 1.00000000 0.98039216 0.90196078
v 0.05621158 -0.09447886 -0.09095225 1.00000000 0.98039216 0.90196078
v 0.03552055 -0.11768943 -0.08427718 1.00000000 0.98039216 0.90196078
v 0.06160505 -0.11758934 -0.06771051 1.00000000 0.98039216 0.90196078
v 0.04153836 -0.10193459 -0.09401420 1.00000000 0.98039216 0.90196078
v 0.01596853 -0.04986910 -0.11852260 1.00000000 0.98039216 0.90196078
v 0.04634249 -0.06864123 -0.10692078 1.00000000 0.98039216 0.90196078
v 0.01593510 -0.06641404 -0.11596711 1.00000000 0.98039216 0.90196078
v 0.03168993 -0.07615107 -0.10994930 1.00000000 0.98039216 0.90196078
v 0.09095225 -0.09621158 -0.05447886 1.00000000 0.98039216 0.90196078
v 0.07218011 -0.08460976 -0.08485281 1.00000000 0.98039216 0.90196078
v 0.09401420 -0.08153836 -0.06193459 1.00000000 0.98039216 0.90196078
v 0.07758934 -0.10771051 -0.06160505 1.00000000 0.98039216 0.90196078
v 0.08427718 -0.07552055 -0.07768943 1.00000000 0.98039216 0.90196078
v 0.06771051 -0.10160505 -0.07758934 1.00000000 0.98039216 0.90196078
v 0.01574405 0.01813300 -0.10379152 1.00000000 0.98039216 0.90196078
v 0.04603365 0.00500463 -0.10126938 1.00000000 0.98039216 0.90196078
v 0.02556274 0.02855020 -0.09511791 1.00000000 0.98039216 0.90196078
v 0.01579864 0.00298746 -0.11091655 1.00000000 0.98039216 0.90196078
v 0.09406117 -0.03026964 -0.07387704 1.00000000 0.98039216 0.90196078
v 0.07281902 -0.01154964 -0.09103828 1.00000000 0.98039216 0.90196078
v 0.09511791 -0.01443726 -0.06855020 1.00000000 0.98039216 0.90196078
v 0.08535381 -0.04000000 -0.08434884 1.00000000 0.98039216 0.90196078
v 0.04460976 0.04485281 -0.07218011 1.00000000 0.98039216 0.90196078
v 0.05621158 0.01447886 -0.09095225 1.00000000 0.98039216 0.90196078
v 0.03552055 0.03768943 -0.08427718 1.00000000 0.98039216 0.90196078
v 0.06160505 0.03758934 -0.06771051 1.00000000 0.98039216 0.90196078
v 0.04153836 0.02193459 -0.09401420 1.00000000 0.98039216 0.90196078
v 0.01596853 -0.03013090 -0.11852260 1.00000000 0.98039216 0.90196078
v 0.04634249 -0.01135877 -0.10692078 1.00000000 0.98039216 0.90196078
v 0.01593510 -0.01358596 -0.11596711 1.00000000 0.98039216 0.90196078
v 0.03196856 -0.04000000 -0.11566335 1.00000000 0.98039216 0.90196078
v 0.03168993 -0.00384893 -0.10994930 1.00000000 0.98039216 0.90196078
v 0.09095225 0.01621158 -0.05447886 1.00000000 0.98039216 0.90196078
v 0.07218011 0.00460976 -0.08485281 1.00000000 0.98039216 0.90196078
v 0.09401420 0.00153836 -0.06193459 1.00000000 0.98039216 0.90196078
v 0.07758934 0.02771051 -0.06160505 1.00000000 0.98039216 0.90196078
v 0.08427718 -0.00447945 -0.07768943 1.00000000 0.98039216 0.90196078
v 0.06771051 0.02160505 -0.07758934 1.00000000 0.98039216 0.90196078
v 0.06231102 -0.05877214 -0.10082135 1.00000000 0.98039216 0.90196078
v 0.06231102 -0.02122786 -0.10082135 1.00000000 0.98039216 0.90196078
v 0.07442875 -0.04973702 -0.09362452 1.00000000 0.98039216 0.90196078
v 0.04795285 -0.04987883 -0.10955790 1.00000000 0.98039216 0.90196078
v 0.07442875 -0.03026298 -0.09362452 1.00000000 0.98039216 0.90196078
v 0.04795285 -0.03012117 -0.10955790 1.00000000 0.98039216 0.90196078
v 0.07387704 0.05406117 0.00973036 1.00000000 0.98039216 0.90196078
v 0.09103828 0.03281902 0.02845036 1.00000000 0.98039216 0.90196078
v 0.06855020 0.05511791 0.02556274 1.00000000 0.98039216 0.90196078
v 0.08434884 0.04535381 0.00000000 1.00000000 0.98039216 0.90196078
v 0.10379152 -0.02425595 0.05813300 1.00000000 0.98039216 0.90196078
v 0.10126938 0.00603365 0.04500463 1.00000000 0.98039216 0.90196078
v 0.05447886 0.05095225 0.05621158 1.00000000 0.98039216 0.90196078
v 0.08485281 0.03218011 0.04460976 1.00000000 0.98039216 0.90196078
v 0.06193459 0.05401420 0.04153836 1.00000000 0.98039216 0.90196078
v 0.07768943 0.04427718 0.03552055 1.00000000 0.98039216 0.90196078
v 0.10082135 0.02231102 -0.01877214 1.00000000 0.98039216 0.90196078
v 0.10082135 0.02231102 0.01877214 1.00000000 0.98039216 0.90196078
v 0.09362452 0.03442875 -0.00973702 1.00000000 0.98039216 0.90196078
v 0.09362452 0.03442875 0.00973702 1.00000000 0.98039216 0.90196078
v 0.07387704 -0.13406117 0.00973036 1.00000000 0.98039216 0.90196078
v 0.09103828 -0.11281902 0.02845036 1.00000000 0.98039216 0.90196078
v 0.06855020 -0.13511791 0.02556274 1.00000000 0.98039216 0.90196078
v 0.08434884 -0.12535381 0.00000000 1.00000000 0.98039216 0.90196078
v 0.10379152 -0.05574405 0.05813300 1.00000000 0.98039216 0.90196078
v 0.10126938 -0.08603365 0.04500463 1.00000000 0.98039216 0.90196078
v 0.05447886 -0.13095225 0.05621158 1.00000000 0.98039216 0.90196078
v 0.08485281 -0.11218011 0.04460976 1.00000000 0.98039216 0.90196078
v 0.06193459 -0.13401420 0.04153836 1.00000000 0.98039216 0.90196078
v 0.07768943 -0.12427718 0.03552055 1.00000000 0.98039216 0.90196078
v 0.10082135 -0.10231102 -0.01877214 1.00000000 0.98039216 0.90196078
v 0.10082135 -0.10231102 0.01877214 1.00000000 0.98039216 0.90196078
v 0.09362452 -0.11442875 -0.00973702 1.00000000 0.98039216 0.90196078
v 0.09362452 -0.11442875 0.00973702 1.00000000 0.98039216 0.90196078
v 0.01574405 -0.09813300 0.10379152 1.00000000 0.98039216 0.90196078
v 0.04603365 -0.08500463 0.10126938 1.00000000 0.98039216 0.90196078
v 0.02556274 -0.10855020 0.09511791 1.00000000 0.98039216 0.90196078
v 0.01579864 -0.08298746 0.11091655 1.00000000 0.98039216 0.90196078
v 0.09406117 -0.04973036 0.07387704 1.00000000 0.98039216 0.90196078
v 0.07281902 -0.06845036 0.09103828 1.00000000 0.98039216 0.90196078
v 0.09511791 -0.06556274 0.06855020 1.00000000 0.98039216 0.90196078
v 0.04460976 -0.12485281 0.07218011 1.00000000 0.98039216 0.90196078
v 0.05621158 -0.09447886 0.09095225 1.00000000 0.98039216 0.90196078
v 0.03552055 -0.11768943 0.08427718 1.00000000 0.98039216 0.90196078
v 0.06160505 -0.11758934 0.06771051 1.00000000 0.98039216 0.90196078
v 0.04153836 -0.10193459 0.09401420 1.00000000 0.98039216 0.90196078
v 0.01596853 -0.04986910 0.11852260 1.00000000 0.98039216 0.90196078
v 0.04634249 -0.06864123 0.10692078 1.00000000 0.98039216 0.90196078
v 0.01593510 -0.06641404 0.11596711 1.00000000 0.98039216 0.90196078
v 0.03168993 -0.07615107 0.10994930 1.00000000 0.98039216 0.90196078
v 0.09095225 -0.09621158 0.05447886 1.00000000 0.98039216 0.90196078
v 0.07218011 -0.08460976 0.08485281 1.00000000 0.98039216 0.90196078
v 0.09401420 -0.08153836 0.06193459 1.00000000 0.98039216 0.90196078
v 0.07758934 -0.10771051 0.06160505 1.00000000 0.98039216 0.90196078
v 0.08427718 -0.07552055 0.07768943 1.00000000 0.98039216 0.90196078
v 0.06771051 -0.10160505 0.07758934 1.00000000 0.98039216 0.90196078
v 0.01574405 0.01813300 0.10379152 1.00000000 0.98039216 0.90196078
v 0.04603365 0.00500463 0.10126938 1.00000000 0.98039216 0.90196078
v 0.02556274 0.02855020 0.09511791 1.00000000 0.98039216 0.90196078
v 0.01579864 0.00298746 0.11091655 1.00000000 0.98039216 0.90196078
v 0.09406117 -0.03026964 0.07387704 1.00000000 0.98039216 0.90196078
v 0.07281902 -0.01154964 0.09103828 1.00000000 0.98039216 0.90196078
v 0.09511791 -0.01443726 0.06855020 1.00000000 0.98039216 0.90196078
v 0.08535381 -0.04000000 0.08434884 1.00000000 0.98039216 0.90196078
v 0.04460976 0.04485281 0.07218011 1.00000000 0.98039216 0.90196078
v 0.05621158 0.01447886 0.09095225 1.00000000 0.98039216 0.90196078
v 0.03552055 0.03768943 0.08427718 1.00000000 0.98039216 0.90196078
v 0.06160505 0.03758934 0.06771051 1.00000000 0.98039216 0.90196078
v 0.04153836 0.02193459 0.09401420 1.00000000 0.98039216 0.90196078
v 0.01596853 -0.03013090 0.11852260 1.00000000 0.98039216 0.90196078
v 0.04634249 -0.01135877 0.10692078 1.00000000 0.98039216 0.90196078
v 0.01593510 -0.01358596 0.11596711 1.00000000 0.98039216 0.90196078
v 0.03196856 -0.04000000 0.11566335 1.00000000 0.98039216 0.90196078
v 0.03168993 -0.00384893 0.10994930 1.00000000 0.98039216 0.90196078
v 0.09095225 0.01621158 0.05447886 1.00000000 0.98039216 0.90196078
v 0.07218011 0.00460976 0.08485281 1.00000000 0.98039216 0.90196078
v 0.09401420 0.00153836 0.06193459 1.00000000 0.98039216 0.90196078
v 0.07758934 0.02771051 0.06160505 1.00000000 0.98039216 0.90196078
v 0.08427718 -0.00447945 0.07768943 1.00000000 0.98039216 0.90196078
v 0.06771051 0.02160505 0.07758934 1.00000000 0.98039216 0.90196078
v 0.06231102 -0.05877214 0.10082135 1.00000000 0.98039216 0.90196078
v 0.06231102 -0.02122786 0.10082135 1.00000000 0.98039216 0.90196078
v 0.07442875 -0.04973702 0.09362452 1.00000000 0.98039216 0.90196078
v 0.04795285 -0.04987883 0.10955790 1.00000000 0.98039216 0.90196078
v 0.07442875 -0.03026298 0.09362452 1.00000000 0.98039216 0.90196078
v 0.04795285 -0.03012117 0.10955790 1.00000000 0.98039216 0.90196078
v 0.10980521 -0.04000000 -0.04840264 1.00000000 0.98039216 0.90196078
v 0.11885267 -0.04000000 -0.01655427 1.00000000 0.98039216 0.90196078
v 0.11091655 -0.02420136 -0.04298746 1.00000000 0.98039216 0.90196078
v 0.11091655 -0.05579864 -0.04298746 1.00000000 0.98039216 0.90196078
v 0.10980521 -0.04000000 0.04840264 1.00000000 0.98039216 0.90196078
v 0.11885267 -0.04000000 0.01655427 1.00000000 0.98039216 0.90196078
v 0.11091655 -0.02420136 0.04298746 1.00000000 0.98039216 0.90196078
v 0.11091655 -0.05579864 0.04298746 1.00000000 0.98039216 0.90196078
v 0.10692078 0.00634249 -0.02864123 1.00000000 0.98039216 0.90196078
v 0.11852260 -0.02403147 -0.00986910 1.00000000 0.98039216 0.90196078
v 0.10994930 -0.00831007 -0.03615107 1.00000000 0.98039216 0.90196078
v 0.10955790 0.00795285 -0.00987883 1.00000000 0.98039216 0.90196078
v 0.11596711 -0.02406490 -0.02641404 1.00000000 0.98039216 0.90196078
v 0.10692078 -0.08634249 -0.02864123 1.00000000 0.98039216 0.90196078
v 0.11852260 -0.05596853 -0.00986910 1.00000000 0.98039216 0.90196078
v 0.10994930 -0.07168993 -0.03615107 1.00000000 0.98039216 0.90196078
v 0.10955790 -0.08795285 -0.00987883 1.00000000 0.98039216 0.90196078
v 0.11596711 -0.05593510 -0.02641404 1.00000000 0.98039216 0.90196078
v 0.10692078 0.00634249 0.02864123 1.00000000 0.98039216 0.90196078
v 0.11852260 -0.02403147 0.00986910 1.00000000 0.98039216 0.90196078
v 0.10994930 -0.00831007 0.03615107 1.00000000 0.98039216 0.90196078
v 0.10955790 0.00795285 0.00987883 1.00000000 0.98039216 0.90196078
v 0.11596711 -0.02406490 0.02641404 1.00000000 0.98039216 0.90196078
v 0.11566335 -0.00803144 0.00000000 1.00000000 0.98039216 0.90196078
v 0.10692078 -0.08634249 0.02864123 1.00000000 0.98039216 0.90196078
v 0.11852260 -0.05596853 0.00986910 1.00000000 0.98039216 0.90196078
v 0.10994930 -0.07168993 0.03615107 1.00000000 0.98039216 0.90196078
v 0.10955790 -0.08795285 0.00987883 1.00000000 0.98039216 0.90196078
v 0.11596711 -0.05593510 0.02641404 1.00000000 0.98039216 0.90196078
v 0.11566335 -0.07196856 0.00000000 1.00000000 0.98039216 0.90196078
v -0.07387704 0.05406117 -0.00973036 1.00000000 0.98039216 0.90196078
v -0.09103828 0.03281902 -0.02845036 1.00000000 0.98039216 0.90196078
v -0.06855020 0.05511791 -0.02556274 1.00000000 0.98039216 0.90196078
v -0.10379152 -0.02425595 -0.05813300 1.00000000 0.98039216 0.90196078
v -0.10126938 0.00603365 -0.04500463 1.00000000 0.98039216 0.90196078
v -0.05447886 0.05095225 -0.05621158 1.00000000 0.98039216 0.90196078
v -0.08485281 0.03218011 -0.04460976 1.00000000 0.98039216 0.90196078
v -0.06193459 0.05401420 -0.04153836 1.00000000 0.98039216 0.90196078
v -0.07768943 0.04427718 -0.03552055 1.00000000 0.98039216 0.90196078
v -0.07387704 -0.13406117 -0.00973036 1.00000000 0.98039216 0.90196078
v -0.09103828 -0.11281902 -0.02845036 1.00000000 0.98039216 0.90196078
v -0.06855020 -0.13511791 -0.02556274 1.00000000 0.98039216 0.90196078
v -0.10379152 -0.05574405 -0.05813300 1.00000000 0.98039216 0.90196078
v -0.10126938 -0.08603365 -0.04500463 1.00000000 0.98039216 0.90196078
v -0.05447886 -0.13095225 -0.05621158 1.00000000 0.98039216 0.90196078
v -0.08485281 -0.11218011 -0.04460976 1.00000000 0.98039216 0.90196078
v -0.06193459 -0.13401420 -0.04153836 1.00000000 0.98039216 0.90196078
v -0.07768943 -0.12427718 -0.03552055 1.00000000 0.98039216 0.90196078
v -0.01574405 -0.09813300 -0.10379152 1.00000000 0.98039216 0.90196078
v -0.04603365 -0.08500463 -0.10126938 1.00000000 0.98039216 0.90196078
v -0.02556274 -0.10855020 -0.09511791 1.00000000 0.98039216 0.90196078
v -0.01579864 -0.08298746 -0.11091655 1.00000000 0.98039216 0.90196078
v -0.09406117 -0.04973036 -0.07387704 1.00000000 0.98039216 0.90196078
v -0.07281902 -0.06845036 -0.09103828 1.00000000 0.98039216 0.90196078
v -0.09511791 -0.06556274 -0.06855020 1.00000000 0.98039216 0.90196078
v -0.04460976 -0.12485281 -0.07218011 1.00000000 0.98039216 0.90196078
v -0.05621158 -0.09447886 -0.09095225 1.00000000 0.98039216 0.90196078
v -0.03552055 -0.11768943 -0.08427718 1.00000000 0.98039216 0.90196078
v -0.06160505 -0.11758934 -0.06771051 1.00000000 0.98039216 0.90196078
v -0.04153836 -0.10193459 -0.09401420 1.00000000 0.98039216 0.90196078
v -0.01596853 -0.04986910 -0.11852260 1.00000000 0.98039216 0.90196078
v -0.04634249 -0.06864123 -0.10692078 1.00000000 0.98039216 0.90196078
v -0.01593510 -0.06641404 -0.11596711 1.00000000 0.98039216 0.90196078
v -0.03168993 -0.07615107 -0.10994930 1.00000000 0.98039216 0.90196078
v -0.09095225 -0.09621158 -0.05447886 1.00000000 0.98039216 0.90196078
v -0.07218011 -0.08460976 -0.08485281 1.00000000 0.98039216 0.90196078
v -0.09401420 -0.08153836 -0.06193459 1.00000000 0.98039216 0.90196078
v -0.07758934 -0.10771051 -0.06160505 1.00000000 0.98039216 0.90196078
v -0.08427718 -0.07552055 -0.07768943 1.00000000 0.98039216 0.90196078
v -0.06771051 -0.10160505 -0.07758934 1.00000000 0.98039216 0.90196078
v -0.01574405 0.01813300 -0.10379152 1.00000000 0.98039216 0.90196078
v -0.04603365 0.00500463 -0.10126938 1.00000000 0.98039216 0.90196078
v -0.02556274 0.02855020 -0.09511791 1.00000000 0.98039216 0.90196078
v -0.01579864 0.00298746 -0.11091655 1.00000000 0.98039216 0.90196078
v -0.09406117 -0.03026964 -0.07387704 1.00000000 0.98039216 0.90196078
v -0.07281902 -0.01154964 -0.09103828 1.00000000 0.98039216 0.90196078
v -0.09511791 -0.01443726 -0.06855020 1.00000000 0.98039216 0.90196078
v -0.08535381 -0.04000000 -0.08434884 1.00000000 0.98039216 0.90196078
v -0.04460976 0.04485281 -0.07218011 1.00000000 0.98039216 0.90196078
v -0.05621158 0.01447886 -0.09095225 1.00000000 0.98039216 0.90196078
v -0.03552055 0.03768943 -0.08427718 1.00000000 0.98039216 0.90196078
v -0.06160505 0.03758934 -0.06771051 1.00000000 0.98039216 0.90196078
v -0.04153836 0.02193459 -0.09401420 1.00000000 0.98039216 0.90196078
v -0.01596853 -0.03013090 -0.11852260 1.00000000 0.98039216 0.90196078
v -0.04634249 -0.01135877 -0.10692078 1.00000000 0.98039216 0.90196078
v -0.01593510 -0.01358596 -0.11596711 1.00000000 0.98039216 0.90196078
v -0.03196856 -0.04000000 -0.11566335 1.00000000 0.98039216 0.90196078
v -0.03168993 -0.00384893 -0.10994930 1.00000000 0.98039216 0.90196078
v -0.09095225 0.01621158 -0.05447886 1.00000000 0.98039216 0.90196078
v -0.07218011 0.00460976 -0.08485281 1.00000000 0.98039216 0.90196078
v -0.09401420 0.00153836 -0.06193459 1.00000000 0.98039216 0.90196078
v -0.07758934 0.02771051 -0.06160505 1.00000000 0.98039216 0.90196078
v -0.08427718 -0.00447945 -0.07768943 1.00000000 0.98039216 0.90196078
v -0.06771051 0.02160505 -0.07758934 1.00000000 0.98039216 0.90196078
v -0.06231102 -0.05877214 -0.10082135 1.00000000 0.98039216 0.90196078
v -0.06231102 -0.02122786 -0.10082135 1.00000000 0.98039216 0.90196078
v -0.07442875 -0.04973702 -0.09362452 1.00000000 0.98039216 0.90196078
v -0.04795285 -0.04987883 -0.10955790 1.00000000 0.98039216 0.90196078
v -0.07442875 -0.03026298 -0.09362452 1.00000000 0.98039216 0.90196078
v -0.04795285 -0.03012117 -0.10955790 1.00000000 0.98039216 0.90196078
v -0.07387704 0.05406117 0.00973036 1.00000000 0.98039216 0.90196078
v -0.09103828 0.03281902 0.02845036 1.00000000 0.98039216 0.90196078
v -0.06855020 0.05511791 0.02556274 1.00000000 0.98039216 0.90196078
v -0.08434884 0.04535381 0.00000000 1.00000000 0.98039216 0.90196078
v -0.10379152 -0.02425595 0.05813300 1.00000000 0.98039216 0.90196078
v -0.10126938 0.00603365 0.04500463 1.00000000 0.98039216 0.90196078
v -0.05447886 0.05095225 0.05621158 1.00000000 0.98039216 0.90196078
v -0.08485281 0.03218011 0.04460976 1.00000000 0.98039216 0.90196078
v -0.06193459 0.05401420 0.04153836 1.00000000 0.98039216 0.90196078
v -0.07768943 0.04427718 0.03552055 1.00000000 0.98039216 0.90196078
v -0.10082135 0.02231102 -0.01877214 1.00000000 0.98039216 0.90196078
v -0.10082135 0.02231102 0.01877214 1.00000000 0.98039216 0.90196078
v -0.09362452 0.03442875 -0.00973702 1.00000000 0.98039216 0.90196078
v -0.09362452 0.03442875 0.00973702 1.00000000 0.98039216 0.90196078
v -0.07387704 -0.13406117 0.00973036 1.00000000 0.98039216 0.90196078
v -0.09103828 -0.11281902 0.02845036 1.00000000 0.98039216 0.90196078
v -0.06855020 -0.13511791 0.02556274 1.00000000 0.98039216 0.90196078
v -0.08434884 -0.12535381 0.00000000 1.00000000 0.98039216 0.90196078
v -0.10379152 -0.05574405 0.05813300 1.00000000 0.98039216 0.90196078
v -0.10126938 -0.08603365 0.04500463 1.00000000 0.98039216 0.90196078
v -0.05447886 -0.13095225 0.05621158 1.00000000 0.98039216 0.90196078
v -0.08485281 -0.11218011 0.04460976 1.00000000 0.98039216 0.90196078
v -0.06193459 -0.13401420 0.04153836 1.00000000 0.98039216 0.90196078
v -0.07768943 -0.12427718 0.03552055 1.00000000 0.98039216 0.90196078
v -0.10082135 -0.10231102 -0.01877214 1.00000000 0.98039216 0.90196078
v -0.10082135 -0.10231102 0.01877214 1.00000000 0.98039216 0.90196078
v -0.09362452 -0.11442875 -0.00973702 1.00000000 0.98039216 0.90196078
v -0.09362452 -0.11442875 0.00973702 1.00000000 0.98039216 0.90196078
v -0.01574405 -0.09813300 0.10379152 1.00000000 0.98039216 0.90196078
v -0.04603365 -0.08500463 0.10126938 1.00000000 0.98039216 0.90196078
v -0.02556274 -0.10855020 0.09511791 1.00000000 0.98039216 0.90196078
v -0.01579864 -0.08298746 0.11091655 1.00000000 0.98039216 0.90196078
v -0.09406117 -0.04973036 0.07387704 1.00000000 0.98039216 0.90196078
v -0.07281902 -0.06845036 0.09103828 1.00000000 0.98039216 0.90196078
v -0.09511791 -0.06556274 0.06855020 1.00000000 0.98039216 0.90196078
v -0.04460976 -0.12485281 0.07218011 1.00000000 0.98039216 0.90196078
v -0.05621158 -0.09447886 0.09095225 1.00000000 0.98039216 0.90196078
v -0.03552055 -0.11768943 0.08427718 1.00000000 0.98039216 0.90196078
v -0.06160505 -0.11758934 0.06771051 1.00000000 0.98039216 0.90196078
v -0.04153836 -0.10193459 0.09401420 1.00000000 0.98039216 0.90196078
v -0.01596853 -0.04986910 0.11852260 1.00000000 0.98039216 0.90196078
v -0.04634249 -0.06864123 0.10692078 1.00000000 0.98039216 0.90196078
v -0.01593510 -0.06641404 0.11596711 1.00000000 0.98039216 0.90196078
v -0.03168993 -0.07615107 0.10994930 1.00000000 0.98039216 0.90196078
v -0.09095225 -0.09621158 0.05447886 1.00000000 0.98039216 0.90196078
v -0.07218011 -0.08460976 0.08485281 1.00000000 0.98039216 0.90196078
v -0.09401420 -0.08153836 0.06193459 1.00000000 0.98039216 0.90196078
v -0.07758934 -0.10771051 0.06160505 1.00000000 0.98039216 0.90196078
v -0.08427718 -0.07552055 0.07768943 1.00000000 0.98039216 0.90196078
v -0.06771051 -0.10160505 0.07758934 1.00000000 0.98039216 0.90196078
v -0.01574405 0.01813300 0.10379152 1.00000000 0.98039216 0.90196078
v -0.04603365 0.00500463 0.10126938 1.00000000 0.98039216 0.90196078
v -0.02556274 0.02855020 0.09511791 1.00000000 0.98039216 0.90196078
v -0.01579864 0.00298746 0.11091655 1.00000000 0.98039216 0.90196078
v -0.09406117 -0.03026964 0.07387704 1.00000000 0.98039216 0.90196078
v -0.07281902 -0.01154964 0.09103828 1.00000000 0.98039216 0.90196078
v -0.09511791 -0.01443726 0.06855020 1.00000000 0.98039216 0.90196078
v -0.08535381 -0.04000000 0.08434884 1.00000000 0.98039216 0.90196078
v -0.04460976 0.04485281 0.07218011 1.00000000 0.98039216 0.90196078
v -0.05621158 0.01447886 0.09095225 1.00000000 0.98039216 0.90196078
v -0.03552055 0.03768943 0.08427718 1.00000000 0.98039216 0.90196078
v -0.06160505 0.03758934 0.06771051 1.00000000 0.98039216 0.90196078
v -0.04153836 0.02193459 0.09401420 1.00000000 0.98039216 0.90196078
v -0.01596853 -0.03013090 0.11852260 1.00000000 0.98039216 0.90196078
v -0.04634249 -0.01135877 0.10692078 1.00000000 0.98039216 0.90196078
v -0.01593510 -0.01358596 0.11596711 1.00000000 0.98039216 0.90196078
v -0.03196856 -0.04000000 0.11566335 1.00000000 0.98039216 0.90196078
v -0.03168993 -0.00384893 0.10994930 1.00000000 0.98039216 0.90196078
v -0.09095225 0.01621158 0.05447886 1.00000000 0.98039216 0.90196078
v -0.07218011 0.00460976 0.08485281 1.00000000 0.98039216 0.90196078
v -0.09401420 0.00153836 0.06193459 1.00000000 0.98039216 0.90196078
v -0.07758934 0.02771051 0.06160505 1.00000000 0.98039216 0.90196078
v -0.08427718 -0.00447945 0.07768943 1.00000000 0.98039216 0.90196078
v -0.06771051 0.02160505 0.07758934 1.00000000 0.98039216 0.90196078
v -0.06231102 -0.05877214 0.10082135 1.00000000 0.98039216 0.90196078
v -0.06231102 -0.02122786 0.10082135 1.00000000 0.98039216 0.90196078
v -0.07442875 -0.04973702 0.09362452 1.00000000 0.98039216 0.90196078
v -0.04795285 -0.04987883 0.10955790 1.00000000 0.98039216 0.90196078
v -0.07442875 -0.03026298 0.09362452 1.00000000 0.98039216 0.90196078
v -0.04795285 -0.03012117 0.10955790 1.00000000 0.98039216 0.90196078
v -0.10980521 -0.04000000 -0.04840264 1.00000000 0.98039216 0.90196078
v -0.11885267 -0.04000000 -0.01655427 1.00000000 0.98039216 0.90196078
v -0.11091655 -0.02420136 -0.04298746 1.00000000 0.98039216 0.90196078
v -0.11091655 -0.05579864 -0.04298746 1.00000000 0.98039216 0.90196078
v -0.10980521 -0.04000000 0.04840264 1.00000000 0.98039216 0.90196078
v -0.11885267 -0.04000000 0.01655427 1.00000000 0.98039216 0.90196078
v -0.11091655 -0.02420136 0.04298746 1.00000000 0.98039216 0.90196078
v -0.11091655 -0.05579864 0.04298746 1.00000000 0.98039216 0.90196078
v -0.10692078 0.00634249 -0.02864123 1.00000000 0.98039216 0.90196078
v -0.11852260 -0.02403147 -0.00986910 1.00000000 0.98039216 0.90196078
v -0.10994930 -0.00831007 -0.03615107 1.00000000 0.98039216 0.90196078
v -0.10955790 0.00795285 -0.00987883 1.00000000 0.98039216 0.90196078
v -0.11596711 -0.02406490 -0.02641404 1.00000000 0.98039216 0.90196078
v -0.10692078 -0.08634249 -0.02864123 1.00000000 0.98039216 0.90196078
v -0.11852260 -0.05596853 -0.00986910 1.00000000 0.98039216 0.90196078
v -0.10994930 -0.07168993 -0.03615107 1.00000000 0.98039216 0.90196078
v -0.10955790 -0.08795285 -0.00987883 1.00000000 0.98039216 0.90196078
v -0.11596711 -0.05593510 -0.02641404 1.00000000 0.98039216 0.90196078
v -0.10692078 0.00634249 0.02864123 1.00000000 0.98039216 0.90196078
v -0.11852260 -0.02403147 0.00986910 1.00000000 0.98039216 0.90196078
v -0.10994930 -0.00831007 0.03615107 1.00000000 0.98039216 0.90196078
v -0.10955790 0.00795285 0.00987883 1.00000000 0.98039216 0.90196078
v -0.11596711 -0.02406490 0.02641404 1.00000000 0.98039216 0.90196078
v -0.11566335 -0.00803144 0.00000000 1.00000000 0.98039216 0.90196078
v -0.10692078 -0.08634249 0.02864123 1.00000000 0.98039216 0.90196078
v -0.11852260 -0.05596853 0.00986910 1.00000000 0.98039216 0.90196078
v -0.10994930 -0.07168993 0.03615107 1.00000000 0.98039216 0.90196078
v -0.10955790 -0.08795285 0.00987883 1.00000000 0.98039216 0.90196078
v -0.11596711 -0.05593510 0.02641404 1.00000000 0.98039216 0.90196078
v -0.11566335 -0.07196856 0.00000000 1.00000000 0.98039216 0.90196078
f 99 631 295
f 631 236 633
f 295 633 152
f 631 633 295
f 236 632 640
f 632 136 638
f 640 638 238
f 632 638 640
f 152 639 296
f 639 238 637
f 296 637 115
f 639 637 296
f 236 640 633
f 640 238 639
f 633 639 152
f 640 639 633
f 136 636 699
f 636 237 701
f 699 701 253
f 636 701 699
f 237 635 687
f 635 110 685
f 687 685 250
f 635 685 687
f 253 703 700
f 703 250 686
f 700 686 139
f 703 686 700
f 237 687 701
f 687 250 703
f 701 703 253
f 687 703 701
f 115 689 299
f 689 251 691
f 299 691 153
f 689 691 299
f 251 690 693
f 690 139 682
f 693 682 249
f 690 682 693
f 153 683 298
f 683 249 681
f 298 681 104
f 683 681 298
f 251 693 691
f 693 249 683
f 691 683 153
f 693 683 691
f 136 699 638
f 699 253 702
f 638 702 238
f 699 702 638
f 253 700 704
f 700 139 690
f 704 690 251
f 700 690 704
f 238 692 637
f 692 251 689
f 637 689 115
f 692 689 637
f 253 704 702
f 704 251 692
f 702 692 238
f 704 692 702
f 99 295 261
f 295 152 297
f 261 297 141
f 295 297 261
f 152 296 303
f 296 115 301
f 303 301 154
f 296 301 303
f 141 302 262
f 302 154 300
f 262 300 111
f 302 300 262
f 152 303 297
f 303 154 302
f 297 302 141
f 303 302 297
f 115 299 315
f 299 153 317
f 315 317 158
f 299 317 315
f 153 298 309
f 298 104 307
f 309 307 156
f 298 307 309
f 158 319 316
f 319 156 308
f 316 308 116
f 319 308 316
f 153 309 317
f 309 156 319
f 317 319 158
f 309 319 317
f 111 310 264
f 310 157 312
f 264 312 142
f 310 312 264
f 157 311 314
f 311 116 305
f 314 305 155
f 311 305 314
f 142 306 263
f 306 155 304
f 263 304 100
f 306 304 263
f 157 314 312
f 314 155 306
f 312 306 142
f 314 306 312
f 115 315 301
f 315 158 318
f 301 318 154
f 315 318 301
f 158 316 320
f 316 116 311
f 320 311 157
f 316 311 320
f 154 313 300
f 313 157 310
f 300 310 111
f 313 310 300
f 158 320 318
f 320 157 313
f 318 313 154
f 320 313 318
f 99 261 351
f 261 141 353
f 351 353 168
f 261 353 351
f 141 262 358
f 262 111 356
f 358 356 170
f 262 356 358
f 168 359 352
f 359 170 357
f 352 357 120
f 359 357 352
f 141 358 353
f 358 170 359
f 353 359 168
f 358 359 353
f 111 264 366
f 264 142 368
f 366 368 173
f 264 368 366
f 142 263 362
f 263 100 360
f 362 360 171
f 263 360 362
f 173 370 367
f 370 171 361
f 367 361 121
f 370 361 367
f 142 362 368
f 362 171 370
f 368 370 173
f 362 370 368
f 120 371 355
f 371 174 373
f 355 373 169
f 371 373 355
f 174 372 375
f 372 121 364
f 375 364 172
f 372 364 375
f 169 365 354
f 365 172 363
f 354 363 106
f 365 363 354
f 174 375 373
f 375 172 365
f 373 365 169
f 375 365 373
f 111 366 356
f 366 173 369
f 356 369 170
f 366 369 356
f 173 367 376
f 367 121 372
f 376 372 174
f 367 372 376
f 170 374 357
f 374 174 371
f 357 371 120
f 374 371 357
f 173 376 369
f 376 174 374
f 369 374 170
f 376 374 369
f 99 351 561
f 351 168 563
f 561 563 219
f 351 563 561
f 168 352 568
f 352 120 566
f 568 566 221
f 352 566 568
f 219 569 562
f 569 221 567
f 562 567 132
f 569 567 562
f 168 568 563
f 568 221 569
f 563 569 219
f 568 569 563
f 120 355 609
f 355 169 611
f 609 611 232
f 355 611 609
f 169 354 603
f 354 106 601
f 603 601 230
f 354 601 603
f 232 613 610
f 613 230 602
f 610 602 135
f 613 602 610
f 169 603 611
f 603 230 613
f 611 613 232
f 603 613 611
f 132 619 565
f 619 234 621
f 565 621 220
f 619 621 565
f 234 620 623
f 620 135 606
f 623 606 231
f 620 606 623
f 220 607 564
f 607 231 605
f 564 605 109
f 607 605 564
f 234 623 621
f 623 231 607
f 621 607 220
f 623 607 621
f 120 609 566
f 609 232 612
f 566 612 221
f 609 612 566
f 232 610 624
f 610 135 620
f 624 620 234
f 610 620 624
f 221 622 567
f 622 234 619
f 567 619 132
f 622 619 567
f 232 624 612
f 624 234 622
f 612 622 221
f 624 622 612
f 99 561 631
f 561 219 634
f 631 634 236
f 561 634 631
f 219 562 643
f 562 132 641
f 643 641 239
f 562 641 643
f 236 644 632
f 644 239 642
f 632 642 136
f 644 642 632
f 219 643 634
f 643 239 644
f 634 644 236
f 643 644 634
f 132 565 719
f 565 220 721
f 719 721 257
f 565 721 719
f 220 564 713
f 564 109 711
f 713 711 255
f 564 711 713
f 257 723 720
f 723 255 712
f 720 712 140
f 723 712 720
f 220 713 721
f 713 255 723
f 721 723 257
f 713 723 721
f 136 729 636
f 729 259 731
f 636 731 237
f 729 731 636
f 259 730 733
f 730 140 716
f 733 716 256
f 730 716 733
f 237 717 635
f 717 256 715
f 635 715 110
f 717 715 635
f 259 733 731
f 733 256 717
f 731 717 237
f 733 717 731
f 132 719 641
f 719 257 722
f 641 722 239
f 719 722 641
f 257 720 734
f 720 140 730
f 734 730 259
f 720 730 734
f 239 732 642
f 732 259 729
f 642 729 136
f 732 729 642
f 257 734 722
f 734 259 732
f 722 732 239
f 734 732 722
f 100 304 451
f 304 155 453
f 451 453 194
f 304 453 451
f 155 305 459
f 305 116 457
f 459 457 196
f 305 457 459
f 194 460 452
f 460 196 458
f 452 458 127
f 460 458 452
f 155 459 453
f 459 196 460
f 453 460 194
f 459 460 453
f 116 308 509
f 308 156 511
f 509 511 209
f 308 511 509
f 156 307 503
f 307 104 501
f 503 501 207
f 307 501 503
f 209 513 510
f 513 207 502
f 510 502 130
f 513 502 510
f 156 503 511
f 503 207 513
f 511 513 209
f 503 513 511
f 127 519 456
f 519 211 521
f 456 521 195
f 519 521 456
f 211 520 523
f 520 130 506
f 523 506 208
f 520 506 523
f 195 507 455
f 507 208 505
f 455 505 108
f 507 505 455
f 211 523 521
f 523 208 507
f 521 507 195
f 523 507 521
f 116 509 457
f 509 209 512
f 457 512 196
f 509 512 457
f 209 510 524
f 510 130 520
f 524 520 211
f 510 520 524
f 196 522 458
f 522 211 519
f 458 519 127
f 522 519 458
f 209 524 512
f 524 211 522
f 512 522 196
f 524 522 512
f 104 681 323
f 681 249 684
f 323 684 160
f 681 684 323
f 249 682 698
f 682 139 695
f 698 695 252
f 682 695 698
f 160 696 324
f 696 252 694
f 324 694 117
f 696 694 324
f 249 698 684
f 698 252 696
f 684 696 160
f 698 696 684
f 139 686 706
f 686 250 709
f 706 709 254
f 686 709 706
f 250 685 688
f 685 110 663
f 688 663 245
f 685 663 688
f 254 707 705
f 707 245 664
f 705 664 138
f 707 664 705
f 250 688 709
f 688 245 707
f 709 707 254
f 688 707 709
f 117 671 322
f 671 247 673
f 322 673 159
f 671 673 322
f 247 672 674
f 672 138 660
f 674 660 244
f 672 660 674
f 159 662 321
f 662 244 659
f 321 659 103
f 662 659 321
f 247 674 673
f 674 244 662
f 673 662 159
f 674 662 673
f 139 706 695
f 706 254 710
f 695 710 252
f 706 710 695
f 254 705 708
f 705 138 672
f 708 672 247
f 705 672 708
f 252 697 694
f 697 247 671
f 694 671 117
f 697 671 694
f 254 708 710
f 708 247 697
f 710 697 252
f 708 697 710
f 110 715 649
f 715 256 718
f 649 718 241
f 715 718 649
f 256 716 739
f 716 140 736
f 739 736 260
f 716 736 739
f 241 737 650
f 737 260 735
f 650 735 137
f 737 735 650
f 256 739 718
f 739 260 737
f 718 737 241
f 739 737 718
f 140 712 725
f 712 255 728
f 725 728 258
f 712 728 725
f 255 711 714
f 711 109 573
f 714 573 223
f 711 573 714
f 258 726 724
f 726 223 574
f 724 574 133
f 726 574 724
f 255 714 728
f 714 223 726
f 728 726 258
f 714 726 728
f 137 656 646
f 656 243 658
f 646 658 240
f 656 658 646
f 243 655 657
f 655 133 571
f 657 571 222
f 655 571 657
f 240 648 645
f 648 222 570
f 645 570 101
f 648 570 645
f 243 657 658
f 657 222 648
f 658 648 240
f 657 648 658
f 140 725 736
f 725 258 740
f 736 740 260
f 725 740 736
f 258 724 727
f 724 133 655
f 727 655 243
f 724 655 727
f 260 738 735
f 738 243 656
f 735 656 137
f 738 656 735
f 258 727 740
f 727 243 738
f 740 738 260
f 727 738 740
f 109 605 583
f 605 231 608
f 583 608 226
f 605 608 583
f 231 606 629
f 606 135 626
f 629 626 235
f 606 626 629
f 226 627 584
f 627 235 625
f 584 625 134
f 627 625 584
f 231 629 608
f 629 235 627
f 608 627 226
f 629 627 608
f 135 602 615
f 602 230 618
f 615 618 233
f 602 618 615
f 230 601 604
f 601 106 379
f 604 379 176
f 601 379 604
f 233 616 614
f 616 176 380
f 614 380 122
f 616 380 614
f 230 604 618
f 604 176 616
f 618 616 233
f 604 616 618
f 134 592 580
f 592 228 594
f 580 594 225
f 592 594 580
f 228 591 593
f 591 122 378
f 593 378 175
f 591 378 593
f 225 582 579
f 582 175 377
f 579 377 105
f 582 377 579
f 228 593 594
f 593 175 582
f 594 582 225
f 593 582 594
f 135 615 626
f 615 233 630
f 626 630 235
f 615 630 626
f 233 614 617
f 614 122 591
f 617 591 228
f 614 591 617
f 235 628 625
f 628 228 592
f 625 592 134
f 628 592 625
f 233 617 630
f 617 228 628
f 630 628 235
f 617 628 630
f 106 363 421
f 363 172 423
f 421 423 188
f 363 423 421
f 172 364 431
f 364 121 429
f 431 429 190
f 364 429 431
f 188 433 422
f 433 190 430
f 422 430 126
f 433 430 422
f 172 431 423
f 431 190 433
f 423 433 188
f 431 433 423
f 121 361 386
f 361 171 388
f 386 388 179
f 361 388 386
f 171 360 383
f 360 100 381
f 383 381 177
f 360 381 383
f 179 389 387
f 389 177 382
f 387 382 123
f 389 382 387
f 171 383 388
f 383 177 389
f 388 389 179
f 383 389 388
f 126 440 426
f 440 192 443
f 426 443 189
f 440 443 426
f 192 439 441
f 439 123 385
f 441 385 178
f 439 385 441
f 189 427 425
f 427 178 384
f 425 384 107
f 427 384 425
f 192 441 443
f 441 178 427
f 443 427 189
f 441 427 443
f 121 386 429
f 386 179 432
f 429 432 190
f 386 432 429
f 179 387 442
f 387 123 439
f 442 439 192
f 387 439 442
f 190 444 430
f 444 192 440
f 430 440 126
f 444 440 430
f 179 442 432
f 442 192 444
f 432 444 190
f 442 444 432
f 102 465 278
f 465 198 467
f 278 467 148
f 465 467 278
f 198 466 474
f 466 128 472
f 474 472 200
f 466 472 474
f 148 473 279
f 473 200 471
f 279 471 114
f 473 471 279
f 198 474 467
f 474 200 473
f 467 473 148
f 474 473 467
f 128 470 495
f 470 199 497
f 495 497 206
f 470 497 495
f 199 469 485
f 469 108 483
f 485 483 203
f 469 483 485
f 206 499 496
f 499 203 484
f 496 484 129
f 499 484 496
f 199 485 497
f 485 203 499
f 497 499 206
f 485 499 497
f 114 486 282
f 486 204 488
f 282 488 149
f 486 488 282
f 204 487 490
f 487 129 480
f 490 480 202
f 487 480 490
f 149 481 281
f 481 202 479
f 281 479 103
f 481 479 281
f 204 490 488
f 490 202 481
f 488 481 149
f 490 481 488
f 128 495 472
f 495 206 498
f 472 498 200
f 495 498 472
f 206 496 500
f 496 129 487
f 500 487 204
f 496 487 500
f 200 489 471
f 489 204 486
f 471 486 114
f 489 486 471
f 206 500 498
f 500 204 489
f 498 489 200
f 500 489 498
f 102 278 267
f 278 148 280
f 267 280 144
f 278 280 267
f 148 279 288
f 279 114 285
f 288 285 150
f 279 285 288
f 144 286 268
f 286 150 284
f 268 284 112
f 286 284 268
f 148 288 280
f 288 150 286
f 280 286 144
f 288 286 280
f 114 282 290
f 282 149 293
f 290 293 151
f 282 293 290
f 149 281 283
f 281 103 272
f 283 272 146
f 281 272 283
f 151 291 289
f 291 146 273
f 289 273 113
f 291 273 289
f 149 283 293
f 283 146 291
f 293 291 151
f 283 291 293
f 112 274 266
f 274 147 276
f 266 276 143
f 274 276 266
f 147 275 277
f 275 113 270
f 277 270 145
f 275 270 277
f 143 271 265
f 271 145 269
f 265 269 101
f 271 269 265
f 147 277 276
f 277 145 271
f 276 271 143
f 277 271 276
f 114 290 285
f 290 151 294
f 285 294 150
f 290 294 285
f 151 289 292
f 289 113 275
f 292 275 147
f 289 275 292
f 150 287 284
f 287 147 274
f 284 274 112
f 287 274 284
f 151 292 294
f 292 147 287
f 294 287 150
f 292 287 294
f 102 267 334
f 267 144 336
f 334 336 164
f 267 336 334
f 144 268 342
f 268 112 340
f 342 340 166
f 268 340 342
f 164 344 335
f 344 166 341
f 335 341 119
f 344 341 335
f 144 342 336
f 342 166 344
f 336 344 164
f 342 344 336
f 112 266 330
f 266 143 332
f 330 332 163
f 266 332 330
f 143 265 327
f 265 101 325
f 327 325 161
f 265 325 327
f 163 333 331
f 333 161 326
f 331 326 118
f 333 326 331
f 143 327 332
f 327 161 333
f 332 333 163
f 327 333 332
f 119 346 338
f 346 167 349
f 338 349 165
f 346 349 338
f 167 345 347
f 345 118 329
f 347 329 162
f 345 329 347
f 165 339 337
f 339 162 328
f 337 328 105
f 339 328 337
f 167 347 349
f 347 162 339
f 349 339 165
f 347 339 349
f 112 330 340
f 330 163 343
f 340 343 166
f 330 343 340
f 163 331 348
f 331 118 345
f 348 345 167
f 331 345 348
f 166 350 341
f 350 167 346
f 341 346 119
f 350 346 341
f 163 348 343
f 348 167 350
f 343 350 166
f 348 350 343
f 102 334 390
f 334 164 392
f 390 392 180
f 334 392 390
f 164 335 397
f 335 119 395
f 397 395 182
f 335 395 397
f 180 398 391
f 398 182 396
f 391 396 124
f 398 396 391
f 164 397 392
f 397 182 398
f 392 398 180
f 397 398 392
f 119 338 406
f 338 165 408
f 406 408 185
f 338 408 406
f 165 337 401
f 337 105 399
f 401 399 183
f 337 399 401
f 185 410 407
f 410 183 400
f 407 400 125
f 410 400 407
f 165 401 408
f 401 183 410
f 408 410 185
f 401 410 408
f 124 415 394
f 415 187 417
f 394 417 181
f 415 417 394
f 187 416 419
f 416 125 404
f 419 404 184
f 416 404 419
f 181 405 393
f 405 184 403
f 393 403 107
f 405 403 393
f 187 419 417
f 419 184 405
f 417 405 181
f 419 405 417
f 119 406 395
f 406 185 409
f 395 409 182
f 406 409 395
f 185 407 420
f 407 125 416
f 420 416 187
f 407 416 420
f 182 418 396
f 418 187 415
f 396 415 124
f 418 415 396
f 185 420 409
f 420 187 418
f 409 418 182
f 420 418 409
f 102 390 465
f 390 180 468
f 465 468 198
f 390 468 465
f 180 391 477
f 391 124 475
f 477 475 201
f 391 475 477
f 198 478 466
f 478 201 476
f 466 476 128
f 478 476 466
f 180 477 468
f 477 201 478
f 468 478 198
f 477 478 468
f 124 394 544
f 394 181 546
f 544 546 216
f 394 546 544
f 181 393 534
f 393 107 531
f 534 531 213
f 393 531 534
f 216 548 545
f 548 213 532
f 545 532 131
f 548 532 545
f 181 534 546
f 534 213 548
f 546 548 216
f 534 548 546
f 128 555 470
f 555 218 557
f 470 557 199
f 555 557 470
f 218 556 559
f 556 131 536
f 559 536 214
f 556 536 559
f 199 538 469
f 538 214 535
f 469 535 108
f 538 535 469
f 218 559 557
f 559 214 538
f 557 538 199
f 559 538 557
f 124 544 475
f 544 216 547
f 475 547 201
f 544 547 475
f 216 545 560
f 545 131 556
f 560 556 218
f 545 556 560
f 201 558 476
f 558 218 555
f 476 555 128
f 558 555 476
f 216 560 547
f 560 218 558
f 547 558 201
f 560 558 547
f 103 479 321
f 479 202 482
f 321 482 159
f 479 482 321
f 202 480 494
f 480 129 492
f 494 492 205
f 480 492 494
f 159 493 322
f 493 205 491
f 322 491 117
f 493 491 322
f 202 494 482
f 494 205 493
f 482 493 159
f 494 493 482
f 129 484 525
f 484 203 527
f 525 527 212
f 484 527 525
f 203 483 508
f 483 108 505
f 508 505 208
f 483 505 508
f 212 529 526
f 529 208 506
f 526 506 130
f 529 506 526
f 203 508 527
f 508 208 529
f 527 529 212
f 508 529 527
f 117 514 324
f 514 210 516
f 324 516 160
f 514 516 324
f 210 515 518
f 515 130 502
f 518 502 207
f 515 502 518
f 160 504 323
f 504 207 501
f 323 501 104
f 504 501 323
f 210 518 516
f 518 207 504
f 516 504 160
f 518 504 516
f 129 525 492
f 525 212 528
f 492 528 205
f 525 528 492
f 212 526 530
f 526 130 515
f 530 515 210
f 526 515 530
f 205 517 491
f 517 210 514
f 491 514 117
f 517 514 491
f 212 530 528
f 530 210 517
f 528 517 205
f 530 517 528
f 101 269 645
f 269 145 647
f 645 647 240
f 269 647 645
f 145 270 653
f 270 113 651
f 653 651 242
f 270 651 653
f 240 654 646
f 654 242 652
f 646 652 137
f 654 652 646
f 145 653 647
f 653 242 654
f 647 654 240
f 653 654 647
f 113 273 666
f 273 146 668
f 666 668 246
f 273 668 666
f 146 272 661
f 272 103 659
f 661 659 244
f 272 659 661
f 246 670 667
f 670 244 660
f 667 660 138
f 670 660 667
f 146 661 668
f 661 244 670
f 668 670 246
f 661 670 668
f 137 675 650
f 675 248 677
f 650 677 241
f 675 677 650
f 248 676 679
f 676 138 664
f 679 664 245
f 676 664 679
f 241 665 649
f 665 245 663
f 649 663 110
f 665 663 649
f 248 679 677
f 679 245 665
f 677 665 241
f 679 665 677
f 113 666 651
f 666 246 669
f 651 669 242
f 666 669 651
f 246 667 680
f 667 138 676
f 680 676 248
f 667 676 680
f 242 678 652
f 678 248 675
f 652 675 137
f 678 675 652
f 246 680 669
f 680 248 678
f 669 678 242
f 680 678 669
f 105 328 579
f 328 162 581
f 579 581 225
f 328 581 579
f 162 329 588
f 329 118 586
f 588 586 227
f 329 586 588
f 225 590 580
f 590 227 587
f 580 587 134
f 590 587 580
f 162 588 581
f 588 227 590
f 581 590 225
f 588 590 581
f 118 326 575
f 326 161 577
f 575 577 224
f 326 577 575
f 161 325 572
f 325 101 570
f 572 570 222
f 325 570 572
f 224 578 576
f 578 222 571
f 576 571 133
f 578 571 576
f 161 572 577
f 572 222 578
f 577 578 224
f 572 578 577
f 134 596 584
f 596 229 599
f 584 599 226
f 596 599 584
f 229 595 597
f 595 133 574
f 597 574 223
f 595 574 597
f 226 585 583
f 585 223 573
f 583 573 109
f 585 573 583
f 229 597 599
f 597 223 585
f 599 585 226
f 597 585 599
f 118 575 586
f 575 224 589
f 586 589 227
f 575 589 586
f 224 576 598
f 576 133 595
f 598 595 229
f 576 595 598
f 227 600 587
f 600 229 596
f 587 596 134
f 600 596 587
f 224 598 589
f 598 229 600
f 589 600 227
f 598 600 589
f 107 403 425
f 403 184 428
f 425 428 189
f 403 428 425
f 184 404 447
f 404 125 445
f 447 445 193
f 404 445 447
f 189 449 426
f 449 193 446
f 426 446 126
f 449 446 426
f 184 447 428
f 447 193 449
f 428 449 189
f 447 449 428
f 125 400 412
f 400 183 414
f 412 414 186
f 400 414 412
f 183 399 402
f 399 105 377
f 402 377 175
f 399 377 402
f 186 413 411
f 413 175 378
f 411 378 122
f 413 378 411
f 183 402 414
f 402 175 413
f 414 413 186
f 402 413 414
f 126 435 422
f 435 191 438
f 422 438 188
f 435 438 422
f 191 434 436
f 434 122 380
f 436 380 176
f 434 380 436
f 188 424 421
f 424 176 379
f 421 379 106
f 424 379 421
f 191 436 438
f 436 176 424
f 438 424 188
f 436 424 438
f 125 412 445
f 412 186 448
f 445 448 193
f 412 448 445
f 186 411 437
f 411 122 434
f 437 434 191
f 411 434 437
f 193 450 446
f 450 191 435
f 446 435 126
f 450 435 446
f 186 437 448
f 437 191 450
f 448 450 193
f 437 450 448
f 108 535 455
f 535 214 537
f 455 537 195
f 535 537 455
f 214 536 553
f 536 131 550
f 553 550 217
f 536 550 553
f 195 551 456
f 551 217 549
f 456 549 127
f 551 549 456
f 214 553 537
f 553 217 551
f 537 551 195
f 553 551 537
f 131 532 540
f 532 213 543
f 540 543 215
f 532 543 540
f 213 531 533
f 531 107 384
f 533 384 178
f 531 384 533
f 215 541 539
f 541 178 385
f 539 385 123
f 541 385 539
f 213 533 543
f 533 178 541
f 543 541 215
f 533 541 543
f 127 462 452
f 462 197 464
f 452 464 194
f 462 464 452
f 197 461 463
f 461 123 382
f 463 382 177
f 461 382 463
f 194 454 451
f 454 177 381
f 451 381 100
f 454 381 451
f 197 463 464
f 463 177 454
f 464 454 194
f 463 454 464
f 131 540 550
f 540 215 554
f 550 554 217
f 540 554 550
f 215 539 542
f 539 123 461
f 542 461 197
f 539 461 542
f 217 552 549
f 552 197 462
f 549 462 127
f 552 462 549
f 215 542 554
f 542 197 552
f 554 552 217
f 542 552 554

o geometry_2
v 0.00020695 -0.09111268 -0.03000000 0.87058824 0.72156863 0.52941176
v 0.00020695 -0.09111268 0.03000000 0.87058824 0.72156863 0.52941176
v -0.00228799 -0.07937491 -0.03000000 0.87058824 0.72156863 0.52941176
v -0.00228799 -0.07937491 0.03000000 0.87058824 0.72156863 0.52941176
v 0.80228799 0.07937491 -0.03000000 0.87058824 0.72156863 0.52941176
v 0.80228799 0.07937491 0.03000000 0.87058824 0.72156863 0.52941176
v 0.79979305 0.09111268 -0.03000000 0.87058824 0.72156863 0.52941176
v 0.79979305 0.09111268 0.03000000 0.87058824 0.72156863 0.52941176
f 742 744 741
f 745 742 741
f 741 744 743
f 743 745 741
f 742 748 744
f 746 742 745
f 746 748 742
f 744 748 743
f 747 745 743
f 743 748 747
f 747 746 745
f 748 746 747

o geometry_3
v 0.55000000 0.00000000 -0.01750000 0.85490196 0.64705882 0.12549020
v 0.56800000 0.00000000 -0.01750000 0.85490196 0.64705882 0.12549020
v 0.56800000 0.00000000 0.01750000 0.85490196 0.64705882 0.12549020
v 0.55000000 0.00000000 0.01750000 0.85490196 0.64705882 0.12549020
v 0.56765414 0.00351163 -0.01750000 0.85490196 0.64705882 0.12549020
v 0.56765414 0.00351163 0.01750000 0.85490196 0.64705882 0.12549020
v 0.56662983 0.00688830 -0.01750000 0.85490196 0.64705882 0.12549020
v 0.56662983 0.00688830 0.01750000 0.85490196 0.64705882 0.12549020
v 0.56496645 0.01000026 -0.01750000 0.85490196 0.64705882 0.12549020
v 0.56496645 0.01000026 0.01750000 0.85490196 0.64705882 0.12549020
v 0.56272792 0.01272792 -0.01750000 0.85490196 0.64705882 0.12549020
v 0.56272792 0.01272792 0.01750000 0.85490196 0.64705882 0.12549020
v 0.56000026 0.01496645 -0.01750000 0.85490196 0.64705882 0.12549020
v 0.56000026 0.01496645 0.01750000 0.85490196 0.64705882 0.12549020
v 0.55688830 0.01662983 -0.01750000 0.85490196 0.64705882 0.12549020
v 0.55688830 0.01662983 0.01750000 0.85490196 0.64705882 0.12549020
v 0.55351163 0.01765414 -0.01750000 0.85490196 0.64705882 0.12549020
v 0.55351163 0.01765414 0.01750000 0.85490196 0.64705882 0.12549020
v 0.55000000 0.01800000 -0.01750000 0.85490196 0.64705882 0.12549020
v 0.55000000 0.01800000 0.01750000 0.85490196 0.64705882 0.12549020
v 0.54648837 0.01765414 -0.01750000 0.85490196 0.64705882 0.12549020
v 0.54648837 0.01765414 0.01750000 0.85490196 0.64705882 0.12549020
v 0.54311170 0.01662983 -0.01750000 0.85490196 0.64705882 0.12549020
v 0.54311170 0.01662983 0.01750000 0.85490196 0.64705882 0.12549020
v 0.53999974 0.01496645 -0.01750000 0.85490196 0.64705882 0.12549020
v 0.53999974 0.01496645 0.01750000 0.85490196 0.64705882 0.12549020
v 0.53727208 0.01272792 -0.01750000 0.85490196 0.64705882 0.12549020
v 0.53727208 0.01272792 0.01750000 0.85490196 0.64705882 0.12549020
v 0.53503355 0.01000026 -0.01750000 0.85490196 0.64705882 0.12549020
v 0.53503355 0.01000026 0.01750000 0.85490196 0.64705882 0.12549020
v 0.53337017 0.00688830 -0.01750000 0.85490196 0.64705882 0.12549020
v 0.53337017 0.00688830 0.01750000 0.85490196 0.64705882 0.12549020
v 0.53234586 0.00351163 -0.01750000 0.85490196 0.64705882 0.12549020
v 0.53234586 0.00351163 0.01750000 0.85490196 0.64705882 0.12549020
v 0.53200000 0.00000000 -0.01750000 0.85490196 0.64705882 0.12549020
v 0.53200000 0.00000000 0.01750000 0.85490196 0.64705882 0.12549020
v 0.53234586 -0.00351163 -0.01750000 0.85490196 0.64705882 0.12549020
v 0.53234586 -0.00351163 0.01750000 0.85490196 0.64705882 0.12549020
v 0.53337017 -0.00688830 -0.01750000 0.85490196 0.64705882 0.12549020
v 0.53337017 -0.00688830 0.01750000 0.85490196 0.64705882 0.12549020
v 0.53503355 -0.01000026 -0.01750000 0.85490196 0.64705882 0.12549020
v 0.53503355 -0.01000026 0.01750000 0.85490196 0.64705882 0.12549020
v 0.53727208 -0.01272792 -0.01750000 0.85490196 0.64705882 0.12549020
v 0.53727208 -0.01272792 0.01750000 0.85490196 0.64705882 0.12549020
v 0.53999974 -0.01496645 -0.01750000 0.85490196 0.64705882 0.12549020
v 0.53999974 -0.01496645 0.01750000 0.85490196 0.64705882 0.12549020
v 0.54311170 -0.01662983 -0.01750000 0.85490196 0.64705882 0.12549020
v 0.54311170 -0.01662983 0.01750000 0.85490196 0.64705882 0.12549020
v 0.54648837 -0.01765414 -0.01750000 0.85490196 0.64705882 0.12549020
v 0.54648837 -0.01765414 0.01750000 0.85490196 0.64705882 0.12549020
v 0.55000000 -0.01800000 -0.01750000 0.85490196 0.64705882 0.12549020
v 0.55000000 -0.01800000 0.01750000 0.85490196 0.64705882 0.12549020
v 0.55351163 -0.01765414 -0.01750000 0.85490196 0.64705882 0.12549020
v 0.55351163 -0.01765414 0.01750000 0.85490196 0.64705882 0.12549020
v 0.55688830 -0.01662983 -0.01750000 0.85490196 0.64705882 0.12549020
v 0.55688830 -0.01662983 0.01750000 0.85490196 0.64705882 0.12549020
v 0.56000026 -0.01496645 -0.01750000 0.85490196 0.64705882 0.12549020
v 0.56000026 -0.01496645 0.01750000 0.85490196 0.64705882 0.12549020
v 0.56272792 -0.01272792 -0.01750000 0.85490196 0.64705882 0.12549020
v 0.56272792 -0.01272792 0.01750000 0.85490196 0.64705882 0.12549020
v 0.56496645 -0.01000026 -0.01750000 0.85490196 0.64705882 0.12549020
v 0.56496645 -0.01000026 0.01750000 0.85490196 0.64705882 0.12549020
v 0.56662983 -0.00688830 -0.01750000 0.85490196 0.64705882 0.12549020
v 0.56662983 -0.00688830 0.01750000 0.85490196 0.64705882 0.12549020
v 0.56765414 -0.00351163 -0.01750000 0.85490196 0.64705882 0.12549020
v 0.56765414 -0.00351163 0.01750000 0.85490196 0.64705882 0.12549020
f 750 749 753
f 750 753 751
f 751 753 754
f 751 754 752
f 753 749 755
f 753 755 754
f 754 755 756
f 754 756 752
f 755 749 757
f 755 757 756
f 756 757 758
f 756 758 752
f 757 749 759
f 757 759 758
f 758 759 760
f 758 760 752
f 759 749 761
f 759 761 760
f 760 761 762
f 760 762 752
f 761 749 763
f 761 763 762
f 762 763 764
f 762 764 752
f 763 749 765
f 763 765 764
f 764 765 766
f 764 766 752
f 765 749 767
f 765 767 766
f 766 767 768
f 766 768 752
f 767 749 769
f 767 769 768
f 768 769 770
f 768 770 752
f 769 749 771
f 769 771 770
f 770 771 772
f 770 772 752
f 771 749 773
f 771 773 772
f 772 773 774
f 772 774 752
f 773 749 775
f 773 775 774
f 774 775 776
f 774 776 752
f 775 749 777
f 775 777 776
f 776 777 778
f 776 778 752
f 777 749 779
f 777 779 778
f 778 779 780
f 778 780 752
f 779 749 781
f 779 781 780
f 780 781 782
f 780 782 752
f 781 749 783
f 781 783 782
f 782 783 784
f 782 784 752
f 783 749 785
f 783 785 784
f 784 785 786
f 784 786 752
f 785 749 787
f 785 787 786
f 786 787 788
f 786 788 752
f 787 749 789
f 787 789 788
f 788 789 790
f 788 790 752
f 789 749 791
f 789 791 790
f 790 791 792
f 790 792 752
f 791 749 793
f 791 793 792
f 792 793 794
f 792 794 752
f 793 749 795
f 793 795 794
f 794 795 796
f 794 796 752
f 795 749 797
f 795 797 796
f 796 797 798
f 796 798 752
f 797 749 799
f 797 799 798
f 798 799 800
f 798 800 752
f 799 749 801
f 799 801 800
f 800 801 802
f 800 802 752
f 801 749 803
f 801 803 802
f 802 803 804
f 802 804 752
f 803 749 805
f 803 805 804
f 804 805 806
f 804 806 752
f 805 749 807
f 805 807 806
f 806 807 808
f 806 808 752
f 807 749 809
f 807 809 808
f 808 809 810
f 808 810 752
f 809 749 811
f 809 811 810
f 810 811 812
f 810 812 752
f 811 749 813
f 811 813 812
f 812 813 814
f 812 814 752
f 813 749 750
f 813 750 814
f 814 750 751
f 814 751 752

o geometry_4
v 0.23000000 -0.02400000 -0.11000000 0.27450980 0.29411765 0.32156863
v 0.23000000 -0.02400000 0.11000000 0.27450980 0.29411765 0.32156863
v 0.23000000 -0.01600000 -0.11000000 0.27450980 0.29411765 0.32156863
v 0.23000000 -0.01600000 0.11000000 0.27450980 0.29411765 0.32156863
v 0.61000000 -0.02400000 -0.11000000 0.27450980 0.29411765 0.32156863
v 0.61000000 -0.02400000 0.11000000 0.27450980 0.29411765 0.32156863
v 0.61000000 -0.01600000 -0.11000000 0.27450980 0.29411765 0.32156863
v 0.61000000 -0.01600000 0.11000000 0.27450980 0.29411765 0.32156863
f 816 818 815
f 819 816 815
f 815 818 817
f 817 819 815
f 816 822 818
f 820 816 819
f 820 822 816
f 818 822 817
f 821 819 817
f 817 822 821
f 821 820 819
f 822 820 821

o geometry_5
v 0.24000000 -0.03300000 -0.00750000 1.00000000 0.96078431 0.82352941
v 0.24000000 -0.03300000 0.00750000 1.00000000 0.96078431 0.82352941
v 0.24000000 -0.02700000 -0.00750000 1.00000000 0.96078431 0.82352941
v 0.24000000 -0.02700000 0.00750000 1.00000000 0.96078431 0.82352941
v 0.60000000 -0.03300000 -0.00750000 1.00000000 0.96078431 0.82352941
v 0.60000000 -0.03300000 0.00750000 1.00000000 0.96078431 0.82352941
v 0.60000000 -0.02700000 -0.00750000 1.00000000 0.96078431 0.82352941
v 0.60000000 -0.02700000 0.00750000 1.00000000 0.96078431 0.82352941
f 824 826 823
f 827 824 823
f 823 826 825
f 825 827 823
f 824 830 826
f 828 824 827
f 828 830 824
f 826 830 825
f 829 827 825
f 825 830 829
f 829 828 827
f 830 828 829

o geometry_6
v -0.00756467 -0.09111268 0.17802390 0.87058824 0.72156863 0.52941176
v 0.00796447 -0.09111268 0.23597945 0.87058824 0.72156863 0.52941176
v -0.00997460 -0.07937491 0.17866964 0.87058824 0.72156863 0.52941176
v 0.00555455 -0.07937491 0.23662519 0.87058824 0.72156863 0.52941176
v 0.76718611 0.07937491 -0.02956995 0.87058824 0.72156863 0.52941176
v 0.78271526 0.07937491 0.02838560 0.87058824 0.72156863 0.52941176
v 0.76477619 0.09111268 -0.02892421 0.87058824 0.72156863 0.52941176
v 0.78030533 0.09111268 0.02903134 0.87058824 0.72156863 0.52941176
f 832 834 831
f 835 832 831
f 831 834 833
f 833 835 831
f 832 838 834
f 836 832 835
f 836 838 832
f 834 838 833
f 837 835 833
f 833 838 837
f 837 836 835
f 838 836 837

o geometry_7
v 0.53125920 0.00000000 0.12485047 0.85490196 0.64705882 0.12549020
v 0.54925920 0.00000000 0.12485047 0.85490196 0.64705882 0.12549020
v 0.54925920 0.00000000 0.15985047 0.85490196 0.64705882 0.12549020
v 0.53125920 0.00000000 0.15985047 0.85490196 0.64705882 0.12549020
v 0.54891334 0.00351163 0.12485047 0.85490196 0.64705882 0.12549020
v 0.54891334 0.00351163 0.15985047 0.85490196 0.64705882 0.12549020
v 0.54788904 0.00688830 0.12485047 0.85490196 0.64705882 0.12549020
v 0.54788904 0.00688830 0.15985047 0.85490196 0.64705882 0.12549020
v 0.54622566 0.01000026 0.12485047 0.85490196 0.64705882 0.12549020
v 0.54622566 0.01000026 0.15985047 0.85490196 0.64705882 0.12549020
v 0.54398713 0.01272792 0.12485047 0.85490196 0.64705882 0.12549020
v 0.54398713 0.01272792 0.15985047 0.85490196 0.64705882 0.12549020
v 0.54125947 0.01496645 0.12485047 0.85490196 0.64705882 0.12549020
v 0.54125947 0.01496645 0.15985047 0.85490196 0.64705882 0.12549020
v 0.53814751 0.01662983 0.12485047 0.85490196 0.64705882 0.12549020
v 0.53814751 0.01662983 0.15985047 0.85490196 0.64705882 0.12549020
v 0.53477083 0.01765414 0.12485047 0.85490196 0.64705882 0.12549020
v 0.53477083 0.01765414 0.15985047 0.85490196 0.64705882 0.12549020
v 0.53125920 0.01800000 0.12485047 0.85490196 0.64705882 0.12549020
v 0.53125920 0.01800000 0.15985047 0.85490196 0.64705882 0.12549020
v 0.52774758 0.01765414 0.12485047 0.85490196 0.64705882 0.12549020
v 0.52774758 0.01765414 0.15985047 0.85490196 0.64705882 0.12549020
v 0.52437090 0.01662983 0.12485047 0.85490196 0.64705882 0.12549020
v 0.52437090 0.01662983 0.15985047 0.85490196 0.64705882 0.12549020
v 0.52125894 0.01496645 0.12485047 0.85490196 0.64705882 0.12549020
v 0.52125894 0.01496645 0.15985047 0.85490196 0.64705882 0.12549020
v 0.51853128 0.01272792 0.12485047 0.85490196 0.64705882 0.12549020
v 0.51853128 0.01272792 0.15985047 0.85490196 0.64705882 0.12549020
v 0.51629275 0.01000026 0.12485047 0.85490196 0.64705882 0.12549020
v 0.51629275 0.01000026 0.15985047 0.85490196 0.64705882 0.12549020
v 0.51462937 0.00688830 0.12485047 0.85490196 0.64705882 0.12549020
v 0.51462937 0.00688830 0.15985047 0.85490196 0.64705882 0.12549020
v 0.51360507 0.00351163 0.12485047 0.85490196 0.64705882 0.12549020
v 0.51360507 0.00351163 0.15985047 0.85490196 0.64705882 0.12549020
v 0.51325920 0.00000000 0.12485047 0.85490196 0.64705882 0.12549020
v 0.51325920 0.00000000 0.15985047 0.85490196 0.64705882 0.12549020
v 0.51360507 -0.00351163 0.12485047 0.85490196 0.64705882 0.12549020
v 0.51360507 -0.00351163 0.15985047 0.85490196 0.64705882 0.12549020
v 0.51462937 -0.00688830 0.12485047 0.85490196 0.64705882 0.12549020
v 0.51462937 -0.00688830 0.15985047 0.85490196 0.64705882 0.12549020
v 0.51629275 -0.01000026 0.12485047 0.85490196 0.64705882 0.12549020
v 0.51629275 -0.01000026 0.15985047 0.85490196 0.64705882 0.12549020
v 0.51853128 -0.01272792 0.12485047 0.85490196 0.64705882 0.12549020
v 0.51853128 -0.01272792 0.15985047 0.85490196 0.64705882 0.12549020
v 0.52125894 -0.01496645 0.12485047 0.85490196 0.64705882 0.12549020
v 0.52125894 -0.01496645 0.15985047 0.85490196 0.64705882 0.12549020
v 0.52437090 -0.01662983 0.12485047 0.85490196 0.64705882 0.12549020
v 0.52437090 -0.01662983 0.15985047 0.85490196 0.64705882 0.12549020
v 0.52774758 -0.01765414 0.12485047 0.85490196 0.64705882 0.12549020
v 0.52774758 -0.01765414 0.15985047 0.85490196 0.64705882 0.12549020
v 0.53125920 -0.01800000 0.12485047 0.85490196 0.64705882 0.12549020
v 0.53125920 -0.01800000 0.15985047 0.85490196 0.64705882 0.12549020
v 0.53477083 -0.01765414 0.12485047 0.85490196 0.64705882 0.12549020
v 0.53477083 -0.01765414 0.15985047 0.85490196 0.64705882 0.12549020
v 0.53814751 -0.01662983 0.12485047 0.85490196 0.64705882 0.12549020
v 0.53814751 -0.01662983 0.15985047 0.85490196 0.64705882 0.12549020
v 0.54125947 -0.01496645 0.12485047 0.85490196 0.64705882 0.12549020
v 0.54125947 -0.01496645 0.15985047 0.85490196 0.64705882 0.12549020
v 0.54398713 -0.01272792 0.12485047 0.85490196 0.64705882 0.12549020
v 0.54398713 -0.01272792 0.15985047 0.85490196 0.64705882 0.12549020
v 0.54622566 -0.01000026 0.12485047 0.85490196 0.64705882 0.12549020
v 0.54622566 -0.01000026 0.15985047 0.85490196 0.64705882 0.12549020
v 0.54788904 -0.00688830 0.12485047 0.85490196 0.64705882 0.12549020
v 0.54788904 -0.00688830 0.15985047 0.85490196 0.64705882 0.12549020
v 0.54891334 -0.00351163 0.12485047 0.85490196 0.64705882 0.12549020
v 0.54891334 -0.00351163 0.15985047 0.85490196 0.64705882 0.12549020
f 840 839 843
f 840 843 841
f 841 843 844
f 841 844 842
f 843 839 845
f 843 845 844
f 844 845 846
f 844 846 842
f 845 839 847
f 845 847 846
f 846 847 848
f 846 848 842
f 847 839 849
f 847 849 848
f 848 849 850
f 848 850 842
f 849 839 851
f 849 851 850
f 850 851 852
f 850 852 842
f 851 839 853
f 851 853 852
f 852 853 854
f 852 854 842
f 853 839 855
f 853 855 854
f 854 855 856
f 854 856 842
f 855 839 857
f 855 857 856
f 856 857 858
f 856 858 842
f 857 839 859
f 857 859 858
f 858 859 860
f 858 860 842
f 859 839 861
f 859 861 860
f 860 861 862
f 860 862 842
f 861 839 863
f 861 863 862
f 862 863 864
f 862 864 842
f 863 839 865
f 863 865 864
f 864 865 866
f 864 866 842
f 865 839 867
f 865 867 866
f 866 867 868
f 866 868 842
f 867 839 869
f 867 869 868
f 868 869 870
f 868 870 842
f 869 839 871
f 869 871 870
f 870 871 872
f 870 872 842
f 871 839 873
f 871 873 872
f 872 873 874
f 872 874 842
f 873 839 875
f 873 875 874
f 874 875 876
f 874 876 842
f 875 839 877
f 875 877 876
f 876 877 878
f 876 878 842
f 877 839 879
f 877 879 878
f 878 879 880
f 878 880 842
f 879 839 881
f 879 881 880
f 880 881 882
f 880 882 842
f 881 839 883
f 881 883 882
f 882 883 884
f 882 884 842
f 883 839 885
f 883 885 884
f 884 885 886
f 884 886 842
f 885 839 887
f 885 887 886
f 886 887 888
f 886 888 842
f 887 839 889
f 887 889 888
f 888 889 890
f 888 890 842
f 889 839 891
f 889 891 890
f 890 891 892
f 890 892 842
f 891 839 893
f 891 893 892
f 892 893 894
f 892 894 842
f 893 839 895
f 893 895 894
f 894 895 896
f 894 896 842
f 895 839 897
f 895 897 896
f 896 897 898
f 896 898 842
f 897 839 899
f 897 899 898
f 898 899 900
f 898 900 842
f 899 839 901
f 899 901 900
f 900 901 902
f 900 902 842
f 901 839 903
f 901 903 902
f 902 903 904
f 902 904 842
f 903 839 840
f 903 840 904
f 904 840 841
f 904 841 842

o geometry_8
v -0.01482077 -0.09111268 0.37391576 0.87058824 0.72156863 0.52941176
v 0.01517923 -0.09111268 0.42587729 0.87058824 0.72156863 0.52941176
v -0.01698145 -0.07937491 0.37516323 0.87058824 0.72156863 0.52941176
v 0.01301855 -0.07937491 0.42712476 0.87058824 0.72156863 0.52941176
v 0.67980178 0.07937491 -0.02712476 0.87058824 0.72156863 0.52941176
v 0.70980178 0.07937491 0.02483677 0.87058824 0.72156863 0.52941176
v 0.67764110 0.09111268 -0.02587729 0.87058824 0.72156863 0.52941176
v 0.70764110 0.09111268 0.02608424 0.87058824 0.72156863 0.52941176
f 906 908 905
f 909 906 905
f 905 908 907
f 907 909 905
f 906 912 908
f 910 906 909
f 910 912 906
f 908 912 907
f 911 909 907
f 907 912 911
f 911 910 909
f 912 910 911

o geometry_9
v 0.47631397 0.00000000 0.25750000 0.85490196 0.64705882 0.12549020
v 0.49431397 0.00000000 0.25750000 0.85490196 0.64705882 0.12549020
v 0.49431397 0.00000000 0.29250000 0.85490196 0.64705882 0.12549020
v 0.47631397 0.00000000 0.29250000 0.85490196 0.64705882 0.12549020
v 0.49396811 0.00351163 0.25750000 0.85490196 0.64705882 0.12549020
v 0.49396811 0.00351163 0.29250000 0.85490196 0.64705882 0.12549020
v 0.49294380 0.00688830 0.25750000 0.85490196 0.64705882 0.12549020
v 0.49294380 0.00688830 0.29250000 0.85490196 0.64705882 0.12549020
v 0.49128043 0.01000026 0.25750000 0.85490196 0.64705882 0.12549020
v 0.49128043 0.01000026 0.29250000 0.85490196 0.64705882 0.12549020
v 0.48904189 0.01272792 0.25750000 0.85490196 0.64705882 0.12549020
v 0.48904189 0.01272792 0.29250000 0.85490196 0.64705882 0.12549020
v 0.48631424 0.01496645 0.25750000 0.85490196 0.64705882 0.12549020
v 0.48631424 0.01496645 0.29250000 0.85490196 0.64705882 0.12549020
v 0.48320227 0.01662983 0.25750000 0.85490196 0.64705882 0.12549020
v 0.48320227 0.01662983 0.29250000 0.85490196 0.64705882 0.12549020
v 0.47982560 0.01765414 0.25750000 0.85490196 0.64705882 0.12549020
v 0.47982560 0.01765414 0.29250000 0.85490196 0.64705882 0.12549020
v 0.47631397 0.01800000 0.25750000 0.85490196 0.64705882 0.12549020
v 0.47631397 0.01800000 0.29250000 0.85490196 0.64705882 0.12549020
v 0.47280235 0.01765414 0.25750000 0.85490196 0.64705882 0.12549020
v 0.47280235 0.01765414 0.29250000 0.85490196 0.64705882 0.12549020
v 0.46942567 0.01662983 0.25750000 0.85490196 0.64705882 0.12549020
v 0.46942567 0.01662983 0.29250000 0.85490196 0.64705882 0.12549020
v 0.46631371 0.01496645 0.25750000 0.85490196 0.64705882 0.12549020
v 0.46631371 0.01496645 0.29250000 0.85490196 0.64705882 0.12549020
v 0.46358605 0.01272792 0.25750000 0.85490196 0.64705882 0.12549020
v 0.46358605 0.01272792 0.29250000 0.85490196 0.64705882 0.12549020
v 0.46134752 0.01000026 0.25750000 0.85490196 0.64705882 0.12549020
v 0.46134752 0.01000026 0.29250000 0.85490196 0.64705882 0.12549020
v 0.45968414 0.00688830 0.25750000 0.85490196 0.64705882 0.12549020
v 0.45968414 0.00688830 0.29250000 0.85490196 0.64705882 0.12549020
v 0.45865984 0.00351163 0.25750000 0.85490196 0.64705882 0.12549020
v 0.45865984 0.00351163 0.29250000 0.85490196 0.64705882 0.12549020
v 0.45831397 0.00000000 0.25750000 0.85490196 0.64705882 0.12549020
v 0.45831397 0.00000000 0.29250000 0.85490196 0.64705882 0.12549020
v 0.45865984 -0.00351163 0.25750000 0.85490196 0.64705882 0.12549020
v 0.45865984 -0.00351163 0.29250000 0.85490196 0.64705882 0.12549020
v 0.45968414 -0.00688830 0.25750000 0.85490196 0.64705882 0.12549020
v 0.45968414 -0.00688830 0.29250000 0.85490196 0.64705882 0.12549020
v 0.46134752 -0.01000026 0.25750000 0.85490196 0.64705882 0.12549020
v 0.46134752 -0.01000026 0.29250000 0.85490196 0.64705882 0.12549020
v 0.46358605 -0.01272792 0.25750000 0.85490196 0.64705882 0.12549020
v 0.46358605 -0.01272792 0.29250000 0.85490196 0.64705882 0.12549020
v 0.46631371 -0.01496645 0.25750000 0.85490196 0.64705882 0.12549020
v 0.46631371 -0.01496645 0.29250000 0.85490196 0.64705882 0.12549020
v 0.46942567 -0.01662983 0.25750000 0.85490196 0.64705882 0.12549020
v 0.46942567 -0.01662983 0.29250000 0.85490196 0.64705882 0.12549020
v 0.47280235 -0.01765414 0.25750000 0.85490196 0.64705882 0.12549020
v 0.47280235 -0.01765414 0.29250000 0.85490196 0.64705882 0.12549020
v 0.47631397 -0.01800000 0.25750000 0.85490196 0.64705882 0.12549020
v 0.47631397 -0.01800000 0.29250000 0.85490196 0.64705882 0.12549020
v 0.47982560 -0.01765414 0.25750000 0.85490196 0.64705882 0.12549020
v 0.47982560 -0.01765414 0.29250000 0.85490196 0.64705882 0.12549020
v 0.48320227 -0.01662983 0.25750000 0.85490196 0.64705882 0.12549020
v 0.48320227 -0.01662983 0.29250000 0.85490196 0.64705882 0.12549020
v 0.48631424 -0.01496645 0.25750000 0.85490196 0.64705882 0.12549020
v 0.48631424 -0.01496645 0.29250000 0.85490196 0.64705882 0.12549020
v 0.48904189 -0.01272792 0.25750000 0.85490196 0.64705882 0.12549020
v 0.48904189 -0.01272792 0.29250000 0.85490196 0.64705882 0.12549020
v 0.49128043 -0.01000026 0.25750000 0.85490196 0.64705882 0.12549020
v 0.49128043 -0.01000026 0.29250000 0.85490196 0.64705882 0.12549020
v 0.49294380 -0.00688830 0.25750000 0.85490196 0.64705882 0.12549020
v 0.49294380 -0.00688830 0.29250000 0.85490196 0.64705882 0.12549020
v 0.49396811 -0.00351163 0.25750000 0.85490196 0.64705882 0.12549020
v 0.49396811 -0.00351163 0.29250000 0.85490196 0.64705882 0.12549020
f 914 913 917
f 914 917 915
f 915 917 918
f 915 918 916
f 917 913 919
f 917 919 918
f 918 919 920
f 918 920 916
f 919 913 921
f 919 921 920
f 920 921 922
f 920 922 916
f 921 913 923
f 921 923 922
f 922 923 924
f 922 924 916
f 923 913 925
f 923 925 924
f 924 925 926
f 924 926 916
f 925 913 927
f 925 927 926
f 926 927 928
f 926 928 916
f 927 913 929
f 927 929 928
f 928 929 930
f 928 930 916
f 929 913 931
f 929 931 930
f 930 931 932
f 930 932 916
f 931 913 933
f 931 933 932
f 932 933 934
f 932 934 916
f 933 913 935
f 933 935 934
f 934 935 936
f 934 936 916
f 935 913 937
f 935 937 936
f 936 937 938
f 936 938 916
f 937 913 939
f 937 939 938
f 938 939 940
f 938 940 916
f 939 913 941
f 939 941 940
f 940 941 942
f 940 942 916
f 941 913 943
f 941 943 942
f 942 943 944
f 942 944 916
f 943 913 945
f 943 945 944
f 944 945 946
f 944 946 916
f 945 913 947
f 945 947 946
f 946 947 948
f 946 948 916
f 947 913 949
f 947 949 948
f 948 949 950
f 948 950 916
f 949 913 951
f 949 951 950
f 950 951 952
f 950 952 916
f 951 913 953
f 951 953 952
f 952 953 954
f 952 954 916
f 953 913 955
f 953 955 954
f 954 955 956
f 954 956 916
f 955 913 957
f 955 957 956
f 956 957 958
f 956 958 916
f 957 913 959
f 957 959 958
f 958 959 960
f 958 960 916
f 959 913 961
f 959 961 960
f 960 961 962
f 960 962 916
f 961 913 963
f 961 963 962
f 962 963 964
f 962 964 916
f 963 913 965
f 963 965 964
f 964 965 966
f 964 966 916
f 965 913 967
f 965 967 966
f 966 967 968
f 966 968 916
f 967 913 969
f 967 969 968
f 968 969 970
f 968 970 916
f 969 913 971
f 969 971 970
f 970 971 972
f 970 972 916
f 971 913 973
f 971 973 972
f 972 973 974
f 972 974 916
f 973 913 975
f 973 975 974
f 974 975 976
f 974 976 916
f 975 913 977
f 975 977 976
f 976 977 978
f 976 978 916
f 977 913 914
f 977 914 978
f 978 914 915
f 978 915 916

o geometry_10
v 0.14418584 -0.02400000 0.20973721 0.27450980 0.29411765 0.32156863
v 0.25418584 -0.02400000 0.40026279 0.27450980 0.29411765 0.32156863
v 0.14418584 -0.01600000 0.20973721 0.27450980 0.29411765 0.32156863
v 0.25418584 -0.01600000 0.40026279 0.27450980 0.29411765 0.32156863
v 0.47327550 -0.02400000 0.01973721 0.27450980 0.29411765 0.32156863
v 0.58327550 -0.02400000 0.21026279 0.27450980 0.29411765 0.32156863
v 0.47327550 -0.01600000 0.01973721 0.27450980 0.29411765 0.32156863
v 0.58327550 -0.01600000 0.21026279 0.27450980 0.29411765 0.32156863
f 980 982 979
f 983 980 979
f 979 982 981
f 981 983 979
f 980 986 982
f 984 980 983
f 984 986 980
f 982 986 981
f 985 983 981
f 981 986 985
f 985 984 983
f 986 984 985

o geometry_11
v 0.20409610 -0.03300000 0.29350481 1.00000000 0.96078431 0.82352941
v 0.21159610 -0.03300000 0.30649519 1.00000000 0.96078431 0.82352941
v 0.20409610 -0.02700000 0.29350481 1.00000000 0.96078431 0.82352941
v 0.21159610 -0.02700000 0.30649519 1.00000000 0.96078431 0.82352941
v 0.51586524 -0.03300000 0.11350481 1.00000000 0.96078431 0.82352941
v 0.52336524 -0.03300000 0.12649519 1.00000000 0.96078431 0.82352941
v 0.51586524 -0.02700000 0.11350481 1.00000000 0.96078431 0.82352941
v 0.52336524 -0.02700000 0.12649519 1.00000000 0.96078431 0.82352941
f 988 990 987
f 991 988 987
f 987 990 989
f 989 991 987
f 988 994 990
f 992 988 991
f 992 994 988
f 990 994 989
f 993 991 989
f 989 994 993
f 993 992 991
f 994 992 993

o geometry_12
v -0.02106686 -0.09111268 0.54432588 0.87058824 0.72156863 0.52941176
v 0.02135954 -0.09111268 0.58675229 0.87058824 0.72156863 0.52941176
v -0.02283105 -0.07937491 0.54609007 0.87058824 0.72156863 0.52941176
v 0.01959535 -0.07937491 0.58851648 0.87058824 0.72156863 0.52941176
v 0.54609007 0.07937491 -0.02283105 0.87058824 0.72156863 0.52941176
v 0.58851648 0.07937491 0.01959535 0.87058824 0.72156863 0.52941176
v 0.54432588 0.09111268 -0.02106686 0.87058824 0.72156863 0.52941176
v 0.58675229 0.09111268 0.02135954 0.87058824 0.72156863 0.52941176
f 996 998 995
f 999 996 995
f 995 998 997
f 997 999 995
f 996 1002 998
f 1000 996 999
f 1000 1002 996
f 998 1002 997
f 1001 999 997
f 997 1002 1001
f 1001 1000 999
f 1002 1000 1001

o geometry_13
v 0.38890873 0.00000000 0.37140873 0.85490196 0.64705882 0.12549020
v 0.40690873 0.00000000 0.37140873 0.85490196 0.64705882 0.12549020
v 0.40690873 0.00000000 0.40640873 0.85490196 0.64705882 0.12549020
v 0.38890873 0.00000000 0.40640873 0.85490196 0.64705882 0.12549020
v 0.40656286 0.00351163 0.37140873 0.85490196 0.64705882 0.12549020
v 0.40656286 0.00351163 0.40640873 0.85490196 0.64705882 0.12549020
v 0.40553856 0.00688830 0.37140873 0.85490196 0.64705882 0.12549020
v 0.40553856 0.00688830 0.40640873 0.85490196 0.64705882 0.12549020
v 0.40387518 0.01000026 0.37140873 0.85490196 0.64705882 0.12549020
v 0.40387518 0.01000026 0.40640873 0.85490196 0.64705882 0.12549020
v 0.40163665 0.01272792 0.37140873 0.85490196 0.64705882 0.12549020
v 0.40163665 0.01272792 0.40640873 0.85490196 0.64705882 0.12549020
v 0.39890899 0.01496645 0.37140873 0.85490196 0.64705882 0.12549020
v 0.39890899 0.01496645 0.40640873 0.85490196 0.64705882 0.12549020
v 0.39579703 0.01662983 0.37140873 0.85490196 0.64705882 0.12549020
v 0.39579703 0.01662983 0.40640873 0.85490196 0.64705882 0.12549020
v 0.39242036 0.01765414 0.37140873 0.85490196 0.64705882 0.12549020
v 0.39242036 0.01765414 0.40640873 0.85490196 0.64705882 0.12549020
v 0.38890873 0.01800000 0.37140873 0.85490196 0.64705882 0.12549020
v 0.38890873 0.01800000 0.40640873 0.85490196 0.64705882 0.12549020
v 0.38539710 0.01765414 0.37140873 0.85490196 0.64705882 0.12549020
v 0.38539710 0.01765414 0.40640873 0.85490196 0.64705882 0.12549020
v 0.38202043 0.01662983 0.37140873 0.85490196 0.64705882 0.12549020
v 0.38202043 0.01662983 0.40640873 0.85490196 0.64705882 0.12549020
v 0.37890847 0.01496645 0.37140873 0.85490196 0.64705882 0.12549020
v 0.37890847 0.01496645 0.40640873 0.85490196 0.64705882 0.12549020
v 0.37618081 0.01272792 0.37140873 0.85490196 0.64705882 0.12549020
v 0.37618081 0.01272792 0.40640873 0.85490196 0.64705882 0.12549020
v 0.37394228 0.01000026 0.37140873 0.85490196 0.64705882 0.12549020
v 0.37394228 0.01000026 0.40640873 0.85490196 0.64705882 0.12549020
v 0.37227890 0.00688830 0.37140873 0.85490196 0.64705882 0.12549020
v 0.37227890 0.00688830 0.40640873 0.85490196 0.64705882 0.12549020
v 0.37125459 0.00351163 0.37140873 0.85490196 0.64705882 0.12549020
v 0.37125459 0.00351163 0.40640873 0.85490196 0.64705882 0.12549020
v 0.37090873 0.00000000 0.37140873 0.85490196 0.64705882 0.12549020
v 0.37090873 0.00000000 0.40640873 0.85490196 0.64705882 0.12549020
v 0.37125459 -0.00351163 0.37140873 0.85490196 0.64705882 0.12549020
v 0.37125459 -0.00351163 0.40640873 0.85490196 0.64705882 0.12549020
v 0.37227890 -0.00688830 0.37140873 0.85490196 0.64705882 0.12549020
v 0.37227890 -0.00688830 0.40640873 0.85490196 0.64705882 0.12549020
v 0.37394228 -0.01000026 0.37140873 0.85490196 0.64705882 0.12549020
v 0.37394228 -0.01000026 0.40640873 0.85490196 0.64705882 0.12549020
v 0.37618081 -0.01272792 0.37140873 0.85490196 0.64705882 0.12549020
v 0.37618081 -0.01272792 0.40640873 0.85490196 0.64705882 0.12549020
v 0.37890847 -0.01496645 0.37140873 0.85490196 0.64705882 0.12549020
v 0.37890847 -0.01496645 0.40640873 0.85490196 0.64705882 0.12549020
v 0.38202043 -0.01662983 0.37140873 0.85490196 0.64705882 0.12549020
v 0.38202043 -0.01662983 0.40640873 0.85490196 0.64705882 0.12549020
v 0.38539710 -0.01765414 0.37140873 0.85490196 0.64705882 0.12549020
v 0.38539710 -0.01765414 0.40640873 0.85490196 0.64705882 0.12549020
v 0.38890873 -0.01800000 0.37140873 0.85490196 0.64705882 0.12549020
v 0.38890873 -0.01800000 0.40640873 0.85490196 0.64705882 0.12549020
v 0.39242036 -0.01765414 0.37140873 0.85490196 0.64705882 0.12549020
v 0.39242036 -0.01765414 0.40640873 0.85490196 0.64705882 0.12549020
v 0.39579703 -0.01662983 0.37140873 0.85490196 0.64705882 0.12549020
v 0.39579703 -0.01662983 0.40640873 0.85490196 0.64705882 0.12549020
v 0.39890899 -0.01496645 0.37140873 0.85490196 0.64705882 0.12549020
v 0.39890899 -0.01496645 0.40640873 0.85490196 0.64705882 0.12549020
v 0.40163665 -0.01272792 0.37140873 0.85490196 0.64705882 0.12549020
v 0.40163665 -0.01272792 0.40640873 0.85490196 0.64705882 0.12549020
v 0.40387518 -0.01000026 0.37140873 0.85490196 0.64705882 0.12549020
v 0.40387518 -0.01000026 0.40640873 0.85490196 0.64705882 0.12549020
v 0.40553856 -0.00688830 0.37140873 0.85490196 0.64705882 0.12549020
v 0.40553856 -0.00688830 0.40640873 0.85490196 0.64705882 0.12549020
v 0.40656286 -0.00351163 0.37140873 0.85490196 0.64705882 0.12549020
v 0.40656286 -0.00351163 0.40640873 0.85490196 0.64705882 0.12549020
f 1004 1003 1007
f 1004 1007 1005
f 1005 1007 1008
f 1005 1008 1006
f 1007 1003 1009
f 1007 1009 1008
f 1008 1009 1010
f 1008 1010 1006
f 1009 1003 1011
f 1009 1011 1010
f 1010 1011 1012
f 1010 1012 1006
f 1011 1003 1013
f 1011 1013 1012
f 1012 1013 1014
f 1012 1014 1006
f 1013 1003 1015
f 1013 1015 1014
f 1014 1015 1016
f 1014 1016 1006
f 1015 1003 1017
f 1015 1017 1016
f 1016 1017 1018
f 1016 1018 1006
f 1017 1003 1019
f 1017 1019 1018
f 1018 1019 1020
f 1018 1020 1006
f 1019 1003 1021
f 1019 1021 1020
f 1020 1021 1022
f 1020 1022 1006
f 1021 1003 1023
f 1021 1023 1022
f 1022 1023 1024
f 1022 1024 1006
f 1023 1003 1025
f 1023 1025 1024
f 1024 1025 1026
f 1024 1026 1006
f 1025 1003 1027
f 1025 1027 1026
f 1026 1027 1028
f 1026 1028 1006
f 1027 1003 1029
f 1027 1029 1028
f 1028 1029 1030
f 1028 1030 1006
f 1029 1003 1031
f 1029 1031 1030
f 1030 1031 1032
f 1030 1032 1006
f 1031 1003 1033
f 1031 1033 1032
f 1032 1033 1034
f 1032 1034 1006
f 1033 1003 1035
f 1033 1035 1034
f 1034 1035 1036
f 1034 1036 1006
f 1035 1003 1037
f 1035 1037 1036
f 1036 1037 1038
f 1036 1038 1006
f 1037 1003 1039
f 1037 1039 1038
f 1038 1039 1040
f 1038 1040 1006
f 1039 1003 1041
f 1039 1041 1040
f 1040 1041 1042
f 1040 1042 1006
f 1041 1003 1043
f 1041 1043 1042
f 1042 1043 1044
f 1042 1044 1006
f 1043 1003 1045
f 1043 1045 1044
f 1044 1045 1046
f 1044 1046 1006
f 1045 1003 1047
f 1045 1047 1046
f 1046 1047 1048
f 1046 1048 1006
f 1047 1003 1049
f 1047 1049 1048
f 1048 1049 1050
f 1048 1050 1006
f 1049 1003 1051
f 1049 1051 1050
f 1050 1051 1052
f 1050 1052 1006
f 1051 1003 1053
f 1051 1053 1052
f 1052 1053 1054
f 1052 1054 1006
f 1053 1003 1055
f 1053 1055 1054
f 1054 1055 1056
f 1054 1056 1006
f 1055 1003 1057
f 1055 1057 1056
f 1056 1057 1058
f 1056 1058 1006
f 1057 1003 1059
f 1057 1059 1058
f 1058 1059 1060
f 1058 1060 1006
f 1059 1003 1061
f 1059 1061 1060
f 1060 1061 1062
f 1060 1062 1006
f 1061 1003 1063
f 1061 1063 1062
f 1062 1063 1064
f 1062 1064 1006
f 1063 1003 1065
f 1063 1065 1064
f 1064 1065 1066
f 1064 1066 1006
f 1065 1003 1067
f 1065 1067 1066
f 1066 1067 1068
f 1066 1068 1006
f 1067 1003 1004
f 1067 1004 1068
f 1068 1004 1005
f 1068 1005 1006

o geometry_14
v -0.02587729 -0.09111268 0.67764110 0.87058824 0.72156863 0.52941176
v 0.02608424 -0.09111268 0.70764110 0.87058824 0.72156863 0.52941176
v -0.02712476 -0.07937491 0.67980178 0.87058824 0.72156863 0.52941176
v 0.02483677 -0.07937491 0.70980178 0.87058824 0.72156863 0.52941176
v 0.37516323 0.07937491 -0.01698145 0.87058824 0.72156863 0.52941176
v 0.42712476 0.07937491 0.01301855 0.87058824 0.72156863 0.52941176
v 0.37391576 0.09111268 -0.01482077 0.87058824 0.72156863 0.52941176
v 0.42587729 0.09111268 0.01517923 0.87058824 0.72156863 0.52941176
f 1070 1072 1069
f 1073 1070 1069
f 1069 1072 1071
f 1071 1073 1069
f 1070 1076 1072
f 1074 1070 1073
f 1074 1076 1070
f 1072 1076 1071
f 1075 1073 1071
f 1071 1076 1075
f 1075 1074 1073
f 1076 1074 1075

o geometry_15
v 0.27500000 0.00000000 0.45881397 0.85490196 0.64705882 0.12549020
v 0.29300000 0.00000000 0.45881397 0.85490196 0.64705882 0.12549020
v 0.29300000 0.00000000 0.49381397 0.85490196 0.64705882 0.12549020
v 0.27500000 0.00000000 0.49381397 0.85490196 0.64705882 0.12549020
v 0.29265414 0.00351163 0.45881397 0.85490196 0.64705882 0.12549020
v 0.29265414 0.00351163 0.49381397 0.85490196 0.64705882 0.12549020
v 0.29162983 0.00688830 0.45881397 0.85490196 0.64705882 0.12549020
v 0.29162983 0.00688830 0.49381397 0.85490196 0.64705882 0.12549020
v 0.28996645 0.01000026 0.45881397 0.85490196 0.64705882 0.12549020
v 0.28996645 0.01000026 0.49381397 0.85490196 0.64705882 0.12549020
v 0.28772792 0.01272792 0.45881397 0.85490196 0.64705882 0.12549020
v 0.28772792 0.01272792 0.49381397 0.85490196 0.64705882 0.12549020
v 0.28500026 0.01496645 0.45881397 0.85490196 0.64705882 0.12549020
v 0.28500026 0.01496645 0.49381397 0.85490196 0.64705882 0.12549020
v 0.28188830 0.01662983 0.45881397 0.85490196 0.64705882 0.12549020
v 0.28188830 0.01662983 0.49381397 0.85490196 0.64705882 0.12549020
v 0.27851163 0.01765414 0.45881397 0.85490196 0.64705882 0.12549020
v 0.27851163 0.01765414 0.49381397 0.85490196 0.64705882 0.12549020
v 0.27500000 0.01800000 0.45881397 0.85490196 0.64705882 0.12549020
v 0.27500000 0.01800000 0.49381397 0.85490196 0.64705882 0.12549020
v 0.27148837 0.01765414 0.45881397 0.85490196 0.64705882 0.12549020
v 0.27148837 0.01765414 0.49381397 0.85490196 0.64705882 0.12549020
v 0.26811170 0.01662983 0.45881397 0.85490196 0.64705882 0.12549020
v 0.26811170 0.01662983 0.49381397 0.85490196 0.64705882 0.12549020
v 0.26499974 0.01496645 0.45881397 0.85490196 0.64705882 0.12549020
v 0.26499974 0.01496645 0.49381397 0.85490196 0.64705882 0.12549020
v 0.26227208 0.01272792 0.45881397 0.85490196 0.64705882 0.12549020
v 0.26227208 0.01272792 0.49381397 0.85490196 0.64705882 0.12549020
v 0.26003355 0.01000026 0.45881397 0.85490196 0.64705882 0.12549020
v 0.26003355 0.01000026 0.49381397 0.85490196 0.64705882 0.12549020
v 0.25837017 0.00688830 0.45881397 0.85490196 0.64705882 0.12549020
v 0.25837017 0.00688830 0.49381397 0.85490196 0.64705882 0.12549020
v 0.25734586 0.00351163 0.45881397 0.85490196 0.64705882 0.12549020
v 0.25734586 0.00351163 0.49381397 0.85490196 0.64705882 0.12549020
v 0.25700000 0.00000000 0.45881397 0.85490196 0.64705882 0.12549020
v 0.25700000 0.00000000 0.49381397 0.85490196 0.64705882 0.12549020
v 0.25734586 -0.00351163 0.45881397 0.85490196 0.64705882 0.12549020
v 0.25734586 -0.00351163 0.49381397 0.85490196 0.64705882 0.12549020
v 0.25837017 -0.00688830 0.45881397 0.85490196 0.64705882 0.12549020
v 0.25837017 -0.00688830 0.49381397 0.85490196 0.64705882 0.12549020
v 0.26003355 -0.01000026 0.45881397 0.85490196 0.64705882 0.12549020
v 0.26003355 -0.01000026 0.49381397 0.85490196 0.64705882 0.12549020
v 0.26227208 -0.01272792 0.45881397 0.85490196 0.64705882 0.12549020
v 0.26227208 -0.01272792 0.49381397 0.85490196 0.64705882 0.12549020
v 0.26499974 -0.01496645 0.45881397 0.85490196 0.64705882 0.12549020
v 0.26499974 -0.01496645 0.49381397 0.85490196 0.64705882 0.12549020
v 0.26811170 -0.01662983 0.45881397 0.85490196 0.64705882 0.12549020
v 0.26811170 -0.01662983 0.49381397 0.85490196 0.64705882 0.12549020
v 0.27148837 -0.01765414 0.45881397 0.85490196 0.64705882 0.12549020
v 0.27148837 -0.01765414 0.49381397 0.85490196 0.64705882 0.12549020
v 0.27500000 -0.01800000 0.45881397 0.85490196 0.64705882 0.12549020
v 0.27500000 -0.01800000 0.49381397 0.85490196 0.64705882 0.12549020
v 0.27851163 -0.01765414 0.45881397 0.85490196 0.64705882 0.12549020
v 0.27851163 -0.01765414 0.49381397 0.85490196 0.64705882 0.12549020
v 0.28188830 -0.01662983 0.45881397 0.85490196 0.64705882 0.12549020
v 0.28188830 -0.01662983 0.49381397 0.85490196 0.64705882 0.12549020
v 0.28500026 -0.01496645 0.45881397 0.85490196 0.64705882 0.12549020
v 0.28500026 -0.01496645 0.49381397 0.85490196 0.64705882 0.12549020
v 0.28772792 -0.01272792 0.45881397 0.85490196 0.64705882 0.12549020
v 0.28772792 -0.01272792 0.49381397 0.85490196 0.64705882 0.12549020
v 0.28996645 -0.01000026 0.45881397 0.85490196 0.64705882 0.12549020
v 0.28996645 -0.01000026 0.49381397 0.85490196 0.64705882 0.12549020
v 0.29162983 -0.00688830 0.45881397 0.85490196 0.64705882 0.12549020
v 0.29162983 -0.00688830 0.49381397 0.85490196 0.64705882 0.12549020
v 0.29265414 -0.00351163 0.45881397 0.85490196 0.64705882 0.12549020
v 0.29265414 -0.00351163 0.49381397 0.85490196 0.64705882 0.12549020
f 1078 1077 1081
f 1078 1081 1079
f 1079 1081 1082
f 1079 1082 1080
f 1081 1077 1083
f 1081 1083 1082
f 1082 1083 1084
f 1082 1084 1080
f 1083 1077 1085
f 1083 1085 1084
f 1084 1085 1086
f 1084 1086 1080
f 1085 1077 1087
f 1085 1087 1086
f 1086 1087 1088
f 1086 1088 1080
f 1087 1077 1089
f 1087 1089 1088
f 1088 1089 1090
f 1088 1090 1080
f 1089 1077 1091
f 1089 1091 1090
f 1090 1091 1092
f 1090 1092 1080
f 1091 1077 1093
f 1091 1093 1092
f 1092 1093 1094
f 1092 1094 1080
f 1093 1077 1095
f 1093 1095 1094
f 1094 1095 1096
f 1094 1096 1080
f 1095 1077 1097
f 1095 1097 1096
f 1096 1097 1098
f 1096 1098 1080
f 1097 1077 1099
f 1097 1099 1098
f 1098 1099 1100
f 1098 1100 1080
f 1099 1077 1101
f 1099 1101 1100
f 1100 1101 1102
f 1100 1102 1080
f 1101 1077 1103
f 1101 1103 1102
f 1102 1103 1104
f 1102 1104 1080
f 1103 1077 1105
f 1103 1105 1104
f 1104 1105 1106
f 1104 1106 1080
f 1105 1077 1107
f 1105 1107 1106
f 1106 1107 1108
f 1106 1108 1080
f 1107 1077 1109
f 1107 1109 1108
f 1108 1109 1110
f 1108 1110 1080
f 1109 1077 1111
f 1109 1111 1110
f 1110 1111 1112
f 1110 1112 1080
f 1111 1077 1113
f 1111 1113 1112
f 1112 1113 1114
f 1112 1114 1080
f 1113 1077 1115
f 1113 1115 1114
f 1114 1115 1116
f 1114 1116 1080
f 1115 1077 1117
f 1115 1117 1116
f 1116 1117 1118
f 1116 1118 1080
f 1117 1077 1119
f 1117 1119 1118
f 1118 1119 1120
f 1118 1120 1080
f 1119 1077 1121
f 1119 1121 1120
f 1120 1121 1122
f 1120 1122 1080
f 1121 1077 1123
f 1121 1123 1122
f 1122 1123 1124
f 1122 1124 1080
f 1123 1077 1125
f 1123 1125 1124
f 1124 1125 1126
f 1124 1126 1080
f 1125 1077 1127
f 1125 1127 1126
f 1126 1127 1128
f 1126 1128 1080
f 1127 1077 1129
f 1127 1129 1128
f 1128 1129 1130
f 1128 1130 1080
f 1129 1077 1131
f 1129 1131 1130
f 1130 1131 1132
f 1130 1132 1080
f 1131 1077 1133
f 1131 1133 1132
f 1132 1133 1134
f 1132 1134 1080
f 1133 1077 1135
f 1133 1135 1134
f 1134 1135 1136
f 1134 1136 1080
f 1135 1077 1137
f 1135 1137 1136
f 1136 1137 1138
f 1136 1138 1080
f 1137 1077 1139
f 1137 1139 1138
f 1138 1139 1140
f 1138 1140 1080
f 1139 1077 1141
f 1139 1141 1140
f 1140 1141 1142
f 1140 1142 1080
f 1141 1077 1078
f 1141 1078 1142
f 1142 1078 1079
f 1142 1079 1080

o geometry_16
v 0.01973721 -0.02400000 0.47327550 0.27450980 0.29411765 0.32156863
v 0.21026279 -0.02400000 0.58327550 0.27450980 0.29411765 0.32156863
v 0.01973721 -0.01600000 0.47327550 0.27450980 0.29411765 0.32156863
v 0.21026279 -0.01600000 0.58327550 0.27450980 0.29411765 0.32156863
v 0.20973721 -0.02400000 0.14418584 0.27450980 0.29411765 0.32156863
v 0.40026279 -0.02400000 0.25418584 0.27450980 0.29411765 0.32156863
v 0.20973721 -0.01600000 0.14418584 0.27450980 0.29411765 0.32156863
v 0.40026279 -0.01600000 0.25418584 0.27450980 0.29411765 0.32156863
f 1144 1146 1143
f 1147 1144 1143
f 1143 1146 1145
f 1145 1147 1143
f 1144 1150 1146
f 1148 1144 1147
f 1148 1150 1144
f 1146 1150 1145
f 1149 1147 1145
f 1145 1150 1149
f 1149 1148 1147
f 1150 1148 1149

o geometry_17
v 0.11350481 -0.03300000 0.51586524 1.00000000 0.96078431 0.82352941
v 0.12649519 -0.03300000 0.52336524 1.00000000 0.96078431 0.82352941
v 0.11350481 -0.02700000 0.51586524 1.00000000 0.96078431 0.82352941
v 0.12649519 -0.02700000 0.52336524 1.00000000 0.96078431 0.82352941
v 0.29350481 -0.03300000 0.20409610 1.00000000 0.96078431 0.82352941
v 0.30649519 -0.03300000 0.21159610 1.00000000 0.96078431 0.82352941
v 0.29350481 -0.02700000 0.20409610 1.00000000 0.96078431 0.82352941
v 0.30649519 -0.02700000 0.21159610 1.00000000 0.96078431 0.82352941
f 1152 1154 1151
f 1155 1152 1151
f 1151 1154 1153
f 1153 1155 1151
f 1152 1158 1154
f 1156 1152 1155
f 1156 1158 1152
f 1154 1158 1153
f 1157 1155 1153
f 1153 1158 1157
f 1157 1156 1155
f 1158 1156 1157

o geometry_18
v -0.02892421 -0.09111268 0.76477619 0.87058824 0.72156863 0.52941176
v 0.02903134 -0.09111268 0.78030533 0.87058824 0.72156863 0.52941176
v -0.02956995 -0.07937491 0.76718611 0.87058824 0.72156863 0.52941176
v 0.02838560 -0.07937491 0.78271526 0.87058824 0.72156863 0.52941176
v 0.17866964 0.07937491 -0.00997460 0.87058824 0.72156863 0.52941176
v 0.23662519 0.07937491 0.00555455 0.87058824 0.72156863 0.52941176
v 0.17802390 0.09111268 -0.00756467 0.87058824 0.72156863 0.52941176
v 0.23597945 0.09111268 0.00796447 0.87058824 0.72156863 0.52941176
f 1160 1162 1159
f 1163 1160 1159
f 1159 1162 1161
f 1161 1163 1159
f 1160 1166 1162
f 1164 1160 1163
f 1164 1166 1160
f 1162 1166 1161
f 1165 1163 1161
f 1161 1166 1165
f 1165 1164 1163
f 1166 1164 1165

o geometry_19
v 0.14235047 0.00000000 0.51375920 0.85490196 0.64705882 0.12549020
v 0.16035047 0.00000000 0.51375920 0.85490196 0.64705882 0.12549020
v 0.16035047 0.00000000 0.54875920 0.85490196 0.64705882 0.12549020
v 0.14235047 0.00000000 0.54875920 0.85490196 0.64705882 0.12549020
v 0.16000461 0.00351163 0.51375920 0.85490196 0.64705882 0.12549020
v 0.16000461 0.00351163 0.54875920 0.85490196 0.64705882 0.12549020
v 0.15898031 0.00688830 0.51375920 0.85490196 0.64705882 0.12549020
v 0.15898031 0.00688830 0.54875920 0.85490196 0.64705882 0.12549020
v 0.15731693 0.01000026 0.51375920 0.85490196 0.64705882 0.12549020
v 0.15731693 0.01000026 0.54875920 0.85490196 0.64705882 0.12549020
v 0.15507840 0.01272792 0.51375920 0.85490196 0.64705882 0.12549020
v 0.15507840 0.01272792 0.54875920 0.85490196 0.64705882 0.12549020
v 0.15235074 0.01496645 0.51375920 0.85490196 0.64705882 0.12549020
v 0.15235074 0.01496645 0.54875920 0.85490196 0.64705882 0.12549020
v 0.14923878 0.01662983 0.51375920 0.85490196 0.64705882 0.12549020
v 0.14923878 0.01662983 0.54875920 0.85490196 0.64705882 0.12549020
v 0.14586210 0.01765414 0.51375920 0.85490196 0.64705882 0.12549020
v 0.14586210 0.01765414 0.54875920 0.85490196 0.64705882 0.12549020
v 0.14235047 0.01800000 0.51375920 0.85490196 0.64705882 0.12549020
v 0.14235047 0.01800000 0.54875920 0.85490196 0.64705882 0.12549020
v 0.13883885 0.01765414 0.51375920 0.85490196 0.64705882 0.12549020
v 0.13883885 0.01765414 0.54875920 0.85490196 0.64705882 0.12549020
v 0.13546217 0.01662983 0.51375920 0.85490196 0.64705882 0.12549020
v 0.13546217 0.01662983 0.54875920 0.85490196 0.64705882 0.12549020
v 0.13235021 0.01496645 0.51375920 0.85490196 0.64705882 0.12549020
v 0.13235021 0.01496645 0.54875920 0.85490196 0.64705882 0.12549020
v 0.12962255 0.01272792 0.51375920 0.85490196 0.64705882 0.12549020
v 0.12962255 0.01272792 0.54875920 0.85490196 0.64705882 0.12549020
v 0.12738402 0.01000026 0.51375920 0.85490196 0.64705882 0.12549020
v 0.12738402 0.01000026 0.54875920 0.85490196 0.64705882 0.12549020
v 0.12572064 0.00688830 0.51375920 0.85490196 0.64705882 0.12549020
v 0.12572064 0.00688830 0.54875920 0.85490196 0.64705882 0.12549020
v 0.12469634 0.00351163 0.51375920 0.85490196 0.64705882 0.12549020
v 0.12469634 0.00351163 0.54875920 0.85490196 0.64705882 0.12549020
v 0.12435047 0.00000000 0.51375920 0.85490196 0.64705882 0.12549020
v 0.12435047 0.00000000 0.54875920 0.85490196 0.64705882 0.12549020
v 0.12469634 -0.00351163 0.51375920 0.85490196 0.64705882 0.12549020
v 0.12469634 -0.00351163 0.54875920 0.85490196 0.64705882 0.12549020
v 0.12572064 -0.00688830 0.51375920 0.85490196 0.64705882 0.12549020
v 0.12572064 -0.00688830 0.54875920 0.85490196 0.64705882 0.12549020
v 0.12738402 -0.01000026 0.51375920 0.85490196 0.64705882 0.12549020
v 0.12738402 -0.01000026 0.54875920 0.85490196 0.64705882 0.12549020
v 0.12962255 -0.01272792 0.51375920 0.85490196 0.64705882 0.12549020
v 0.12962255 -0.01272792 0.54875920 0.85490196 0.64705882 0.12549020
v 0.13235021 -0.01496645 0.51375920 0.85490196 0.64705882 0.12549020
v 0.13235021 -0.01496645 0.54875920 0.85490196 0.64705882 0.12549020
v 0.13546217 -0.01662983 0.51375920 0.85490196 0.64705882 0.12549020
v 0.13546217 -0.01662983 0.54875920 0.85490196 0.64705882 0.12549020
v 0.13883885 -0.01765414 0.51375920 0.85490196 0.64705882 0.12549020
v 0.13883885 -0.01765414 0.54875920 0.85490196 0.64705882 0.12549020
v 0.14235047 -0.01800000 0.51375920 0.85490196 0.64705882 0.12549020
v 0.14235047 -0.01800000 0.54875920 0.85490196 0.64705882 0.12549020
v 0.14586210 -0.01765414 0.51375920 0.85490196 0.64705882 0.12549020
v 0.14586210 -0.01765414 0.54875920 0.85490196 0.64705882 0.12549020
v 0.14923878 -0.01662983 0.51375920 0.85490196 0.64705882 0.12549020
v 0.14923878 -0.01662983 0.54875920 0.85490196 0.64705882 0.12549020
v 0.15235074 -0.01496645 0.51375920 0.85490196 0.64705882 0.12549020
v 0.15235074 -0.01496645 0.54875920 0.85490196 0.64705882 0.12549020
v 0.15507840 -0.01272792 0.51375920 0.85490196 0.64705882 0.12549020
v 0.15507840 -0.01272792 0.54875920 0.85490196 0.64705882 0.12549020
v 0.15731693 -0.01000026 0.51375920 0.85490196 0.64705882 0.12549020
v 0.15731693 -0.01000026 0.54875920 0.85490196 0.64705882 0.12549020
v 0.15898031 -0.00688830 0.51375920 0.85490196 0.64705882 0.12549020
v 0.15898031 -0.00688830 0.54875920 0.85490196 0.64705882 0.12549020
v 0.16000461 -0.00351163 0.51375920 0.85490196 0.64705882 0.12549020
v 0.16000461 -0.00351163 0.54875920 0.85490196 0.64705882 0.12549020
f 1168 1167 1171
f 1168 1171 1169
f 1169 1171 1172
f 1169 1172 1170
f 1171 1167 1173
f 1171 1173 1172
f 1172 1173 1174
f 1172 1174 1170
f 1173 1167 1175
f 1173 1175 1174
f 1174 1175 1176
f 1174 1176 1170
f 1175 1167 1177
f 1175 1177 1176
f 1176 1177 1178
f 1176 1178 1170
f 1177 1167 1179
f 1177 1179 1178
f 1178 1179 1180
f 1178 1180 1170
f 1179 1167 1181
f 1179 1181 1180
f 1180 1181 1182
f 1180 1182 1170
f 1181 1167 1183
f 1181 1183 1182
f 1182 1183 1184
f 1182 1184 1170
f 1183 1167 1185
f 1183 1185 1184
f 1184 1185 1186
f 1184 1186 1170
f 1185 1167 1187
f 1185 1187 1186
f 1186 1187 1188
f 1186 1188 1170
f 1187 1167 1189
f 1187 1189 1188
f 1188 1189 1190
f 1188 1190 1170
f 1189 1167 1191
f 1189 1191 1190
f 1190 1191 1192
f 1190 1192 1170
f 1191 1167 1193
f 1191 1193 1192
f 1192 1193 1194
f 1192 1194 1170
f 1193 1167 1195
f 1193 1195 1194
f 1194 1195 1196
f 1194 1196 1170
f 1195 1167 1197
f 1195 1197 1196
f 1196 1197 1198
f 1196 1198 1170
f 1197 1167 1199
f 1197 1199 1198
f 1198 1199 1200
f 1198 1200 1170
f 1199 1167 1201
f 1199 1201 1200
f 1200 1201 1202
f 1200 1202 1170
f 1201 1167 1203
f 1201 1203 1202
f 1202 1203 1204
f 1202 1204 1170
f 1203 1167 1205
f 1203 1205 1204
f 1204 1205 1206
f 1204 1206 1170
f 1205 1167 1207
f 1205 1207 1206
f 1206 1207 1208
f 1206 1208 1170
f 1207 1167 1209
f 1207 1209 1208
f 1208 1209 1210
f 1208 1210 1170
f 1209 1167 1211
f 1209 1211 1210
f 1210 1211 1212
f 1210 1212 1170
f 1211 1167 1213
f 1211 1213 1212
f 1212 1213 1214
f 1212 1214 1170
f 1213 1167 1215
f 1213 1215 1214
f 1214 1215 1216
f 1214 1216 1170
f 1215 1167 1217
f 1215 1217 1216
f 1216 1217 1218
f 1216 1218 1170
f 1217 1167 1219
f 1217 1219 1218
f 1218 1219 1220
f 1218 1220 1170
f 1219 1167 1221
f 1219 1221 1220
f 1220 1221 1222
f 1220 1222 1170
f 1221 1167 1223
f 1221 1223 1222
f 1222 1223 1224
f 1222 1224 1170
f 1223 1167 1225
f 1223 1225 1224
f 1224 1225 1226
f 1224 1226 1170
f 1225 1167 1227
f 1225 1227 1226
f 1226 1227 1228
f 1226 1228 1170
f 1227 1167 1229
f 1227 1229 1228
f 1228 1229 1230
f 1228 1230 1170
f 1229 1167 1231
f 1229 1231 1230
f 1230 1231 1232
f 1230 1232 1170
f 1231 1167 1168
f 1231 1168 1232
f 1232 1168 1169
f 1232 1169 1170

o geometry_20
v -0.03000000 -0.09111268 0.79979305 0.87058824 0.72156863 0.52941176
v 0.03000000 -0.09111268 0.79979305 0.87058824 0.72156863 0.52941176
v -0.03000000 -0.07937491 0.80228799 0.87058824 0.72156863 0.52941176
v 0.03000000 -0.07937491 0.80228799 0.87058824 0.72156863 0.52941176
v -0.03000000 0.07937491 -0.00228799 0.87058824 0.72156863 0.52941176
v 0.03000000 0.07937491 -0.00228799 0.87058824 0.72156863 0.52941176
v -0.03000000 0.09111268 0.00020695 0.87058824 0.72156863 0.52941176
v 0.03000000 0.09111268 0.00020695 0.87058824 0.72156863 0.52941176
f 1234 1236 1233
f 1237 1234 1233
f 1233 1236 1235
f 1235 1237 1233
f 1234 1240 1236
f 1238 1234 1237
f 1238 1240 1234
f 1236 1240 1235
f 1239 1237 1235
f 1235 1240 1239
f 1239 1238 1237
f 1240 1238 1239

o geometry_21
v 0.00000000 0.00000000 0.53250000 0.85490196 0.64705882 0.12549020
v 0.01800000 0.00000000 0.53250000 0.85490196 0.64705882 0.12549020
v 0.01800000 0.00000000 0.56750000 0.85490196 0.64705882 0.12549020
v 0.00000000 0.00000000 0.56750000 0.85490196 0.64705882 0.12549020
v 0.01765414 0.00351163 0.53250000 0.85490196 0.64705882 0.12549020
v 0.01765414 0.00351163 0.56750000 0.85490196 0.64705882 0.12549020
v 0.01662983 0.00688830 0.53250000 0.85490196 0.64705882 0.12549020
v 0.01662983 0.00688830 0.56750000 0.85490196 0.64705882 0.12549020
v 0.01496645 0.01000026 0.53250000 0.85490196 0.64705882 0.12549020
v 0.01496645 0.01000026 0.56750000 0.85490196 0.64705882 0.12549020
v 0.01272792 0.01272792 0.53250000 0.85490196 0.64705882 0.12549020
v 0.01272792 0.01272792 0.56750000 0.85490196 0.64705882 0.12549020
v 0.01000026 0.01496645 0.53250000 0.85490196 0.64705882 0.12549020
v 0.01000026 0.01496645 0.56750000 0.85490196 0.64705882 0.12549020
v 0.00688830 0.01662983 0.53250000 0.85490196 0.64705882 0.12549020
v 0.00688830 0.01662983 0.56750000 0.85490196 0.64705882 0.12549020
v 0.00351163 0.01765414 0.53250000 0.85490196 0.64705882 0.12549020
v 0.00351163 0.01765414 0.56750000 0.85490196 0.64705882 0.12549020
v 0.00000000 0.01800000 0.53250000 0.85490196 0.64705882 0.12549020
v 0.00000000 0.01800000 0.56750000 0.85490196 0.64705882 0.12549020
v -0.00351163 0.01765414 0.53250000 0.85490196 0.64705882 0.12549020
v -0.00351163 0.01765414 0.56750000 0.85490196 0.64705882 0.12549020
v -0.00688830 0.01662983 0.53250000 0.85490196 0.64705882 0.12549020
v -0.00688830 0.01662983 0.56750000 0.85490196 0.64705882 0.12549020
v -0.01000026 0.01496645 0.53250000 0.85490196 0.64705882 0.12549020
v -0.01000026 0.01496645 0.56750000 0.85490196 0.64705882 0.12549020
v -0.01272792 0.01272792 0.53250000 0.85490196 0.64705882 0.12549020
v -0.01272792 0.01272792 0.56750000 0.85490196 0.64705882 0.12549020
v -0.01496645 0.01000026 0.53250000 0.85490196 0.64705882 0.12549020
v -0.01496645 0.01000026 0.56750000 0.85490196 0.64705882 0.12549020
v -0.01662983 0.00688830 0.53250000 0.85490196 0.64705882 0.12549020
v -0.01662983 0.00688830 0.56750000 0.85490196 0.64705882 0.12549020
v -0.01765414 0.00351163 0.53250000 0.85490196 0.64705882 0.12549020
v -0.01765414 0.00351163 0.56750000 0.85490196 0.64705882 0.12549020
v -0.01800000 0.00000000 0.53250000 0.85490196 0.64705882 0.12549020
v -0.01800000 0.00000000 0.56750000 0.85490196 0.64705882 0.12549020
v -0.01765414 -0.00351163 0.53250000 0.85490196 0.64705882 0.12549020
v -0.01765414 -0.00351163 0.56750000 0.85490196 0.64705882 0.12549020
v -0.01662983 -0.00688830 0.53250000 0.85490196 0.64705882 0.12549020
v -0.01662983 -0.00688830 0.56750000 0.85490196 0.64705882 0.12549020
v -0.01496645 -0.01000026 0.53250000 0.85490196 0.64705882 0.12549020
v -0.01496645 -0.01000026 0.56750000 0.85490196 0.64705882 0.12549020
v -0.01272792 -0.01272792 0.53250000 0.85490196 0.64705882 0.12549020
v -0.01272792 -0.01272792 0.56750000 0.85490196 0.64705882 0.12549020
v -0.01000026 -0.01496645 0.53250000 0.85490196 0.64705882 0.12549020
v -0.01000026 -0.01496645 0.56750000 0.85490196 0.64705882 0.12549020
v -0.00688830 -0.01662983 0.53250000 0.85490196 0.64705882 0.12549020
v -0.00688830 -0.01662983 0.56750000 0.85490196 0.64705882 0.12549020
v -0.00351163 -0.01765414 0.53250000 0.85490196 0.64705882 0.12549020
v -0.00351163 -0.01765414 0.56750000 0.85490196 0.64705882 0.12549020
v 0.00000000 -0.01800000 0.53250000 0.85490196 0.64705882 0.12549020
v 0.00000000 -0.01800000 0.56750000 0.85490196 0.64705882 0.12549020
v 0.00351163 -0.01765414 0.53250000 0.85490196 0.64705882 0.12549020
v 0.00351163 -0.01765414 0.56750000 0.85490196 0.64705882 0.12549020
v 0.00688830 -0.01662983 0.53250000 0.85490196 0.64705882 0.12549020
v 0.00688830 -0.01662983 0.56750000 0.85490196 0.64705882 0.12549020
v 0.01000026 -0.01496645 0.53250000 0.85490196 0.64705882 0.12549020
v 0.01000026 -0.01496645 0.56750000 0.85490196 0.64705882 0.12549020
v 0.01272792 -0.01272792 0.53250000 0.85490196 0.64705882 0.12549020
v 0.01272792 -0.01272792 0.56750000 0.85490196 0.64705882 0.12549020
v 0.01496645 -0.01000026 0.53250000 0.85490196 0.64705882 0.12549020
v 0.01496645 -0.01000026 0.56750000 0.85490196 0.64705882 0.12549020
v 0.01662983 -0.00688830 0.53250000 0.85490196 0.64705882 0.12549020
v 0.01662983 -0.00688830 0.56750000 0.85490196 0.64705882 0.12549020
v 0.01765414 -0.00351163 0.53250000 0.85490196 0.64705882 0.12549020
v 0.01765414 -0.00351163 0.56750000 0.85490196 0.64705882 0.12549020
f 1242 1241 1245
f 1242 1245 1243
f 1243 1245 1246
f 1243 1246 1244
f 1245 1241 1247
f 1245 1247 1246
f 1246 1247 1248
f 1246 1248 1244
f 1247 1241 1249
f 1247 1249 1248
f 1248 1249 1250
f 1248 1250 1244
f 1249 1241 1251
f 1249 1251 1250
f 1250 1251 1252
f 1250 1252 1244
f 1251 1241 1253
f 1251 1253 1252
f 1252 1253 1254
f 1252 1254 1244
f 1253 1241 1255
f 1253 1255 1254
f 1254 1255 1256
f 1254 1256 1244
f 1255 1241 1257
f 1255 1257 1256
f 1256 1257 1258
f 1256 1258 1244
f 1257 1241 1259
f 1257 1259 1258
f 1258 1259 1260
f 1258 1260 1244
f 1259 1241 1261
f 1259 1261 1260
f 1260 1261 1262
f 1260 1262 1244
f 1261 1241 1263
f 1261 1263 1262
f 1262 1263 1264
f 1262 1264 1244
f 1263 1241 1265
f 1263 1265 1264
f 1264 1265 1266
f 1264 1266 1244
f 1265 1241 1267
f 1265 1267 1266
f 1266 1267 1268
f 1266 1268 1244
f 1267 1241 1269
f 1267 1269 1268
f 1268 1269 1270
f 1268 1270 1244
f 1269 1241 1271
f 1269 1271 1270
f 1270 1271 1272
f 1270 1272 1244
f 1271 1241 1273
f 1271 1273 1272
f 1272 1273 1274
f 1272 1274 1244
f 1273 1241 1275
f 1273 1275 1274
f 1274 1275 1276
f 1274 1276 1244
f 1275 1241 1277
f 1275 1277 1276
f 1276 1277 1278
f 1276 1278 1244
f 1277 1241 1279
f 1277 1279 1278
f 1278 1279 1280
f 1278 1280 1244
f 1279 1241 1281
f 1279 1281 1280
f 1280 1281 1282
f 1280 1282 1244
f 1281 1241 1283
f 1281 1283 1282
f 1282 1283 1284
f 1282 1284 1244
f 1283 1241 1285
f 1283 1285 1284
f 1284 1285 1286
f 1284 1286 1244
f 1285 1241 1287
f 1285 1287 1286
f 1286 1287 1288
f 1286 1288 1244
f 1287 1241 1289
f 1287 1289 1288
f 1288 1289 1290
f 1288 1290 1244
f 1289 1241 1291
f 1289 1291 1290
f 1290 1291 1292
f 1290 1292 1244
f 1291 1241 1293
f 1291 1293 1292
f 1292 1293 1294
f 1292 1294 1244
f 1293 1241 1295
f 1293 1295 1294
f 1294 1295 1296
f 1294 1296 1244
f 1295 1241 1297
f 1295 1297 1296
f 1296 1297 1298
f 1296 1298 1244
f 1297 1241 1299
f 1297 1299 1298
f 1298 1299 1300
f 1298 1300 1244
f 1299 1241 1301
f 1299 1301 1300
f 1300 1301 1302
f 1300 1302 1244
f 1301 1241 1303
f 1301 1303 1302
f 1302 1303 1304
f 1302 1304 1244
f 1303 1241 1305
f 1303 1305 1304
f 1304 1305 1306
f 1304 1306 1244
f 1305 1241 1242
f 1305 1242 1306
f 1306 1242 1243
f 1306 1243 1244

o geometry_22
v -0.11000000 -0.02400000 0.61000000 0.27450980 0.29411765 0.32156863
v 0.11000000 -0.02400000 0.61000000 0.27450980 0.29411765 0.32156863
v -0.11000000 -0.01600000 0.61000000 0.27450980 0.29411765 0.32156863
v 0.11000000 -0.01600000 0.61000000 0.27450980 0.29411765 0.32156863
v -0.11000000 -0.02400000 0.23000000 0.27450980 0.29411765 0.32156863
v 0.11000000 -0.02400000 0.23000000 0.27450980 0.29411765 0.32156863
v -0.11000000 -0.01600000 0.23000000 0.27450980 0.29411765 0.32156863
v 0.11000000 -0.01600000 0.23000000 0.27450980 0.29411765 0.32156863
f 1308 1310 1307
f 1311 1308 1307
f 1307 1310 1309
f 1309 1311 1307
f 1308 1314 1310
f 1312 1308 1311
f 1312 1314 1308
f 1310 1314 1309
f 1313 1311 1309
f 1309 1314 1313
f 1313 1312 1311
f 1314 1312 1313

o geometry_23
v -0.00750000 -0.03300000 0.60000000 1.00000000 0.96078431 0.82352941
v 0.00750000 -0.03300000 0.60000000 1.00000000 0.96078431 0.82352941
v -0.00750000 -0.02700000 0.60000000 1.00000000 0.96078431 0.82352941
v 0.00750000 -0.02700000 0.60000000 1.00000000 0.96078431 0.82352941
v -0.00750000 -0.03300000 0.24000000 1.00000000 0.96078431 0.82352941
v 0.00750000 -0.03300000 0.24000000 1.00000000 0.96078431 0.82352941
v -0.00750000 -0.02700000 0.24000000 1.00000000 0.96078431 0.82352941
v 0.00750000 -0.02700000 0.24000000 1.00000000 0.96078431 0.82352941
f 1316 1318 1315
f 1319 1316 1315
f 1315 1318 1317
f 1317 1319 1315
f 1316 1322 1318
f 1320 1316 1319
f 1320 1322 1316
f 1318 1322 1317
f 1321 1319 1317
f 1317 1322 1321
f 1321 1320 1319
f 1322 1320 1321

o geometry_24
v -0.02903134 -0.09111268 0.78030533 0.87058824 0.72156863 0.52941176
v 0.02892421 -0.09111268 0.76477619 0.87058824 0.72156863 0.52941176
v -0.02838560 -0.07937491 0.78271526 0.87058824 0.72156863 0.52941176
v 0.02956995 -0.07937491 0.76718611 0.87058824 0.72156863 0.52941176
v -0.23662519 0.07937491 0.00555455 0.87058824 0.72156863 0.52941176
v -0.17866964 0.07937491 -0.00997460 0.87058824 0.72156863 0.52941176
v -0.23597945 0.09111268 0.00796447 0.87058824 0.72156863 0.52941176
v -0.17802390 0.09111268 -0.00756467 0.87058824 0.72156863 0.52941176
f 1324 1326 1323
f 1327 1324 1323
f 1323 1326 1325
f 1325 1327 1323
f 1324 1330 1326
f 1328 1324 1327
f 1328 1330 1324
f 1326 1330 1325
f 1329 1327 1325
f 1325 1330 1329
f 1329 1328 1327
f 1330 1328 1329

o geometry_25
v -0.14235047 0.00000000 0.51375920 0.85490196 0.64705882 0.12549020
v -0.12435047 0.00000000 0.51375920 0.85490196 0.64705882 0.12549020
v -0.12435047 0.00000000 0.54875920 0.85490196 0.64705882 0.12549020
v -0.14235047 0.00000000 0.54875920 0.85490196 0.64705882 0.12549020
v -0.12469634 0.00351163 0.51375920 0.85490196 0.64705882 0.12549020
v -0.12469634 0.00351163 0.54875920 0.85490196 0.64705882 0.12549020
v -0.12572064 0.00688830 0.51375920 0.85490196 0.64705882 0.12549020
v -0.12572064 0.00688830 0.54875920 0.85490196 0.64705882 0.12549020
v -0.12738402 0.01000026 0.51375920 0.85490196 0.64705882 0.12549020
v -0.12738402 0.01000026 0.54875920 0.85490196 0.64705882 0.12549020
v -0.12962255 0.01272792 0.51375920 0.85490196 0.64705882 0.12549020
v -0.12962255 0.01272792 0.54875920 0.85490196 0.64705882 0.12549020
v -0.13235021 0.01496645 0.51375920 0.85490196 0.64705882 0.12549020
v -0.13235021 0.01496645 0.54875920 0.85490196 0.64705882 0.12549020
v -0.13546217 0.01662983 0.51375920 0.85490196 0.64705882 0.12549020
v -0.13546217 0.01662983 0.54875920 0.85490196 0.64705882 0.12549020
v -0.13883885 0.01765414 0.51375920 0.85490196 0.64705882 0.12549020
v -0.13883885 0.01765414 0.54875920 0.85490196 0.64705882 0.12549020
v -0.14235047 0.01800000 0.51375920 0.85490196 0.64705882 0.12549020
v -0.14235047 0.01800000 0.54875920 0.85490196 0.64705882 0.12549020
v -0.14586210 0.01765414 0.51375920 0.85490196 0.64705882 0.12549020
v -0.14586210 0.01765414 0.54875920 0.85490196 0.64705882 0.12549020
v -0.14923878 0.01662983 0.51375920 0.85490196 0.64705882 0.12549020
v -0.14923878 0.01662983 0.54875920 0.85490196 0.64705882 0.12549020
v -0.15235074 0.01496645 0.51375920 0.85490196 0.64705882 0.12549020
v -0.15235074 0.01496645 0.54875920 0.85490196 0.64705882 0.12549020
v -0.15507840 0.01272792 0.51375920 0.85490196 0.64705882 0.12549020
v -0.15507840 0.01272792 0.54875920 0.85490196 0.64705882 0.12549020
v -0.15731693 0.01000026 0.51375920 0.85490196 0.64705882 0.12549020
v -0.15731693 0.01000026 0.54875920 0.85490196 0.64705882 0.12549020
v -0.15898031 0.00688830 0.51375920 0.85490196 0.64705882 0.12549020
v -0.15898031 0.00688830 0.54875920 0.85490196 0.64705882 0.12549020
v -0.16000461 0.00351163 0.51375920 0.85490196 0.64705882 0.12549020
v -0.16000461 0.00351163 0.54875920 0.85490196 0.64705882 0.12549020
v -0.16035047 0.00000000 0.51375920 0.85490196 0.64705882 0.12549020
v -0.16035047 0.00000000 0.54875920 0.85490196 0.64705882 0.12549020
v -0.16000461 -0.00351163 0.51375920 0.85490196 0.64705882 0.12549020
v -0.16000461 -0.00351163 0.54875920 0.85490196 0.64705882 0.12549020
v -0.15898031 -0.00688830 0.51375920 0.85490196 0.64705882 0.12549020
v -0.15898031 -0.00688830 0.54875920 0.85490196 0.64705882 0.12549020
v -0.15731693 -0.01000026 0.51375920 0.85490196 0.64705882 0.12549020
v -0.15731693 -0.01000026 0.54875920 0.85490196 0.64705882 0.12549020
v -0.15507840 -0.01272792 0.51375920 0.85490196 0.64705882 0.12549020
v -0.15507840 -0.01272792 0.54875920 0.85490196 0.64705882 0.12549020
v -0.15235074 -0.01496645 0.51375920 0.85490196 0.64705882 0.12549020
v -0.15235074 -0.01496645 0.54875920 0.85490196 0.64705882 0.12549020
v -0.14923878 -0.01662983 0.51375920 0.85490196 0.64705882 0.12549020
v -0.14923878 -0.01662983 0.54875920 0.85490196 0.64705882 0.12549020
v -0.14586210 -0.01765414 0.51375920 0.85490196 0.64705882 0.12549020
v -0.14586210 -0.01765414 0.54875920 0.85490196 0.64705882 0.12549020
v -0.14235047 -0.01800000 0.51375920 0.85490196 0.64705882 0.12549020
v -0.14235047 -0.01800000 0.54875920 0.85490196 0.64705882 0.12549020
v -0.13883885 -0.01765414 0.51375920 0.85490196 0.64705882 0.12549020
v -0.13883885 -0.01765414 0.54875920 0.85490196 0.64705882 0.12549020
v -0.13546217 -0.01662983 0.51375920 0.85490196 0.64705882 0.12549020
v -0.13546217 -0.01662983 0.54875920 0.85490196 0.64705882 0.12549020
v -0.13235021 -0.01496645 0.51375920 0.85490196 0.64705882 0.12549020
v -0.13235021 -0.01496645 0.54875920 0.85490196 0.64705882 0.12549020
v -0.12962255 -0.01272792 0.51375920 0.85490196 0.64705882 0.12549020
v -0.12962255 -0.01272792 0.54875920 0.85490196 0.64705882 0.12549020
v -0.12738402 -0.01000026 0.51375920 0.85490196 0.64705882 0.12549020
v -0.12738402 -0.01000026 0.54875920 0.85490196 0.64705882 0.12549020
v -0.12572064 -0.00688830 0.51375920 0.85490196 0.64705882 0.12549020
v -0.12572064 -0.00688830 0.54875920 0.85490196 0.64705882 0.12549020
v -0.12469634 -0.00351163 0.51375920 0.85490196 0.64705882 0.12549020
v -0.12469634 -0.00351163 0.54875920 0.85490196 0.64705882 0.12549020
f 1332 1331 1335
f 1332 1335 1333
f 1333 1335 1336
f 1333 1336 1334
f 1335 1331 1337
f 1335 1337 1336
f 1336 1337 1338
f 1336 1338 1334
f 1337 1331 1339
f 1337 1339 1338
f 1338 1339 1340
f 1338 1340 1334
f 1339 1331 1341
f 1339 1341 1340
f 1340 1341 1342
f 1340 1342 1334
f 1341 1331 1343
f 1341 1343 1342
f 1342 1343 1344
f 1342 1344 1334
f 1343 1331 1345
f 1343 1345 1344
f 1344 1345 1346
f 1344 1346 1334
f 1345 1331 1347
f 1345 1347 1346
f 1346 1347 1348
f 1346 1348 1334
f 1347 1331 1349
f 1347 1349 1348
f 1348 1349 1350
f 1348 1350 1334
f 1349 1331 1351
f 1349 1351 1350
f 1350 1351 1352
f 1350 1352 1334
f 1351 1331 1353
f 1351 1353 1352
f 1352 1353 1354
f 1352 1354 1334
f 1353 1331 1355
f 1353 1355 1354
f 1354 1355 1356
f 1354 1356 1334
f 1355 1331 1357
f 1355 1357 1356
f 1356 1357 1358
f 1356 1358 1334
f 1357 1331 1359
f 1357 1359 1358
f 1358 1359 1360
f 1358 1360 1334
f 1359 1331 1361
f 1359 1361 1360
f 1360 1361 1362
f 1360 1362 1334
f 1361 1331 1363
f 1361 1363 1362
f 1362 1363 1364
f 1362 1364 1334
f 1363 1331 1365
f 1363 1365 1364
f 1364 1365 1366
f 1364 1366 1334
f 1365 1331 1367
f 1365 1367 1366
f 1366 1367 1368
f 1366 1368 1334
f 1367 1331 1369
f 1367 1369 1368
f 1368 1369 1370
f 1368 1370 1334
f 1369 1331 1371
f 1369 1371 1370
f 1370 1371 1372
f 1370 1372 1334
f 1371 1331 1373
f 1371 1373 1372
f 1372 1373 1374
f 1372 1374 1334
f 1373 1331 1375
f 1373 1375 1374
f 1374 1375 1376
f 1374 1376 1334
f 1375 1331 1377
f 1375 1377 1376
f 1376 1377 1378
f 1376 1378 1334
f 1377 1331 1379
f 1377 1379 1378
f 1378 1379 1380
f 1378 1380 1334
f 1379 1331 1381
f 1379 1381 1380
f 1380 1381 1382
f 1380 1382 1334
f 1381 1331 1383
f 1381 1383 1382
f 1382 1383 1384
f 1382 1384 1334
f 1383 1331 1385
f 1383 1385 1384
f 1384 1385 1386
f 1384 1386 1334
f 1385 1331 1387
f 1385 1387 1386
f 1386 1387 1388
f 1386 1388 1334
f 1387 1331 1389
f 1387 1389 1388
f 1388 1389 1390
f 1388 1390 1334
f 1389 1331 1391
f 1389 1391 1390
f 1390 1391 1392
f 1390 1392 1334
f 1391 1331 1393
f 1391 1393 1392
f 1392 1393 1394
f 1392 1394 1334
f 1393 1331 1395
f 1393 1395 1394
f 1394 1395 1396
f 1394 1396 1334
f 1395 1331 1332
f 1395 1332 1396
f 1396 1332 1333
f 1396 1333 1334

o geometry_26
v -0.02608424 -0.09111268 0.70764110 0.87058824 0.72156863 0.52941176
v 0.02587729 -0.09111268 0.67764110 0.87058824 0.72156863 0.52941176
v -0.02483677 -0.07937491 0.70980178 0.87058824 0.72156863 0.52941176
v 0.02712476 -0.07937491 0.67980178 0.87058824 0.72156863 0.52941176
v -0.42712476 0.07937491 0.01301855 0.87058824 0.72156863 0.52941176
v -0.37516323 0.07937491 -0.01698145 0.87058824 0.72156863 0.52941176
v -0.42587729 0.09111268 0.01517923 0.87058824 0.72156863 0.52941176
v -0.37391576 0.09111268 -0.01482077 0.87058824 0.72156863 0.52941176
f 1398 1400 1397
f 1401 1398 1397
f 1397 1400 1399
f 1399 1401 1397
f 1398 1404 1400
f 1402 1398 1401
f 1402 1404 1398
f 1400 1404 1399
f 1403 1401 1399
f 1399 1404 1403
f 1403 1402 1401
f 1404 1402 1403

o geometry_27
v -0.27500000 0.00000000 0.45881397 0.85490196 0.64705882 0.12549020
v -0.25700000 0.00000000 0.45881397 0.85490196 0.64705882 0.12549020
v -0.25700000 0.00000000 0.49381397 0.85490196 0.64705882 0.12549020
v -0.27500000 0.00000000 0.49381397 0.85490196 0.64705882 0.12549020
v -0.25734586 0.00351163 0.45881397 0.85490196 0.64705882 0.12549020
v -0.25734586 0.00351163 0.49381397 0.85490196 0.64705882 0.12549020
v -0.25837017 0.00688830 0.45881397 0.85490196 0.64705882 0.12549020
v -0.25837017 0.00688830 0.49381397 0.85490196 0.64705882 0.12549020
v -0.26003355 0.01000026 0.45881397 0.85490196 0.64705882 0.12549020
v -0.26003355 0.01000026 0.49381397 0.85490196 0.64705882 0.12549020
v -0.26227208 0.01272792 0.45881397 0.85490196 0.64705882 0.12549020
v -0.26227208 0.01272792 0.49381397 0.85490196 0.64705882 0.12549020
v -0.26499974 0.01496645 0.45881397 0.85490196 0.64705882 0.12549020
v -0.26499974 0.01496645 0.49381397 0.85490196 0.64705882 0.12549020
v -0.26811170 0.01662983 0.45881397 0.85490196 0.64705882 0.12549020
v -0.26811170 0.01662983 0.49381397 0.85490196 0.64705882 0.12549020
v -0.27148837 0.01765414 0.45881397 0.85490196 0.64705882 0.12549020
v -0.27148837 0.01765414 0.49381397 0.85490196 0.64705882 0.12549020
v -0.27500000 0.01800000 0.45881397 0.85490196 0.64705882 0.12549020
v -0.27500000 0.01800000 0.49381397 0.85490196 0.64705882 0.12549020
v -0.27851163 0.01765414 0.45881397 0.85490196 0.64705882 0.12549020
v -0.27851163 0.01765414 0.49381397 0.85490196 0.64705882 0.12549020
v -0.28188830 0.01662983 0.45881397 0.85490196 0.64705882 0.12549020
v -0.28188830 0.01662983 0.49381397 0.85490196 0.64705882 0.12549020
v -0.28500026 0.01496645 0.45881397 0.85490196 0.64705882 0.12549020
v -0.28500026 0.01496645 0.49381397 0.85490196 0.64705882 0.12549020
v -0.28772792 0.01272792 0.45881397 0.85490196 0.64705882 0.12549020
v -0.28772792 0.01272792 0.49381397 0.85490196 0.64705882 0.12549020
v -0.28996645 0.01000026 0.45881397 0.85490196 0.64705882 0.12549020
v -0.28996645 0.01000026 0.49381397 0.85490196 0.64705882 0.12549020
v -0.29162983 0.00688830 0.45881397 0.85490196 0.64705882 0.12549020
v -0.29162983 0.00688830 0.49381397 0.85490196 0.64705882 0.12549020
v -0.29265414 0.00351163 0.45881397 0.85490196 0.64705882 0.12549020
v -0.29265414 0.00351163 0.49381397 0.85490196 0.64705882 0.12549020
v -0.29300000 0.00000000 0.45881397 0.85490196 0.64705882 0.12549020
v -0.29300000 0.00000000 0.49381397 0.85490196 0.64705882 0.12549020
v -0.29265414 -0.00351163 0.45881397 0.85490196 0.64705882 0.12549020
v -0.29265414 -0.00351163 0.49381397 0.85490196 0.64705882 0.12549020
v -0.29162983 -0.00688830 0.45881397 0.85490196 0.64705882 0.12549020
v -0.29162983 -0.00688830 0.49381397 0.85490196 0.64705882 0.12549020
v -0.28996645 -0.01000026 0.45881397 0.85490196 0.64705882 0.12549020
v -0.28996645 -0.01000026 0.49381397 0.85490196 0.64705882 0.12549020
v -0.28772792 -0.01272792 0.45881397 0.85490196 0.64705882 0.12549020
v -0.28772792 -0.01272792 0.49381397 0.85490196 0.64705882 0.12549020
v -0.28500026 -0.01496645 0.45881397 0.85490196 0.64705882 0.12549020
v -0.28500026 -0.01496645 0.49381397 0.85490196 0.64705882 0.12549020
v -0.28188830 -0.01662983 0.45881397 0.85490196 0.64705882 0.12549020
v -0.28188830 -0.01662983 0.49381397 0.85490196 0.64705882 0.12549020
v -0.27851163 -0.01765414 0.45881397 0.85490196 0.64705882 0.12549020
v -0.27851163 -0.01765414 0.49381397 0.85490196 0.64705882 0.12549020
v -0.27500000 -0.01800000 0.45881397 0.85490196 0.64705882 0.12549020
v -0.27500000 -0.01800000 0.49381397 0.85490196 0.64705882 0.12549020
v -0.27148837 -0.01765414 0.45881397 0.85490196 0.64705882 0.12549020
v -0.27148837 -0.01765414 0.49381397 0.85490196 0.64705882 0.12549020
v -0.26811170 -0.01662983 0.45881397 0.85490196 0.64705882 0.12549020
v -0.26811170 -0.01662983 0.49381397 0.85490196 0.64705882 0.12549020
v -0.26499974 -0.01496645 0.45881397 0.85490196 0.64705882 0.12549020
v -0.26499974 -0.01496645 0.49381397 0.85490196 0.64705882 0.12549020
v -0.26227208 -0.01272792 0.45881397 0.85490196 0.64705882 0.12549020
v -0.26227208 -0.01272792 0.49381397 0.85490196 0.64705882 0.12549020
v -0.26003355 -0.01000026 0.45881397 0.85490196 0.64705882 0.12549020
v -0.26003355 -0.01000026 0.49381397 0.85490196 0.64705882 0.12549020
v -0.25837017 -0.00688830 0.45881397 0.85490196 0.64705882 0.12549020
v -0.25837017 -0.00688830 0.49381397 0.85490196 0.64705882 0.12549020
v -0.25734586 -0.00351163 0.45881397 0.85490196 0.64705882 0.12549020
v -0.25734586 -0.00351163 0.49381397 0.85490196 0.64705882 0.12549020
f 1406 1405 1409
f 1406 1409 1407
f 1407 1409 1410
f 1407 1410 1408
f 1409 1405 1411
f 1409 1411 1410
f 1410 1411 1412
f 1410 1412 1408
f 1411 1405 1413
f 1411 1413 1412
f 1412 1413 1414
f 1412 1414 1408
f 1413 1405 1415
f 1413 1415 1414
f 1414 1415 1416
f 1414 1416 1408
f 1415 1405 1417
f 1415 1417 1416
f 1416 1417 1418
f 1416 1418 1408
f 1417 1405 1419
f 1417 1419 1418
f 1418 1419 1420
f 1418 1420 1408
f 1419 1405 1421
f 1419 1421 1420
f 1420 1421 1422
f 1420 1422 1408
f 1421 1405 1423
f 1421 1423 1422
f 1422 1423 1424
f 1422 1424 1408
f 1423 1405 1425
f 1423 1425 1424
f 1424 1425 1426
f 1424 1426 1408
f 1425 1405 1427
f 1425 1427 1426
f 1426 1427 1428
f 1426 1428 1408
f 1427 1405 1429
f 1427 1429 1428
f 1428 1429 1430
f 1428 1430 1408
f 1429 1405 1431
f 1429 1431 1430
f 1430 1431 1432
f 1430 1432 1408
f 1431 1405 1433
f 1431 1433 1432
f 1432 1433 1434
f 1432 1434 1408
f 1433 1405 1435
f 1433 1435 1434
f 1434 1435 1436
f 1434 1436 1408
f 1435 1405 1437
f 1435 1437 1436
f 1436 1437 1438
f 1436 1438 1408
f 1437 1405 1439
f 1437 1439 1438
f 1438 1439 1440
f 1438 1440 1408
f 1439 1405 1441
f 1439 1441 1440
f 1440 1441 1442
f 1440 1442 1408
f 1441 1405 1443
f 1441 1443 1442
f 1442 1443 1444
f 1442 1444 1408
f 1443 1405 1445
f 1443 1445 1444
f 1444 1445 1446
f 1444 1446 1408
f 1445 1405 1447
f 1445 1447 1446
f 1446 1447 1448
f 1446 1448 1408
f 1447 1405 1449
f 1447 1449 1448
f 1448 1449 1450
f 1448 1450 1408
f 1449 1405 1451
f 1449 1451 1450
f 1450 1451 1452
f 1450 1452 1408
f 1451 1405 1453
f 1451 1453 1452
f 1452 1453 1454
f 1452 1454 1408
f 1453 1405 1455
f 1453 1455 1454
f 1454 1455 1456
f 1454 1456 1408
f 1455 1405 1457
f 1455 1457 1456
f 1456 1457 1458
f 1456 1458 1408
f 1457 1405 1459
f 1457 1459 1458
f 1458 1459 1460
f 1458 1460 1408
f 1459 1405 1461
f 1459 1461 1460
f 1460 1461 1462
f 1460 1462 1408
f 1461 1405 1463
f 1461 1463 1462
f 1462 1463 1464
f 1462 1464 1408
f 1463 1405 1465
f 1463 1465 1464
f 1464 1465 1466
f 1464 1466 1408
f 1465 1405 1467
f 1465 1467 1466
f 1466 1467 1468
f 1466 1468 1408
f 1467 1405 1469
f 1467 1469 1468
f 1468 1469 1470
f 1468 1470 1408
f 1469 1405 1406
f 1469 1406 1470
f 1470 1406 1407
f 1470 1407 1408

o geometry_28
v -0.21026279 -0.02400000 0.58327550 0.27450980 0.29411765 0.32156863
v -0.01973721 -0.02400000 0.47327550 0.27450980 0.29411765 0.32156863
v -0.21026279 -0.01600000 0.58327550 0.27450980 0.29411765 0.32156863
v -0.01973721 -0.01600000 0.47327550 0.27450980 0.29411765 0.32156863
v -0.40026279 -0.02400000 0.25418584 0.27450980 0.29411765 0.32156863
v -0.20973721 -0.02400000 0.14418584 0.27450980 0.29411765 0.32156863
v -0.40026279 -0.01600000 0.25418584 0.27450980 0.29411765 0.32156863
v -0.20973721 -0.01600000 0.14418584 0.27450980 0.29411765 0.32156863
f 1472 1474 1471
f 1475 1472 1471
f 1471 1474 1473
f 1473 1475 1471
f 1472 1478 1474
f 1476 1472 1475
f 1476 1478 1472
f 1474 1478 1473
f 1477 1475 1473
f 1473 1478 1477
f 1477 1476 1475
f 1478 1476 1477

o geometry_29
v -0.12649519 -0.03300000 0.52336524 1.00000000 0.96078431 0.82352941
v -0.11350481 -0.03300000 0.51586524 1.00000000 0.96078431 0.82352941
v -0.12649519 -0.02700000 0.52336524 1.00000000 0.96078431 0.82352941
v -0.11350481 -0.02700000 0.51586524 1.00000000 0.96078431 0.82352941
v -0.30649519 -0.03300000 0.21159610 1.00000000 0.96078431 0.82352941
v -0.29350481 -0.03300000 0.20409610 1.00000000 0.96078431 0.82352941
v -0.30649519 -0.02700000 0.21159610 1.00000000 0.96078431 0.82352941
v -0.29350481 -0.02700000 0.20409610 1.00000000 0.96078431 0.82352941
f 1480 1482 1479
f 1483 1480 1479
f 1479 1482 1481
f 1481 1483 1479
f 1480 1486 1482
f 1484 1480 1483
f 1484 1486 1480
f 1482 1486 1481
f 1485 1483 1481
f 1481 1486 1485
f 1485 1484 1483
f 1486 1484 1485

o geometry_30
v -0.02135954 -0.09111268 0.58675229 0.87058824 0.72156863 0.52941176
v 0.02106686 -0.09111268 0.54432588 0.87058824 0.72156863 0.52941176
v -0.01959535 -0.07937491 0.58851648 0.87058824 0.72156863 0.52941176
v 0.02283105 -0.07937491 0.54609007 0.87058824 0.72156863 0.52941176
v -0.58851648 0.07937491 0.01959535 0.87058824 0.72156863 0.52941176
v -0.54609007 0.07937491 -0.02283105 0.87058824 0.72156863 0.52941176
v -0.58675229 0.09111268 0.02135954 0.87058824 0.72156863 0.52941176
v -0.54432588 0.09111268 -0.02106686 0.87058824 0.72156863 0.52941176
f 1488 1490 1487
f 1491 1488 1487
f 1487 1490 1489
f 1489 1491 1487
f 1488 1494 1490
f 1492 1488 1491
f 1492 1494 1488
f 1490 1494 1489
f 1493 1491 1489
f 1489 1494 1493
f 1493 1492 1491
f 1494 1492 1493

o geometry_31
v -0.38890873 0.00000000 0.37140873 0.85490196 0.64705882 0.12549020
v -0.37090873 0.00000000 0.37140873 0.85490196 0.64705882 0.12549020
v -0.37090873 0.00000000 0.40640873 0.85490196 0.64705882 0.12549020
v -0.38890873 0.00000000 0.40640873 0.85490196 0.64705882 0.12549020
v -0.37125459 0.00351163 0.37140873 0.85490196 0.64705882 0.12549020
v -0.37125459 0.00351163 0.40640873 0.85490196 0.64705882 0.12549020
v -0.37227890 0.00688830 0.37140873 0.85490196 0.64705882 0.12549020
v -0.37227890 0.00688830 0.40640873 0.85490196 0.64705882 0.12549020
v -0.37394228 0.01000026 0.37140873 0.85490196 0.64705882 0.12549020
v -0.37394228 0.01000026 0.40640873 0.85490196 0.64705882 0.12549020
v -0.37618081 0.01272792 0.37140873 0.85490196 0.64705882 0.12549020
v -0.37618081 0.01272792 0.40640873 0.85490196 0.64705882 0.12549020
v -0.37890847 0.01496645 0.37140873 0.85490196 0.64705882 0.12549020
v -0.37890847 0.01496645 0.40640873 0.85490196 0.64705882 0.12549020
v -0.38202043 0.01662983 0.37140873 0.85490196 0.64705882 0.12549020
v -0.38202043 0.01662983 0.40640873 0.85490196 0.64705882 0.12549020
v -0.38539710 0.01765414 0.37140873 0.85490196 0.64705882 0.12549020
v -0.38539710 0.01765414 0.40640873 0.85490196 0.64705882 0.12549020
v -0.38890873 0.01800000 0.37140873 0.85490196 0.64705882 0.12549020
v -0.38890873 0.01800000 0.40640873 0.85490196 0.64705882 0.12549020
v -0.39242036 0.01765414 0.37140873 0.85490196 0.64705882 0.12549020
v -0.39242036 0.01765414 0.40640873 0.85490196 0.64705882 0.12549020
v -0.39579703 0.01662983 0.37140873 0.85490196 0.64705882 0.12549020
v -0.39579703 0.01662983 0.40640873 0.85490196 0.64705882 0.12549020
v -0.39890899 0.01496645 0.37140873 0.85490196 0.64705882 0.12549020
v -0.39890899 0.01496645 0.40640873 0.85490196 0.64705882 0.12549020
v -0.40163665 0.01272792 0.37140873 0.85490196 0.64705882 0.12549020
v -0.40163665 0.01272792 0.40640873 0.85490196 0.64705882 0.12549020
v -0.40387518 0.01000026 0.37140873 0.85490196 0.64705882 0.12549020
v -0.40387518 0.01000026 0.40640873 0.85490196 0.64705882 0.12549020
v -0.40553856 0.00688830 0.37140873 0.85490196 0.64705882 0.12549020
v -0.40553856 0.00688830 0.40640873 0.85490196 0.64705882 0.12549020
v -0.40656286 0.00351163 0.37140873 0.85490196 0.64705882 0.12549020
v -0.40656286 0.00351163 0.40640873 0.85490196 0.64705882 0.12549020
v -0.40690873 0.00000000 0.37140873 0.85490196 0.64705882 0.12549020
v -0.40690873 0.00000000 0.40640873 0.85490196 0.64705882 0.12549020
v -0.40656286 -0.00351163 0.37140873 0.85490196 0.64705882 0.12549020
v -0.40656286 -0.00351163 0.40640873 0.85490196 0.64705882 0.12549020
v -0.40553856 -0.00688830 0.37140873 0.85490196 0.64705882 0.12549020
v -0.40553856 -0.00688830 0.40640873 0.85490196 0.64705882 0.12549020
v -0.40387518 -0.01000026 0.37140873 0.85490196 0.64705882 0.12549020
v -0.40387518 -0.01000026 0.40640873 0.85490196 0.64705882 0.12549020
v -0.40163665 -0.01272792 0.37140873 0.85490196 0.64705882 0.12549020
v -0.40163665 -0.01272792 0.40640873 0.85490196 0.64705882 0.12549020
v -0.39890899 -0.01496645 0.37140873 0.85490196 0.64705882 0.12549020
v -0.39890899 -0.01496645 0.40640873 0.85490196 0.64705882 0.12549020
v -0.39579703 -0.01662983 0.37140873 0.85490196 0.64705882 0.12549020
v -0.39579703 -0.01662983 0.40640873 0.85490196 0.64705882 0.12549020
v -0.39242036 -0.01765414 0.37140873 0.85490196 0.64705882 0.12549020
v -0.39242036 -0.01765414 0.40640873 0.85490196 0.64705882 0.12549020
v -0.38890873 -0.01800000 0.37140873 0.85490196 0.64705882 0.12549020
v -0.38890873 -0.01800000 0.40640873 0.85490196 0.64705882 0.12549020
v -0.38539710 -0.01765414 0.37140873 0.85490196 0.64705882 0.12549020
v -0.38539710 -0.01765414 0.40640873 0.85490196 0.64705882 0.12549020
v -0.38202043 -0.01662983 0.37140873 0.85490196 0.64705882 0.12549020
v -0.38202043 -0.01662983 0.40640873 0.85490196 0.64705882 0.12549020
v -0.37890847 -0.01496645 0.37140873 0.85490196 0.64705882 0.12549020
v -0.37890847 -0.01496645 0.40640873 0.85490196 0.64705882 0.12549020
v -0.37618081 -0.01272792 0.37140873 0.85490196 0.64705882 0.12549020
v -0.37618081 -0.01272792 0.40640873 0.85490196 0.64705882 0.12549020
v -0.37394228 -0.01000026 0.37140873 0.85490196 0.64705882 0.12549020
v -0.37394228 -0.01000026 0.40640873 0.85490196 0.64705882 0.12549020
v -0.37227890 -0.00688830 0.37140873 0.85490196 0.64705882 0.12549020
v -0.37227890 -0.00688830 0.40640873 0.85490196 0.64705882 0.12549020
v -0.37125459 -0.00351163 0.37140873 0.85490196 0.64705882 0.12549020
v -0.37125459 -0.00351163 0.40640873 0.85490196 0.64705882 0.12549020
f 1496 1495 1499
f 1496 1499 1497
f 1497 1499 1500
f 1497 1500 1498
f 1499 1495 1501
f 1499 1501 1500
f 1500 1501 1502
f 1500 1502 1498
f 1501 1495 1503
f 1501 1503 1502
f 1502 1503 1504
f 1502 1504 1498
f 1503 1495 1505
f 1503 1505 1504
f 1504 1505 1506
f 1504 1506 1498
f 1505 1495 1507
f 1505 1507 1506
f 1506 1507 1508
f 1506 1508 1498
f 1507 1495 1509
f 1507 1509 1508
f 1508 1509 1510
f 1508 1510 1498
f 1509 1495 1511
f 1509 1511 1510
f 1510 1511 1512
f 1510 1512 1498
f 1511 1495 1513
f 1511 1513 1512
f 1512 1513 1514
f 1512 1514 1498
f 1513 1495 1515
f 1513 1515 1514
f 1514 1515 1516
f 1514 1516 1498
f 1515 1495 1517
f 1515 1517 1516
f 1516 1517 1518
f 1516 1518 1498
f 1517 1495 1519
f 1517 1519 1518
f 1518 1519 1520
f 1518 1520 1498
f 1519 1495 1521
f 1519 1521 1520
f 1520 1521 1522
f 1520 1522 1498
f 1521 1495 1523
f 1521 1523 1522
f 1522 1523 1524
f 1522 1524 1498
f 1523 1495 1525
f 1523 1525 1524
f 1524 1525 1526
f 1524 1526 1498
f 1525 1495 1527
f 1525 1527 1526
f 1526 1527 1528
f 1526 1528 1498
f 1527 1495 1529
f 1527 1529 1528
f 1528 1529 1530
f 1528 1530 1498
f 1529 1495 1531
f 1529 1531 1530
f 1530 1531 1532
f 1530 1532 1498
f 1531 1495 1533
f 1531 1533 1532
f 1532 1533 1534
f 1532 1534 1498
f 1533 1495 1535
f 1533 1535 1534
f 1534 1535 1536
f 1534 1536 1498
f 1535 1495 1537
f 1535 1537 1536
f 1536 1537 1538
f 1536 1538 1498
f 1537 1495 1539
f 1537 1539 1538
f 1538 1539 1540
f 1538 1540 1498
f 1539 1495 1541
f 1539 1541 1540
f 1540 1541 1542
f 1540 1542 1498
f 1541 1495 1543
f 1541 1543 1542
f 1542 1543 1544
f 1542 1544 1498
f 1543 1495 1545
f 1543 1545 1544
f 1544 1545 1546
f 1544 1546 1498
f 1545 1495 1547
f 1545 1547 1546
f 1546 1547 1548
f 1546 1548 1498
f 1547 1495 1549
f 1547 1549 1548
f 1548 1549 1550
f 1548 1550 1498
f 1549 1495 1551
f 1549 1551 1550
f 1550 1551 1552
f 1550 1552 1498
f 1551 1495 1553
f 1551 1553 1552
f 1552 1553 1554
f 1552 1554 1498
f 1553 1495 1555
f 1553 1555 1554
f 1554 1555 1556
f 1554 1556 1498
f 1555 1495 1557
f 1555 1557 1556
f 1556 1557 1558
f 1556 1558 1498
f 1557 1495 1559
f 1557 1559 1558
f 1558 1559 1560
f 1558 1560 1498
f 1559 1495 1496
f 1559 1496 1560
f 1560 1496 1497
f 1560 1497 1498

o geometry_32
v -0.01517923 -0.09111268 0.42587729 0.87058824 0.72156863 0.52941176
v 0.01482077 -0.09111268 0.37391576 0.87058824 0.72156863 0.52941176
v -0.01301855 -0.07937491 0.42712476 0.87058824 0.72156863 0.52941176
v 0.01698145 -0.07937491 0.37516323 0.87058824 0.72156863 0.52941176
v -0.70980178 0.07937491 0.02483677 0.87058824 0.72156863 0.52941176
v -0.67980178 0.07937491 -0.02712476 0.87058824 0.72156863 0.52941176
v -0.70764110 0.09111268 0.02608424 0.87058824 0.72156863 0.52941176
v -0.67764110 0.09111268 -0.02587729 0.87058824 0.72156863 0.52941176
f 1562 1564 1561
f 1565 1562 1561
f 1561 1564 1563
f 1563 1565 1561
f 1562 1568 1564
f 1566 1562 1565
f 1566 1568 1562
f 1564 1568 1563
f 1567 1565 1563
f 1563 1568 1567
f 1567 1566 1565
f 1568 1566 1567

o geometry_33
v -0.47631397 0.00000000 0.25750000 0.85490196 0.64705882 0.12549020
v -0.45831397 0.00000000 0.25750000 0.85490196 0.64705882 0.12549020
v -0.45831397 0.00000000 0.29250000 0.85490196 0.64705882 0.12549020
v -0.47631397 0.00000000 0.29250000 0.85490196 0.64705882 0.12549020
v -0.45865984 0.00351163 0.25750000 0.85490196 0.64705882 0.12549020
v -0.45865984 0.00351163 0.29250000 0.85490196 0.64705882 0.12549020
v -0.45968414 0.00688830 0.25750000 0.85490196 0.64705882 0.12549020
v -0.45968414 0.00688830 0.29250000 0.85490196 0.64705882 0.12549020
v -0.46134752 0.01000026 0.25750000 0.85490196 0.64705882 0.12549020
v -0.46134752 0.01000026 0.29250000 0.85490196 0.64705882 0.12549020
v -0.46358605 0.01272792 0.25750000 0.85490196 0.64705882 0.12549020
v -0.46358605 0.01272792 0.29250000 0.85490196 0.64705882 0.12549020
v -0.46631371 0.01496645 0.25750000 0.85490196 0.64705882 0.12549020
v -0.46631371 0.01496645 0.29250000 0.85490196 0.64705882 0.12549020
v -0.46942567 0.01662983 0.25750000 0.85490196 0.64705882 0.12549020
v -0.46942567 0.01662983 0.29250000 0.85490196 0.64705882 0.12549020
v -0.47280235 0.01765414 0.25750000 0.85490196 0.64705882 0.12549020
v -0.47280235 0.01765414 0.29250000 0.85490196 0.64705882 0.12549020
v -0.47631397 0.01800000 0.25750000 0.85490196 0.64705882 0.12549020
v -0.47631397 0.01800000 0.29250000 0.85490196 0.64705882 0.12549020
v -0.47982560 0.01765414 0.25750000 0.85490196 0.64705882 0.12549020
v -0.47982560 0.01765414 0.29250000 0.85490196 0.64705882 0.12549020
v -0.48320227 0.01662983 0.25750000 0.85490196 0.64705882 0.12549020
v -0.48320227 0.01662983 0.29250000 0.85490196 0.64705882 0.12549020
v -0.48631424 0.01496645 0.25750000 0.85490196 0.64705882 0.12549020
v -0.48631424 0.01496645 0.29250000 0.85490196 0.64705882 0.12549020
v -0.48904189 0.01272792 0.25750000 0.85490196 0.64705882 0.12549020
v -0.48904189 0.01272792 0.29250000 0.85490196 0.64705882 0.12549020
v -0.49128043 0.01000026 0.25750000 0.85490196 0.64705882 0.12549020
v -0.49128043 0.01000026 0.29250000 0.85490196 0.64705882 0.12549020
v -0.49294380 0.00688830 0.25750000 0.85490196 0.64705882 0.12549020
v -0.49294380 0.00688830 0.29250000 0.85490196 0.64705882 0.12549020
v -0.49396811 0.00351163 0.25750000 0.85490196 0.64705882 0.12549020
v -0.49396811 0.00351163 0.29250000 0.85490196 0.64705882 0.12549020
v -0.49431397 0.00000000 0.25750000 0.85490196 0.64705882 0.12549020
v -0.49431397 0.00000000 0.29250000 0.85490196 0.64705882 0.12549020
v -0.49396811 -0.00351163 0.25750000 0.85490196 0.64705882 0.12549020
v -0.49396811 -0.00351163 0.29250000 0.85490196 0.64705882 0.12549020
v -0.49294380 -0.00688830 0.25750000 0.85490196 0.64705882 0.12549020
v -0.49294380 -0.00688830 0.29250000 0.85490196 0.64705882 0.12549020
v -0.49128043 -0.01000026 0.25750000 0.85490196 0.64705882 0.12549020
v -0.49128043 -0.01000026 0.29250000 0.85490196 0.64705882 0.12549020
v -0.48904189 -0.01272792 0.25750000 0.85490196 0.64705882 0.12549020
v -0.48904189 -0.01272792 0.29250000 0.85490196 0.64705882 0.12549020
v -0.48631424 -0.01496645 0.25750000 0.85490196 0.64705882 0.12549020
v -0.48631424 -0.01496645 0.29250000 0.85490196 0.64705882 0.12549020
v -0.48320227 -0.01662983 0.25750000 0.85490196 0.64705882 0.12549020
v -0.48320227 -0.01662983 0.29250000 0.85490196 0.64705882 0.12549020
v -0.47982560 -0.01765414 0.25750000 0.85490196 0.64705882 0.12549020
v -0.47982560 -0.01765414 0.29250000 0.85490196 0.64705882 0.12549020
v -0.47631397 -0.01800000 0.25750000 0.85490196 0.64705882 0.12549020
v -0.47631397 -0.01800000 0.29250000 0.85490196 0.64705882 0.12549020
v -0.47280235 -0.01765414 0.25750000 0.85490196 0.64705882 0.12549020
v -0.47280235 -0.01765414 0.29250000 0.85490196 0.64705882 0.12549020
v -0.46942567 -0.01662983 0.25750000 0.85490196 0.64705882 0.12549020
v -0.46942567 -0.01662983 0.29250000 0.85490196 0.64705882 0.12549020
v -0.46631371 -0.01496645 0.25750000 0.85490196 0.64705882 0.12549020
v -0.46631371 -0.01496645 0.29250000 0.85490196 0.64705882 0.12549020
v -0.46358605 -0.01272792 0.25750000 0.85490196 0.64705882 0.12549020
v -0.46358605 -0.01272792 0.29250000 0.85490196 0.64705882 0.12549020
v -0.46134752 -0.01000026 0.25750000 0.85490196 0.64705882 0.12549020
v -0.46134752 -0.01000026 0.29250000 0.85490196 0.64705882 0.12549020
v -0.45968414 -0.00688830 0.25750000 0.85490196 0.64705882 0.12549020
v -0.45968414 -0.00688830 0.29250000 0.85490196 0.64705882 0.12549020
v -0.45865984 -0.00351163 0.25750000 0.85490196 0.64705882 0.12549020
v -0.45865984 -0.00351163 0.29250000 0.85490196 0.64705882 0.12549020
f 1570 1569 1573
f 1570 1573 1571
f 1571 1573 1574
f 1571 1574 1572
f 1573 1569 1575
f 1573 1575 1574
f 1574 1575 1576
f 1574 1576 1572
f 1575 1569 1577
f 1575 1577 1576
f 1576 1577 1578
f 1576 1578 1572
f 1577 1569 1579
f 1577 1579 1578
f 1578 1579 1580
f 1578 1580 1572
f 1579 1569 1581
f 1579 1581 1580
f 1580 1581 1582
f 1580 1582 1572
f 1581 1569 1583
f 1581 1583 1582
f 1582 1583 1584
f 1582 1584 1572
f 1583 1569 1585
f 1583 1585 1584
f 1584 1585 1586
f 1584 1586 1572
f 1585 1569 1587
f 1585 1587 1586
f 1586 1587 1588
f 1586 1588 1572
f 1587 1569 1589
f 1587 1589 1588
f 1588 1589 1590
f 1588 1590 1572
f 1589 1569 1591
f 1589 1591 1590
f 1590 1591 1592
f 1590 1592 1572
f 1591 1569 1593
f 1591 1593 1592
f 1592 1593 1594
f 1592 1594 1572
f 1593 1569 1595
f 1593 1595 1594
f 1594 1595 1596
f 1594 1596 1572
f 1595 1569 1597
f 1595 1597 1596
f 1596 1597 1598
f 1596 1598 1572
f 1597 1569 1599
f 1597 1599 1598
f 1598 1599 1600
f 1598 1600 1572
f 1599 1569 1601
f 1599 1601 1600
f 1600 1601 1602
f 1600 1602 1572
f 1601 1569 1603
f 1601 1603 1602
f 1602 1603 1604
f 1602 1604 1572
f 1603 1569 1605
f 1603 1605 1604
f 1604 1605 1606
f 1604 1606 1572
f 1605 1569 1607
f 1605 1607 1606
f 1606 1607 1608
f 1606 1608 1572
f 1607 1569 1609
f 1607 1609 1608
f 1608 1609 1610
f 1608 1610 1572
f 1609 1569 1611
f 1609 1611 1610
f 1610 1611 1612
f 1610 1612 1572
f 1611 1569 1613
f 1611 1613 1612
f 1612 1613 1614
f 1612 1614 1572
f 1613 1569 1615
f 1613 1615 1614
f 1614 1615 1616
f 1614 1616 1572
f 1615 1569 1617
f 1615 1617 1616
f 1616 1617 1618
f 1616 1618 1572
f 1617 1569 1619
f 1617 1619 1618
f 1618 1619 1620
f 1618 1620 1572
f 1619 1569 1621
f 1619 1621 1620
f 1620 1621 1622
f 1620 1622 1572
f 1621 1569 1623
f 1621 1623 1622
f 1622 1623 1624
f 1622 1624 1572
f 1623 1569 1625
f 1623 1625 1624
f 1624 1625 1626
f 1624 1626 1572
f 1625 1569 1627
f 1625 1627 1626
f 1626 1627 1628
f 1626 1628 1572
f 1627 1569 1629
f 1627 1629 1628
f 1628 1629 1630
f 1628 1630 1572
f 1629 1569 1631
f 1629 1631 1630
f 1630 1631 1632
f 1630 1632 1572
f 1631 1569 1633
f 1631 1633 1632
f 1632 1633 1634
f 1632 1634 1572
f 1633 1569 1570
f 1633 1570 1634
f 1634 1570 1571
f 1634 1571 1572

o geometry_34
v -0.25418584 -0.02400000 0.40026279 0.27450980 0.29411765 0.32156863
v -0.14418584 -0.02400000 0.20973721 0.27450980 0.29411765 0.32156863
v -0.25418584 -0.01600000 0.40026279 0.27450980 0.29411765 0.32156863
v -0.14418584 -0.01600000 0.20973721 0.27450980 0.29411765 0.32156863
v -0.58327550 -0.02400000 0.21026279 0.27450980 0.29411765 0.32156863
v -0.47327550 -0.02400000 0.01973721 0.27450980 0.29411765 0.32156863
v -0.58327550 -0.01600000 0.21026279 0.27450980 0.29411765 0.32156863
v -0.47327550 -0.01600000 0.01973721 0.27450980 0.29411765 0.32156863
f 1636 1638 1635
f 1639 1636 1635
f 1635 1638 1637
f 1637 1639 1635
f 1636 1642 1638
f 1640 1636 1639
f 1640 1642 1636
f 1638 1642 1637
f 1641 1639 1637
f 1637 1642 1641
f 1641 1640 1639
f 1642 1640 1641

o geometry_35
v -0.21159610 -0.03300000 0.30649519 1.00000000 0.96078431 0.82352941
v -0.20409610 -0.03300000 0.29350481 1.00000000 0.96078431 0.82352941
v -0.21159610 -0.02700000 0.30649519 1.00000000 0.96078431 0.82352941
v -0.20409610 -0.02700000 0.29350481 1.00000000 0.96078431 0.82352941
v -0.52336524 -0.03300000 0.12649519 1.00000000 0.96078431 0.82352941
v -0.51586524 -0.03300000 0.11350481 1.00000000 0.96078431 0.82352941
v -0.52336524 -0.02700000 0.12649519 1.00000000 0.96078431 0.82352941
v -0.51586524 -0.02700000 0.11350481 1.00000000 0.96078431 0.82352941
f 1644 1646 1643
f 1647 1644 1643
f 1643 1646 1645
f 1645 1647 1643
f 1644 1650 1646
f 1648 1644 1647
f 1648 1650 1644
f 1646 1650 1645
f 1649 1647 1645
f 1645 1650 1649
f 1649 1648 1647
f 1650 1648 1649

o geometry_36
v -0.00796447 -0.09111268 0.23597945 0.87058824 0.72156863 0.52941176
v 0.00756467 -0.09111268 0.17802390 0.87058824 0.72156863 0.52941176
v -0.00555455 -0.07937491 0.23662519 0.87058824 0.72156863 0.52941176
v 0.00997460 -0.07937491 0.17866964 0.87058824 0.72156863 0.52941176
v -0.78271526 0.07937491 0.02838560 0.87058824 0.72156863 0.52941176
v -0.76718611 0.07937491 -0.02956995 0.87058824 0.72156863 0.52941176
v -0.78030533 0.09111268 0.02903134 0.87058824 0.72156863 0.52941176
v -0.76477619 0.09111268 -0.02892421 0.87058824 0.72156863 0.52941176
f 1652 1654 1651
f 1655 1652 1651
f 1651 1654 1653
f 1653 1655 1651
f 1652 1658 1654
f 1656 1652 1655
f 1656 1658 1652
f 1654 1658 1653
f 1657 1655 1653
f 1653 1658 1657
f 1657 1656 1655
f 1658 1656 1657

o geometry_37
v -0.53125920 0.00000000 0.12485047 0.85490196 0.64705882 0.12549020
v -0.51325920 0.00000000 0.12485047 0.85490196 0.64705882 0.12549020
v -0.51325920 0.00000000 0.15985047 0.85490196 0.64705882 0.12549020
v -0.53125920 0.00000000 0.15985047 0.85490196 0.64705882 0.12549020
v -0.51360507 0.00351163 0.12485047 0.85490196 0.64705882 0.12549020
v -0.51360507 0.00351163 0.15985047 0.85490196 0.64705882 0.12549020
v -0.51462937 0.00688830 0.12485047 0.85490196 0.64705882 0.12549020
v -0.51462937 0.00688830 0.15985047 0.85490196 0.64705882 0.12549020
v -0.51629275 0.01000026 0.12485047 0.85490196 0.64705882 0.12549020
v -0.51629275 0.01000026 0.15985047 0.85490196 0.64705882 0.12549020
v -0.51853128 0.01272792 0.12485047 0.85490196 0.64705882 0.12549020
v -0.51853128 0.01272792 0.15985047 0.85490196 0.64705882 0.12549020
v -0.52125894 0.01496645 0.12485047 0.85490196 0.64705882 0.12549020
v -0.52125894 0.01496645 0.15985047 0.85490196 0.64705882 0.12549020
v -0.52437090 0.01662983 0.12485047 0.85490196 0.64705882 0.12549020
v -0.52437090 0.01662983 0.15985047 0.85490196 0.64705882 0.12549020
v -0.52774758 0.01765414 0.12485047 0.85490196 0.64705882 0.12549020
v -0.52774758 0.01765414 0.15985047 0.85490196 0.64705882 0.12549020
v -0.53125920 0.01800000 0.12485047 0.85490196 0.64705882 0.12549020
v -0.53125920 0.01800000 0.15985047 0.85490196 0.64705882 0.12549020
v -0.53477083 0.01765414 0.12485047 0.85490196 0.64705882 0.12549020
v -0.53477083 0.01765414 0.15985047 0.85490196 0.64705882 0.12549020
v -0.53814751 0.01662983 0.12485047 0.85490196 0.64705882 0.12549020
v -0.53814751 0.01662983 0.15985047 0.85490196 0.64705882 0.12549020
v -0.54125947 0.01496645 0.12485047 0.85490196 0.64705882 0.12549020
v -0.54125947 0.01496645 0.15985047 0.85490196 0.64705882 0.12549020
v -0.54398713 0.01272792 0.12485047 0.85490196 0.64705882 0.12549020
v -0.54398713 0.01272792 0.15985047 0.85490196 0.64705882 0.12549020
v -0.54622566 0.01000026 0.12485047 0.85490196 0.64705882 0.12549020
v -0.54622566 0.01000026 0.15985047 0.85490196 0.64705882 0.12549020
v -0.54788904 0.00688830 0.12485047 0.85490196 0.64705882 0.12549020
v -0.54788904 0.00688830 0.15985047 0.85490196 0.64705882 0.12549020
v -0.54891334 0.00351163 0.12485047 0.85490196 0.64705882 0.12549020
v -0.54891334 0.00351163 0.15985047 0.85490196 0.64705882 0.12549020
v -0.54925920 0.00000000 0.12485047 0.85490196 0.64705882 0.12549020
v -0.54925920 0.00000000 0.15985047 0.85490196 0.64705882 0.12549020
v -0.54891334 -0.00351163 0.12485047 0.85490196 0.64705882 0.12549020
v -0.54891334 -0.00351163 0.15985047 0.85490196 0.64705882 0.12549020
v -0.54788904 -0.00688830 0.12485047 0.85490196 0.64705882 0.12549020
v -0.54788904 -0.00688830 0.15985047 0.85490196 0.64705882 0.12549020
v -0.54622566 -0.01000026 0.12485047 0.85490196 0.64705882 0.12549020
v -0.54622566 -0.01000026 0.15985047 0.85490196 0.64705882 0.12549020
v -0.54398713 -0.01272792 0.12485047 0.85490196 0.64705882 0.12549020
v -0.54398713 -0.01272792 0.15985047 0.85490196 0.64705882 0.12549020
v -0.54125947 -0.01496645 0.12485047 0.85490196 0.64705882 0.12549020
v -0.54125947 -0.01496645 0.15985047 0.85490196 0.64705882 0.12549020
v -0.53814751 -0.01662983 0.12485047 0.85490196 0.64705882 0.12549020
v -0.53814751 -0.01662983 0.15985047 0.85490196 0.64705882 0.12549020
v -0.53477083 -0.01765414 0.12485047 0.85490196 0.64705882 0.12549020
v -0.53477083 -0.01765414 0.15985047 0.85490196 0.64705882 0.12549020
v -0.53125920 -0.01800000 0.12485047 0.85490196 0.64705882 0.12549020
v -0.53125920 -0.01800000 0.15985047 0.85490196 0.64705882 0.12549020
v -0.52774758 -0.01765414 0.12485047 0.85490196 0.64705882 0.12549020
v -0.52774758 -0.01765414 0.15985047 0.85490196 0.64705882 0.12549020
v -0.52437090 -0.01662983 0.12485047 0.85490196 0.64705882 0.12549020
v -0.52437090 -0.01662983 0.15985047 0.85490196 0.64705882 0.12549020
v -0.52125894 -0.01496645 0.12485047 0.85490196 0.64705882 0.12549020
v -0.52125894 -0.01496645 0.15985047 0.85490196 0.64705882 0.12549020
v -0.51853128 -0.01272792 0.12485047 0.85490196 0.64705882 0.12549020
v -0.51853128 -0.01272792 0.15985047 0.85490196 0.64705882 0.12549020
v -0.51629275 -0.01000026 0.12485047 0.85490196 0.64705882 0.12549020
v -0.51629275 -0.01000026 0.15985047 0.85490196 0.64705882 0.12549020
v -0.51462937 -0.00688830 0.12485047 0.85490196 0.64705882 0.12549020
v -0.51462937 -0.00688830 0.15985047 0.85490196 0.64705882 0.12549020
v -0.51360507 -0.00351163 0.12485047 0.85490196 0.64705882 0.12549020
v -0.51360507 -0.00351163 0.15985047 0.85490196 0.64705882 0.12549020
f 1660 1659 1663
f 1660 1663 1661
f 1661 1663 1664
f 1661 1664 1662
f 1663 1659 1665
f 1663 1665 1664
f 1664 1665 1666
f 1664 1666 1662
f 1665 1659 1667
f 1665 1667 1666
f 1666 1667 1668
f 1666 1668 1662
f 1667 1659 1669
f 1667 1669 1668
f 1668 1669 1670
f 1668 1670 1662
f 1669 1659 1671
f 1669 1671 1670
f 1670 1671 1672
f 1670 1672 1662
f 1671 1659 1673
f 1671 1673 1672
f 1672 1673 1674
f 1672 1674 1662
f 1673 1659 1675
f 1673 1675 1674
f 1674 1675 1676
f 1674 1676 1662
f 1675 1659 1677
f 1675 1677 1676
f 1676 1677 1678
f 1676 1678 1662
f 1677 1659 1679
f 1677 1679 1678
f 1678 1679 1680
f 1678 1680 1662
f 1679 1659 1681
f 1679 1681 1680
f 1680 1681 1682
f 1680 1682 1662
f 1681 1659 1683
f 1681 1683 1682
f 1682 1683 1684
f 1682 1684 1662
f 1683 1659 1685
f 1683 1685 1684
f 1684 1685 1686
f 1684 1686 1662
f 1685 1659 1687
f 1685 1687 1686
f 1686 1687 1688
f 1686 1688 1662
f 1687 1659 1689
f 1687 1689 1688
f 1688 1689 1690
f 1688 1690 1662
f 1689 1659 1691
f 1689 1691 1690
f 1690 1691 1692
f 1690 1692 1662
f 1691 1659 1693
f 1691 1693 1692
f 1692 1693 1694
f 1692 1694 1662
f 1693 1659 1695
f 1693 1695 1694
f 1694 1695 1696
f 1694 1696 1662
f 1695 1659 1697
f 1695 1697 1696
f 1696 1697 1698
f 1696 1698 1662
f 1697 1659 1699
f 1697 1699 1698
f 1698 1699 1700
f 1698 1700 1662
f 1699 1659 1701
f 1699 1701 1700
f 1700 1701 1702
f 1700 1702 1662
f 1701 1659 1703
f 1701 1703 1702
f 1702 1703 1704
f 1702 1704 1662
f 1703 1659 1705
f 1703 1705 1704
f 1704 1705 1706
f 1704 1706 1662
f 1705 1659 1707
f 1705 1707 1706
f 1706 1707 1708
f 1706 1708 1662
f 1707 1659 1709
f 1707 1709 1708
f 1708 1709 1710
f 1708 1710 1662
f 1709 1659 1711
f 1709 1711 1710
f 1710 1711 1712
f 1710 1712 1662
f 1711 1659 1713
f 1711 1713 1712
f 1712 1713 1714
f 1712 1714 1662
f 1713 1659 1715
f 1713 1715 1714
f 1714 1715 1716
f 1714 1716 1662
f 1715 1659 1717
f 1715 1717 1716
f 1716 1717 1718
f 1716 1718 1662
f 1717 1659 1719
f 1717 1719 1718
f 1718 1719 1720
f 1718 1720 1662
f 1719 1659 1721
f 1719 1721 1720
f 1720 1721 1722
f 1720 1722 1662
f 1721 1659 1723
f 1721 1723 1722
f 1722 1723 1724
f 1722 1724 1662
f 1723 1659 1660
f 1723 1660 1724
f 1724 1660 1661
f 1724 1661 1662

o geometry_38
v -0.00020695 -0.09111268 0.03000000 0.87058824 0.72156863 0.52941176
v -0.00020695 -0.09111268 -0.03000000 0.87058824 0.72156863 0.52941176
v 0.00228799 -0.07937491 0.03000000 0.87058824 0.72156863 0.52941176
v 0.00228799 -0.07937491 -0.03000000 0.87058824 0.72156863 0.52941176
v -0.80228799 0.07937491 0.03000000 0.87058824 0.72156863 0.52941176
v -0.80228799 0.07937491 -0.03000000 0.87058824 0.72156863 0.52941176
v -0.79979305 0.09111268 0.03000000 0.87058824 0.72156863 0.52941176
v -0.79979305 0.09111268 -0.03000000 0.87058824 0.72156863 0.52941176
f 1726 1728 1725
f 1729 1726 1725
f 1725 1728 1727
f 1727 1729 1725
f 1726 1732 1728
f 1730 1726 1729
f 1730 1732 1726
f 1728 1732 1727
f 1731 1729 1727
f 1727 1732 1731
f 1731 1730 1729
f 1732 1730 1731

o geometry_39
v -0.55000000 0.00000000 -0.01750000 0.85490196 0.64705882 0.12549020
v -0.53200000 0.00000000 -0.01750000 0.85490196 0.64705882 0.12549020
v -0.53200000 0.00000000 0.01750000 0.85490196 0.64705882 0.12549020
v -0.55000000 0.00000000 0.01750000 0.85490196 0.64705882 0.12549020
v -0.53234586 0.00351163 -0.01750000 0.85490196 0.64705882 0.12549020
v -0.53234586 0.00351163 0.01750000 0.85490196 0.64705882 0.12549020
v -0.53337017 0.00688830 -0.01750000 0.85490196 0.64705882 0.12549020
v -0.53337017 0.00688830 0.01750000 0.85490196 0.64705882 0.12549020
v -0.53503355 0.01000026 -0.01750000 0.85490196 0.64705882 0.12549020
v -0.53503355 0.01000026 0.01750000 0.85490196 0.64705882 0.12549020
v -0.53727208 0.01272792 -0.01750000 0.85490196 0.64705882 0.12549020
v -0.53727208 0.01272792 0.01750000 0.85490196 0.64705882 0.12549020
v -0.53999974 0.01496645 -0.01750000 0.85490196 0.64705882 0.12549020
v -0.53999974 0.01496645 0.01750000 0.85490196 0.64705882 0.12549020
v -0.54311170 0.01662983 -0.01750000 0.85490196 0.64705882 0.12549020
v -0.54311170 0.01662983 0.01750000 0.85490196 0.64705882 0.12549020
v -0.54648837 0.01765414 -0.01750000 0.85490196 0.64705882 0.12549020
v -0.54648837 0.01765414 0.01750000 0.85490196 0.64705882 0.12549020
v -0.55000000 0.01800000 -0.01750000 0.85490196 0.64705882 0.12549020
v -0.55000000 0.01800000 0.01750000 0.85490196 0.64705882 0.12549020
v -0.55351163 0.01765414 -0.01750000 0.85490196 0.64705882 0.12549020
v -0.55351163 0.01765414 0.01750000 0.85490196 0.64705882 0.12549020
v -0.55688830 0.01662983 -0.01750000 0.85490196 0.64705882 0.12549020
v -0.55688830 0.01662983 0.01750000 0.85490196 0.64705882 0.12549020
v -0.56000026 0.01496645 -0.01750000 0.85490196 0.64705882 0.12549020
v -0.56000026 0.01496645 0.01750000 0.85490196 0.64705882 0.12549020
v -0.56272792 0.01272792 -0.01750000 0.85490196 0.64705882 0.12549020
v -0.56272792 0.01272792 0.01750000 0.85490196 0.64705882 0.12549020
v -0.56496645 0.01000026 -0.01750000 0.85490196 0.64705882 0.12549020
v -0.56496645 0.01000026 0.01750000 0.85490196 0.64705882 0.12549020
v -0.56662983 0.00688830 -0.01750000 0.85490196 0.64705882 0.12549020
v -0.56662983 0.00688830 0.01750000 0.85490196 0.64705882 0.12549020
v -0.56765414 0.00351163 -0.01750000 0.85490196 0.64705882 0.12549020
v -0.56765414 0.00351163 0.01750000 0.85490196 0.64705882 0.12549020
v -0.56800000 0.00000000 -0.01750000 0.85490196 0.64705882 0.12549020
v -0.56800000 0.00000000 0.01750000 0.85490196 0.64705882 0.12549020
v -0.56765414 -0.00351163 -0.01750000 0.85490196 0.64705882 0.12549020
v -0.56765414 -0.00351163 0.01750000 0.85490196 0.64705882 0.12549020
v -0.56662983 -0.00688830 -0.01750000 0.85490196 0.64705882 0.12549020
v -0.56662983 -0.00688830 0.01750000 0.85490196 0.64705882 0.12549020
v -0.56496645 -0.01000026 -0.01750000 0.85490196 0.64705882 0.12549020
v -0.56496645 -0.01000026 0.01750000 0.85490196 0.64705882 0.12549020
v -0.56272792 -0.01272792 -0.01750000 0.85490196 0.64705882 0.12549020
v -0.56272792 -0.01272792 0.01750000 0.85490196 0.64705882 0.12549020
v -0.56000026 -0.01496645 -0.01750000 0.85490196 0.64705882 0.12549020
v -0.56000026 -0.01496645 0.01750000 0.85490196 0.64705882 0.12549020
v -0.55688830 -0.01662983 -0.01750000 0.85490196 0.64705882 0.12549020
v -0.55688830 -0.01662983 0.01750000 0.85490196 0.64705882 0.12549020
v -0.55351163 -0.01765414 -0.01750000 0.85490196 0.64705882 0.12549020
v -0.55351163 -0.01765414 0.01750000 0.85490196 0.64705882 0.12549020
v -0.55000000 -0.01800000 -0.01750000 0.85490196 0.64705882 0.12549020
v -0.55000000 -0.01800000 0.01750000 0.85490196 0.64705882 0.12549020
v -0.54648837 -0.01765414 -0.01750000 0.85490196 0.64705882 0.12549020
v -0.54648837 -0.01765414 0.01750000 0.85490196 0.64705882 0.12549020
v -0.54311170 -0.01662983 -0.01750000 0.85490196 0.64705882 0.12549020
v -0.54311170 -0.01662983 0.01750000 0.85490196 0.64705882 0.12549020
v -0.53999974 -0.01496645 -0.01750000 0.85490196 0.64705882 0.12549020
v -0.53999974 -0.01496645 0.01750000 0.85490196 0.64705882 0.12549020
v -0.53727208 -0.01272792 -0.01750000 0.85490196 0.64705882 0.12549020
v -0.53727208 -0.01272792 0.01750000 0.85490196 0.64705882 0.12549020
v -0.53503355 -0.01000026 -0.01750000 0.85490196 0.64705882 0.12549020
v -0.53503355 -0.01000026 0.01750000 0.85490196 0.64705882 0.12549020
v -0.53337017 -0.00688830 -0.01750000 0.85490196 0.64705882 0.12549020
v -0.53337017 -0.00688830 0.01750000 0.85490196 0.64705882 0.12549020
v -0.53234586 -0.00351163 -0.01750000 0.85490196 0.64705882 0.12549020
v -0.53234586 -0.00351163 0.01750000 0.85490196 0.64705882 0.12549020
f 1734 1733 1737
f 1734 1737 1735
f 1735 1737 1738
f 1735 1738 1736
f 1737 1733 1739
f 1737 1739 1738
f 1738 1739 1740
f 1738 1740 1736
f 1739 1733 1741
f 1739 1741 1740
f 1740 1741 1742
f 1740 1742 1736
f 1741 1733 1743
f 1741 1743 1742
f 1742 1743 1744
f 1742 1744 1736
f 1743 1733 1745
f 1743 1745 1744
f 1744 1745 1746
f 1744 1746 1736
f 1745 1733 1747
f 1745 1747 1746
f 1746 1747 1748
f 1746 1748 1736
f 1747 1733 1749
f 1747 1749 1748
f 1748 1749 1750
f 1748 1750 1736
f 1749 1733 1751
f 1749 1751 1750
f 1750 1751 1752
f 1750 1752 1736
f 1751 1733 1753
f 1751 1753 1752
f 1752 1753 1754
f 1752 1754 1736
f 1753 1733 1755
f 1753 1755 1754
f 1754 1755 1756
f 1754 1756 1736
f 1755 1733 1757
f 1755 1757 1756
f 1756 1757 1758
f 1756 1758 1736
f 1757 1733 1759
f 1757 1759 1758
f 1758 1759 1760
f 1758 1760 1736
f 1759 1733 1761
f 1759 1761 1760
f 1760 1761 1762
f 1760 1762 1736
f 1761 1733 1763
f 1761 1763 1762
f 1762 1763 1764
f 1762 1764 1736
f 1763 1733 1765
f 1763 1765 1764
f 1764 1765 1766
f 1764 1766 1736
f 1765 1733 1767
f 1765 1767 1766
f 1766 1767 1768
f 1766 1768 1736
f 1767 1733 1769
f 1767 1769 1768
f 1768 1769 1770
f 1768 1770 1736
f 1769 1733 1771
f 1769 1771 1770
f 1770 1771 1772
f 1770 1772 1736
f 1771 1733 1773
f 1771 1773 1772
f 1772 1773 1774
f 1772 1774 1736
f 1773 1733 1775
f 1773 1775 1774
f 1774 1775 1776
f 1774 1776 1736
f 1775 1733 1777
f 1775 1777 1776
f 1776 1777 1778
f 1776 1778 1736
f 1777 1733 1779
f 1777 1779 1778
f 1778 1779 1780
f 1778 1780 1736
f 1779 1733 1781
f 1779 1781 1780
f 1780 1781 1782
f 1780 1782 1736
f 1781 1733 1783
f 1781 1783 1782
f 1782 1783 1784
f 1782 1784 1736
f 1783 1733 1785
f 1783 1785 1784
f 1784 1785 1786
f 1784 1786 1736
f 1785 1733 1787
f 1785 1787 1786
f 1786 1787 1788
f 1786 1788 1736
f 1787 1733 1789
f 1787 1789 1788
f 1788 1789 1790
f 1788 1790 1736
f 1789 1733 1791
f 1789 1791 1790
f 1790 1791 1792
f 1790 1792 1736
f 1791 1733 1793
f 1791 1793 1792
f 1792 1793 1794
f 1792 1794 1736
f 1793 1733 1795
f 1793 1795 1794
f 1794 1795 1796
f 1794 1796 1736
f 1795 1733 1797
f 1795 1797 1796
f 1796 1797 1798
f 1796 1798 1736
f 1797 1733 1734
f 1797 1734 1798
f 1798 1734 1735
f 1798 1735 1736

o geometry_40
v -0.23000000 -0.02400000 0.11000000 0.27450980 0.29411765 0.32156863
v -0.23000000 -0.02400000 -0.11000000 0.27450980 0.29411765 0.32156863
v -0.23000000 -0.01600000 0.11000000 0.27450980 0.29411765 0.32156863
v -0.23000000 -0.01600000 -0.11000000 0.27450980 0.29411765 0.32156863
v -0.61000000 -0.02400000 0.11000000 0.27450980 0.29411765 0.32156863
v -0.61000000 -0.02400000 -0.11000000 0.27450980 0.29411765 0.32156863
v -0.61000000 -0.01600000 0.11000000 0.27450980 0.29411765 0.32156863
v -0.61000000 -0.01600000 -0.11000000 0.27450980 0.29411765 0.32156863
f 1800 1802 1799
f 1803 1800 1799
f 1799 1802 1801
f 1801 1803 1799
f 1800 1806 1802
f 1804 1800 1803
f 1804 1806 1800
f 1802 1806 1801
f 1805 1803 1801
f 1801 1806 1805
f 1805 1804 1803
f 1806 1804 1805

o geometry_41
v -0.24000000 -0.03300000 0.00750000 1.00000000 0.96078431 0.82352941
v -0.24000000 -0.03300000 -0.00750000 1.00000000 0.96078431 0.82352941
v -0.24000000 -0.02700000 0.00750000 1.00000000 0.96078431 0.82352941
v -0.24000000 -0.02700000 -0.00750000 1.00000000 0.96078431 0.82352941
v -0.60000000 -0.03300000 0.00750000 1.00000000 0.96078431 0.82352941
v -0.60000000 -0.03300000 -0.00750000 1.00000000 0.96078431 0.82352941
v -0.60000000 -0.02700000 0.00750000 1.00000000 0.96078431 0.82352941
v -0.60000000 -0.02700000 -0.00750000 1.00000000 0.96078431 0.82352941
f 1808 1810 1807
f 1811 1808 1807
f 1807 1810 1809
f 1809 1811 1807
f 1808 1814 1810
f 1812 1808 1811
f 1812 1814 1808
f 1810 1814 1809
f 1813 1811 1809
f 1809 1814 1813
f 1813 1812 1811
f 1814 1812 1813

o geometry_42
v 0.00756467 -0.09111268 -0.17802390 0.87058824 0.72156863 0.52941176
v -0.00796447 -0.09111268 -0.23597945 0.87058824 0.72156863 0.52941176
v 0.00997460 -0.07937491 -0.17866964 0.87058824 0.72156863 0.52941176
v -0.00555455 -0.07937491 -0.23662519 0.87058824 0.72156863 0.52941176
v -0.76718611 0.07937491 0.02956995 0.87058824 0.72156863 0.52941176
v -0.78271526 0.07937491 -0.02838560 0.87058824 0.72156863 0.52941176
v -0.76477619 0.09111268 0.02892421 0.87058824 0.72156863 0.52941176
v -0.78030533 0.09111268 -0.02903134 0.87058824 0.72156863 0.52941176
f 1816 1818 1815
f 1819 1816 1815
f 1815 1818 1817
f 1817 1819 1815
f 1816 1822 1818
f 1820 1816 1819
f 1820 1822 1816
f 1818 1822 1817
f 1821 1819 1817
f 1817 1822 1821
f 1821 1820 1819
f 1822 1820 1821

o geometry_43
v -0.53125920 0.00000000 -0.15985047 0.85490196 0.64705882 0.12549020
v -0.51325920 0.00000000 -0.15985047 0.85490196 0.64705882 0.12549020
v -0.51325920 0.00000000 -0.12485047 0.85490196 0.64705882 0.12549020
v -0.53125920 0.00000000 -0.12485047 0.85490196 0.64705882 0.12549020
v -0.51360507 0.00351163 -0.15985047 0.85490196 0.64705882 0.12549020
v -0.51360507 0.00351163 -0.12485047 0.85490196 0.64705882 0.12549020
v -0.51462937 0.00688830 -0.15985047 0.85490196 0.64705882 0.12549020
v -0.51462937 0.00688830 -0.12485047 0.85490196 0.64705882 0.12549020
v -0.51629275 0.01000026 -0.15985047 0.85490196 0.64705882 0.12549020
v -0.51629275 0.01000026 -0.12485047 0.85490196 0.64705882 0.12549020
v -0.51853128 0.01272792 -0.15985047 0.85490196 0.64705882 0.12549020
v -0.51853128 0.01272792 -0.12485047 0.85490196 0.64705882 0.12549020
v -0.52125894 0.01496645 -0.15985047 0.85490196 0.64705882 0.12549020
v -0.52125894 0.01496645 -0.12485047 0.85490196 0.64705882 0.12549020
v -0.52437090 0.01662983 -0.15985047 0.85490196 0.64705882 0.12549020
v -0.52437090 0.01662983 -0.12485047 0.85490196 0.64705882 0.12549020
v -0.52774758 0.01765414 -0.15985047 0.85490196 0.64705882 0.12549020
v -0.52774758 0.01765414 -0.12485047 0.85490196 0.64705882 0.12549020
v -0.53125920 0.01800000 -0.15985047 0.85490196 0.64705882 0.12549020
v -0.53125920 0.01800000 -0.12485047 0.85490196 0.64705882 0.12549020
v -0.53477083 0.01765414 -0.15985047 0.85490196 0.64705882 0.12549020
v -0.53477083 0.01765414 -0.12485047 0.85490196 0.64705882 0.12549020
v -0.53814751 0.01662983 -0.15985047 0.85490196 0.64705882 0.12549020
v -0.53814751 0.01662983 -0.12485047 0.85490196 0.64705882 0.12549020
v -0.54125947 0.01496645 -0.15985047 0.85490196 0.64705882 0.12549020
v -0.54125947 0.01496645 -0.12485047 0.85490196 0.64705882 0.12549020
v -0.54398713 0.01272792 -0.15985047 0.85490196 0.64705882 0.12549020
v -0.54398713 0.01272792 -0.12485047 0.85490196 0.64705882 0.12549020
v -0.54622566 0.01000026 -0.15985047 0.85490196 0.64705882 0.12549020
v -0.54622566 0.01000026 -0.12485047 0.85490196 0.64705882 0.12549020
v -0.54788904 0.00688830 -0.15985047 0.85490196 0.64705882 0.12549020
v -0.54788904 0.00688830 -0.12485047 0.85490196 0.64705882 0.12549020
v -0.54891334 0.00351163 -0.15985047 0.85490196 0.64705882 0.12549020
v -0.54891334 0.00351163 -0.12485047 0.85490196 0.64705882 0.12549020
v -0.54925920 0.00000000 -0.15985047 0.85490196 0.64705882 0.12549020
v -0.54925920 0.00000000 -0.12485047 0.85490196 0.64705882 0.12549020
v -0.54891334 -0.00351163 -0.15985047 0.85490196 0.64705882 0.12549020
v -0.54891334 -0.00351163 -0.12485047 0.85490196 0.64705882 0.12549020
v -0.54788904 -0.00688830 -0.15985047 0.85490196 0.64705882 0.12549020
v -0.54788904 -0.00688830 -0.12485047 0.85490196 0.64705882 0.12549020
v -0.54622566 -0.01000026 -0.15985047 0.85490196 0.64705882 0.12549020
v -0.54622566 -0.01000026 -0.12485047 0.85490196 0.64705882 0.12549020
v -0.54398713 -0.01272792 -0.15985047 0.85490196 0.64705882 0.12549020
v -0.54398713 -0.01272792 -0.12485047 0.85490196 0.64705882 0.12549020
v -0.54125947 -0.01496645 -0.15985047 0.85490196 0.64705882 0.12549020
v -0.54125947 -0.01496645 -0.12485047 0.85490196 0.64705882 0.12549020
v -0.53814751 -0.01662983 -0.15985047 0.85490196 0.64705882 0.12549020
v -0.53814751 -0.01662983 -0.12485047 0.85490196 0.64705882 0.12549020
v -0.53477083 -0.01765414 -0.15985047 0.85490196 0.64705882 0.12549020
v -0.53477083 -0.01765414 -0.12485047 0.85490196 0.64705882 0.12549020
v -0.53125920 -0.01800000 -0.15985047 0.85490196 0.64705882 0.12549020
v -0.53125920 -0.01800000 -0.12485047 0.85490196 0.64705882 0.12549020
v -0.52774758 -0.01765414 -0.15985047 0.85490196 0.64705882 0.12549020
v -0.52774758 -0.01765414 -0.12485047 0.85490196 0.64705882 0.12549020
v -0.52437090 -0.01662983 -0.15985047 0.85490196 0.64705882 0.12549020
v -0.52437090 -0.01662983 -0.12485047 0.85490196 0.64705882 0.12549020
v -0.52125894 -0.01496645 -0.15985047 0.85490196 0.64705882 0.12549020
v -0.52125894 -0.01496645 -0.12485047 0.85490196 0.64705882 0.12549020
v -0.51853128 -0.01272792 -0.15985047 0.85490196 0.64705882 0.12549020
v -0.51853128 -0.01272792 -0.12485047 0.85490196 0.64705882 0.12549020
v -0.51629275 -0.01000026 -0.15985047 0.85490196 0.64705882 0.12549020
v -0.51629275 -0.01000026 -0.12485047 0.85490196 0.64705882 0.12549020
v -0.51462937 -0.00688830 -0.15985047 0.85490196 0.64705882 0.12549020
v -0.51462937 -0.00688830 -0.12485047 0.85490196 0.64705882 0.12549020
v -0.51360507 -0.00351163 -0.15985047 0.85490196 0.64705882 0.12549020
v -0.51360507 -0.00351163 -0.12485047 0.85490196 0.64705882 0.12549020
f 1824 1823 1827
f 1824 1827 1825
f 1825 1827 1828
f 1825 1828 1826
f 1827 1823 1829
f 1827 1829 1828
f 1828 1829 1830
f 1828 1830 1826
f 1829 1823 1831
f 1829 1831 1830
f 1830 1831 1832
f 1830 1832 1826
f 1831 1823 1833
f 1831 1833 1832
f 1832 1833 1834
f 1832 1834 1826
f 1833 1823 1835
f 1833 1835 1834
f 1834 1835 1836
f 1834 1836 1826
f 1835 1823 1837
f 1835 1837 1836
f 1836 1837 1838
f 1836 1838 1826
f 1837 1823 1839
f 1837 1839 1838
f 1838 1839 1840
f 1838 1840 1826
f 1839 1823 1841
f 1839 1841 1840
f 1840 1841 1842
f 1840 1842 1826
f 1841 1823 1843
f 1841 1843 1842
f 1842 1843 1844
f 1842 1844 1826
f 1843 1823 1845
f 1843 1845 1844
f 1844 1845 1846
f 1844 1846 1826
f 1845 1823 1847
f 1845 1847 1846
f 1846 1847 1848
f 1846 1848 1826
f 1847 1823 1849
f 1847 1849 1848
f 1848 1849 1850
f 1848 1850 1826
f 1849 1823 1851
f 1849 1851 1850
f 1850 1851 1852
f 1850 1852 1826
f 1851 1823 1853
f 1851 1853 1852
f 1852 1853 1854
f 1852 1854 1826
f 1853 1823 1855
f 1853 1855 1854
f 1854 1855 1856
f 1854 1856 1826
f 1855 1823 1857
f 1855 1857 1856
f 1856 1857 1858
f 1856 1858 1826
f 1857 1823 1859
f 1857 1859 1858
f 1858 1859 1860
f 1858 1860 1826
f 1859 1823 1861
f 1859 1861 1860
f 1860 1861 1862
f 1860 1862 1826
f 1861 1823 1863
f 1861 1863 1862
f 1862 1863 1864
f 1862 1864 1826
f 1863 1823 1865
f 1863 1865 1864
f 1864 1865 1866
f 1864 1866 1826
f 1865 1823 1867
f 1865 1867 1866
f 1866 1867 1868
f 1866 1868 1826
f 1867 1823 1869
f 1867 1869 1868
f 1868 1869 1870
f 1868 1870 1826
f 1869 1823 1871
f 1869 1871 1870
f 1870 1871 1872
f 1870 1872 1826
f 1871 1823 1873
f 1871 1873 1872
f 1872 1873 1874
f 1872 1874 1826
f 1873 1823 1875
f 1873 1875 1874
f 1874 1875 1876
f 1874 1876 1826
f 1875 1823 1877
f 1875 1877 1876
f 1876 1877 1878
f 1876 1878 1826
f 1877 1823 1879
f 1877 1879 1878
f 1878 1879 1880
f 1878 1880 1826
f 1879 1823 1881
f 1879 1881 1880
f 1880 1881 1882
f 1880 1882 1826
f 1881 1823 1883
f 1881 1883 1882
f 1882 1883 1884
f 1882 1884 1826
f 1883 1823 1885
f 1883 1885 1884
f 1884 1885 1886
f 1884 1886 1826
f 1885 1823 1887
f 1885 1887 1886
f 1886 1887 1888
f 1886 1888 1826
f 1887 1823 1824
f 1887 1824 1888
f 1888 1824 1825
f 1888 1825 1826

o geometry_44
v 0.01482077 -0.09111268 -0.37391576 0.87058824 0.72156863 0.52941176
v -0.01517923 -0.09111268 -0.42587729 0.87058824 0.72156863 0.52941176
v 0.01698145 -0.07937491 -0.37516323 0.87058824 0.72156863 0.52941176
v -0.01301855 -0.07937491 -0.42712476 0.87058824 0.72156863 0.52941176
v -0.67980178 0.07937491 0.02712476 0.87058824 0.72156863 0.52941176
v -0.70980178 0.07937491 -0.02483677 0.87058824 0.72156863 0.52941176
v -0.67764110 0.09111268 0.02587729 0.87058824 0.72156863 0.52941176
v -0.70764110 0.09111268 -0.02608424 0.87058824 0.72156863 0.52941176
f 1890 1892 1889
f 1893 1890 1889
f 1889 1892 1891
f 1891 1893 1889
f 1890 1896 1892
f 1894 1890 1893
f 1894 1896 1890
f 1892 1896 1891
f 1895 1893 1891
f 1891 1896 1895
f 1895 1894 1893
f 1896 1894 1895

o geometry_45
v -0.47631397 0.00000000 -0.29250000 0.85490196 0.64705882 0.12549020
v -0.45831397 0.00000000 -0.29250000 0.85490196 0.64705882 0.12549020
v -0.45831397 0.00000000 -0.25750000 0.85490196 0.64705882 0.12549020
v -0.47631397 0.00000000 -0.25750000 0.85490196 0.64705882 0.12549020
v -0.45865984 0.00351163 -0.29250000 0.85490196 0.64705882 0.12549020
v -0.45865984 0.00351163 -0.25750000 0.85490196 0.64705882 0.12549020
v -0.45968414 0.00688830 -0.29250000 0.85490196 0.64705882 0.12549020
v -0.45968414 0.00688830 -0.25750000 0.85490196 0.64705882 0.12549020
v -0.46134752 0.01000026 -0.29250000 0.85490196 0.64705882 0.12549020
v -0.46134752 0.01000026 -0.25750000 0.85490196 0.64705882 0.12549020
v -0.46358605 0.01272792 -0.29250000 0.85490196 0.64705882 0.12549020
v -0.46358605 0.01272792 -0.25750000 0.85490196 0.64705882 0.12549020
v -0.46631371 0.01496645 -0.29250000 0.85490196 0.64705882 0.12549020
v -0.46631371 0.01496645 -0.25750000 0.85490196 0.64705882 0.12549020
v -0.46942567 0.01662983 -0.29250000 0.85490196 0.64705882 0.12549020
v -0.46942567 0.01662983 -0.25750000 0.85490196 0.64705882 0.12549020
v -0.47280235 0.01765414 -0.29250000 0.85490196 0.64705882 0.12549020
v -0.47280235 0.01765414 -0.25750000 0.85490196 0.64705882 0.12549020
v -0.47631397 0.01800000 -0.29250000 0.85490196 0.64705882 0.12549020
v -0.47631397 0.01800000 -0.25750000 0.85490196 0.64705882 0.12549020
v -0.47982560 0.01765414 -0.29250000 0.85490196 0.64705882 0.12549020
v -0.47982560 0.01765414 -0.25750000 0.85490196 0.64705882 0.12549020
v -0.48320227 0.01662983 -0.29250000 0.85490196 0.64705882 0.12549020
v -0.48320227 0.01662983 -0.25750000 0.85490196 0.64705882 0.12549020
v -0.48631424 0.01496645 -0.29250000 0.85490196 0.64705882 0.12549020
v -0.48631424 0.01496645 -0.25750000 0.85490196 0.64705882 0.12549020
v -0.48904189 0.01272792 -0.29250000 0.85490196 0.64705882 0.12549020
v -0.48904189 0.01272792 -0.25750000 0.85490196 0.64705882 0.12549020
v -0.49128043 0.01000026 -0.29250000 0.85490196 0.64705882 0.12549020
v -0.49128043 0.01000026 -0.25750000 0.85490196 0.64705882 0.12549020
v -0.49294380 0.00688830 -0.29250000 0.85490196 0.64705882 0.12549020
v -0.49294380 0.00688830 -0.25750000 0.85490196 0.64705882 0.12549020
v -0.49396811 0.00351163 -0.29250000 0.85490196 0.64705882 0.12549020
v -0.49396811 0.00351163 -0.25750000 0.85490196 0.64705882 0.12549020
v -0.49431397 0.00000000 -0.29250000 0.85490196 0.64705882 0.12549020
v -0.49431397 0.00000000 -0.25750000 0.85490196 0.64705882 0.12549020
v -0.49396811 -0.00351163 -0.29250000 0.85490196 0.64705882 0.12549020
v -0.49396811 -0.00351163 -0.25750000 0.85490196 0.64705882 0.12549020
v -0.49294380 -0.00688830 -0.29250000 0.85490196 0.64705882 0.12549020
v -0.49294380 -0.00688830 -0.25750000 0.85490196 0.64705882 0.12549020
v -0.49128043 -0.01000026 -0.29250000 0.85490196 0.64705882 0.12549020
v -0.49128043 -0.01000026 -0.25750000 0.85490196 0.64705882 0.12549020
v -0.48904189 -0.01272792 -0.29250000 0.85490196 0.64705882 0.12549020
v -0.48904189 -0.01272792 -0.25750000 0.85490196 0.64705882 0.12549020
v -0.48631424 -0.01496645 -0.29250000 0.85490196 0.64705882 0.12549020
v -0.48631424 -0.01496645 -0.25750000 0.85490196 0.64705882 0.12549020
v -0.48320227 -0.01662983 -0.29250000 0.85490196 0.64705882 0.12549020
v -0.48320227 -0.01662983 -0.25750000 0.85490196 0.64705882 0.12549020
v -0.47982560 -0.01765414 -0.29250000 0.85490196 0.64705882 0.12549020
v -0.47982560 -0.01765414 -0.25750000 0.85490196 0.64705882 0.12549020
v -0.47631397 -0.01800000 -0.29250000 0.85490196 0.64705882 0.12549020
v -0.47631397 -0.01800000 -0.25750000 0.85490196 0.64705882 0.12549020
v -0.47280235 -0.01765414 -0.29250000 0.85490196 0.64705882 0.12549020
v -0.47280235 -0.01765414 -0.25750000 0.85490196 0.64705882 0.12549020
v -0.46942567 -0.01662983 -0.29250000 0.85490196 0.64705882 0.12549020
v -0.46942567 -0.01662983 -0.25750000 0.85490196 0.64705882 0.12549020
v -0.46631371 -0.01496645 -0.29250000 0.85490196 0.64705882 0.12549020
v -0.46631371 -0.01496645 -0.25750000 0.85490196 0.64705882 0.12549020
v -0.46358605 -0.01272792 -0.29250000 0.85490196 0.64705882 0.12549020
v -0.46358605 -0.01272792 -0.25750000 0.85490196 0.64705882 0.12549020
v -0.46134752 -0.01000026 -0.29250000 0.85490196 0.64705882 0.12549020
v -0.46134752 -0.01000026 -0.25750000 0.85490196 0.64705882 0.12549020
v -0.45968414 -0.00688830 -0.29250000 0.85490196 0.64705882 0.12549020
v -0.45968414 -0.00688830 -0.25750000 0.85490196 0.64705882 0.12549020
v -0.45865984 -0.00351163 -0.29250000 0.85490196 0.64705882 0.12549020
v -0.45865984 -0.00351163 -0.25750000 0.85490196 0.64705882 0.12549020
f 1898 1897 1901
f 1898 1901 1899
f 1899 1901 1902
f 1899 1902 1900
f 1901 1897 1903
f 1901 1903 1902
f 1902 1903 1904
f 1902 1904 1900
f 1903 1897 1905
f 1903 1905 1904
f 1904 1905 1906
f 1904 1906 1900
f 1905 1897 1907
f 1905 1907 1906
f 1906 1907 1908
f 1906 1908 1900
f 1907 1897 1909
f 1907 1909 1908
f 1908 1909 1910
f 1908 1910 1900
f 1909 1897 1911
f 1909 1911 1910
f 1910 1911 1912
f 1910 1912 1900
f 1911 1897 1913
f 1911 1913 1912
f 1912 1913 1914
f 1912 1914 1900
f 1913 1897 1915
f 1913 1915 1914
f 1914 1915 1916
f 1914 1916 1900
f 1915 1897 1917
f 1915 1917 1916
f 1916 1917 1918
f 1916 1918 1900
f 1917 1897 1919
f 1917 1919 1918
f 1918 1919 1920
f 1918 1920 1900
f 1919 1897 1921
f 1919 1921 1920
f 1920 1921 1922
f 1920 1922 1900
f 1921 1897 1923
f 1921 1923 1922
f 1922 1923 1924
f 1922 1924 1900
f 1923 1897 1925
f 1923 1925 1924
f 1924 1925 1926
f 1924 1926 1900
f 1925 1897 1927
f 1925 1927 1926
f 1926 1927 1928
f 1926 1928 1900
f 1927 1897 1929
f 1927 1929 1928
f 1928 1929 1930
f 1928 1930 1900
f 1929 1897 1931
f 1929 1931 1930
f 1930 1931 1932
f 1930 1932 1900
f 1931 1897 1933
f 1931 1933 1932
f 1932 1933 1934
f 1932 1934 1900
f 1933 1897 1935
f 1933 1935 1934
f 1934 1935 1936
f 1934 1936 1900
f 1935 1897 1937
f 1935 1937 1936
f 1936 1937 1938
f 1936 1938 1900
f 1937 1897 1939
f 1937 1939 1938
f 1938 1939 1940
f 1938 1940 1900
f 1939 1897 1941
f 1939 1941 1940
f 1940 1941 1942
f 1940 1942 1900
f 1941 1897 1943
f 1941 1943 1942
f 1942 1943 1944
f 1942 1944 1900
f 1943 1897 1945
f 1943 1945 1944
f 1944 1945 1946
f 1944 1946 1900
f 1945 1897 1947
f 1945 1947 1946
f 1946 1947 1948
f 1946 1948 1900
f 1947 1897 1949
f 1947 1949 1948
f 1948 1949 1950
f 1948 1950 1900
f 1949 1897 1951
f 1949 1951 1950
f 1950 1951 1952
f 1950 1952 1900
f 1951 1897 1953
f 1951 1953 1952
f 1952 1953 1954
f 1952 1954 1900
f 1953 1897 1955
f 1953 1955 1954
f 1954 1955 1956
f 1954 1956 1900
f 1955 1897 1957
f 1955 1957 1956
f 1956 1957 1958
f 1956 1958 1900
f 1957 1897 1959
f 1957 1959 1958
f 1958 1959 1960
f 1958 1960 1900
f 1959 1897 1961
f 1959 1961 1960
f 1960 1961 1962
f 1960 1962 1900
f 1961 1897 1898
f 1961 1898 1962
f 1962 1898 1899
f 1962 1899 1900

o geometry_46
v -0.14418584 -0.02400000 -0.20973721 0.27450980 0.29411765 0.32156863
v -0.25418584 -0.02400000 -0.40026279 0.27450980 0.29411765 0.32156863
v -0.14418584 -0.01600000 -0.20973721 0.27450980 0.29411765 0.32156863
v -0.25418584 -0.01600000 -0.40026279 0.27450980 0.29411765 0.32156863
v -0.47327550 -0.02400000 -0.01973721 0.27450980 0.29411765 0.32156863
v -0.58327550 -0.02400000 -0.21026279 0.27450980 0.29411765 0.32156863
v -0.47327550 -0.01600000 -0.01973721 0.27450980 0.29411765 0.32156863
v -0.58327550 -0.01600000 -0.21026279 0.27450980 0.29411765 0.32156863
f 1964 1966 1963
f 1967 1964 1963
f 1963 1966 1965
f 1965 1967 1963
f 1964 1970 1966
f 1968 1964 1967
f 1968 1970 1964
f 1966 1970 1965
f 1969 1967 1965
f 1965 1970 1969
f 1969 1968 1967
f 1970 1968 1969

o geometry_47
v -0.20409610 -0.03300000 -0.29350481 1.00000000 0.96078431 0.82352941
v -0.21159610 -0.03300000 -0.30649519 1.00000000 0.96078431 0.82352941
v -0.20409610 -0.02700000 -0.29350481 1.00000000 0.96078431 0.82352941
v -0.21159610 -0.02700000 -0.30649519 1.00000000 0.96078431 0.82352941
v -0.51586524 -0.03300000 -0.11350481 1.00000000 0.96078431 0.82352941
v -0.52336524 -0.03300000 -0.12649519 1.00000000 0.96078431 0.82352941
v -0.51586524 -0.02700000 -0.11350481 1.00000000 0.96078431 0.82352941
v -0.52336524 -0.02700000 -0.12649519 1.00000000 0.96078431 0.82352941
f 1972 1974 1971
f 1975 1972 1971
f 1971 1974 1973
f 1973 1975 1971
f 1972 1978 1974
f 1976 1972 1975
f 1976 1978 1972
f 1974 1978 1973
f 1977 1975 1973
f 1973 1978 1977
f 1977 1976 1975
f 1978 1976 1977

o geometry_48
v 0.02106686 -0.09111268 -0.54432588 0.87058824 0.72156863 0.52941176
v -0.02135954 -0.09111268 -0.58675229 0.87058824 0.72156863 0.52941176
v 0.02283105 -0.07937491 -0.54609007 0.87058824 0.72156863 0.52941176
v -0.01959535 -0.07937491 -0.58851648 0.87058824 0.72156863 0.52941176
v -0.54609007 0.07937491 0.02283105 0.87058824 0.72156863 0.52941176
v -0.58851648 0.07937491 -0.01959535 0.87058824 0.72156863 0.52941176
v -0.54432588 0.09111268 0.02106686 0.87058824 0.72156863 0.52941176
v -0.58675229 0.09111268 -0.02135954 0.87058824 0.72156863 0.52941176
f 1980 1982 1979
f 1983 1980 1979
f 1979 1982 1981
f 1981 1983 1979
f 1980 1986 1982
f 1984 1980 1983
f 1984 1986 1980
f 1982 1986 1981
f 1985 1983 1981
f 1981 1986 1985
f 1985 1984 1983
f 1986 1984 1985

o geometry_49
v -0.38890873 0.00000000 -0.40640873 0.85490196 0.64705882 0.12549020
v -0.37090873 0.00000000 -0.40640873 0.85490196 0.64705882 0.12549020
v -0.37090873 0.00000000 -0.37140873 0.85490196 0.64705882 0.12549020
v -0.38890873 0.00000000 -0.37140873 0.85490196 0.64705882 0.12549020
v -0.37125459 0.00351163 -0.40640873 0.85490196 0.64705882 0.12549020
v -0.37125459 0.00351163 -0.37140873 0.85490196 0.64705882 0.12549020
v -0.37227890 0.00688830 -0.40640873 0.85490196 0.64705882 0.12549020
v -0.37227890 0.00688830 -0.37140873 0.85490196 0.64705882 0.12549020
v -0.37394228 0.01000026 -0.40640873 0.85490196 0.64705882 0.12549020
v -0.37394228 0.01000026 -0.37140873 0.85490196 0.64705882 0.12549020
v -0.37618081 0.01272792 -0.40640873 0.85490196 0.64705882 0.12549020
v -0.37618081 0.01272792 -0.37140873 0.85490196 0.64705882 0.12549020
v -0.37890847 0.01496645 -0.40640873 0.85490196 0.64705882 0.12549020
v -0.37890847 0.01496645 -0.37140873 0.85490196 0.64705882 0.12549020
v -0.38202043 0.01662983 -0.40640873 0.85490196 0.64705882 0.12549020
v -0.38202043 0.01662983 -0.37140873 0.85490196 0.64705882 0.12549020
v -0.38539710 0.01765414 -0.40640873 0.85490196 0.64705882 0.12549020
v -0.38539710 0.01765414 -0.37140873 0.85490196 0.64705882 0.12549020
v -0.38890873 0.01800000 -0.40640873 0.85490196 0.64705882 0.12549020
v -0.38890873 0.01800000 -0.37140873 0.85490196 0.64705882 0.12549020
v -0.39242036 0.01765414 -0.40640873 0.85490196 0.64705882 0.12549020
v -0.39242036 0.01765414 -0.37140873 0.85490196 0.64705882 0.12549020
v -0.39579703 0.01662983 -0.40640873 0.85490196 0.64705882 0.12549020
v -0.39579703 0.01662983 -0.37140873 0.85490196 0.64705882 0.12549020
v -0.39890899 0.01496645 -0.40640873 0.85490196 0.64705882 0.12549020
v -0.39890899 0.01496645 -0.37140873 0.85490196 0.64705882 0.12549020
v -0.40163665 0.01272792 -0.40640873 0.85490196 0.64705882 0.12549020
v -0.40163665 0.01272792 -0.37140873 0.85490196 0.64705882 0.12549020
v -0.40387518 0.01000026 -0.40640873 0.85490196 0.64705882 0.12549020
v -0.40387518 0.01000026 -0.37140873 0.85490196 0.64705882 0.12549020
v -0.40553856 0.00688830 -0.40640873 0.85490196 0.64705882 0.12549020
v -0.40553856 0.00688830 -0.37140873 0.85490196 0.64705882 0.12549020
v -0.40656286 0.00351163 -0.40640873 0.85490196 0.64705882 0.12549020
v -0.40656286 0.00351163 -0.37140873 0.85490196 0.64705882 0.12549020
v -0.40690873 0.00000000 -0.40640873 0.85490196 0.64705882 0.12549020
v -0.40690873 0.00000000 -0.37140873 0.85490196 0.64705882 0.12549020
v -0.40656286 -0.00351163 -0.40640873 0.85490196 0.64705882 0.12549020
v -0.40656286 -0.00351163 -0.37140873 0.85490196 0.64705882 0.12549020
v -0.40553856 -0.00688830 -0.40640873 0.85490196 0.64705882 0.12549020
v -0.40553856 -0.00688830 -0.37140873 0.85490196 0.64705882 0.12549020
v -0.40387518 -0.01000026 -0.40640873 0.85490196 0.64705882 0.12549020
v -0.40387518 -0.01000026 -0.37140873 0.85490196 0.64705882 0.12549020
v -0.40163665 -0.01272792 -0.40640873 0.85490196 0.64705882 0.12549020
v -0.40163665 -0.01272792 -0.37140873 0.85490196 0.64705882 0.12549020
v -0.39890899 -0.01496645 -0.40640873 0.85490196 0.64705882 0.12549020
v -0.39890899 -0.01496645 -0.37140873 0.85490196 0.64705882 0.12549020
v -0.39579703 -0.01662983 -0.40640873 0.85490196 0.64705882 0.12549020
v -0.39579703 -0.01662983 -0.37140873 0.85490196 0.64705882 0.12549020
v -0.39242036 -0.01765414 -0.40640873 0.85490196 0.64705882 0.12549020
v -0.39242036 -0.01765414 -0.37140873 0.85490196 0.64705882 0.12549020
v -0.38890873 -0.01800000 -0.40640873 0.85490196 0.64705882 0.12549020
v -0.38890873 -0.01800000 -0.37140873 0.85490196 0.64705882 0.12549020
v -0.38539710 -0.01765414 -0.40640873 0.85490196 0.64705882 0.12549020
v -0.38539710 -0.01765414 -0.37140873 0.85490196 0.64705882 0.12549020
v -0.38202043 -0.01662983 -0.40640873 0.85490196 0.64705882 0.12549020
v -0.38202043 -0.01662983 -0.37140873 0.85490196 0.64705882 0.12549020
v -0.37890847 -0.01496645 -0.40640873 0.85490196 0.64705882 0.12549020
v -0.37890847 -0.01496645 -0.37140873 0.85490196 0.64705882 0.12549020
v -0.37618081 -0.01272792 -0.40640873 0.85490196 0.64705882 0.12549020
v -0.37618081 -0.01272792 -0.37140873 0.85490196 0.64705882 0.12549020
v -0.37394228 -0.01000026 -0.40640873 0.85490196 0.64705882 0.12549020
v -0.37394228 -0.01000026 -0.37140873 0.85490196 0.64705882 0.12549020
v -0.37227890 -0.00688830 -0.40640873 0.85490196 0.64705882 0.12549020
v -0.37227890 -0.00688830 -0.37140873 0.85490196 0.64705882 0.12549020
v -0.37125459 -0.00351163 -0.40640873 0.85490196 0.64705882 0.12549020
v -0.37125459 -0.00351163 -0.37140873 0.85490196 0.64705882 0.12549020
f 1988 1987 1991
f 1988 1991 1989
f 1989 1991 1992
f 1989 1992 1990
f 1991 1987 1993
f 1991 1993 1992
f 1992 1993 1994
f 1992 1994 1990
f 1993 1987 1995
f 1993 1995 1994
f 1994 1995 1996
f 1994 1996 1990
f 1995 1987 1997
f 1995 1997 1996
f 1996 1997 1998
f 1996 1998 1990
f 1997 1987 1999
f 1997 1999 1998
f 1998 1999 2000
f 1998 2000 1990
f 1999 1987 2001
f 1999 2001 2000
f 2000 2001 2002
f 2000 2002 1990
f 2001 1987 2003
f 2001 2003 2002
f 2002 2003 2004
f 2002 2004 1990
f 2003 1987 2005
f 2003 2005 2004
f 2004 2005 2006
f 2004 2006 1990
f 2005 1987 2007
f 2005 2007 2006
f 2006 2007 2008
f 2006 2008 1990
f 2007 1987 2009
f 2007 2009 2008
f 2008 2009 2010
f 2008 2010 1990
f 2009 1987 2011
f 2009 2011 2010
f 2010 2011 2012
f 2010 2012 1990
f 2011 1987 2013
f 2011 2013 2012
f 2012 2013 2014
f 2012 2014 1990
f 2013 1987 2015
f 2013 2015 2014
f 2014 2015 2016
f 2014 2016 1990
f 2015 1987 2017
f 2015 2017 2016
f 2016 2017 2018
f 2016 2018 1990
f 2017 1987 2019
f 2017 2019 2018
f 2018 2019 2020
f 2018 2020 1990
f 2019 1987 2021
f 2019 2021 2020
f 2020 2021 2022
f 2020 2022 1990
f 2021 1987 2023
f 2021 2023 2022
f 2022 2023 2024
f 2022 2024 1990
f 2023 1987 2025
f 2023 2025 2024
f 2024 2025 2026
f 2024 2026 1990
f 2025 1987 2027
f 2025 2027 2026
f 2026 2027 2028
f 2026 2028 1990
f 2027 1987 2029
f 2027 2029 2028
f 2028 2029 2030
f 2028 2030 1990
f 2029 1987 2031
f 2029 2031 2030
f 2030 2031 2032
f 2030 2032 1990
f 2031 1987 2033
f 2031 2033 2032
f 2032 2033 2034
f 2032 2034 1990
f 2033 1987 2035
f 2033 2035 2034
f 2034 2035 2036
f 2034 2036 1990
f 2035 1987 2037
f 2035 2037 2036
f 2036 2037 2038
f 2036 2038 1990
f 2037 1987 2039
f 2037 2039 2038
f 2038 2039 2040
f 2038 2040 1990
f 2039 1987 2041
f 2039 2041 2040
f 2040 2041 2042
f 2040 2042 1990
f 2041 1987 2043
f 2041 2043 2042
f 2042 2043 2044
f 2042 2044 1990
f 2043 1987 2045
f 2043 2045 2044
f 2044 2045 2046
f 2044 2046 1990
f 2045 1987 2047
f 2045 2047 2046
f 2046 2047 2048
f 2046 2048 1990
f 2047 1987 2049
f 2047 2049 2048
f 2048 2049 2050
f 2048 2050 1990
f 2049 1987 2051
f 2049 2051 2050
f 2050 2051 2052
f 2050 2052 1990
f 2051 1987 1988
f 2051 1988 2052
f 2052 1988 1989
f 2052 1989 1990

o geometry_50
v 0.02587729 -0.09111268 -0.67764110 0.87058824 0.72156863 0.52941176
v -0.02608424 -0.09111268 -0.70764110 0.87058824 0.72156863 0.52941176
v 0.02712476 -0.07937491 -0.67980178 0.87058824 0.72156863 0.52941176
v -0.02483677 -0.07937491 -0.70980178 0.87058824 0.72156863 0.52941176
v -0.37516323 0.07937491 0.01698145 0.87058824 0.72156863 0.52941176
v -0.42712476 0.07937491 -0.01301855 0.87058824 0.72156863 0.52941176
v -0.37391576 0.09111268 0.01482077 0.87058824 0.72156863 0.52941176
v -0.42587729 0.09111268 -0.01517923 0.87058824 0.72156863 0.52941176
f 2054 2056 2053
f 2057 2054 2053
f 2053 2056 2055
f 2055 2057 2053
f 2054 2060 2056
f 2058 2054 2057
f 2058 2060 2054
f 2056 2060 2055
f 2059 2057 2055
f 2055 2060 2059
f 2059 2058 2057
f 2060 2058 2059

o geometry_51
v -0.27500000 0.00000000 -0.49381397 0.85490196 0.64705882 0.12549020
v -0.25700000 0.00000000 -0.49381397 0.85490196 0.64705882 0.12549020
v -0.25700000 0.00000000 -0.45881397 0.85490196 0.64705882 0.12549020
v -0.27500000 0.00000000 -0.45881397 0.85490196 0.64705882 0.12549020
v -0.25734586 0.00351163 -0.49381397 0.85490196 0.64705882 0.12549020
v -0.25734586 0.00351163 -0.45881397 0.85490196 0.64705882 0.12549020
v -0.25837017 0.00688830 -0.49381397 0.85490196 0.64705882 0.12549020
v -0.25837017 0.00688830 -0.45881397 0.85490196 0.64705882 0.12549020
v -0.26003355 0.01000026 -0.49381397 0.85490196 0.64705882 0.12549020
v -0.26003355 0.01000026 -0.45881397 0.85490196 0.64705882 0.12549020
v -0.26227208 0.01272792 -0.49381397 0.85490196 0.64705882 0.12549020
v -0.26227208 0.01272792 -0.45881397 0.85490196 0.64705882 0.12549020
v -0.26499974 0.01496645 -0.49381397 0.85490196 0.64705882 0.12549020
v -0.26499974 0.01496645 -0.45881397 0.85490196 0.64705882 0.12549020
v -0.26811170 0.01662983 -0.49381397 0.85490196 0.64705882 0.12549020
v -0.26811170 0.01662983 -0.45881397 0.85490196 0.64705882 0.12549020
v -0.27148837 0.01765414 -0.49381397 0.85490196 0.64705882 0.12549020
v -0.27148837 0.01765414 -0.45881397 0.85490196 0.64705882 0.12549020
v -0.27500000 0.01800000 -0.49381397 0.85490196 0.64705882 0.12549020
v -0.27500000 0.01800000 -0.45881397 0.85490196 0.64705882 0.12549020
v -0.27851163 0.01765414 -0.49381397 0.85490196 0.64705882 0.12549020
v -0.27851163 0.01765414 -0.45881397 0.85490196 0.64705882 0.12549020
v -0.28188830 0.01662983 -0.49381397 0.85490196 0.64705882 0.12549020
v -0.28188830 0.01662983 -0.45881397 0.85490196 0.64705882 0.12549020
v -0.28500026 0.01496645 -0.49381397 0.85490196 0.64705882 0.12549020
v -0.28500026 0.01496645 -0.45881397 0.85490196 0.64705882 0.12549020
v -0.28772792 0.01272792 -0.49381397 0.85490196 0.64705882 0.12549020
v -0.28772792 0.01272792 -0.45881397 0.85490196 0.64705882 0.12549020
v -0.28996645 0.01000026 -0.49381397 0.85490196 0.64705882 0.12549020
v -0.28996645 0.01000026 -0.45881397 0.85490196 0.64705882 0.12549020
v -0.29162983 0.00688830 -0.49381397 0.85490196 0.64705882 0.12549020
v -0.29162983 0.00688830 -0.45881397 0.85490196 0.64705882 0.12549020
v -0.29265414 0.00351163 -0.49381397 0.85490196 0.64705882 0.12549020
v -0.29265414 0.00351163 -0.45881397 0.85490196 0.64705882 0.12549020
v -0.29300000 0.00000000 -0.49381397 0.85490196 0.64705882 0.12549020
v -0.29300000 0.00000000 -0.45881397 0.85490196 0.64705882 0.12549020
v -0.29265414 -0.00351163 -0.49381397 0.85490196 0.64705882 0.12549020
v -0.29265414 -0.00351163 -0.45881397 0.85490196 0.64705882 0.12549020
v -0.29162983 -0.00688830 -0.49381397 0.85490196 0.64705882 0.12549020
v -0.29162983 -0.00688830 -0.45881397 0.85490196 0.64705882 0.12549020
v -0.28996645 -0.01000026 -0.49381397 0.85490196 0.64705882 0.12549020
v -0.28996645 -0.01000026 -0.45881397 0.85490196 0.64705882 0.12549020
v -0.28772792 -0.01272792 -0.49381397 0.85490196 0.64705882 0.12549020
v -0.28772792 -0.01272792 -0.45881397 0.85490196 0.64705882 0.12549020
v -0.28500026 -0.01496645 -0.49381397 0.85490196 0.64705882 0.12549020
v -0.28500026 -0.01496645 -0.45881397 0.85490196 0.64705882 0.12549020
v -0.28188830 -0.01662983 -0.49381397 0.85490196 0.64705882 0.12549020
v -0.28188830 -0.01662983 -0.45881397 0.85490196 0.64705882 0.12549020
v -0.27851163 -0.01765414 -0.49381397 0.85490196 0.64705882 0.12549020
v -0.27851163 -0.01765414 -0.45881397 0.85490196 0.64705882 0.12549020
v -0.27500000 -0.01800000 -0.49381397 0.85490196 0.64705882 0.12549020
v -0.27500000 -0.01800000 -0.45881397 0.85490196 0.64705882 0.12549020
v -0.27148837 -0.01765414 -0.49381397 0.85490196 0.64705882 0.12549020
v -0.27148837 -0.01765414 -0.45881397 0.85490196 0.64705882 0.12549020
v -0.26811170 -0.01662983 -0.49381397 0.85490196 0.64705882 0.12549020
v -0.26811170 -0.01662983 -0.45881397 0.85490196 0.64705882 0.12549020
v -0.26499974 -0.01496645 -0.49381397 0.85490196 0.64705882 0.12549020
v -0.26499974 -0.01496645 -0.45881397 0.85490196 0.64705882 0.12549020
v -0.26227208 -0.01272792 -0.49381397 0.85490196 0.64705882 0.12549020
v -0.26227208 -0.01272792 -0.45881397 0.85490196 0.64705882 0.12549020
v -0.26003355 -0.01000026 -0.49381397 0.85490196 0.64705882 0.12549020
v -0.26003355 -0.01000026 -0.45881397 0.85490196 0.64705882 0.12549020
v -0.25837017 -0.00688830 -0.49381397 0.85490196 0.64705882 0.12549020
v -0.25837017 -0.00688830 -0.45881397 0.85490196 0.64705882 0.12549020
v -0.25734586 -0.00351163 -0.49381397 0.85490196 0.64705882 0.12549020
v -0.25734586 -0.00351163 -0.45881397 0.85490196 0.64705882 0.12549020
f 2062 2061 2065
f 2062 2065 2063
f 2063 2065 2066
f 2063 2066 2064
f 2065 2061 2067
f 2065 2067 2066
f 2066 2067 2068
f 2066 2068 2064
f 2067 2061 2069
f 2067 2069 2068
f 2068 2069 2070
f 2068 2070 2064
f 2069 2061 2071
f 2069 2071 2070
f 2070 2071 2072
f 2070 2072 2064
f 2071 2061 2073
f 2071 2073 2072
f 2072 2073 2074
f 2072 2074 2064
f 2073 2061 2075
f 2073 2075 2074
f 2074 2075 2076
f 2074 2076 2064
f 2075 2061 2077
f 2075 2077 2076
f 2076 2077 2078
f 2076 2078 2064
f 2077 2061 2079
f 2077 2079 2078
f 2078 2079 2080
f 2078 2080 2064
f 2079 2061 2081
f 2079 2081 2080
f 2080 2081 2082
f 2080 2082 2064
f 2081 2061 2083
f 2081 2083 2082
f 2082 2083 2084
f 2082 2084 2064
f 2083 2061 2085
f 2083 2085 2084
f 2084 2085 2086
f 2084 2086 2064
f 2085 2061 2087
f 2085 2087 2086
f 2086 2087 2088
f 2086 2088 2064
f 2087 2061 2089
f 2087 2089 2088
f 2088 2089 2090
f 2088 2090 2064
f 2089 2061 2091
f 2089 2091 2090
f 2090 2091 2092
f 2090 2092 2064
f 2091 2061 2093
f 2091 2093 2092
f 2092 2093 2094
f 2092 2094 2064
f 2093 2061 2095
f 2093 2095 2094
f 2094 2095 2096
f 2094 2096 2064
f 2095 2061 2097
f 2095 2097 2096
f 2096 2097 2098
f 2096 2098 2064
f 2097 2061 2099
f 2097 2099 2098
f 2098 2099 2100
f 2098 2100 2064
f 2099 2061 2101
f 2099 2101 2100
f 2100 2101 2102
f 2100 2102 2064
f 2101 2061 2103
f 2101 2103 2102
f 2102 2103 2104
f 2102 2104 2064
f 2103 2061 2105
f 2103 2105 2104
f 2104 2105 2106
f 2104 2106 2064
f 2105 2061 2107
f 2105 2107 2106
f 2106 2107 2108
f 2106 2108 2064
f 2107 2061 2109
f 2107 2109 2108
f 2108 2109 2110
f 2108 2110 2064
f 2109 2061 2111
f 2109 2111 2110
f 2110 2111 2112
f 2110 2112 2064
f 2111 2061 2113
f 2111 2113 2112
f 2112 2113 2114
f 2112 2114 2064
f 2113 2061 2115
f 2113 2115 2114
f 2114 2115 2116
f 2114 2116 2064
f 2115 2061 2117
f 2115 2117 2116
f 2116 2117 2118
f 2116 2118 2064
f 2117 2061 2119
f 2117 2119 2118
f 2118 2119 2120
f 2118 2120 2064
f 2119 2061 2121
f 2119 2121 2120
f 2120 2121 2122
f 2120 2122 2064
f 2121 2061 2123
f 2121 2123 2122
f 2122 2123 2124
f 2122 2124 2064
f 2123 2061 2125
f 2123 2125 2124
f 2124 2125 2126
f 2124 2126 2064
f 2125 2061 2062
f 2125 2062 2126
f 2126 2062 2063
f 2126 2063 2064

o geometry_52
v -0.01973721 -0.02400000 -0.47327550 0.27450980 0.29411765 0.32156863
v -0.21026279 -0.02400000 -0.58327550 0.27450980 0.29411765 0.32156863
v -0.01973721 -0.01600000 -0.47327550 0.27450980 0.29411765 0.32156863
v -0.21026279 -0.01600000 -0.58327550 0.27450980 0.29411765 0.32156863
v -0.20973721 -0.02400000 -0.14418584 0.27450980 0.29411765 0.32156863
v -0.40026279 -0.02400000 -0.25418584 0.27450980 0.29411765 0.32156863
v -0.20973721 -0.01600000 -0.14418584 0.27450980 0.29411765 0.32156863
v -0.40026279 -0.01600000 -0.25418584 0.27450980 0.29411765 0.32156863
f 2128 2130 2127
f 2131 2128 2127
f 2127 2130 2129
f 2129 2131 2127
f 2128 2134 2130
f 2132 2128 2131
f 2132 2134 2128
f 2130 2134 2129
f 2133 2131 2129
f 2129 2134 2133
f 2133 2132 2131
f 2134 2132 2133

o geometry_53
v -0.11350481 -0.03300000 -0.51586524 1.00000000 0.96078431 0.82352941
v -0.12649519 -0.03300000 -0.52336524 1.00000000 0.96078431 0.82352941
v -0.11350481 -0.02700000 -0.51586524 1.00000000 0.96078431 0.82352941
v -0.12649519 -0.02700000 -0.52336524 1.00000000 0.96078431 0.82352941
v -0.29350481 -0.03300000 -0.20409610 1.00000000 0.96078431 0.82352941
v -0.30649519 -0.03300000 -0.21159610 1.00000000 0.96078431 0.82352941
v -0.29350481 -0.02700000 -0.20409610 1.00000000 0.96078431 0.82352941
v -0.30649519 -0.02700000 -0.21159610 1.00000000 0.96078431 0.82352941
f 2136 2138 2135
f 2139 2136 2135
f 2135 2138 2137
f 2137 2139 2135
f 2136 2142 2138
f 2140 2136 2139
f 2140 2142 2136
f 2138 2142 2137
f 2141 2139 2137
f 2137 2142 2141
f 2141 2140 2139
f 2142 2140 2141

o geometry_54
v 0.02892421 -0.09111268 -0.76477619 0.87058824 0.72156863 0.52941176
v -0.02903134 -0.09111268 -0.78030533 0.87058824 0.72156863 0.52941176
v 0.02956995 -0.07937491 -0.76718611 0.87058824 0.72156863 0.52941176
v -0.02838560 -0.07937491 -0.78271526 0.87058824 0.72156863 0.52941176
v -0.17866964 0.07937491 0.00997460 0.87058824 0.72156863 0.52941176
v -0.23662519 0.07937491 -0.00555455 0.87058824 0.72156863 0.52941176
v -0.17802390 0.09111268 0.00756467 0.87058824 0.72156863 0.52941176
v -0.23597945 0.09111268 -0.00796447 0.87058824 0.72156863 0.52941176
f 2144 2146 2143
f 2147 2144 2143
f 2143 2146 2145
f 2145 2147 2143
f 2144 2150 2146
f 2148 2144 2147
f 2148 2150 2144
f 2146 2150 2145
f 2149 2147 2145
f 2145 2150 2149
f 2149 2148 2147
f 2150 2148 2149

o geometry_55
v -0.14235047 0.00000000 -0.54875920 0.85490196 0.64705882 0.12549020
v -0.12435047 0.00000000 -0.54875920 0.85490196 0.64705882 0.12549020
v -0.12435047 0.00000000 -0.51375920 0.85490196 0.64705882 0.12549020
v -0.14235047 0.00000000 -0.51375920 0.85490196 0.64705882 0.12549020
v -0.12469634 0.00351163 -0.54875920 0.85490196 0.64705882 0.12549020
v -0.12469634 0.00351163 -0.51375920 0.85490196 0.64705882 0.12549020
v -0.12572064 0.00688830 -0.54875920 0.85490196 0.64705882 0.12549020
v -0.12572064 0.00688830 -0.51375920 0.85490196 0.64705882 0.12549020
v -0.12738402 0.01000026 -0.54875920 0.85490196 0.64705882 0.12549020
v -0.12738402 0.01000026 -0.51375920 0.85490196 0.64705882 0.12549020
v -0.12962255 0.01272792 -0.54875920 0.85490196 0.64705882 0.12549020
v -0.12962255 0.01272792 -0.51375920 0.85490196 0.64705882 0.12549020
v -0.13235021 0.01496645 -0.54875920 0.85490196 0.64705882 0.12549020
v -0.13235021 0.01496645 -0.51375920 0.85490196 0.64705882 0.12549020
v -0.13546217 0.01662983 -0.54875920 0.85490196 0.64705882 0.12549020
v -0.13546217 0.01662983 -0.51375920 0.85490196 0.64705882 0.12549020
v -0.13883885 0.01765414 -0.54875920 0.85490196 0.64705882 0.12549020
v -0.13883885 0.01765414 -0.51375920 0.85490196 0.64705882 0.12549020
v -0.14235047 0.01800000 -0.54875920 0.85490196 0.64705882 0.12549020
v -0.14235047 0.01800000 -0.51375920 0.85490196 0.64705882 0.12549020
v -0.14586210 0.01765414 -0.54875920 0.85490196 0.64705882 0.12549020
v -0.14586210 0.01765414 -0.51375920 0.85490196 0.64705882 0.12549020
v -0.14923878 0.01662983 -0.54875920 0.85490196 0.64705882 0.12549020
v -0.14923878 0.01662983 -0.51375920 0.85490196 0.64705882 0.12549020
v -0.15235074 0.01496645 -0.54875920 0.85490196 0.64705882 0.12549020
v -0.15235074 0.01496645 -0.51375920 0.85490196 0.64705882 0.12549020
v -0.15507840 0.01272792 -0.54875920 0.85490196 0.64705882 0.12549020
v -0.15507840 0.01272792 -0.51375920 0.85490196 0.64705882 0.12549020
v -0.15731693 0.01000026 -0.54875920 0.85490196 0.64705882 0.12549020
v -0.15731693 0.01000026 -0.51375920 0.85490196 0.64705882 0.12549020
v -0.15898031 0.00688830 -0.54875920 0.85490196 0.64705882 0.12549020
v -0.15898031 0.00688830 -0.51375920 0.85490196 0.64705882 0.12549020
v -0.16000461 0.00351163 -0.54875920 0.85490196 0.64705882 0.12549020
v -0.16000461 0.00351163 -0.51375920 0.85490196 0.64705882 0.12549020
v -0.16035047 0.00000000 -0.54875920 0.85490196 0.64705882 0.12549020
v -0.16035047 0.00000000 -0.51375920 0.85490196 0.64705882 0.12549020
v -0.16000461 -0.00351163 -0.54875920 0.85490196 0.64705882 0.12549020
v -0.16000461 -0.00351163 -0.51375920 0.85490196 0.64705882 0.12549020
v -0.15898031 -0.00688830 -0.54875920 0.85490196 0.64705882 0.12549020
v -0.15898031 -0.00688830 -0.51375920 0.85490196 0.64705882 0.12549020
v -0.15731693 -0.01000026 -0.54875920 0.85490196 0.64705882 0.12549020
v -0.15731693 -0.01000026 -0.51375920 0.85490196 0.64705882 0.12549020
v -0.15507840 -0.01272792 -0.54875920 0.85490196 0.64705882 0.12549020
v -0.15507840 -0.01272792 -0.51375920 0.85490196 0.64705882 0.12549020
v -0.15235074 -0.01496645 -0.54875920 0.85490196 0.64705882 0.12549020
v -0.15235074 -0.01496645 -0.51375920 0.85490196 0.64705882 0.12549020
v -0.14923878 -0.01662983 -0.54875920 0.85490196 0.64705882 0.12549020
v -0.14923878 -0.01662983 -0.51375920 0.85490196 0.64705882 0.12549020
v -0.14586210 -0.01765414 -0.54875920 0.85490196 0.64705882 0.12549020
v -0.14586210 -0.01765414 -0.51375920 0.85490196 0.64705882 0.12549020
v -0.14235047 -0.01800000 -0.54875920 0.85490196 0.64705882 0.12549020
v -0.14235047 -0.01800000 -0.51375920 0.85490196 0.64705882 0.12549020
v -0.13883885 -0.01765414 -0.54875920 0.85490196 0.64705882 0.12549020
v -0.13883885 -0.01765414 -0.51375920 0.85490196 0.64705882 0.12549020
v -0.13546217 -0.01662983 -0.54875920 0.85490196 0.64705882 0.12549020
v -0.13546217 -0.01662983 -0.51375920 0.85490196 0.64705882 0.12549020
v -0.13235021 -0.01496645 -0.54875920 0.85490196 0.64705882 0.12549020
v -0.13235021 -0.01496645 -0.51375920 0.85490196 0.64705882 0.12549020
v -0.12962255 -0.01272792 -0.54875920 0.85490196 0.64705882 0.12549020
v -0.12962255 -0.01272792 -0.51375920 0.85490196 0.64705882 0.12549020
v -0.12738402 -0.01000026 -0.54875920 0.85490196 0.64705882 0.12549020
v -0.12738402 -0.01000026 -0.51375920 0.85490196 0.64705882 0.12549020
v -0.12572064 -0.00688830 -0.54875920 0.85490196 0.64705882 0.12549020
v -0.12572064 -0.00688830 -0.51375920 0.85490196 0.64705882 0.12549020
v -0.12469634 -0.00351163 -0.54875920 0.85490196 0.64705882 0.12549020
v -0.12469634 -0.00351163 -0.51375920 0.85490196 0.64705882 0.12549020
f 2152 2151 2155
f 2152 2155 2153
f 2153 2155 2156
f 2153 2156 2154
f 2155 2151 2157
f 2155 2157 2156
f 2156 2157 2158
f 2156 2158 2154
f 2157 2151 2159
f 2157 2159 2158
f 2158 2159 2160
f 2158 2160 2154
f 2159 2151 2161
f 2159 2161 2160
f 2160 2161 2162
f 2160 2162 2154
f 2161 2151 2163
f 2161 2163 2162
f 2162 2163 2164
f 2162 2164 2154
f 2163 2151 2165
f 2163 2165 2164
f 2164 2165 2166
f 2164 2166 2154
f 2165 2151 2167
f 2165 2167 2166
f 2166 2167 2168
f 2166 2168 2154
f 2167 2151 2169
f 2167 2169 2168
f 2168 2169 2170
f 2168 2170 2154
f 2169 2151 2171
f 2169 2171 2170
f 2170 2171 2172
f 2170 2172 2154
f 2171 2151 2173
f 2171 2173 2172
f 2172 2173 2174
f 2172 2174 2154
f 2173 2151 2175
f 2173 2175 2174
f 2174 2175 2176
f 2174 2176 2154
f 2175 2151 2177
f 2175 2177 2176
f 2176 2177 2178
f 2176 2178 2154
f 2177 2151 2179
f 2177 2179 2178
f 2178 2179 2180
f 2178 2180 2154
f 2179 2151 2181
f 2179 2181 2180
f 2180 2181 2182
f 2180 2182 2154
f 2181 2151 2183
f 2181 2183 2182
f 2182 2183 2184
f 2182 2184 2154
f 2183 2151 2185
f 2183 2185 2184
f 2184 2185 2186
f 2184 2186 2154
f 2185 2151 2187
f 2185 2187 2186
f 2186 2187 2188
f 2186 2188 2154
f 2187 2151 2189
f 2187 2189 2188
f 2188 2189 2190
f 2188 2190 2154
f 2189 2151 2191
f 2189 2191 2190
f 2190 2191 2192
f 2190 2192 2154
f 2191 2151 2193
f 2191 2193 2192
f 2192 2193 2194
f 2192 2194 2154
f 2193 2151 2195
f 2193 2195 2194
f 2194 2195 2196
f 2194 2196 2154
f 2195 2151 2197
f 2195 2197 2196
f 2196 2197 2198
f 2196 2198 2154
f 2197 2151 2199
f 2197 2199 2198
f 2198 2199 2200
f 2198 2200 2154
f 2199 2151 2201
f 2199 2201 2200
f 2200 2201 2202
f 2200 2202 2154
f 2201 2151 2203
f 2201 2203 2202
f 2202 2203 2204
f 2202 2204 2154
f 2203 2151 2205
f 2203 2205 2204
f 2204 2205 2206
f 2204 2206 2154
f 2205 2151 2207
f 2205 2207 2206
f 2206 2207 2208
f 2206 2208 2154
f 2207 2151 2209
f 2207 2209 2208
f 2208 2209 2210
f 2208 2210 2154
f 2209 2151 2211
f 2209 2211 2210
f 2210 2211 2212
f 2210 2212 2154
f 2211 2151 2213
f 2211 2213 2212
f 2212 2213 2214
f 2212 2214 2154
f 2213 2151 2215
f 2213 2215 2214
f 2214 2215 2216
f 2214 2216 2154
f 2215 2151 2152
f 2215 2152 2216
f 2216 2152 2153
f 2216 2153 2154

o geometry_56
v 0.03000000 -0.09111268 -0.79979305 0.87058824 0.72156863 0.52941176
v -0.03000000 -0.09111268 -0.79979305 0.87058824 0.72156863 0.52941176
v 0.03000000 -0.07937491 -0.80228799 0.87058824 0.72156863 0.52941176
v -0.03000000 -0.07937491 -0.80228799 0.87058824 0.72156863 0.52941176
v 0.03000000 0.07937491 0.00228799 0.87058824 0.72156863 0.52941176
v -0.03000000 0.07937491 0.00228799 0.87058824 0.72156863 0.52941176
v 0.03000000 0.09111268 -0.00020695 0.87058824 0.72156863 0.52941176
v -0.03000000 0.09111268 -0.00020695 0.87058824 0.72156863 0.52941176
f 2218 2220 2217
f 2221 2218 2217
f 2217 2220 2219
f 2219 2221 2217
f 2218 2224 2220
f 2222 2218 2221
f 2222 2224 2218
f 2220 2224 2219
f 2223 2221 2219
f 2219 2224 2223
f 2223 2222 2221
f 2224 2222 2223

o geometry_57
v -0.00000000 0.00000000 -0.56750000 0.85490196 0.64705882 0.12549020
v 0.01800000 0.00000000 -0.56750000 0.85490196 0.64705882 0.12549020
v 0.01800000 0.00000000 -0.53250000 0.85490196 0.64705882 0.12549020
v -0.00000000 0.00000000 -0.53250000 0.85490196 0.64705882 0.12549020
v 0.01765414 0.00351163 -0.56750000 0.85490196 0.64705882 0.12549020
v 0.01765414 0.00351163 -0.53250000 0.85490196 0.64705882 0.12549020
v 0.01662983 0.00688830 -0.56750000 0.85490196 0.64705882 0.12549020
v 0.01662983 0.00688830 -0.53250000 0.85490196 0.64705882 0.12549020
v 0.01496645 0.01000026 -0.56750000 0.85490196 0.64705882 0.12549020
v 0.01496645 0.01000026 -0.53250000 0.85490196 0.64705882 0.12549020
v 0.01272792 0.01272792 -0.56750000 0.85490196 0.64705882 0.12549020
v 0.01272792 0.01272792 -0.53250000 0.85490196 0.64705882 0.12549020
v 0.01000026 0.01496645 -0.56750000 0.85490196 0.64705882 0.12549020
v 0.01000026 0.01496645 -0.53250000 0.85490196 0.64705882 0.12549020
v 0.00688830 0.01662983 -0.56750000 0.85490196 0.64705882 0.12549020
v 0.00688830 0.01662983 -0.53250000 0.85490196 0.64705882 0.12549020
v 0.00351163 0.01765414 -0.56750000 0.85490196 0.64705882 0.12549020
v 0.00351163 0.01765414 -0.53250000 0.85490196 0.64705882 0.12549020
v -0.00000000 0.01800000 -0.56750000 0.85490196 0.64705882 0.12549020
v -0.00000000 0.01800000 -0.53250000 0.85490196 0.64705882 0.12549020
v -0.00351163 0.01765414 -0.56750000 0.85490196 0.64705882 0.12549020
v -0.00351163 0.01765414 -0.53250000 0.85490196 0.64705882 0.12549020
v -0.00688830 0.01662983 -0.56750000 0.85490196 0.64705882 0.12549020
v -0.00688830 0.01662983 -0.53250000 0.85490196 0.64705882 0.12549020
v -0.01000026 0.01496645 -0.56750000 0.85490196 0.64705882 0.12549020
v -0.01000026 0.01496645 -0.53250000 0.85490196 0.64705882 0.12549020
v -0.01272792 0.01272792 -0.56750000 0.85490196 0.64705882 0.12549020
v -0.01272792 0.01272792 -0.53250000 0.85490196 0.64705882 0.12549020
v -0.01496645 0.01000026 -0.56750000 0.85490196 0.64705882 0.12549020
v -0.01496645 0.01000026 -0.53250000 0.85490196 0.64705882 0.12549020
v -0.01662983 0.00688830 -0.56750000 0.85490196 0.64705882 0.12549020
v -0.01662983 0.00688830 -0.53250000 0.85490196 0.64705882 0.12549020
v -0.01765414 0.00351163 -0.56750000 0.85490196 0.64705882 0.12549020
v -0.01765414 0.00351163 -0.53250000 0.85490196 0.64705882 0.12549020
v -0.01800000 0.00000000 -0.56750000 0.85490196 0.64705882 0.12549020
v -0.01800000 0.00000000 -0.53250000 0.85490196 0.64705882 0.12549020
v -0.01765414 -0.00351163 -0.56750000 0.85490196 0.64705882 0.12549020
v -0.01765414 -0.00351163 -0.53250000 0.85490196 0.64705882 0.12549020
v -0.01662983 -0.00688830 -0.56750000 0.85490196 0.64705882 0.12549020
v -0.01662983 -0.00688830 -0.53250000 0.85490196 0.64705882 0.12549020
v -0.01496645 -0.01000026 -0.56750000 0.85490196 0.64705882 0.12549020
v -0.01496645 -0.01000026 -0.53250000 0.85490196 0.64705882 0.12549020
v -0.01272792 -0.01272792 -0.56750000 0.85490196 0.64705882 0.12549020
v -0.01272792 -0.01272792 -0.53250000 0.85490196 0.64705882 0.12549020
v -0.01000026 -0.01496645 -0.56750000 0.85490196 0.64705882 0.12549020
v -0.01000026 -0.01496645 -0.53250000 0.85490196 0.64705882 0.12549020
v -0.00688830 -0.01662983 -0.56750000 0.85490196 0.64705882 0.12549020
v -0.00688830 -0.01662983 -0.53250000 0.85490196 0.64705882 0.12549020
v -0.00351163 -0.01765414 -0.56750000 0.85490196 0.64705882 0.12549020
v -0.00351163 -0.01765414 -0.53250000 0.85490196 0.64705882 0.12549020
v -0.00000000 -0.01800000 -0.56750000 0.85490196 0.64705882 0.12549020
v -0.00000000 -0.01800000 -0.53250000 0.85490196 0.64705882 0.12549020
v 0.00351163 -0.01765414 -0.56750000 0.85490196 0.64705882 0.12549020
v 0.00351163 -0.01765414 -0.53250000 0.85490196 0.64705882 0.12549020
v 0.00688830 -0.01662983 -0.56750000 0.85490196 0.64705882 0.12549020
v 0.00688830 -0.01662983 -0.53250000 0.85490196 0.64705882 0.12549020
v 0.01000026 -0.01496645 -0.56750000 0.85490196 0.64705882 0.12549020
v 0.01000026 -0.01496645 -0.53250000 0.85490196 0.64705882 0.12549020
v 0.01272792 -0.01272792 -0.56750000 0.85490196 0.64705882 0.12549020
v 0.01272792 -0.01272792 -0.53250000 0.85490196 0.64705882 0.12549020
v 0.01496645 -0.01000026 -0.56750000 0.85490196 0.64705882 0.12549020
v 0.01496645 -0.01000026 -0.53250000 0.85490196 0.64705882 0.12549020
v 0.01662983 -0.00688830 -0.56750000 0.85490196 0.64705882 0.12549020
v 0.01662983 -0.00688830 -0.53250000 0.85490196 0.64705882 0.12549020
v 0.01765414 -0.00351163 -0.56750000 0.85490196 0.64705882 0.12549020
v 0.01765414 -0.00351163 -0.53250000 0.85490196 0.64705882 0.12549020
f 2226 2225 2229
f 2226 2229 2227
f 2227 2229 2230
f 2227 2230 2228
f 2229 2225 2231
f 2229 2231 2230
f 2230 2231 2232
f 2230 2232 2228
f 2231 2225 2233
f 2231 2233 2232
f 2232 2233 2234
f 2232 2234 2228
f 2233 2225 2235
f 2233 2235 2234
f 2234 2235 2236
f 2234 2236 2228
f 2235 2225 2237
f 2235 2237 2236
f 2236 2237 2238
f 2236 2238 2228
f 2237 2225 2239
f 2237 2239 2238
f 2238 2239 2240
f 2238 2240 2228
f 2239 2225 2241
f 2239 2241 2240
f 2240 2241 2242
f 2240 2242 2228
f 2241 2225 2243
f 2241 2243 2242
f 2242 2243 2244
f 2242 2244 2228
f 2243 2225 2245
f 2243 2245 2244
f 2244 2245 2246
f 2244 2246 2228
f 2245 2225 2247
f 2245 2247 2246
f 2246 2247 2248
f 2246 2248 2228
f 2247 2225 2249
f 2247 2249 2248
f 2248 2249 2250
f 2248 2250 2228
f 2249 2225 2251
f 2249 2251 2250
f 2250 2251 2252
f 2250 2252 2228
f 2251 2225 2253
f 2251 2253 2252
f 2252 2253 2254
f 2252 2254 2228
f 2253 2225 2255
f 2253 2255 2254
f 2254 2255 2256
f 2254 2256 2228
f 2255 2225 2257
f 2255 2257 2256
f 2256 2257 2258
f 2256 2258 2228
f 2257 2225 2259
f 2257 2259 2258
f 2258 2259 2260
f 2258 2260 2228
f 2259 2225 2261
f 2259 2261 2260
f 2260 2261 2262
f 2260 2262 2228
f 2261 2225 2263
f 2261 2263 2262
f 2262 2263 2264
f 2262 2264 2228
f 2263 2225 2265
f 2263 2265 2264
f 2264 2265 2266
f 2264 2266 2228
f 2265 2225 2267
f 2265 2267 2266
f 2266 2267 2268
f 2266 2268 2228
f 2267 2225 2269
f 2267 2269 2268
f 2268 2269 2270
f 2268 2270 2228
f 2269 2225 2271
f 2269 2271 2270
f 2270 2271 2272
f 2270 2272 2228
f 2271 2225 2273
f 2271 2273 2272
f 2272 2273 2274
f 2272 2274 2228
f 2273 2225 2275
f 2273 2275 2274
f 2274 2275 2276
f 2274 2276 2228
f 2275 2225 2277
f 2275 2277 2276
f 2276 2277 2278
f 2276 2278 2228
f 2277 2225 2279
f 2277 2279 2278
f 2278 2279 2280
f 2278 2280 2228
f 2279 2225 2281
f 2279 2281 2280
f 2280 2281 2282
f 2280 2282 2228
f 2281 2225 2283
f 2281 2283 2282
f 2282 2283 2284
f 2282 2284 2228
f 2283 2225 2285
f 2283 2285 2284
f 2284 2285 2286
f 2284 2286 2228
f 2285 2225 2287
f 2285 2287 2286
f 2286 2287 2288
f 2286 2288 2228
f 2287 2225 2289
f 2287 2289 2288
f 2288 2289 2290
f 2288 2290 2228
f 2289 2225 2226
f 2289 2226 2290
f 2290 2226 2227
f 2290 2227 2228

o geometry_58
v 0.11000000 -0.02400000 -0.61000000 0.27450980 0.29411765 0.32156863
v -0.11000000 -0.02400000 -0.61000000 0.27450980 0.29411765 0.32156863
v 0.11000000 -0.01600000 -0.61000000 0.27450980 0.29411765 0.32156863
v -0.11000000 -0.01600000 -0.61000000 0.27450980 0.29411765 0.32156863
v 0.11000000 -0.02400000 -0.23000000 0.27450980 0.29411765 0.32156863
v -0.11000000 -0.02400000 -0.23000000 0.27450980 0.29411765 0.32156863
v 0.11000000 -0.01600000 -0.23000000 0.27450980 0.29411765 0.32156863
v -0.11000000 -0.01600000 -0.23000000 0.27450980 0.29411765 0.32156863
f 2292 2294 2291
f 2295 2292 2291
f 2291 2294 2293
f 2293 2295 2291
f 2292 2298 2294
f 2296 2292 2295
f 2296 2298 2292
f 2294 2298 2293
f 2297 2295 2293
f 2293 2298 2297
f 2297 2296 2295
f 2298 2296 2297

o geometry_59
v 0.00750000 -0.03300000 -0.60000000 1.00000000 0.96078431 0.82352941
v -0.00750000 -0.03300000 -0.60000000 1.00000000 0.96078431 0.82352941
v 0.00750000 -0.02700000 -0.60000000 1.00000000 0.96078431 0.82352941
v -0.00750000 -0.02700000 -0.60000000 1.00000000 0.96078431 0.82352941
v 0.00750000 -0.03300000 -0.24000000 1.00000000 0.96078431 0.82352941
v -0.00750000 -0.03300000 -0.24000000 1.00000000 0.96078431 0.82352941
v 0.00750000 -0.02700000 -0.24000000 1.00000000 0.96078431 0.82352941
v -0.00750000 -0.02700000 -0.24000000 1.00000000 0.96078431 0.82352941
f 2300 2302 2299
f 2303 2300 2299
f 2299 2302 2301
f 2301 2303 2299
f 2300 2306 2302
f 2304 2300 2303
f 2304 2306 2300
f 2302 2306 2301
f 2305 2303 2301
f 2301 2306 2305
f 2305 2304 2303
f 2306 2304 2305

o geometry_60
v 0.02903134 -0.09111268 -0.78030533 0.87058824 0.72156863 0.52941176
v -0.02892421 -0.09111268 -0.76477619 0.87058824 0.72156863 0.52941176
v 0.02838560 -0.07937491 -0.78271526 0.87058824 0.72156863 0.52941176
v -0.02956995 -0.07937491 -0.76718611 0.87058824 0.72156863 0.52941176
v 0.23662519 0.07937491 -0.00555455 0.87058824 0.72156863 0.52941176
v 0.17866964 0.07937491 0.00997460 0.87058824 0.72156863 0.52941176
v 0.23597945 0.09111268 -0.00796447 0.87058824 0.72156863 0.52941176
v 0.17802390 0.09111268 0.00756467 0.87058824 0.72156863 0.52941176
f 2308 2310 2307
f 2311 2308 2307
f 2307 2310 2309
f 2309 2311 2307
f 2308 2314 2310
f 2312 2308 2311
f 2312 2314 2308
f 2310 2314 2309
f 2313 2311 2309
f 2309 2314 2313
f 2313 2312 2311
f 2314 2312 2313

o geometry_61
v 0.14235047 0.00000000 -0.54875920 0.85490196 0.64705882 0.12549020
v 0.16035047 0.00000000 -0.54875920 0.85490196 0.64705882 0.12549020
v 0.16035047 0.00000000 -0.51375920 0.85490196 0.64705882 0.12549020
v 0.14235047 0.00000000 -0.51375920 0.85490196 0.64705882 0.12549020
v 0.16000461 0.00351163 -0.54875920 0.85490196 0.64705882 0.12549020
v 0.16000461 0.00351163 -0.51375920 0.85490196 0.64705882 0.12549020
v 0.15898031 0.00688830 -0.54875920 0.85490196 0.64705882 0.12549020
v 0.15898031 0.00688830 -0.51375920 0.85490196 0.64705882 0.12549020
v 0.15731693 0.01000026 -0.54875920 0.85490196 0.64705882 0.12549020
v 0.15731693 0.01000026 -0.51375920 0.85490196 0.64705882 0.12549020
v 0.15507840 0.01272792 -0.54875920 0.85490196 0.64705882 0.12549020
v 0.15507840 0.01272792 -0.51375920 0.85490196 0.64705882 0.12549020
v 0.15235074 0.01496645 -0.54875920 0.85490196 0.64705882 0.12549020
v 0.15235074 0.01496645 -0.51375920 0.85490196 0.64705882 0.12549020
v 0.14923878 0.01662983 -0.54875920 0.85490196 0.64705882 0.12549020
v 0.14923878 0.01662983 -0.51375920 0.85490196 0.64705882 0.12549020
v 0.14586210 0.01765414 -0.54875920 0.85490196 0.64705882 0.12549020
v 0.14586210 0.01765414 -0.51375920 0.85490196 0.64705882 0.12549020
v 0.14235047 0.01800000 -0.54875920 0.85490196 0.64705882 0.12549020
v 0.14235047 0.01800000 -0.51375920 0.85490196 0.64705882 0.12549020
v 0.13883885 0.01765414 -0.54875920 0.85490196 0.64705882 0.12549020
v 0.13883885 0.01765414 -0.51375920 0.85490196 0.64705882 0.12549020
v 0.13546217 0.01662983 -0.54875920 0.85490196 0.64705882 0.12549020
v 0.13546217 0.01662983 -0.51375920 0.85490196 0.64705882 0.12549020
v 0.13235021 0.01496645 -0.54875920 0.85490196 0.64705882 0.12549020
v 0.13235021 0.01496645 -0.51375920 0.85490196 0.64705882 0.12549020
v 0.12962255 0.01272792 -0.54875920 0.85490196 0.64705882 0.12549020
v 0.12962255 0.01272792 -0.51375920 0.85490196 0.64705882 0.12549020
v 0.12738402 0.01000026 -0.54875920 0.85490196 0.64705882 0.12549020
v 0.12738402 0.01000026 -0.51375920 0.85490196 0.64705882 0.12549020
v 0.12572064 0.00688830 -0.54875920 0.85490196 0.64705882 0.12549020
v 0.12572064 0.00688830 -0.51375920 0.85490196 0.64705882 0.12549020
v 0.12469634 0.00351163 -0.54875920 0.85490196 0.64705882 0.12549020
v 0.12469634 0.00351163 -0.51375920 0.85490196 0.64705882 0.12549020
v 0.12435047 0.00000000 -0.54875920 0.85490196 0.64705882 0.12549020
v 0.12435047 0.00000000 -0.51375920 0.85490196 0.64705882 0.12549020
v 0.12469634 -0.00351163 -0.54875920 0.85490196 0.64705882 0.12549020
v 0.12469634 -0.00351163 -0.51375920 0.85490196 0.64705882 0.12549020
v 0.12572064 -0.00688830 -0.54875920 0.85490196 0.64705882 0.12549020
v 0.12572064 -0.00688830 -0.51375920 0.85490196 0.64705882 0.12549020
v 0.12738402 -0.01000026 -0.54875920 0.85490196 0.64705882 0.12549020
v 0.12738402 -0.01000026 -0.51375920 0.85490196 0.64705882 0.12549020
v 0.12962255 -0.01272792 -0.54875920 0.85490196 0.64705882 0.12549020
v 0.12962255 -0.01272792 -0.51375920 0.85490196 0.64705882 0.12549020
v 0.13235021 -0.01496645 -0.54875920 0.85490196 0.64705882 0.12549020
v 0.13235021 -0.01496645 -0.51375920 0.85490196 0.64705882 0.12549020
v 0.13546217 -0.01662983 -0.54875920 0.85490196 0.64705882 0.12549020
v 0.13546217 -0.01662983 -0.51375920 0.85490196 0.64705882 0.12549020
v 0.13883885 -0.01765414 -0.54875920 0.85490196 0.64705882 0.12549020
v 0.13883885 -0.01765414 -0.51375920 0.85490196 0.64705882 0.12549020
v 0.14235047 -0.01800000 -0.54875920 0.85490196 0.64705882 0.12549020
v 0.14235047 -0.01800000 -0.51375920 0.85490196 0.64705882 0.12549020
v 0.14586210 -0.01765414 -0.54875920 0.85490196 0.64705882 0.12549020
v 0.14586210 -0.01765414 -0.51375920 0.85490196 0.64705882 0.12549020
v 0.14923878 -0.01662983 -0.54875920 0.85490196 0.64705882 0.12549020
v 0.14923878 -0.01662983 -0.51375920 0.85490196 0.64705882 0.12549020
v 0.15235074 -0.01496645 -0.54875920 0.85490196 0.64705882 0.12549020
v 0.15235074 -0.01496645 -0.51375920 0.85490196 0.64705882 0.12549020
v 0.15507840 -0.01272792 -0.54875920 0.85490196 0.64705882 0.12549020
v 0.15507840 -0.01272792 -0.51375920 0.85490196 0.64705882 0.12549020
v 0.15731693 -0.01000026 -0.54875920 0.85490196 0.64705882 0.12549020
v 0.15731693 -0.01000026 -0.51375920 0.85490196 0.64705882 0.12549020
v 0.15898031 -0.00688830 -0.54875920 0.85490196 0.64705882 0.12549020
v 0.15898031 -0.00688830 -0.51375920 0.85490196 0.64705882 0.12549020
v 0.16000461 -0.00351163 -0.54875920 0.85490196 0.64705882 0.12549020
v 0.16000461 -0.00351163 -0.51375920 0.85490196 0.64705882 0.12549020
f 2316 2315 2319
f 2316 2319 2317
f 2317 2319 2320
f 2317 2320 2318
f 2319 2315 2321
f 2319 2321 2320
f 2320 2321 2322
f 2320 2322 2318
f 2321 2315 2323
f 2321 2323 2322
f 2322 2323 2324
f 2322 2324 2318
f 2323 2315 2325
f 2323 2325 2324
f 2324 2325 2326
f 2324 2326 2318
f 2325 2315 2327
f 2325 2327 2326
f 2326 2327 2328
f 2326 2328 2318
f 2327 2315 2329
f 2327 2329 2328
f 2328 2329 2330
f 2328 2330 2318
f 2329 2315 2331
f 2329 2331 2330
f 2330 2331 2332
f 2330 2332 2318
f 2331 2315 2333
f 2331 2333 2332
f 2332 2333 2334
f 2332 2334 2318
f 2333 2315 2335
f 2333 2335 2334
f 2334 2335 2336
f 2334 2336 2318
f 2335 2315 2337
f 2335 2337 2336
f 2336 2337 2338
f 2336 2338 2318
f 2337 2315 2339
f 2337 2339 2338
f 2338 2339 2340
f 2338 2340 2318
f 2339 2315 2341
f 2339 2341 2340
f 2340 2341 2342
f 2340 2342 2318
f 2341 2315 2343
f 2341 2343 2342
f 2342 2343 2344
f 2342 2344 2318
f 2343 2315 2345
f 2343 2345 2344
f 2344 2345 2346
f 2344 2346 2318
f 2345 2315 2347
f 2345 2347 2346
f 2346 2347 2348
f 2346 2348 2318
f 2347 2315 2349
f 2347 2349 2348
f 2348 2349 2350
f 2348 2350 2318
f 2349 2315 2351
f 2349 2351 2350
f 2350 2351 2352
f 2350 2352 2318
f 2351 2315 2353
f 2351 2353 2352
f 2352 2353 2354
f 2352 2354 2318
f 2353 2315 2355
f 2353 2355 2354
f 2354 2355 2356
f 2354 2356 2318
f 2355 2315 2357
f 2355 2357 2356
f 2356 2357 2358
f 2356 2358 2318
f 2357 2315 2359
f 2357 2359 2358
f 2358 2359 2360
f 2358 2360 2318
f 2359 2315 2361
f 2359 2361 2360
f 2360 2361 2362
f 2360 2362 2318
f 2361 2315 2363
f 2361 2363 2362
f 2362 2363 2364
f 2362 2364 2318
f 2363 2315 2365
f 2363 2365 2364
f 2364 2365 2366
f 2364 2366 2318
f 2365 2315 2367
f 2365 2367 2366
f 2366 2367 2368
f 2366 2368 2318
f 2367 2315 2369
f 2367 2369 2368
f 2368 2369 2370
f 2368 2370 2318
f 2369 2315 2371
f 2369 2371 2370
f 2370 2371 2372
f 2370 2372 2318
f 2371 2315 2373
f 2371 2373 2372
f 2372 2373 2374
f 2372 2374 2318
f 2373 2315 2375
f 2373 2375 2374
f 2374 2375 2376
f 2374 2376 2318
f 2375 2315 2377
f 2375 2377 2376
f 2376 2377 2378
f 2376 2378 2318
f 2377 2315 2379
f 2377 2379 2378
f 2378 2379 2380
f 2378 2380 2318
f 2379 2315 2316
f 2379 2316 2380
f 2380 2316 2317
f 2380 2317 2318

o geometry_62
v 0.02608424 -0.09111268 -0.70764110 0.87058824 0.72156863 0.52941176
v -0.02587729 -0.09111268 -0.67764110 0.87058824 0.72156863 0.52941176
v 0.02483677 -0.07937491 -0.70980178 0.87058824 0.72156863 0.52941176
v -0.02712476 -0.07937491 -0.67980178 0.87058824 0.72156863 0.52941176
v 0.42712476 0.07937491 -0.01301855 0.87058824 0.72156863 0.52941176
v 0.37516323 0.07937491 0.01698145 0.87058824 0.72156863 0.52941176
v 0.42587729 0.09111268 -0.01517923 0.87058824 0.72156863 0.52941176
v 0.37391576 0.09111268 0.01482077 0.87058824 0.72156863 0.52941176
f 2382 2384 2381
f 2385 2382 2381
f 2381 2384 2383
f 2383 2385 2381
f 2382 2388 2384
f 2386 2382 2385
f 2386 2388 2382
f 2384 2388 2383
f 2387 2385 2383
f 2383 2388 2387
f 2387 2386 2385
f 2388 2386 2387

o geometry_63
v 0.27500000 0.00000000 -0.49381397 0.85490196 0.64705882 0.12549020
v 0.29300000 0.00000000 -0.49381397 0.85490196 0.64705882 0.12549020
v 0.29300000 0.00000000 -0.45881397 0.85490196 0.64705882 0.12549020
v 0.27500000 0.00000000 -0.45881397 0.85490196 0.64705882 0.12549020
v 0.29265414 0.00351163 -0.49381397 0.85490196 0.64705882 0.12549020
v 0.29265414 0.00351163 -0.45881397 0.85490196 0.64705882 0.12549020
v 0.29162983 0.00688830 -0.49381397 0.85490196 0.64705882 0.12549020
v 0.29162983 0.00688830 -0.45881397 0.85490196 0.64705882 0.12549020
v 0.28996645 0.01000026 -0.49381397 0.85490196 0.64705882 0.12549020
v 0.28996645 0.01000026 -0.45881397 0.85490196 0.64705882 0.12549020
v 0.28772792 0.01272792 -0.49381397 0.85490196 0.64705882 0.12549020
v 0.28772792 0.01272792 -0.45881397 0.85490196 0.64705882 0.12549020
v 0.28500026 0.01496645 -0.49381397 0.85490196 0.64705882 0.12549020
v 0.28500026 0.01496645 -0.45881397 0.85490196 0.64705882 0.12549020
v 0.28188830 0.01662983 -0.49381397 0.85490196 0.64705882 0.12549020
v 0.28188830 0.01662983 -0.45881397 0.85490196 0.64705882 0.12549020
v 0.27851163 0.01765414 -0.49381397 0.85490196 0.64705882 0.12549020
v 0.27851163 0.01765414 -0.45881397 0.85490196 0.64705882 0.12549020
v 0.27500000 0.01800000 -0.49381397 0.85490196 0.64705882 0.12549020
v 0.27500000 0.01800000 -0.45881397 0.85490196 0.64705882 0.12549020
v 0.27148837 0.01765414 -0.49381397 0.85490196 0.64705882 0.12549020
v 0.27148837 0.01765414 -0.45881397 0.85490196 0.64705882 0.12549020
v 0.26811170 0.01662983 -0.49381397 0.85490196 0.64705882 0.12549020
v 0.26811170 0.01662983 -0.45881397 0.85490196 0.64705882 0.12549020
v 0.26499974 0.01496645 -0.49381397 0.85490196 0.64705882 0.12549020
v 0.26499974 0.01496645 -0.45881397 0.85490196 0.64705882 0.12549020
v 0.26227208 0.01272792 -0.49381397 0.85490196 0.64705882 0.12549020
v 0.26227208 0.01272792 -0.45881397 0.85490196 0.64705882 0.12549020
v 0.26003355 0.01000026 -0.49381397 0.85490196 0.64705882 0.12549020
v 0.26003355 0.01000026 -0.45881397 0.85490196 0.64705882 0.12549020
v 0.25837017 0.00688830 -0.49381397 0.85490196 0.64705882 0.12549020
v 0.25837017 0.00688830 -0.45881397 0.85490196 0.64705882 0.12549020
v 0.25734586 0.00351163 -0.49381397 0.85490196 0.64705882 0.12549020
v 0.25734586 0.00351163 -0.45881397 0.85490196 0.64705882 0.12549020
v 0.25700000 0.00000000 -0.49381397 0.85490196 0.64705882 0.12549020
v 0.25700000 0.00000000 -0.45881397 0.85490196 0.64705882 0.12549020
v 0.25734586 -0.00351163 -0.49381397 0.85490196 0.64705882 0.12549020
v 0.25734586 -0.00351163 -0.45881397 0.85490196 0.64705882 0.12549020
v 0.25837017 -0.00688830 -0.49381397 0.85490196 0.64705882 0.12549020
v 0.25837017 -0.00688830 -0.45881397 0.85490196 0.64705882 0.12549020
v 0.26003355 -0.01000026 -0.49381397 0.85490196 0.64705882 0.12549020
v 0.26003355 -0.01000026 -0.45881397 0.85490196 0.64705882 0.12549020
v 0.26227208 -0.01272792 -0.49381397 0.85490196 0.64705882 0.12549020
v 0.26227208 -0.01272792 -0.45881397 0.85490196 0.64705882 0.12549020
v 0.26499974 -0.01496645 -0.49381397 0.85490196 0.64705882 0.12549020
v 0.26499974 -0.01496645 -0.45881397 0.85490196 0.64705882 0.12549020
v 0.26811170 -0.01662983 -0.49381397 0.85490196 0.64705882 0.12549020
v 0.26811170 -0.01662983 -0.45881397 0.85490196 0.64705882 0.12549020
v 0.27148837 -0.01765414 -0.49381397 0.85490196 0.64705882 0.12549020
v 0.27148837 -0.01765414 -0.45881397 0.85490196 0.64705882 0.12549020
v 0.27500000 -0.01800000 -0.49381397 0.85490196 0.64705882 0.12549020
v 0.27500000 -0.01800000 -0.45881397 0.85490196 0.64705882 0.12549020
v 0.27851163 -0.01765414 -0.49381397 0.85490196 0.64705882 0.12549020
v 0.27851163 -0.01765414 -0.45881397 0.85490196 0.64705882 0.12549020
v 0.28188830 -0.01662983 -0.49381397 0.85490196 0.64705882 0.12549020
v 0.28188830 -0.01662983 -0.45881397 0.85490196 0.64705882 0.12549020
v 0.28500026 -0.01496645 -0.49381397 0.85490196 0.64705882 0.12549020
v 0.28500026 -0.01496645 -0.45881397 0.85490196 0.64705882 0.12549020
v 0.28772792 -0.01272792 -0.49381397 0.85490196 0.64705882 0.12549020
v 0.28772792 -0.01272792 -0.45881397 0.85490196 0.64705882 0.12549020
v 0.28996645 -0.01000026 -0.49381397 0.85490196 0.64705882 0.12549020
v 0.28996645 -0.01000026 -0.45881397 0.85490196 0.64705882 0.12549020
v 0.29162983 -0.00688830 -0.49381397 0.85490196 0.64705882 0.12549020
v 0.29162983 -0.00688830 -0.45881397 0.85490196 0.64705882 0.12549020
v 0.29265414 -0.00351163 -0.49381397 0.85490196 0.64705882 0.12549020
v 0.29265414 -0.00351163 -0.45881397 0.85490196 0.64705882 0.12549020
f 2390 2389 2393
f 2390 2393 2391
f 2391 2393 2394
f 2391 2394 2392
f 2393 2389 2395
f 2393 2395 2394
f 2394 2395 2396
f 2394 2396 2392
f 2395 2389 2397
f 2395 2397 2396
f 2396 2397 2398
f 2396 2398 2392
f 2397 2389 2399
f 2397 2399 2398
f 2398 2399 2400
f 2398 2400 2392
f 2399 2389 2401
f 2399 2401 2400
f 2400 2401 2402
f 2400 2402 2392
f 2401 2389 2403
f 2401 2403 2402
f 2402 2403 2404
f 2402 2404 2392
f 2403 2389 2405
f 2403 2405 2404
f 2404 2405 2406
f 2404 2406 2392
f 2405 2389 2407
f 2405 2407 2406
f 2406 2407 2408
f 2406 2408 2392
f 2407 2389 2409
f 2407 2409 2408
f 2408 2409 2410
f 2408 2410 2392
f 2409 2389 2411
f 2409 2411 2410
f 2410 2411 2412
f 2410 2412 2392
f 2411 2389 2413
f 2411 2413 2412
f 2412 2413 2414
f 2412 2414 2392
f 2413 2389 2415
f 2413 2415 2414
f 2414 2415 2416
f 2414 2416 2392
f 2415 2389 2417
f 2415 2417 2416
f 2416 2417 2418
f 2416 2418 2392
f 2417 2389 2419
f 2417 2419 2418
f 2418 2419 2420
f 2418 2420 2392
f 2419 2389 2421
f 2419 2421 2420
f 2420 2421 2422
f 2420 2422 2392
f 2421 2389 2423
f 2421 2423 2422
f 2422 2423 2424
f 2422 2424 2392
f 2423 2389 2425
f 2423 2425 2424
f 2424 2425 2426
f 2424 2426 2392
f 2425 2389 2427
f 2425 2427 2426
f 2426 2427 2428
f 2426 2428 2392
f 2427 2389 2429
f 2427 2429 2428
f 2428 2429 2430
f 2428 2430 2392
f 2429 2389 2431
f 2429 2431 2430
f 2430 2431 2432
f 2430 2432 2392
f 2431 2389 2433
f 2431 2433 2432
f 2432 2433 2434
f 2432 2434 2392
f 2433 2389 2435
f 2433 2435 2434
f 2434 2435 2436
f 2434 2436 2392
f 2435 2389 2437
f 2435 2437 2436
f 2436 2437 2438
f 2436 2438 2392
f 2437 2389 2439
f 2437 2439 2438
f 2438 2439 2440
f 2438 2440 2392
f 2439 2389 2441
f 2439 2441 2440
f 2440 2441 2442
f 2440 2442 2392
f 2441 2389 2443
f 2441 2443 2442
f 2442 2443 2444
f 2442 2444 2392
f 2443 2389 2445
f 2443 2445 2444
f 2444 2445 2446
f 2444 2446 2392
f 2445 2389 2447
f 2445 2447 2446
f 2446 2447 2448
f 2446 2448 2392
f 2447 2389 2449
f 2447 2449 2448
f 2448 2449 2450
f 2448 2450 2392
f 2449 2389 2451
f 2449 2451 2450
f 2450 2451 2452
f 2450 2452 2392
f 2451 2389 2453
f 2451 2453 2452
f 2452 2453 2454
f 2452 2454 2392
f 2453 2389 2390
f 2453 2390 2454
f 2454 2390 2391
f 2454 2391 2392

o geometry_64
v 0.21026279 -0.02400000 -0.58327550 0.27450980 0.29411765 0.32156863
v 0.01973721 -0.02400000 -0.47327550 0.27450980 0.29411765 0.32156863
v 0.21026279 -0.01600000 -0.58327550 0.27450980 0.29411765 0.32156863
v 0.01973721 -0.01600000 -0.47327550 0.27450980 0.29411765 0.32156863
v 0.40026279 -0.02400000 -0.25418584 0.27450980 0.29411765 0.32156863
v 0.20973721 -0.02400000 -0.14418584 0.27450980 0.29411765 0.32156863
v 0.40026279 -0.01600000 -0.25418584 0.27450980 0.29411765 0.32156863
v 0.20973721 -0.01600000 -0.14418584 0.27450980 0.29411765 0.32156863
f 2456 2458 2455
f 2459 2456 2455
f 2455 2458 2457
f 2457 2459 2455
f 2456 2462 2458
f 2460 2456 2459
f 2460 2462 2456
f 2458 2462 2457
f 2461 2459 2457
f 2457 2462 2461
f 2461 2460 2459
f 2462 2460 2461

o geometry_65
v 0.12649519 -0.03300000 -0.52336524 1.00000000 0.96078431 0.82352941
v 0.11350481 -0.03300000 -0.51586524 1.00000000 0.96078431 0.82352941
v 0.12649519 -0.02700000 -0.52336524 1.00000000 0.96078431 0.82352941
v 0.11350481 -0.02700000 -0.51586524 1.00000000 0.96078431 0.82352941
v 0.30649519 -0.03300000 -0.21159610 1.00000000 0.96078431 0.82352941
v 0.29350481 -0.03300000 -0.20409610 1.00000000 0.96078431 0.82352941
v 0.30649519 -0.02700000 -0.21159610 1.00000000 0.96078431 0.82352941
v 0.29350481 -0.02700000 -0.20409610 1.00000000 0.96078431 0.82352941
f 2464 2466 2463
f 2467 2464 2463
f 2463 2466 2465
f 2465 2467 2463
f 2464 2470 2466
f 2468 2464 2467
f 2468 2470 2464
f 2466 2470 2465
f 2469 2467 2465
f 2465 2470 2469
f 2469 2468 2467
f 2470 2468 2469

o geometry_66
v 0.02135954 -0.09111268 -0.58675229 0.87058824 0.72156863 0.52941176
v -0.02106686 -0.09111268 -0.54432588 0.87058824 0.72156863 0.52941176
v 0.01959535 -0.07937491 -0.58851648 0.87058824 0.72156863 0.52941176
v -0.02283105 -0.07937491 -0.54609007 0.87058824 0.72156863 0.52941176
v 0.58851648 0.07937491 -0.01959535 0.87058824 0.72156863 0.52941176
v 0.54609007 0.07937491 0.02283105 0.87058824 0.72156863 0.52941176
v 0.58675229 0.09111268 -0.02135954 0.87058824 0.72156863 0.52941176
v 0.54432588 0.09111268 0.02106686 0.87058824 0.72156863 0.52941176
f 2472 2474 2471
f 2475 2472 2471
f 2471 2474 2473
f 2473 2475 2471
f 2472 2478 2474
f 2476 2472 2475
f 2476 2478 2472
f 2474 2478 2473
f 2477 2475 2473
f 2473 2478 2477
f 2477 2476 2475
f 2478 2476 2477

o geometry_67
v 0.38890873 0.00000000 -0.40640873 0.85490196 0.64705882 0.12549020
v 0.40690873 0.00000000 -0.40640873 0.85490196 0.64705882 0.12549020
v 0.40690873 0.00000000 -0.37140873 0.85490196 0.64705882 0.12549020
v 0.38890873 0.00000000 -0.37140873 0.85490196 0.64705882 0.12549020
v 0.40656286 0.00351163 -0.40640873 0.85490196 0.64705882 0.12549020
v 0.40656286 0.00351163 -0.37140873 0.85490196 0.64705882 0.12549020
v 0.40553856 0.00688830 -0.40640873 0.85490196 0.64705882 0.12549020
v 0.40553856 0.00688830 -0.37140873 0.85490196 0.64705882 0.12549020
v 0.40387518 0.01000026 -0.40640873 0.85490196 0.64705882 0.12549020
v 0.40387518 0.01000026 -0.37140873 0.85490196 0.64705882 0.12549020
v 0.40163665 0.01272792 -0.40640873 0.85490196 0.64705882 0.12549020
v 0.40163665 0.01272792 -0.37140873 0.85490196 0.64705882 0.12549020
v 0.39890899 0.01496645 -0.40640873 0.85490196 0.64705882 0.12549020
v 0.39890899 0.01496645 -0.37140873 0.85490196 0.64705882 0.12549020
v 0.39579703 0.01662983 -0.40640873 0.85490196 0.64705882 0.12549020
v 0.39579703 0.01662983 -0.37140873 0.85490196 0.64705882 0.12549020
v 0.39242036 0.01765414 -0.40640873 0.85490196 0.64705882 0.12549020
v 0.39242036 0.01765414 -0.37140873 0.85490196 0.64705882 0.12549020
v 0.38890873 0.01800000 -0.40640873 0.85490196 0.64705882 0.12549020
v 0.38890873 0.01800000 -0.37140873 0.85490196 0.64705882 0.12549020
v 0.38539710 0.01765414 -0.40640873 0.85490196 0.64705882 0.12549020
v 0.38539710 0.01765414 -0.37140873 0.85490196 0.64705882 0.12549020
v 0.38202043 0.01662983 -0.40640873 0.85490196 0.64705882 0.12549020
v 0.38202043 0.01662983 -0.37140873 0.85490196 0.64705882 0.12549020
v 0.37890847 0.01496645 -0.40640873 0.85490196 0.64705882 0.12549020
v 0.37890847 0.01496645 -0.37140873 0.85490196 0.64705882 0.12549020
v 0.37618081 0.01272792 -0.40640873 0.85490196 0.64705882 0.12549020
v 0.37618081 0.01272792 -0.37140873 0.85490196 0.64705882 0.12549020
v 0.37394228 0.01000026 -0.40640873 0.85490196 0.64705882 0.12549020
v 0.37394228 0.01000026 -0.37140873 0.85490196 0.64705882 0.12549020
v 0.37227890 0.00688830 -0.40640873 0.85490196 0.64705882 0.12549020
v 0.37227890 0.00688830 -0.37140873 0.85490196 0.64705882 0.12549020
v 0.37125459 0.00351163 -0.40640873 0.85490196 0.64705882 0.12549020
v 0.37125459 0.00351163 -0.37140873 0.85490196 0.64705882 0.12549020
v 0.37090873 0.00000000 -0.40640873 0.85490196 0.64705882 0.12549020
v 0.37090873 0.00000000 -0.37140873 0.85490196 0.64705882 0.12549020
v 0.37125459 -0.00351163 -0.40640873 0.85490196 0.64705882 0.12549020
v 0.37125459 -0.00351163 -0.37140873 0.85490196 0.64705882 0.12549020
v 0.37227890 -0.00688830 -0.40640873 0.85490196 0.64705882 0.12549020
v 0.37227890 -0.00688830 -0.37140873 0.85490196 0.64705882 0.12549020
v 0.37394228 -0.01000026 -0.40640873 0.85490196 0.64705882 0.12549020
v 0.37394228 -0.01000026 -0.37140873 0.85490196 0.64705882 0.12549020
v 0.37618081 -0.01272792 -0.40640873 0.85490196 0.64705882 0.12549020
v 0.37618081 -0.01272792 -0.37140873 0.85490196 0.64705882 0.12549020
v 0.37890847 -0.01496645 -0.40640873 0.85490196 0.64705882 0.12549020
v 0.37890847 -0.01496645 -0.37140873 0.85490196 0.64705882 0.12549020
v 0.38202043 -0.01662983 -0.40640873 0.85490196 0.64705882 0.12549020
v 0.38202043 -0.01662983 -0.37140873 0.85490196 0.64705882 0.12549020
v 0.38539710 -0.01765414 -0.40640873 0.85490196 0.64705882 0.12549020
v 0.38539710 -0.01765414 -0.37140873 0.85490196 0.64705882 0.12549020
v 0.38890873 -0.01800000 -0.40640873 0.85490196 0.64705882 0.12549020
v 0.38890873 -0.01800000 -0.37140873 0.85490196 0.64705882 0.12549020
v 0.39242036 -0.01765414 -0.40640873 0.85490196 0.64705882 0.12549020
v 0.39242036 -0.01765414 -0.37140873 0.85490196 0.64705882 0.12549020
v 0.39579703 -0.01662983 -0.40640873 0.85490196 0.64705882 0.12549020
v 0.39579703 -0.01662983 -0.37140873 0.85490196 0.64705882 0.12549020
v 0.39890899 -0.01496645 -0.40640873 0.85490196 0.64705882 0.12549020
v 0.39890899 -0.01496645 -0.37140873 0.85490196 0.64705882 0.12549020
v 0.40163665 -0.01272792 -0.40640873 0.85490196 0.64705882 0.12549020
v 0.40163665 -0.01272792 -0.37140873 0.85490196 0.64705882 0.12549020
v 0.40387518 -0.01000026 -0.40640873 0.85490196 0.64705882 0.12549020
v 0.40387518 -0.01000026 -0.37140873 0.85490196 0.64705882 0.12549020
v 0.40553856 -0.00688830 -0.40640873 0.85490196 0.64705882 0.12549020
v 0.40553856 -0.00688830 -0.37140873 0.85490196 0.64705882 0.12549020
v 0.40656286 -0.00351163 -0.40640873 0.85490196 0.64705882 0.12549020
v 0.40656286 -0.00351163 -0.37140873 0.85490196 0.64705882 0.12549020
f 2480 2479 2483
f 2480 2483 2481
f 2481 2483 2484
f 2481 2484 2482
f 2483 2479 2485
f 2483 2485 2484
f 2484 2485 2486
f 2484 2486 2482
f 2485 2479 2487
f 2485 2487 2486
f 2486 2487 2488
f 2486 2488 2482
f 2487 2479 2489
f 2487 2489 2488
f 2488 2489 2490
f 2488 2490 2482
f 2489 2479 2491
f 2489 2491 2490
f 2490 2491 2492
f 2490 2492 2482
f 2491 2479 2493
f 2491 2493 2492
f 2492 2493 2494
f 2492 2494 2482
f 2493 2479 2495
f 2493 2495 2494
f 2494 2495 2496
f 2494 2496 2482
f 2495 2479 2497
f 2495 2497 2496
f 2496 2497 2498
f 2496 2498 2482
f 2497 2479 2499
f 2497 2499 2498
f 2498 2499 2500
f 2498 2500 2482
f 2499 2479 2501
f 2499 2501 2500
f 2500 2501 2502
f 2500 2502 2482
f 2501 2479 2503
f 2501 2503 2502
f 2502 2503 2504
f 2502 2504 2482
f 2503 2479 2505
f 2503 2505 2504
f 2504 2505 2506
f 2504 2506 2482
f 2505 2479 2507
f 2505 2507 2506
f 2506 2507 2508
f 2506 2508 2482
f 2507 2479 2509
f 2507 2509 2508
f 2508 2509 2510
f 2508 2510 2482
f 2509 2479 2511
f 2509 2511 2510
f 2510 2511 2512
f 2510 2512 2482
f 2511 2479 2513
f 2511 2513 2512
f 2512 2513 2514
f 2512 2514 2482
f 2513 2479 2515
f 2513 2515 2514
f 2514 2515 2516
f 2514 2516 2482
f 2515 2479 2517
f 2515 2517 2516
f 2516 2517 2518
f 2516 2518 2482
f 2517 2479 2519
f 2517 2519 2518
f 2518 2519 2520
f 2518 2520 2482
f 2519 2479 2521
f 2519 2521 2520
f 2520 2521 2522
f 2520 2522 2482
f 2521 2479 2523
f 2521 2523 2522
f 2522 2523 2524
f 2522 2524 2482
f 2523 2479 2525
f 2523 2525 2524
f 2524 2525 2526
f 2524 2526 2482
f 2525 2479 2527
f 2525 2527 2526
f 2526 2527 2528
f 2526 2528 2482
f 2527 2479 2529
f 2527 2529 2528
f 2528 2529 2530
f 2528 2530 2482
f 2529 2479 2531
f 2529 2531 2530
f 2530 2531 2532
f 2530 2532 2482
f 2531 2479 2533
f 2531 2533 2532
f 2532 2533 2534
f 2532 2534 2482
f 2533 2479 2535
f 2533 2535 2534
f 2534 2535 2536
f 2534 2536 2482
f 2535 2479 2537
f 2535 2537 2536
f 2536 2537 2538
f 2536 2538 2482
f 2537 2479 2539
f 2537 2539 2538
f 2538 2539 2540
f 2538 2540 2482
f 2539 2479 2541
f 2539 2541 2540
f 2540 2541 2542
f 2540 2542 2482
f 2541 2479 2543
f 2541 2543 2542
f 2542 2543 2544
f 2542 2544 2482
f 2543 2479 2480
f 2543 2480 2544
f 2544 2480 2481
f 2544 2481 2482

o geometry_68
v 0.01517923 -0.09111268 -0.42587729 0.87058824 0.72156863 0.52941176
v -0.01482077 -0.09111268 -0.37391576 0.87058824 0.72156863 0.52941176
v 0.01301855 -0.07937491 -0.42712476 0.87058824 0.72156863 0.52941176
v -0.01698145 -0.07937491 -0.37516323 0.87058824 0.72156863 0.52941176
v 0.70980178 0.07937491 -0.02483677 0.87058824 0.72156863 0.52941176
v 0.67980178 0.07937491 0.02712476 0.87058824 0.72156863 0.52941176
v 0.70764110 0.09111268 -0.02608424 0.87058824 0.72156863 0.52941176
v 0.67764110 0.09111268 0.02587729 0.87058824 0.72156863 0.52941176
f 2546 2548 2545
f 2549 2546 2545
f 2545 2548 2547
f 2547 2549 2545
f 2546 2552 2548
f 2550 2546 2549
f 2550 2552 2546
f 2548 2552 2547
f 2551 2549 2547
f 2547 2552 2551
f 2551 2550 2549
f 2552 2550 2551

o geometry_69
v 0.47631397 0.00000000 -0.29250000 0.85490196 0.64705882 0.12549020
v 0.49431397 0.00000000 -0.29250000 0.85490196 0.64705882 0.12549020
v 0.49431397 0.00000000 -0.25750000 0.85490196 0.64705882 0.12549020
v 0.47631397 0.00000000 -0.25750000 0.85490196 0.64705882 0.12549020
v 0.49396811 0.00351163 -0.29250000 0.85490196 0.64705882 0.12549020
v 0.49396811 0.00351163 -0.25750000 0.85490196 0.64705882 0.12549020
v 0.49294380 0.00688830 -0.29250000 0.85490196 0.64705882 0.12549020
v 0.49294380 0.00688830 -0.25750000 0.85490196 0.64705882 0.12549020
v 0.49128043 0.01000026 -0.29250000 0.85490196 0.64705882 0.12549020
v 0.49128043 0.01000026 -0.25750000 0.85490196 0.64705882 0.12549020
v 0.48904189 0.01272792 -0.29250000 0.85490196 0.64705882 0.12549020
v 0.48904189 0.01272792 -0.25750000 0.85490196 0.64705882 0.12549020
v 0.48631424 0.01496645 -0.29250000 0.85490196 0.64705882 0.12549020
v 0.48631424 0.01496645 -0.25750000 0.85490196 0.64705882 0.12549020
v 0.48320227 0.01662983 -0.29250000 0.85490196 0.64705882 0.12549020
v 0.48320227 0.01662983 -0.25750000 0.85490196 0.64705882 0.12549020
v 0.47982560 0.01765414 -0.29250000 0.85490196 0.64705882 0.12549020
v 0.47982560 0.01765414 -0.25750000 0.85490196 0.64705882 0.12549020
v 0.47631397 0.01800000 -0.29250000 0.85490196 0.64705882 0.12549020
v 0.47631397 0.01800000 -0.25750000 0.85490196 0.64705882 0.12549020
v 0.47280235 0.01765414 -0.29250000 0.85490196 0.64705882 0.12549020
v 0.47280235 0.01765414 -0.25750000 0.85490196 0.64705882 0.12549020
v 0.46942567 0.01662983 -0.29250000 0.85490196 0.64705882 0.12549020
v 0.46942567 0.01662983 -0.25750000 0.85490196 0.64705882 0.12549020
v 0.46631371 0.01496645 -0.29250000 0.85490196 0.64705882 0.12549020
v 0.46631371 0.01496645 -0.25750000 0.85490196 0.64705882 0.12549020
v 0.46358605 0.01272792 -0.29250000 0.85490196 0.64705882 0.12549020
v 0.46358605 0.01272792 -0.25750000 0.85490196 0.64705882 0.12549020
v 0.46134752 0.01000026 -0.29250000 0.85490196 0.64705882 0.12549020
v 0.46134752 0.01000026 -0.25750000 0.85490196 0.64705882 0.12549020
v 0.45968414 0.00688830 -0.29250000 0.85490196 0.64705882 0.12549020
v 0.45968414 0.00688830 -0.25750000 0.85490196 0.64705882 0.12549020
v 0.45865984 0.00351163 -0.29250000 0.85490196 0.64705882 0.12549020
v 0.45865984 0.00351163 -0.25750000 0.85490196 0.64705882 0.12549020
v 0.45831397 0.00000000 -0.29250000 0.85490196 0.64705882 0.12549020
v 0.45831397 0.00000000 -0.25750000 0.85490196 0.64705882 0.12549020
v 0.45865984 -0.00351163 -0.29250000 0.85490196 0.64705882 0.12549020
v 0.45865984 -0.00351163 -0.25750000 0.85490196 0.64705882 0.12549020
v 0.45968414 -0.00688830 -0.29250000 0.85490196 0.64705882 0.12549020
v 0.45968414 -0.00688830 -0.25750000 0.85490196 0.64705882 0.12549020
v 0.46134752 -0.01000026 -0.29250000 0.85490196 0.64705882 0.12549020
v 0.46134752 -0.01000026 -0.25750000 0.85490196 0.64705882 0.12549020
v 0.46358605 -0.01272792 -0.29250000 0.85490196 0.64705882 0.12549020
v 0.46358605 -0.01272792 -0.25750000 0.85490196 0.64705882 0.12549020
v 0.46631371 -0.01496645 -0.29250000 0.85490196 0.64705882 0.12549020
v 0.46631371 -0.01496645 -0.25750000 0.85490196 0.64705882 0.12549020
v 0.46942567 -0.01662983 -0.29250000 0.85490196 0.64705882 0.12549020
v 0.46942567 -0.01662983 -0.25750000 0.85490196 0.64705882 0.12549020
v 0.47280235 -0.01765414 -0.29250000 0.85490196 0.64705882 0.12549020
v 0.47280235 -0.01765414 -0.25750000 0.85490196 0.64705882 0.12549020
v 0.47631397 -0.01800000 -0.29250000 0.85490196 0.64705882 0.12549020
v 0.47631397 -0.01800000 -0.25750000 0.85490196 0.64705882 0.12549020
v 0.47982560 -0.01765414 -0.29250000 0.85490196 0.64705882 0.12549020
v 0.47982560 -0.01765414 -0.25750000 0.85490196 0.64705882 0.12549020
v 0.48320227 -0.01662983 -0.29250000 0.85490196 0.64705882 0.12549020
v 0.48320227 -0.01662983 -0.25750000 0.85490196 0.64705882 0.12549020
v 0.48631424 -0.01496645 -0.29250000 0.85490196 0.64705882 0.12549020
v 0.48631424 -0.01496645 -0.25750000 0.85490196 0.64705882 0.12549020
v 0.48904189 -0.01272792 -0.29250000 0.85490196 0.64705882 0.12549020
v 0.48904189 -0.01272792 -0.25750000 0.85490196 0.64705882 0.12549020
v 0.49128043 -0.01000026 -0.29250000 0.85490196 0.64705882 0.12549020
v 0.49128043 -0.01000026 -0.25750000 0.85490196 0.64705882 0.12549020
v 0.49294380 -0.00688830 -0.29250000 0.85490196 0.64705882 0.12549020
v 0.49294380 -0.00688830 -0.25750000 0.85490196 0.64705882 0.12549020
v 0.49396811 -0.00351163 -0.29250000 0.85490196 0.64705882 0.12549020
v 0.49396811 -0.00351163 -0.25750000 0.85490196 0.64705882 0.12549020
f 2554 2553 2557
f 2554 2557 2555
f 2555 2557 2558
f 2555 2558 2556
f 2557 2553 2559
f 2557 2559 2558
f 2558 2559 2560
f 2558 2560 2556
f 2559 2553 2561
f 2559 2561 2560
f 2560 2561 2562
f 2560 2562 2556
f 2561 2553 2563
f 2561 2563 2562
f 2562 2563 2564
f 2562 2564 2556
f 2563 2553 2565
f 2563 2565 2564
f 2564 2565 2566
f 2564 2566 2556
f 2565 2553 2567
f 2565 2567 2566
f 2566 2567 2568
f 2566 2568 2556
f 2567 2553 2569
f 2567 2569 2568
f 2568 2569 2570
f 2568 2570 2556
f 2569 2553 2571
f 2569 2571 2570
f 2570 2571 2572
f 2570 2572 2556
f 2571 2553 2573
f 2571 2573 2572
f 2572 2573 2574
f 2572 2574 2556
f 2573 2553 2575
f 2573 2575 2574
f 2574 2575 2576
f 2574 2576 2556
f 2575 2553 2577
f 2575 2577 2576
f 2576 2577 2578
f 2576 2578 2556
f 2577 2553 2579
f 2577 2579 2578
f 2578 2579 2580
f 2578 2580 2556
f 2579 2553 2581
f 2579 2581 2580
f 2580 2581 2582
f 2580 2582 2556
f 2581 2553 2583
f 2581 2583 2582
f 2582 2583 2584
f 2582 2584 2556
f 2583 2553 2585
f 2583 2585 2584
f 2584 2585 2586
f 2584 2586 2556
f 2585 2553 2587
f 2585 2587 2586
f 2586 2587 2588
f 2586 2588 2556
f 2587 2553 2589
f 2587 2589 2588
f 2588 2589 2590
f 2588 2590 2556
f 2589 2553 2591
f 2589 2591 2590
f 2590 2591 2592
f 2590 2592 2556
f 2591 2553 2593
f 2591 2593 2592
f 2592 2593 2594
f 2592 2594 2556
f 2593 2553 2595
f 2593 2595 2594
f 2594 2595 2596
f 2594 2596 2556
f 2595 2553 2597
f 2595 2597 2596
f 2596 2597 2598
f 2596 2598 2556
f 2597 2553 2599
f 2597 2599 2598
f 2598 2599 2600
f 2598 2600 2556
f 2599 2553 2601
f 2599 2601 2600
f 2600 2601 2602
f 2600 2602 2556
f 2601 2553 2603
f 2601 2603 2602
f 2602 2603 2604
f 2602 2604 2556
f 2603 2553 2605
f 2603 2605 2604
f 2604 2605 2606
f 2604 2606 2556
f 2605 2553 2607
f 2605 2607 2606
f 2606 2607 2608
f 2606 2608 2556
f 2607 2553 2609
f 2607 2609 2608
f 2608 2609 2610
f 2608 2610 2556
f 2609 2553 2611
f 2609 2611 2610
f 2610 2611 2612
f 2610 2612 2556
f 2611 2553 2613
f 2611 2613 2612
f 2612 2613 2614
f 2612 2614 2556
f 2613 2553 2615
f 2613 2615 2614
f 2614 2615 2616
f 2614 2616 2556
f 2615 2553 2617
f 2615 2617 2616
f 2616 2617 2618
f 2616 2618 2556
f 2617 2553 2554
f 2617 2554 2618
f 2618 2554 2555
f 2618 2555 2556

o geometry_70
v 0.25418584 -0.02400000 -0.40026279 0.27450980 0.29411765 0.32156863
v 0.14418584 -0.02400000 -0.20973721 0.27450980 0.29411765 0.32156863
v 0.25418584 -0.01600000 -0.40026279 0.27450980 0.29411765 0.32156863
v 0.14418584 -0.01600000 -0.20973721 0.27450980 0.29411765 0.32156863
v 0.58327550 -0.02400000 -0.21026279 0.27450980 0.29411765 0.32156863
v 0.47327550 -0.02400000 -0.01973721 0.27450980 0.29411765 0.32156863
v 0.58327550 -0.01600000 -0.21026279 0.27450980 0.29411765 0.32156863
v 0.47327550 -0.01600000 -0.01973721 0.27450980 0.29411765 0.32156863
f 2620 2622 2619
f 2623 2620 2619
f 2619 2622 2621
f 2621 2623 2619
f 2620 2626 2622
f 2624 2620 2623
f 2624 2626 2620
f 2622 2626 2621
f 2625 2623 2621
f 2621 2626 2625
f 2625 2624 2623
f 2626 2624 2625

o geometry_71
v 0.21159610 -0.03300000 -0.30649519 1.00000000 0.96078431 0.82352941
v 0.20409610 -0.03300000 -0.29350481 1.00000000 0.96078431 0.82352941
v 0.21159610 -0.02700000 -0.30649519 1.00000000 0.96078431 0.82352941
v 0.20409610 -0.02700000 -0.29350481 1.00000000 0.96078431 0.82352941
v 0.52336524 -0.03300000 -0.12649519 1.00000000 0.96078431 0.82352941
v 0.51586524 -0.03300000 -0.11350481 1.00000000 0.96078431 0.82352941
v 0.52336524 -0.02700000 -0.12649519 1.00000000 0.96078431 0.82352941
v 0.51586524 -0.02700000 -0.11350481 1.00000000 0.96078431 0.82352941
f 2628 2630 2627
f 2631 2628 2627
f 2627 2630 2629
f 2629 2631 2627
f 2628 2634 2630
f 2632 2628 2631
f 2632 2634 2628
f 2630 2634 2629
f 2633 2631 2629
f 2629 2634 2633
f 2633 2632 2631
f 2634 2632 2633

o geometry_72
v 0.00796447 -0.09111268 -0.23597945 0.87058824 0.72156863 0.52941176
v -0.00756467 -0.09111268 -0.17802390 0.87058824 0.72156863 0.52941176
v 0.00555455 -0.07937491 -0.23662519 0.87058824 0.72156863 0.52941176
v -0.00997460 -0.07937491 -0.17866964 0.87058824 0.72156863 0.52941176
v 0.78271526 0.07937491 -0.02838560 0.87058824 0.72156863 0.52941176
v 0.76718611 0.07937491 0.02956995 0.87058824 0.72156863 0.52941176
v 0.78030533 0.09111268 -0.02903134 0.87058824 0.72156863 0.52941176
v 0.76477619 0.09111268 0.02892421 0.87058824 0.72156863 0.52941176
f 2636 2638 2635
f 2639 2636 2635
f 2635 2638 2637
f 2637 2639 2635
f 2636 2642 2638
f 2640 2636 2639
f 2640 2642 2636
f 2638 2642 2637
f 2641 2639 2637
f 2637 2642 2641
f 2641 2640 2639
f 2642 2640 2641

o geometry_73
v 0.53125920 0.00000000 -0.15985047 0.85490196 0.64705882 0.12549020
v 0.54925920 0.00000000 -0.15985047 0.85490196 0.64705882 0.12549020
v 0.54925920 0.00000000 -0.12485047 0.85490196 0.64705882 0.12549020
v 0.53125920 0.00000000 -0.12485047 0.85490196 0.64705882 0.12549020
v 0.54891334 0.00351163 -0.15985047 0.85490196 0.64705882 0.12549020
v 0.54891334 0.00351163 -0.12485047 0.85490196 0.64705882 0.12549020
v 0.54788904 0.00688830 -0.15985047 0.85490196 0.64705882 0.12549020
v 0.54788904 0.00688830 -0.12485047 0.85490196 0.64705882 0.12549020
v 0.54622566 0.01000026 -0.15985047 0.85490196 0.64705882 0.12549020
v 0.54622566 0.01000026 -0.12485047 0.85490196 0.64705882 0.12549020
v 0.54398713 0.01272792 -0.15985047 0.85490196 0.64705882 0.12549020
v 0.54398713 0.01272792 -0.12485047 0.85490196 0.64705882 0.12549020
v 0.54125947 0.01496645 -0.15985047 0.85490196 0.64705882 0.12549020
v 0.54125947 0.01496645 -0.12485047 0.85490196 0.64705882 0.12549020
v 0.53814751 0.01662983 -0.15985047 0.85490196 0.64705882 0.12549020
v 0.53814751 0.01662983 -0.12485047 0.85490196 0.64705882 0.12549020
v 0.53477083 0.01765414 -0.15985047 0.85490196 0.64705882 0.12549020
v 0.53477083 0.01765414 -0.12485047 0.85490196 0.64705882 0.12549020
v 0.53125920 0.01800000 -0.15985047 0.85490196 0.64705882 0.12549020
v 0.53125920 0.01800000 -0.12485047 0.85490196 0.64705882 0.12549020
v 0.52774758 0.01765414 -0.15985047 0.85490196 0.64705882 0.12549020
v 0.52774758 0.01765414 -0.12485047 0.85490196 0.64705882 0.12549020
v 0.52437090 0.01662983 -0.15985047 0.85490196 0.64705882 0.12549020
v 0.52437090 0.01662983 -0.12485047 0.85490196 0.64705882 0.12549020
v 0.52125894 0.01496645 -0.15985047 0.85490196 0.64705882 0.12549020
v 0.52125894 0.01496645 -0.12485047 0.85490196 0.64705882 0.12549020
v 0.51853128 0.01272792 -0.15985047 0.85490196 0.64705882 0.12549020
v 0.51853128 0.01272792 -0.12485047 0.85490196 0.64705882 0.12549020
v 0.51629275 0.01000026 -0.15985047 0.85490196 0.64705882 0.12549020
v 0.51629275 0.01000026 -0.12485047 0.85490196 0.64705882 0.12549020
v 0.51462937 0.00688830 -0.15985047 0.85490196 0.64705882 0.12549020
v 0.51462937 0.00688830 -0.12485047 0.85490196 0.64705882 0.12549020
v 0.51360507 0.00351163 -0.15985047 0.85490196 0.64705882 0.12549020
v 0.51360507 0.00351163 -0.12485047 0.85490196 0.64705882 0.12549020
v 0.51325920 0.00000000 -0.15985047 0.85490196 0.64705882 0.12549020
v 0.51325920 0.00000000 -0.12485047 0.85490196 0.64705882 0.12549020
v 0.51360507 -0.00351163 -0.15985047 0.85490196 0.64705882 0.12549020
v 0.51360507 -0.00351163 -0.12485047 0.85490196 0.64705882 0.12549020
v 0.51462937 -0.00688830 -0.15985047 0.85490196 0.64705882 0.12549020
v 0.51462937 -0.00688830 -0.12485047 0.85490196 0.64705882 0.12549020
v 0.51629275 -0.01000026 -0.15985047 0.85490196 0.64705882 0.12549020
v 0.51629275 -0.01000026 -0.12485047 0.85490196 0.64705882 0.12549020
v 0.51853128 -0.01272792 -0.15985047 0.85490196 0.64705882 0.12549020
v 0.51853128 -0.01272792 -0.12485047 0.85490196 0.64705882 0.12549020
v 0.52125894 -0.01496645 -0.15985047 0.85490196 0.64705882 0.12549020
v 0.52125894 -0.01496645 -0.12485047 0.85490196 0.64705882 0.12549020
v 0.52437090 -0.01662983 -0.15985047 0.85490196 0.64705882 0.12549020
v 0.52437090 -0.01662983 -0.12485047 0.85490196 0.64705882 0.12549020
v 0.52774758 -0.01765414 -0.15985047 0.85490196 0.64705882 0.12549020
v 0.52774758 -0.01765414 -0.12485047 0.85490196 0.64705882 0.12549020
v 0.53125920 -0.01800000 -0.15985047 0.85490196 0.64705882 0.12549020
v 0.53125920 -0.01800000 -0.12485047 0.85490196 0.64705882 0.12549020
v 0.53477083 -0.01765414 -0.15985047 0.85490196 0.64705882 0.12549020
v 0.53477083 -0.01765414 -0.12485047 0.85490196 0.64705882 0.12549020
v 0.53814751 -0.01662983 -0.15985047 0.85490196 0.64705882 0.12549020
v 0.53814751 -0.01662983 -0.12485047 0.85490196 0.64705882 0.12549020
v 0.54125947 -0.01496645 -0.15985047 0.85490196 0.64705882 0.12549020
v 0.54125947 -0.01496645 -0.12485047 0.85490196 0.64705882 0.12549020
v 0.54398713 -0.01272792 -0.15985047 0.85490196 0.64705882 0.12549020
v 0.54398713 -0.01272792 -0.12485047 0.85490196 0.64705882 0.12549020
v 0.54622566 -0.01000026 -0.15985047 0.85490196 0.64705882 0.12549020
v 0.54622566 -0.01000026 -0.12485047 0.85490196 0.64705882 0.12549020
v 0.54788904 -0.00688830 -0.15985047 0.85490196 0.64705882 0.12549020
v 0.54788904 -0.00688830 -0.12485047 0.85490196 0.64705882 0.12549020
v 0.54891334 -0.00351163 -0.15985047 0.85490196 0.64705882 0.12549020
v 0.54891334 -0.00351163 -0.12485047 0.85490196 0.64705882 0.12549020
f 2644 2643 2647
f 2644 2647 2645
f 2645 2647 2648
f 2645 2648 2646
f 2647 2643 2649
f 2647 2649 2648
f 2648 2649 2650
f 2648 2650 2646
f 2649 2643 2651
f 2649 2651 2650
f 2650 2651 2652
f 2650 2652 2646
f 2651 2643 2653
f 2651 2653 2652
f 2652 2653 2654
f 2652 2654 2646
f 2653 2643 2655
f 2653 2655 2654
f 2654 2655 2656
f 2654 2656 2646
f 2655 2643 2657
f 2655 2657 2656
f 2656 2657 2658
f 2656 2658 2646
f 2657 2643 2659
f 2657 2659 2658
f 2658 2659 2660
f 2658 2660 2646
f 2659 2643 2661
f 2659 2661 2660
f 2660 2661 2662
f 2660 2662 2646
f 2661 2643 2663
f 2661 2663 2662
f 2662 2663 2664
f 2662 2664 2646
f 2663 2643 2665
f 2663 2665 2664
f 2664 2665 2666
f 2664 2666 2646
f 2665 2643 2667
f 2665 2667 2666
f 2666 2667 2668
f 2666 2668 2646
f 2667 2643 2669
f 2667 2669 2668
f 2668 2669 2670
f 2668 2670 2646
f 2669 2643 2671
f 2669 2671 2670
f 2670 2671 2672
f 2670 2672 2646
f 2671 2643 2673
f 2671 2673 2672
f 2672 2673 2674
f 2672 2674 2646
f 2673 2643 2675
f 2673 2675 2674
f 2674 2675 2676
f 2674 2676 2646
f 2675 2643 2677
f 2675 2677 2676
f 2676 2677 2678
f 2676 2678 2646
f 2677 2643 2679
f 2677 2679 2678
f 2678 2679 2680
f 2678 2680 2646
f 2679 2643 2681
f 2679 2681 2680
f 2680 2681 2682
f 2680 2682 2646
f 2681 2643 2683
f 2681 2683 2682
f 2682 2683 2684
f 2682 2684 2646
f 2683 2643 2685
f 2683 2685 2684
f 2684 2685 2686
f 2684 2686 2646
f 2685 2643 2687
f 2685 2687 2686
f 2686 2687 2688
f 2686 2688 2646
f 2687 2643 2689
f 2687 2689 2688
f 2688 2689 2690
f 2688 2690 2646
f 2689 2643 2691
f 2689 2691 2690
f 2690 2691 2692
f 2690 2692 2646
f 2691 2643 2693
f 2691 2693 2692
f 2692 2693 2694
f 2692 2694 2646
f 2693 2643 2695
f 2693 2695 2694
f 2694 2695 2696
f 2694 2696 2646
f 2695 2643 2697
f 2695 2697 2696
f 2696 2697 2698
f 2696 2698 2646
f 2697 2643 2699
f 2697 2699 2698
f 2698 2699 2700
f 2698 2700 2646
f 2699 2643 2701
f 2699 2701 2700
f 2700 2701 2702
f 2700 2702 2646
f 2701 2643 2703
f 2701 2703 2702
f 2702 2703 2704
f 2702 2704 2646
f 2703 2643 2705
f 2703 2705 2704
f 2704 2705 2706
f 2704 2706 2646
f 2705 2643 2707
f 2705 2707 2706
f 2706 2707 2708
f 2706 2708 2646
f 2707 2643 2644
f 2707 2644 2708
f 2708 2644 2645
f 2708 2645 2646

