# https://github.com/mikedh/trimesh
v -1.30000000 0.22500000 0.45300000
v -1.29820000 0.22500000 0.45300000
v -1.29820000 -0.22500000 0.45300000
v -1.30000000 -0.22500000 0.45300000
v -1.29823459 0.22500000 0.45335116
v -1.29823459 -0.22500000 0.45335116
v -1.29833702 0.22500000 0.45368883
v -1.29833702 -0.22500000 0.45368883
v -1.29850335 0.22500000 0.45400003
v -1.29850335 -0.22500000 0.45400003
v -1.29872721 0.22500000 0.45427279
v -1.29872721 -0.22500000 0.45427279
v -1.29899997 0.22500000 0.45449665
v -1.29899997 -0.22500000 0.45449665
v -1.29931117 0.22500000 0.45466298
v -1.29931117 -0.22500000 0.45466298
v -1.29964884 0.22500000 0.45476541
v -1.29964884 -0.22500000 0.45476541
v -1.30000000 0.22500000 0.45480000
v -1.30000000 -0.22500000 0.45480000
v -1.30035116 0.22500000 0.45476541
v -1.30035116 -0.22500000 0.45476541
v -1.30068883 0.22500000 0.45466298
v -1.30068883 -0.22500000 0.45466298
v -1.30100003 0.22500000 0.45449665
v -1.30100003 -0.22500000 0.45449665
v -1.30127279 0.22500000 0.45427279
v -1.30127279 -0.22500000 0.45427279
v -1.30149665 0.22500000 0.45400003
v -1.30149665 -0.22500000 0.45400003
v -1.30166298 0.22500000 0.45368883
v -1.30166298 -0.22500000 0.45368883
v -1.30176541 0.22500000 0.45335116
v -1.30176541 -0.22500000 0.45335116
v -1.30180000 0.22500000 0.45300000
v -1.30180000 -0.22500000 0.45300000
v -1.30176541 0.22500000 0.45264884
v -1.30176541 -0.22500000 0.45264884
v -1.30166298 0.22500000 0.45231117
v -1.30166298 -0.22500000 0.45231117
v -1.30149665 0.22500000 0.45199997
v -1.30149665 -0.22500000 0.45199997
v -1.30127279 0.22500000 0.45172721
v -1.30127279 -0.22500000 0.45172721
v -1.30100003 0.22500000 0.45150335
v -1.30100003 -0.22500000 0.45150335
v -1.30068883 0.22500000 0.45133702
v -1.30068883 -0.22500000 0.45133702
v -1.30035116 0.22500000 0.45123459
v -1.30035116 -0.22500000 0.45123459
v -1.30000000 0.22500000 0.45120000
v -1.30000000 -0.22500000 0.45120000
v -1.29964884 0.22500000 0.45123459
v -1.29964884 -0.22500000 0.45123459
v -1.29931117 0.22500000 0.45133702
v -1.29931117 -0.22500000 0.45133702
v -1.29899997 0.22500000 0.45150335
v -1.29899997 -0.22500000 0.45150335
v -1.29872721 0.22500000 0.45172721
v -1.29872721 -0.22500000 0.45172721
v -1.29850335 0.22500000 0.45199997
v -1.29850335 -0.22500000 0.45199997
v -1.29833702 0.22500000 0.45231117
v -1.29833702 -0.22500000 0.45231117
v -1.29823459 0.22500000 0.45264884
v -1.29823459 -0.22500000 0.45264884
v -1.30000000 -0.20062500 0.45300000
v -1.29650000 -0.20062500 0.45300000
v -1.29650000 -0.22437500 0.45300000
v -1.30000000 -0.22437500 0.45300000
v -1.29656725 -0.20062500 0.45368282
v -1.29656725 -0.22437500 0.45368282
v -1.29676642 -0.20062500 0.45433939
v -1.29676642 -0.22437500 0.45433939
v -1.29708986 -0.20062500 0.45494450
v -1.29708986 -0.22437500 0.45494450
v -1.29752513 -0.20062500 0.45547487
v -1.29752513 -0.22437500 0.45547487
v -1.29805550 -0.20062500 0.45591014
v -1.29805550 -0.22437500 0.45591014
v -1.29866061 -0.20062500 0.45623358
v -1.29866061 -0.22437500 0.45623358
v -1.29931718 -0.20062500 0.45643275
v -1.29931718 -0.22437500 0.45643275
v -1.30000000 -0.20062500 0.45650000
v -1.30000000 -0.22437500 0.45650000
v -1.30068282 -0.20062500 0.45643275
v -1.30068282 -0.22437500 0.45643275
v -1.30133939 -0.20062500 0.45623358
v -1.30133939 -0.22437500 0.45623358
v -1.30194450 -0.20062500 0.45591014
v -1.30194450 -0.22437500 0.45591014
v -1.30247487 -0.20062500 0.45547487
v -1.30247487 -0.22437500 0.45547487
v -1.30291014 -0.20062500 0.45494450
v -1.30291014 -0.22437500 0.45494450
v -1.30323358 -0.20062500 0.45433939
v -1.30323358 -0.22437500 0.45433939
v -1.30343275 -0.20062500 0.45368282
v -1.30343275 -0.22437500 0.45368282
v -1.30350000 -0.20062500 0.45300000
v -1.30350000 -0.22437500 0.45300000
v -1.30343275 -0.20062500 0.45231718
v -1.30343275 -0.22437500 0.45231718
v -1.30323358 -0.20062500 0.45166061
v -1.30323358 -0.22437500 0.45166061
v -1.30291014 -0.20062500 0.45105550
v -1.30291014 -0.22437500 0.45105550
v -1.30247487 -0.20062500 0.45052513
v -1.30247487 -0.22437500 0.45052513
v -1.30194450 -0.20062500 0.45008986
v -1.30194450 -0.22437500 0.45008986
v -1.30133939 -0.20062500 0.44976642
v -1.30133939 -0.22437500 0.44976642
v -1.30068282 -0.20062500 0.44956725
v -1.30068282 -0.22437500 0.44956725
v -1.30000000 -0.20062500 0.44950000
v -1.30000000 -0.22437500 0.44950000
v -1.29931718 -0.20062500 0.44956725
v -1.29931718 -0.22437500 0.44956725
v -1.29866061 -0.20062500 0.44976642
v -1.29866061 -0.22437500 0.44976642
v -1.29805550 -0.20062500 0.45008986
v -1.29805550 -0.22437500 0.45008986
v -1.29752513 -0.20062500 0.45052513
v -1.29752513 -0.22437500 0.45052513
v -1.29708986 -0.20062500 0.45105550
v -1.29708986 -0.22437500 0.45105550
v -1.29676642 -0.20062500 0.45166061
v -1.29676642 -0.22437500 0.45166061
v -1.29656725 -0.20062500 0.45231718
v -1.29656725 -0.22437500 0.45231718
v -1.30000000 -0.17562500 0.45300000
v -1.29650000 -0.17562500 0.45300000
v -1.29650000 -0.19937500 0.45300000
v -1.30000000 -0.19937500 0.45300000
v -1.29656725 -0.17562500 0.45368282
v -1.29656725 -0.19937500 0.45368282
v -1.29676642 -0.17562500 0.45433939
v -1.29676642 -0.19937500 0.45433939
v -1.29708986 -0.17562500 0.45494450
v -1.29708986 -0.19937500 0.45494450
v -1.29752513 -0.17562500 0.45547487
v -1.29752513 -0.19937500 0.45547487
v -1.29805550 -0.17562500 0.45591014
v -1.29805550 -0.19937500 0.45591014
v -1.29866061 -0.17562500 0.45623358
v -1.29866061 -0.19937500 0.45623358
v -1.29931718 -0.17562500 0.45643275
v -1.29931718 -0.19937500 0.45643275
v -1.30000000 -0.17562500 0.45650000
v -1.30000000 -0.19937500 0.45650000
v -1.30068282 -0.17562500 0.45643275
v -1.30068282 -0.19937500 0.45643275
v -1.30133939 -0.17562500 0.45623358
v -1.30133939 -0.19937500 0.45623358
v -1.30194450 -0.17562500 0.45591014
v -1.30194450 -0.19937500 0.45591014
v -1.30247487 -0.17562500 0.45547487
v -1.30247487 -0.19937500 0.45547487
v -1.30291014 -0.17562500 0.45494450
v -1.30291014 -0.19937500 0.45494450
v -1.30323358 -0.17562500 0.45433939
v -1.30323358 -0.19937500 0.45433939
v -1.30343275 -0.17562500 0.45368282
v -1.30343275 -0.19937500 0.45368282
v -1.30350000 -0.17562500 0.45300000
v -1.30350000 -0.19937500 0.45300000
v -1.30343275 -0.17562500 0.45231718
v -1.30343275 -0.19937500 0.45231718
v -1.30323358 -0.17562500 0.45166061
v -1.30323358 -0.19937500 0.45166061
v -1.30291014 -0.17562500 0.45105550
v -1.30291014 -0.19937500 0.45105550
v -1.30247487 -0.17562500 0.45052513
v -1.30247487 -0.19937500 0.45052513
v -1.30194450 -0.17562500 0.45008986
v -1.30194450 -0.19937500 0.45008986
v -1.30133939 -0.17562500 0.44976642
v -1.30133939 -0.19937500 0.44976642
v -1.30068282 -0.17562500 0.44956725
v -1.30068282 -0.19937500 0.44956725
v -1.30000000 -0.17562500 0.44950000
v -1.30000000 -0.19937500 0.44950000
v -1.29931718 -0.17562500 0.44956725
v -1.29931718 -0.19937500 0.44956725
v -1.29866061 -0.17562500 0.44976642
v -1.29866061 -0.19937500 0.44976642
v -1.29805550 -0.17562500 0.45008986
v -1.29805550 -0.19937500 0.45008986
v -1.29752513 -0.17562500 0.45052513
v -1.29752513 -0.19937500 0.45052513
v -1.29708986 -0.17562500 0.45105550
v -1.29708986 -0.19937500 0.45105550
v -1.29676642 -0.17562500 0.45166061
v -1.29676642 -0.19937500 0.45166061
v -1.29656725 -0.17562500 0.45231718
v -1.29656725 -0.19937500 0.45231718
v -1.30000000 -0.15062500 0.45300000
v -1.29650000 -0.15062500 0.45300000
v -1.29650000 -0.17437500 0.45300000
v -1.30000000 -0.17437500 0.45300000
v -1.29656725 -0.15062500 0.45368282
v -1.29656725 -0.17437500 0.45368282
v -1.29676642 -0.15062500 0.45433939
v -1.29676642 -0.17437500 0.45433939
v -1.29708986 -0.15062500 0.45494450
v -1.29708986 -0.17437500 0.45494450
v -1.29752513 -0.15062500 0.45547487
v -1.29752513 -0.17437500 0.45547487
v -1.29805550 -0.15062500 0.45591014
v -1.29805550 -0.17437500 0.45591014
v -1.29866061 -0.15062500 0.45623358
v -1.29866061 -0.17437500 0.45623358
v -1.29931718 -0.15062500 0.45643275
v -1.29931718 -0.17437500 0.45643275
v -1.30000000 -0.15062500 0.45650000
v -1.30000000 -0.17437500 0.45650000
v -1.30068282 -0.15062500 0.45643275
v -1.30068282 -0.17437500 0.45643275
v -1.30133939 -0.15062500 0.45623358
v -1.30133939 -0.17437500 0.45623358
v -1.30194450 -0.15062500 0.45591014
v -1.30194450 -0.17437500 0.45591014
v -1.30247487 -0.15062500 0.45547487
v -1.30247487 -0.17437500 0.45547487
v -1.30291014 -0.15062500 0.45494450
v -1.30291014 -0.17437500 0.45494450
v -1.30323358 -0.15062500 0.45433939
v -1.30323358 -0.17437500 0.45433939
v -1.30343275 -0.15062500 0.45368282
v -1.30343275 -0.17437500 0.45368282
v -1.30350000 -0.15062500 0.45300000
v -1.30350000 -0.17437500 0.45300000
v -1.30343275 -0.15062500 0.45231718
v -1.30343275 -0.17437500 0.45231718
v -1.30323358 -0.15062500 0.45166061
v -1.30323358 -0.17437500 0.45166061
v -1.30291014 -0.15062500 0.45105550
v -1.30291014 -0.17437500 0.45105550
v -1.30247487 -0.15062500 0.45052513
v -1.30247487 -0.17437500 0.45052513
v -1.30194450 -0.15062500 0.45008986
v -1.30194450 -0.17437500 0.45008986
v -1.30133939 -0.15062500 0.44976642
v -1.30133939 -0.17437500 0.44976642
v -1.30068282 -0.15062500 0.44956725
v -1.30068282 -0.17437500 0.44956725
v -1.30000000 -0.15062500 0.44950000
v -1.30000000 -0.17437500 0.44950000
v -1.29931718 -0.15062500 0.44956725
v -1.29931718 -0.17437500 0.44956725
v -1.29866061 -0.15062500 0.44976642
v -1.29866061 -0.17437500 0.44976642
v -1.29805550 -0.15062500 0.45008986
v -1.29805550 -0.17437500 0.45008986
v -1.29752513 -0.15062500 0.45052513
v -1.29752513 -0.17437500 0.45052513
v -1.29708986 -0.15062500 0.45105550
v -1.29708986 -0.17437500 0.45105550
v -1.29676642 -0.15062500 0.45166061
v -1.29676642 -0.17437500 0.45166061
v -1.29656725 -0.15062500 0.45231718
v -1.29656725 -0.17437500 0.45231718
v -1.30000000 -0.12562500 0.45300000
v -1.29650000 -0.12562500 0.45300000
v -1.29650000 -0.14937500 0.45300000
v -1.30000000 -0.14937500 0.45300000
v -1.29656725 -0.12562500 0.45368282
v -1.29656725 -0.14937500 0.45368282
v -1.29676642 -0.12562500 0.45433939
v -1.29676642 -0.14937500 0.45433939
v -1.29708986 -0.12562500 0.45494450
v -1.29708986 -0.14937500 0.45494450
v -1.29752513 -0.12562500 0.45547487
v -1.29752513 -0.14937500 0.45547487
v -1.29805550 -0.12562500 0.45591014
v -1.29805550 -0.14937500 0.45591014
v -1.29866061 -0.12562500 0.45623358
v -1.29866061 -0.14937500 0.45623358
v -1.29931718 -0.12562500 0.45643275
v -1.29931718 -0.14937500 0.45643275
v -1.30000000 -0.12562500 0.45650000
v -1.30000000 -0.14937500 0.45650000
v -1.30068282 -0.12562500 0.45643275
v -1.30068282 -0.14937500 0.45643275
v -1.30133939 -0.12562500 0.45623358
v -1.30133939 -0.14937500 0.45623358
v -1.30194450 -0.12562500 0.45591014
v -1.30194450 -0.14937500 0.45591014
v -1.30247487 -0.12562500 0.45547487
v -1.30247487 -0.14937500 0.45547487
v -1.30291014 -0.12562500 0.45494450
v -1.30291014 -0.14937500 0.45494450
v -1.30323358 -0.12562500 0.45433939
v -1.30323358 -0.14937500 0.45433939
v -1.30343275 -0.12562500 0.45368282
v -1.30343275 -0.14937500 0.45368282
v -1.30350000 -0.12562500 0.45300000
v -1.30350000 -0.14937500 0.45300000
v -1.30343275 -0.12562500 0.45231718
v -1.30343275 -0.14937500 0.45231718
v -1.30323358 -0.12562500 0.45166061
v -1.30323358 -0.14937500 0.45166061
v -1.30291014 -0.12562500 0.45105550
v -1.30291014 -0.14937500 0.45105550
v -1.30247487 -0.12562500 0.45052513
v -1.30247487 -0.14937500 0.45052513
v -1.30194450 -0.12562500 0.45008986
v -1.30194450 -0.14937500 0.45008986
v -1.30133939 -0.12562500 0.44976642
v -1.30133939 -0.14937500 0.44976642
v -1.30068282 -0.12562500 0.44956725
v -1.30068282 -0.14937500 0.44956725
v -1.30000000 -0.12562500 0.44950000
v -1.30000000 -0.14937500 0.44950000
v -1.29931718 -0.12562500 0.44956725
v -1.29931718 -0.14937500 0.44956725
v -1.29866061 -0.12562500 0.44976642
v -1.29866061 -0.14937500 0.44976642
v -1.29805550 -0.12562500 0.45008986
v -1.29805550 -0.14937500 0.45008986
v -1.29752513 -0.12562500 0.45052513
v -1.29752513 -0.14937500 0.45052513
v -1.29708986 -0.12562500 0.45105550
v -1.29708986 -0.14937500 0.45105550
v -1.29676642 -0.12562500 0.45166061
v -1.29676642 -0.14937500 0.45166061
v -1.29656725 -0.12562500 0.45231718
v -1.29656725 -0.14937500 0.45231718
v -1.30000000 -0.10062500 0.45300000
v -1.29650000 -0.10062500 0.45300000
v -1.29650000 -0.12437500 0.45300000
v -1.30000000 -0.12437500 0.45300000
v -1.29656725 -0.10062500 0.45368282
v -1.29656725 -0.12437500 0.45368282
v -1.29676642 -0.10062500 0.45433939
v -1.29676642 -0.12437500 0.45433939
v -1.29708986 -0.10062500 0.45494450
v -1.29708986 -0.12437500 0.45494450
v -1.29752513 -0.10062500 0.45547487
v -1.29752513 -0.12437500 0.45547487
v -1.29805550 -0.10062500 0.45591014
v -1.29805550 -0.12437500 0.45591014
v -1.29866061 -0.10062500 0.45623358
v -1.29866061 -0.12437500 0.45623358
v -1.29931718 -0.10062500 0.45643275
v -1.29931718 -0.12437500 0.45643275
v -1.30000000 -0.10062500 0.45650000
v -1.30000000 -0.12437500 0.45650000
v -1.30068282 -0.10062500 0.45643275
v -1.30068282 -0.12437500 0.45643275
v -1.30133939 -0.10062500 0.45623358
v -1.30133939 -0.12437500 0.45623358
v -1.30194450 -0.10062500 0.45591014
v -1.30194450 -0.12437500 0.45591014
v -1.30247487 -0.10062500 0.45547487
v -1.30247487 -0.12437500 0.45547487
v -1.30291014 -0.10062500 0.45494450
v -1.30291014 -0.12437500 0.45494450
v -1.30323358 -0.10062500 0.45433939
v -1.30323358 -0.12437500 0.45433939
v -1.30343275 -0.10062500 0.45368282
v -1.30343275 -0.12437500 0.45368282
v -1.30350000 -0.10062500 0.45300000
v -1.30350000 -0.12437500 0.45300000
v -1.30343275 -0.10062500 0.45231718
v -1.30343275 -0.12437500 0.45231718
v -1.30323358 -0.10062500 0.45166061
v -1.30323358 -0.12437500 0.45166061
v -1.30291014 -0.10062500 0.45105550
v -1.30291014 -0.12437500 0.45105550
v -1.30247487 -0.10062500 0.45052513
v -1.30247487 -0.12437500 0.45052513
v -1.30194450 -0.10062500 0.45008986
v -1.30194450 -0.12437500 0.45008986
v -1.30133939 -0.10062500 0.44976642
v -1.30133939 -0.12437500 0.44976642
v -1.30068282 -0.10062500 0.44956725
v -1.30068282 -0.12437500 0.44956725
v -1.30000000 -0.10062500 0.44950000
v -1.30000000 -0.12437500 0.44950000
v -1.29931718 -0.10062500 0.44956725
v -1.29931718 -0.12437500 0.44956725
v -1.29866061 -0.10062500 0.44976642
v -1.29866061 -0.12437500 0.44976642
v -1.29805550 -0.10062500 0.45008986
v -1.29805550 -0.12437500 0.45008986
v -1.29752513 -0.10062500 0.45052513
v -1.29752513 -0.12437500 0.45052513
v -1.29708986 -0.10062500 0.45105550
v -1.29708986 -0.12437500 0.45105550
v -1.29676642 -0.10062500 0.45166061
v -1.29676642 -0.12437500 0.45166061
v -1.29656725 -0.10062500 0.45231718
v -1.29656725 -0.12437500 0.45231718
v -1.30000000 -0.07562500 0.45300000
v -1.29650000 -0.07562500 0.45300000
v -1.29650000 -0.09937500 0.45300000
v -1.30000000 -0.09937500 0.45300000
v -1.29656725 -0.07562500 0.45368282
v -1.29656725 -0.09937500 0.45368282
v -1.29676642 -0.07562500 0.45433939
v -1.29676642 -0.09937500 0.45433939
v -1.29708986 -0.07562500 0.45494450
v -1.29708986 -0.09937500 0.45494450
v -1.29752513 -0.07562500 0.45547487
v -1.29752513 -0.09937500 0.45547487
v -1.29805550 -0.07562500 0.45591014
v -1.29805550 -0.09937500 0.45591014
v -1.29866061 -0.07562500 0.45623358
v -1.29866061 -0.09937500 0.45623358
v -1.29931718 -0.07562500 0.45643275
v -1.29931718 -0.09937500 0.45643275
v -1.30000000 -0.07562500 0.45650000
v -1.30000000 -0.09937500 0.45650000
v -1.30068282 -0.07562500 0.45643275
v -1.30068282 -0.09937500 0.45643275
v -1.30133939 -0.07562500 0.45623358
v -1.30133939 -0.09937500 0.45623358
v -1.30194450 -0.07562500 0.45591014
v -1.30194450 -0.09937500 0.45591014
v -1.30247487 -0.07562500 0.45547487
v -1.30247487 -0.09937500 0.45547487
v -1.30291014 -0.07562500 0.45494450
v -1.30291014 -0.09937500 0.45494450
v -1.30323358 -0.07562500 0.45433939
v -1.30323358 -0.09937500 0.45433939
v -1.30343275 -0.07562500 0.45368282
v -1.30343275 -0.09937500 0.45368282
v -1.30350000 -0.07562500 0.45300000
v -1.30350000 -0.09937500 0.45300000
v -1.30343275 -0.07562500 0.45231718
v -1.30343275 -0.09937500 0.45231718
v -1.30323358 -0.07562500 0.45166061
v -1.30323358 -0.09937500 0.45166061
v -1.30291014 -0.07562500 0.45105550
v -1.30291014 -0.09937500 0.45105550
v -1.30247487 -0.07562500 0.45052513
v -1.30247487 -0.09937500 0.45052513
v -1.30194450 -0.07562500 0.45008986
v -1.30194450 -0.09937500 0.45008986
v -1.30133939 -0.07562500 0.44976642
v -1.30133939 -0.09937500 0.44976642
v -1.30068282 -0.07562500 0.44956725
v -1.30068282 -0.09937500 0.44956725
v -1.30000000 -0.07562500 0.44950000
v -1.30000000 -0.09937500 0.44950000
v -1.29931718 -0.07562500 0.44956725
v -1.29931718 -0.09937500 0.44956725
v -1.29866061 -0.07562500 0.44976642
v -1.29866061 -0.09937500 0.44976642
v -1.29805550 -0.07562500 0.45008986
v -1.29805550 -0.09937500 0.45008986
v -1.29752513 -0.07562500 0.45052513
v -1.29752513 -0.09937500 0.45052513
v -1.29708986 -0.07562500 0.45105550
v -1.29708986 -0.09937500 0.45105550
v -1.29676642 -0.07562500 0.45166061
v -1.29676642 -0.09937500 0.45166061
v -1.29656725 -0.07562500 0.45231718
v -1.29656725 -0.09937500 0.45231718
v -1.30000000 -0.05062500 0.45300000
v -1.29650000 -0.05062500 0.45300000
v -1.29650000 -0.07437500 0.45300000
v -1.30000000 -0.07437500 0.45300000
v -1.29656725 -0.05062500 0.45368282
v -1.29656725 -0.07437500 0.45368282
v -1.29676642 -0.05062500 0.45433939
v -1.29676642 -0.07437500 0.45433939
v -1.29708986 -0.05062500 0.45494450
v -1.29708986 -0.07437500 0.45494450
v -1.29752513 -0.05062500 0.45547487
v -1.29752513 -0.07437500 0.45547487
v -1.29805550 -0.05062500 0.45591014
v -1.29805550 -0.07437500 0.45591014
v -1.29866061 -0.05062500 0.45623358
v -1.29866061 -0.07437500 0.45623358
v -1.29931718 -0.05062500 0.45643275
v -1.29931718 -0.07437500 0.45643275
v -1.30000000 -0.05062500 0.45650000
v -1.30000000 -0.07437500 0.45650000
v -1.30068282 -0.05062500 0.45643275
v -1.30068282 -0.07437500 0.45643275
v -1.30133939 -0.05062500 0.45623358
v -1.30133939 -0.07437500 0.45623358
v -1.30194450 -0.05062500 0.45591014
v -1.30194450 -0.07437500 0.45591014
v -1.30247487 -0.05062500 0.45547487
v -1.30247487 -0.07437500 0.45547487
v -1.30291014 -0.05062500 0.45494450
v -1.30291014 -0.07437500 0.45494450
v -1.30323358 -0.05062500 0.45433939
v -1.30323358 -0.07437500 0.45433939
v -1.30343275 -0.05062500 0.45368282
v -1.30343275 -0.07437500 0.45368282
v -1.30350000 -0.05062500 0.45300000
v -1.30350000 -0.07437500 0.45300000
v -1.30343275 -0.05062500 0.45231718
v -1.30343275 -0.07437500 0.45231718
v -1.30323358 -0.05062500 0.45166061
v -1.30323358 -0.07437500 0.45166061
v -1.30291014 -0.05062500 0.45105550
v -1.30291014 -0.07437500 0.45105550
v -1.30247487 -0.05062500 0.45052513
v -1.30247487 -0.07437500 0.45052513
v -1.30194450 -0.05062500 0.45008986
v -1.30194450 -0.07437500 0.45008986
v -1.30133939 -0.05062500 0.44976642
v -1.30133939 -0.07437500 0.44976642
v -1.30068282 -0.05062500 0.44956725
v -1.30068282 -0.07437500 0.44956725
v -1.30000000 -0.05062500 0.44950000
v -1.30000000 -0.07437500 0.44950000
v -1.29931718 -0.05062500 0.44956725
v -1.29931718 -0.07437500 0.44956725
v -1.29866061 -0.05062500 0.44976642
v -1.29866061 -0.07437500 0.44976642
v -1.29805550 -0.05062500 0.45008986
v -1.29805550 -0.07437500 0.45008986
v -1.29752513 -0.05062500 0.45052513
v -1.29752513 -0.07437500 0.45052513
v -1.29708986 -0.05062500 0.45105550
v -1.29708986 -0.07437500 0.45105550
v -1.29676642 -0.05062500 0.45166061
v -1.29676642 -0.07437500 0.45166061
v -1.29656725 -0.05062500 0.45231718
v -1.29656725 -0.07437500 0.45231718
v -1.30000000 -0.02562500 0.45300000
v -1.29650000 -0.02562500 0.45300000
v -1.29650000 -0.04937500 0.45300000
v -1.30000000 -0.04937500 0.45300000
v -1.29656725 -0.02562500 0.45368282
v -1.29656725 -0.04937500 0.45368282
v -1.29676642 -0.02562500 0.45433939
v -1.29676642 -0.04937500 0.45433939
v -1.29708986 -0.02562500 0.45494450
v -1.29708986 -0.04937500 0.45494450
v -1.29752513 -0.02562500 0.45547487
v -1.29752513 -0.04937500 0.45547487
v -1.29805550 -0.02562500 0.45591014
v -1.29805550 -0.04937500 0.45591014
v -1.29866061 -0.02562500 0.45623358
v -1.29866061 -0.04937500 0.45623358
v -1.29931718 -0.02562500 0.45643275
v -1.29931718 -0.04937500 0.45643275
v -1.30000000 -0.02562500 0.45650000
v -1.30000000 -0.04937500 0.45650000
v -1.30068282 -0.02562500 0.45643275
v -1.30068282 -0.04937500 0.45643275
v -1.30133939 -0.02562500 0.45623358
v -1.30133939 -0.04937500 0.45623358
v -1.30194450 -0.02562500 0.45591014
v -1.30194450 -0.04937500 0.45591014
v -1.30247487 -0.02562500 0.45547487
v -1.30247487 -0.04937500 0.45547487
v -1.30291014 -0.02562500 0.45494450
v -1.30291014 -0.04937500 0.45494450
v -1.30323358 -0.02562500 0.45433939
v -1.30323358 -0.04937500 0.45433939
v -1.30343275 -0.02562500 0.45368282
v -1.30343275 -0.04937500 0.45368282
v -1.30350000 -0.02562500 0.45300000
v -1.30350000 -0.04937500 0.45300000
v -1.30343275 -0.02562500 0.45231718
v -1.30343275 -0.04937500 0.45231718
v -1.30323358 -0.02562500 0.45166061
v -1.30323358 -0.04937500 0.45166061
v -1.30291014 -0.02562500 0.45105550
v -1.30291014 -0.04937500 0.45105550
v -1.30247487 -0.02562500 0.45052513
v -1.30247487 -0.04937500 0.45052513
v -1.30194450 -0.02562500 0.45008986
v -1.30194450 -0.04937500 0.45008986
v -1.30133939 -0.02562500 0.44976642
v -1.30133939 -0.04937500 0.44976642
v -1.30068282 -0.02562500 0.44956725
v -1.30068282 -0.04937500 0.44956725
v -1.30000000 -0.02562500 0.44950000
v -1.30000000 -0.04937500 0.44950000
v -1.29931718 -0.02562500 0.44956725
v -1.29931718 -0.04937500 0.44956725
v -1.29866061 -0.02562500 0.44976642
v -1.29866061 -0.04937500 0.44976642
v -1.29805550 -0.02562500 0.45008986
v -1.29805550 -0.04937500 0.45008986
v -1.29752513 -0.02562500 0.45052513
v -1.29752513 -0.04937500 0.45052513
v -1.29708986 -0.02562500 0.45105550
v -1.29708986 -0.04937500 0.45105550
v -1.29676642 -0.02562500 0.45166061
v -1.29676642 -0.04937500 0.45166061
v -1.29656725 -0.02562500 0.45231718
v -1.29656725 -0.04937500 0.45231718
v -1.30000000 -0.00062500 0.45300000
v -1.29650000 -0.00062500 0.45300000
v -1.29650000 -0.02437500 0.45300000
v -1.30000000 -0.02437500 0.45300000
v -1.29656725 -0.00062500 0.45368282
v -1.29656725 -0.02437500 0.45368282
v -1.29676642 -0.00062500 0.45433939
v -1.29676642 -0.02437500 0.45433939
v -1.29708986 -0.00062500 0.45494450
v -1.29708986 -0.02437500 0.45494450
v -1.29752513 -0.00062500 0.45547487
v -1.29752513 -0.02437500 0.45547487
v -1.29805550 -0.00062500 0.45591014
v -1.29805550 -0.02437500 0.45591014
v -1.29866061 -0.00062500 0.45623358
v -1.29866061 -0.02437500 0.45623358
v -1.29931718 -0.00062500 0.45643275
v -1.29931718 -0.02437500 0.45643275
v -1.30000000 -0.00062500 0.45650000
v -1.30000000 -0.02437500 0.45650000
v -1.30068282 -0.00062500 0.45643275
v -1.30068282 -0.02437500 0.45643275
v -1.30133939 -0.00062500 0.45623358
v -1.30133939 -0.02437500 0.45623358
v -1.30194450 -0.00062500 0.45591014
v -1.30194450 -0.02437500 0.45591014
v -1.30247487 -0.00062500 0.45547487
v -1.30247487 -0.02437500 0.45547487
v -1.30291014 -0.00062500 0.45494450
v -1.30291014 -0.02437500 0.45494450
v -1.30323358 -0.00062500 0.45433939
v -1.30323358 -0.02437500 0.45433939
v -1.30343275 -0.00062500 0.45368282
v -1.30343275 -0.02437500 0.45368282
v -1.30350000 -0.00062500 0.45300000
v -1.30350000 -0.02437500 0.45300000
v -1.30343275 -0.00062500 0.45231718
v -1.30343275 -0.02437500 0.45231718
v -1.30323358 -0.00062500 0.45166061
v -1.30323358 -0.02437500 0.45166061
v -1.30291014 -0.00062500 0.45105550
v -1.30291014 -0.02437500 0.45105550
v -1.30247487 -0.00062500 0.45052513
v -1.30247487 -0.02437500 0.45052513
v -1.30194450 -0.00062500 0.45008986
v -1.30194450 -0.02437500 0.45008986
v -1.30133939 -0.00062500 0.44976642
v -1.30133939 -0.02437500 0.44976642
v -1.30068282 -0.00062500 0.44956725
v -1.30068282 -0.02437500 0.44956725
v -1.30000000 -0.00062500 0.44950000
v -1.30000000 -0.02437500 0.44950000
v -1.29931718 -0.00062500 0.44956725
v -1.29931718 -0.02437500 0.44956725
v -1.29866061 -0.00062500 0.44976642
v -1.29866061 -0.02437500 0.44976642
v -1.29805550 -0.00062500 0.45008986
v -1.29805550 -0.02437500 0.45008986
v -1.29752513 -0.00062500 0.45052513
v -1.29752513 -0.02437500 0.45052513
v -1.29708986 -0.00062500 0.45105550
v -1.29708986 -0.02437500 0.45105550
v -1.29676642 -0.00062500 0.45166061
v -1.29676642 -0.02437500 0.45166061
v -1.29656725 -0.00062500 0.45231718
v -1.29656725 -0.02437500 0.45231718
v -1.30000000 0.02437500 0.45300000
v -1.29650000 0.02437500 0.45300000
v -1.29650000 0.00062500 0.45300000
v -1.30000000 0.00062500 0.45300000
v -1.29656725 0.02437500 0.45368282
v -1.29656725 0.00062500 0.45368282
v -1.29676642 0.02437500 0.45433939
v -1.29676642 0.00062500 0.45433939
v -1.29708986 0.02437500 0.45494450
v -1.29708986 0.00062500 0.45494450
v -1.29752513 0.02437500 0.45547487
v -1.29752513 0.00062500 0.45547487
v -1.29805550 0.02437500 0.45591014
v -1.29805550 0.00062500 0.45591014
v -1.29866061 0.02437500 0.45623358
v -1.29866061 0.00062500 0.45623358
v -1.29931718 0.02437500 0.45643275
v -1.29931718 0.00062500 0.45643275
v -1.30000000 0.02437500 0.45650000
v -1.30000000 0.00062500 0.45650000
v -1.30068282 0.02437500 0.45643275
v -1.30068282 0.00062500 0.45643275
v -1.30133939 0.02437500 0.45623358
v -1.30133939 0.00062500 0.45623358
v -1.30194450 0.02437500 0.45591014
v -1.30194450 0.00062500 0.45591014
v -1.30247487 0.02437500 0.45547487
v -1.30247487 0.00062500 0.45547487
v -1.30291014 0.02437500 0.45494450
v -1.30291014 0.00062500 0.45494450
v -1.30323358 0.02437500 0.45433939
v -1.30323358 0.00062500 0.45433939
v -1.30343275 0.02437500 0.45368282
v -1.30343275 0.00062500 0.45368282
v -1.30350000 0.02437500 0.45300000
v -1.30350000 0.00062500 0.45300000
v -1.30343275 0.02437500 0.45231718
v -1.30343275 0.00062500 0.45231718
v -1.30323358 0.02437500 0.45166061
v -1.30323358 0.00062500 0.45166061
v -1.30291014 0.02437500 0.45105550
v -1.30291014 0.00062500 0.45105550
v -1.30247487 0.02437500 0.45052513
v -1.30247487 0.00062500 0.45052513
v -1.30194450 0.02437500 0.45008986
v -1.30194450 0.00062500 0.45008986
v -1.30133939 0.02437500 0.44976642
v -1.30133939 0.00062500 0.44976642
v -1.30068282 0.02437500 0.44956725
v -1.30068282 0.00062500 0.44956725
v -1.30000000 0.02437500 0.44950000
v -1.30000000 0.00062500 0.44950000
v -1.29931718 0.02437500 0.44956725
v -1.29931718 0.00062500 0.44956725
v -1.29866061 0.02437500 0.44976642
v -1.29866061 0.00062500 0.44976642
v -1.29805550 0.02437500 0.45008986
v -1.29805550 0.00062500 0.45008986
v -1.29752513 0.02437500 0.45052513
v -1.29752513 0.00062500 0.45052513
v -1.29708986 0.02437500 0.45105550
v -1.29708986 0.00062500 0.45105550
v -1.29676642 0.02437500 0.45166061
v -1.29676642 0.00062500 0.45166061
v -1.29656725 0.02437500 0.45231718
v -1.29656725 0.00062500 0.45231718
v -1.30000000 0.04937500 0.45300000
v -1.29650000 0.04937500 0.45300000
v -1.29650000 0.02562500 0.45300000
v -1.30000000 0.02562500 0.45300000
v -1.29656725 0.04937500 0.45368282
v -1.29656725 0.02562500 0.45368282
v -1.29676642 0.04937500 0.45433939
v -1.29676642 0.02562500 0.45433939
v -1.29708986 0.04937500 0.45494450
v -1.29708986 0.02562500 0.45494450
v -1.29752513 0.04937500 0.45547487
v -1.29752513 0.02562500 0.45547487
v -1.29805550 0.04937500 0.45591014
v -1.29805550 0.02562500 0.45591014
v -1.29866061 0.04937500 0.45623358
v -1.29866061 0.02562500 0.45623358
v -1.29931718 0.04937500 0.45643275
v -1.29931718 0.02562500 0.45643275
v -1.30000000 0.04937500 0.45650000
v -1.30000000 0.02562500 0.45650000
v -1.30068282 0.04937500 0.45643275
v -1.30068282 0.02562500 0.45643275
v -1.30133939 0.04937500 0.45623358
v -1.30133939 0.02562500 0.45623358
v -1.30194450 0.04937500 0.45591014
v -1.30194450 0.02562500 0.45591014
v -1.30247487 0.04937500 0.45547487
v -1.30247487 0.02562500 0.45547487
v -1.30291014 0.04937500 0.45494450
v -1.30291014 0.02562500 0.45494450
v -1.30323358 0.04937500 0.45433939
v -1.30323358 0.02562500 0.45433939
v -1.30343275 0.04937500 0.45368282
v -1.30343275 0.02562500 0.45368282
v -1.30350000 0.04937500 0.45300000
v -1.30350000 0.02562500 0.45300000
v -1.30343275 0.04937500 0.45231718
v -1.30343275 0.02562500 0.45231718
v -1.30323358 0.04937500 0.45166061
v -1.30323358 0.02562500 0.45166061
v -1.30291014 0.04937500 0.45105550
v -1.30291014 0.02562500 0.45105550
v -1.30247487 0.04937500 0.45052513
v -1.30247487 0.02562500 0.45052513
v -1.30194450 0.04937500 0.45008986
v -1.30194450 0.02562500 0.45008986
v -1.30133939 0.04937500 0.44976642
v -1.30133939 0.02562500 0.44976642
v -1.30068282 0.04937500 0.44956725
v -1.30068282 0.02562500 0.44956725
v -1.30000000 0.04937500 0.44950000
v -1.30000000 0.02562500 0.44950000
v -1.29931718 0.04937500 0.44956725
v -1.29931718 0.02562500 0.44956725
v -1.29866061 0.04937500 0.44976642
v -1.29866061 0.02562500 0.44976642
v -1.29805550 0.04937500 0.45008986
v -1.29805550 0.02562500 0.45008986
v -1.29752513 0.04937500 0.45052513
v -1.29752513 0.02562500 0.45052513
v -1.29708986 0.04937500 0.45105550
v -1.29708986 0.02562500 0.45105550
v -1.29676642 0.04937500 0.45166061
v -1.29676642 0.02562500 0.45166061
v -1.29656725 0.04937500 0.45231718
v -1.29656725 0.02562500 0.45231718
v -1.30000000 0.07437500 0.45300000
v -1.29650000 0.07437500 0.45300000
v -1.29650000 0.05062500 0.45300000
v -1.30000000 0.05062500 0.45300000
v -1.29656725 0.07437500 0.45368282
v -1.29656725 0.05062500 0.45368282
v -1.29676642 0.07437500 0.45433939
v -1.29676642 0.05062500 0.45433939
v -1.29708986 0.07437500 0.45494450
v -1.29708986 0.05062500 0.45494450
v -1.29752513 0.07437500 0.45547487
v -1.29752513 0.05062500 0.45547487
v -1.29805550 0.07437500 0.45591014
v -1.29805550 0.05062500 0.45591014
v -1.29866061 0.07437500 0.45623358
v -1.29866061 0.05062500 0.45623358
v -1.29931718 0.07437500 0.45643275
v -1.29931718 0.05062500 0.45643275
v -1.30000000 0.07437500 0.45650000
v -1.30000000 0.05062500 0.45650000
v -1.30068282 0.07437500 0.45643275
v -1.30068282 0.05062500 0.45643275
v -1.30133939 0.07437500 0.45623358
v -1.30133939 0.05062500 0.45623358
v -1.30194450 0.07437500 0.45591014
v -1.30194450 0.05062500 0.45591014
v -1.30247487 0.07437500 0.45547487
v -1.30247487 0.05062500 0.45547487
v -1.30291014 0.07437500 0.45494450
v -1.30291014 0.05062500 0.45494450
v -1.30323358 0.07437500 0.45433939
v -1.30323358 0.05062500 0.45433939
v -1.30343275 0.07437500 0.45368282
v -1.30343275 0.05062500 0.45368282
v -1.30350000 0.07437500 0.45300000
v -1.30350000 0.05062500 0.45300000
v -1.30343275 0.07437500 0.45231718
v -1.30343275 0.05062500 0.45231718
v -1.30323358 0.07437500 0.45166061
v -1.30323358 0.05062500 0.45166061
v -1.30291014 0.07437500 0.45105550
v -1.30291014 0.05062500 0.45105550
v -1.30247487 0.07437500 0.45052513
v -1.30247487 0.05062500 0.45052513
v -1.30194450 0.07437500 0.45008986
v -1.30194450 0.05062500 0.45008986
v -1.30133939 0.07437500 0.44976642
v -1.30133939 0.05062500 0.44976642
v -1.30068282 0.07437500 0.44956725
v -1.30068282 0.05062500 0.44956725
v -1.30000000 0.07437500 0.44950000
v -1.30000000 0.05062500 0.44950000
v -1.29931718 0.07437500 0.44956725
v -1.29931718 0.05062500 0.44956725
v -1.29866061 0.07437500 0.44976642
v -1.29866061 0.05062500 0.44976642
v -1.29805550 0.07437500 0.45008986
v -1.29805550 0.05062500 0.45008986
v -1.29752513 0.07437500 0.45052513
v -1.29752513 0.05062500 0.45052513
v -1.29708986 0.07437500 0.45105550
v -1.29708986 0.05062500 0.45105550
v -1.29676642 0.07437500 0.45166061
v -1.29676642 0.05062500 0.45166061
v -1.29656725 0.07437500 0.45231718
v -1.29656725 0.05062500 0.45231718
v -1.30000000 0.09937500 0.45300000
v -1.29650000 0.09937500 0.45300000
v -1.29650000 0.07562500 0.45300000
v -1.30000000 0.07562500 0.45300000
v -1.29656725 0.09937500 0.45368282
v -1.29656725 0.07562500 0.45368282
v -1.29676642 0.09937500 0.45433939
v -1.29676642 0.07562500 0.45433939
v -1.29708986 0.09937500 0.45494450
v -1.29708986 0.07562500 0.45494450
v -1.29752513 0.09937500 0.45547487
v -1.29752513 0.07562500 0.45547487
v -1.29805550 0.09937500 0.45591014
v -1.29805550 0.07562500 0.45591014
v -1.29866061 0.09937500 0.45623358
v -1.29866061 0.07562500 0.45623358
v -1.29931718 0.09937500 0.45643275
v -1.29931718 0.07562500 0.45643275
v -1.30000000 0.09937500 0.45650000
v -1.30000000 0.07562500 0.45650000
v -1.30068282 0.09937500 0.45643275
v -1.30068282 0.07562500 0.45643275
v -1.30133939 0.09937500 0.45623358
v -1.30133939 0.07562500 0.45623358
v -1.30194450 0.09937500 0.45591014
v -1.30194450 0.07562500 0.45591014
v -1.30247487 0.09937500 0.45547487
v -1.30247487 0.07562500 0.45547487
v -1.30291014 0.09937500 0.45494450
v -1.30291014 0.07562500 0.45494450
v -1.30323358 0.09937500 0.45433939
v -1.30323358 0.07562500 0.45433939
v -1.30343275 0.09937500 0.45368282
v -1.30343275 0.07562500 0.45368282
v -1.30350000 0.09937500 0.45300000
v -1.30350000 0.07562500 0.45300000
v -1.30343275 0.09937500 0.45231718
v -1.30343275 0.07562500 0.45231718
v -1.30323358 0.09937500 0.45166061
v -1.30323358 0.07562500 0.45166061
v -1.30291014 0.09937500 0.45105550
v -1.30291014 0.07562500 0.45105550
v -1.30247487 0.09937500 0.45052513
v -1.30247487 0.07562500 0.45052513
v -1.30194450 0.09937500 0.45008986
v -1.30194450 0.07562500 0.45008986
v -1.30133939 0.09937500 0.44976642
v -1.30133939 0.07562500 0.44976642
v -1.30068282 0.09937500 0.44956725
v -1.30068282 0.07562500 0.44956725
v -1.30000000 0.09937500 0.44950000
v -1.30000000 0.07562500 0.44950000
v -1.29931718 0.09937500 0.44956725
v -1.29931718 0.07562500 0.44956725
v -1.29866061 0.09937500 0.44976642
v -1.29866061 0.07562500 0.44976642
v -1.29805550 0.09937500 0.45008986
v -1.29805550 0.07562500 0.45008986
v -1.29752513 0.09937500 0.45052513
v -1.29752513 0.07562500 0.45052513
v -1.29708986 0.09937500 0.45105550
v -1.29708986 0.07562500 0.45105550
v -1.29676642 0.09937500 0.45166061
v -1.29676642 0.07562500 0.45166061
v -1.29656725 0.09937500 0.45231718
v -1.29656725 0.07562500 0.45231718
v -1.30000000 0.12437500 0.45300000
v -1.29650000 0.12437500 0.45300000
v -1.29650000 0.10062500 0.45300000
v -1.30000000 0.10062500 0.45300000
v -1.29656725 0.12437500 0.45368282
v -1.29656725 0.10062500 0.45368282
v -1.29676642 0.12437500 0.45433939
v -1.29676642 0.10062500 0.45433939
v -1.29708986 0.12437500 0.45494450
v -1.29708986 0.10062500 0.45494450
v -1.29752513 0.12437500 0.45547487
v -1.29752513 0.10062500 0.45547487
v -1.29805550 0.12437500 0.45591014
v -1.29805550 0.10062500 0.45591014
v -1.29866061 0.12437500 0.45623358
v -1.29866061 0.10062500 0.45623358
v -1.29931718 0.12437500 0.45643275
v -1.29931718 0.10062500 0.45643275
v -1.30000000 0.12437500 0.45650000
v -1.30000000 0.10062500 0.45650000
v -1.30068282 0.12437500 0.45643275
v -1.30068282 0.10062500 0.45643275
v -1.30133939 0.12437500 0.45623358
v -1.30133939 0.10062500 0.45623358
v -1.30194450 0.12437500 0.45591014
v -1.30194450 0.10062500 0.45591014
v -1.30247487 0.12437500 0.45547487
v -1.30247487 0.10062500 0.45547487
v -1.30291014 0.12437500 0.45494450
v -1.30291014 0.10062500 0.45494450
v -1.30323358 0.12437500 0.45433939
v -1.30323358 0.10062500 0.45433939
v -1.30343275 0.12437500 0.45368282
v -1.30343275 0.10062500 0.45368282
v -1.30350000 0.12437500 0.45300000
v -1.30350000 0.10062500 0.45300000
v -1.30343275 0.12437500 0.45231718
v -1.30343275 0.10062500 0.45231718
v -1.30323358 0.12437500 0.45166061
v -1.30323358 0.10062500 0.45166061
v -1.30291014 0.12437500 0.45105550
v -1.30291014 0.10062500 0.45105550
v -1.30247487 0.12437500 0.45052513
v -1.30247487 0.10062500 0.45052513
v -1.30194450 0.12437500 0.45008986
v -1.30194450 0.10062500 0.45008986
v -1.30133939 0.12437500 0.44976642
v -1.30133939 0.10062500 0.44976642
v -1.30068282 0.12437500 0.44956725
v -1.30068282 0.10062500 0.44956725
v -1.30000000 0.12437500 0.44950000
v -1.30000000 0.10062500 0.44950000
v -1.29931718 0.12437500 0.44956725
v -1.29931718 0.10062500 0.44956725
v -1.29866061 0.12437500 0.44976642
v -1.29866061 0.10062500 0.44976642
v -1.29805550 0.12437500 0.45008986
v -1.29805550 0.10062500 0.45008986
v -1.29752513 0.12437500 0.45052513
v -1.29752513 0.10062500 0.45052513
v -1.29708986 0.12437500 0.45105550
v -1.29708986 0.10062500 0.45105550
v -1.29676642 0.12437500 0.45166061
v -1.29676642 0.10062500 0.45166061
v -1.29656725 0.12437500 0.45231718
v -1.29656725 0.10062500 0.45231718
v -1.30000000 0.14937500 0.45300000
v -1.29650000 0.14937500 0.45300000
v -1.29650000 0.12562500 0.45300000
v -1.30000000 0.12562500 0.45300000
v -1.29656725 0.14937500 0.45368282
v -1.29656725 0.12562500 0.45368282
v -1.29676642 0.14937500 0.45433939
v -1.29676642 0.12562500 0.45433939
v -1.29708986 0.14937500 0.45494450
v -1.29708986 0.12562500 0.45494450
v -1.29752513 0.14937500 0.45547487
v -1.29752513 0.12562500 0.45547487
v -1.29805550 0.14937500 0.45591014
v -1.29805550 0.12562500 0.45591014
v -1.29866061 0.14937500 0.45623358
v -1.29866061 0.12562500 0.45623358
v -1.29931718 0.14937500 0.45643275
v -1.29931718 0.12562500 0.45643275
v -1.30000000 0.14937500 0.45650000
v -1.30000000 0.12562500 0.45650000
v -1.30068282 0.14937500 0.45643275
v -1.30068282 0.12562500 0.45643275
v -1.30133939 0.14937500 0.45623358
v -1.30133939 0.12562500 0.45623358
v -1.30194450 0.14937500 0.45591014
v -1.30194450 0.12562500 0.45591014
v -1.30247487 0.14937500 0.45547487
v -1.30247487 0.12562500 0.45547487
v -1.30291014 0.14937500 0.45494450
v -1.30291014 0.12562500 0.45494450
v -1.30323358 0.14937500 0.45433939
v -1.30323358 0.12562500 0.45433939
v -1.30343275 0.14937500 0.45368282
v -1.30343275 0.12562500 0.45368282
v -1.30350000 0.14937500 0.45300000
v -1.30350000 0.12562500 0.45300000
v -1.30343275 0.14937500 0.45231718
v -1.30343275 0.12562500 0.45231718
v -1.30323358 0.14937500 0.45166061
v -1.30323358 0.12562500 0.45166061
v -1.30291014 0.14937500 0.45105550
v -1.30291014 0.12562500 0.45105550
v -1.30247487 0.14937500 0.45052513
v -1.30247487 0.12562500 0.45052513
v -1.30194450 0.14937500 0.45008986
v -1.30194450 0.12562500 0.45008986
v -1.30133939 0.14937500 0.44976642
v -1.30133939 0.12562500 0.44976642
v -1.30068282 0.14937500 0.44956725
v -1.30068282 0.12562500 0.44956725
v -1.30000000 0.14937500 0.44950000
v -1.30000000 0.12562500 0.44950000
v -1.29931718 0.14937500 0.44956725
v -1.29931718 0.12562500 0.44956725
v -1.29866061 0.14937500 0.44976642
v -1.29866061 0.12562500 0.44976642
v -1.29805550 0.14937500 0.45008986
v -1.29805550 0.12562500 0.45008986
v -1.29752513 0.14937500 0.45052513
v -1.29752513 0.12562500 0.45052513
v -1.29708986 0.14937500 0.45105550
v -1.29708986 0.12562500 0.45105550
v -1.29676642 0.14937500 0.45166061
v -1.29676642 0.12562500 0.45166061
v -1.29656725 0.14937500 0.45231718
v -1.29656725 0.12562500 0.45231718
v -1.30000000 0.17437500 0.45300000
v -1.29650000 0.17437500 0.45300000
v -1.29650000 0.15062500 0.45300000
v -1.30000000 0.15062500 0.45300000
v -1.29656725 0.17437500 0.45368282
v -1.29656725 0.15062500 0.45368282
v -1.29676642 0.17437500 0.45433939
v -1.29676642 0.15062500 0.45433939
v -1.29708986 0.17437500 0.45494450
v -1.29708986 0.15062500 0.45494450
v -1.29752513 0.17437500 0.45547487
v -1.29752513 0.15062500 0.45547487
v -1.29805550 0.17437500 0.45591014
v -1.29805550 0.15062500 0.45591014
v -1.29866061 0.17437500 0.45623358
v -1.29866061 0.15062500 0.45623358
v -1.29931718 0.17437500 0.45643275
v -1.29931718 0.15062500 0.45643275
v -1.30000000 0.17437500 0.45650000
v -1.30000000 0.15062500 0.45650000
v -1.30068282 0.17437500 0.45643275
v -1.30068282 0.15062500 0.45643275
v -1.30133939 0.17437500 0.45623358
v -1.30133939 0.15062500 0.45623358
v -1.30194450 0.17437500 0.45591014
v -1.30194450 0.15062500 0.45591014
v -1.30247487 0.17437500 0.45547487
v -1.30247487 0.15062500 0.45547487
v -1.30291014 0.17437500 0.45494450
v -1.30291014 0.15062500 0.45494450
v -1.30323358 0.17437500 0.45433939
v -1.30323358 0.15062500 0.45433939
v -1.30343275 0.17437500 0.45368282
v -1.30343275 0.15062500 0.45368282
v -1.30350000 0.17437500 0.45300000
v -1.30350000 0.15062500 0.45300000
v -1.30343275 0.17437500 0.45231718
v -1.30343275 0.15062500 0.45231718
v -1.30323358 0.17437500 0.45166061
v -1.30323358 0.15062500 0.45166061
v -1.30291014 0.17437500 0.45105550
v -1.30291014 0.15062500 0.45105550
v -1.30247487 0.17437500 0.45052513
v -1.30247487 0.15062500 0.45052513
v -1.30194450 0.17437500 0.45008986
v -1.30194450 0.15062500 0.45008986
v -1.30133939 0.17437500 0.44976642
v -1.30133939 0.15062500 0.44976642
v -1.30068282 0.17437500 0.44956725
v -1.30068282 0.15062500 0.44956725
v -1.30000000 0.17437500 0.44950000
v -1.30000000 0.15062500 0.44950000
v -1.29931718 0.17437500 0.44956725
v -1.29931718 0.15062500 0.44956725
v -1.29866061 0.17437500 0.44976642
v -1.29866061 0.15062500 0.44976642
v -1.29805550 0.17437500 0.45008986
v -1.29805550 0.15062500 0.45008986
v -1.29752513 0.17437500 0.45052513
v -1.29752513 0.15062500 0.45052513
v -1.29708986 0.17437500 0.45105550
v -1.29708986 0.15062500 0.45105550
v -1.29676642 0.17437500 0.45166061
v -1.29676642 0.15062500 0.45166061
v -1.29656725 0.17437500 0.45231718
v -1.29656725 0.15062500 0.45231718
v -1.30000000 0.19937500 0.45300000
v -1.29650000 0.19937500 0.45300000
v -1.29650000 0.17562500 0.45300000
v -1.30000000 0.17562500 0.45300000
v -1.29656725 0.19937500 0.45368282
v -1.29656725 0.17562500 0.45368282
v -1.29676642 0.19937500 0.45433939
v -1.29676642 0.17562500 0.45433939
v -1.29708986 0.19937500 0.45494450
v -1.29708986 0.17562500 0.45494450
v -1.29752513 0.19937500 0.45547487
v -1.29752513 0.17562500 0.45547487
v -1.29805550 0.19937500 0.45591014
v -1.29805550 0.17562500 0.45591014
v -1.29866061 0.19937500 0.45623358
v -1.29866061 0.17562500 0.45623358
v -1.29931718 0.19937500 0.45643275
v -1.29931718 0.17562500 0.45643275
v -1.30000000 0.19937500 0.45650000
v -1.30000000 0.17562500 0.45650000
v -1.30068282 0.19937500 0.45643275
v -1.30068282 0.17562500 0.45643275
v -1.30133939 0.19937500 0.45623358
v -1.30133939 0.17562500 0.45623358
v -1.30194450 0.19937500 0.45591014
v -1.30194450 0.17562500 0.45591014
v -1.30247487 0.19937500 0.45547487
v -1.30247487 0.17562500 0.45547487
v -1.30291014 0.19937500 0.45494450
v -1.30291014 0.17562500 0.45494450
v -1.30323358 0.19937500 0.45433939
v -1.30323358 0.17562500 0.45433939
v -1.30343275 0.19937500 0.45368282
v -1.30343275 0.17562500 0.45368282
v -1.30350000 0.19937500 0.45300000
v -1.30350000 0.17562500 0.45300000
v -1.30343275 0.19937500 0.45231718
v -1.30343275 0.17562500 0.45231718
v -1.30323358 0.19937500 0.45166061
v -1.30323358 0.17562500 0.45166061
v -1.30291014 0.19937500 0.45105550
v -1.30291014 0.17562500 0.45105550
v -1.30247487 0.19937500 0.45052513
v -1.30247487 0.17562500 0.45052513
v -1.30194450 0.19937500 0.45008986
v -1.30194450 0.17562500 0.45008986
v -1.30133939 0.19937500 0.44976642
v -1.30133939 0.17562500 0.44976642
v -1.30068282 0.19937500 0.44956725
v -1.30068282 0.17562500 0.44956725
v -1.30000000 0.19937500 0.44950000
v -1.30000000 0.17562500 0.44950000
v -1.29931718 0.19937500 0.44956725
v -1.29931718 0.17562500 0.44956725
v -1.29866061 0.19937500 0.44976642
v -1.29866061 0.17562500 0.44976642
v -1.29805550 0.19937500 0.45008986
v -1.29805550 0.17562500 0.45008986
v -1.29752513 0.19937500 0.45052513
v -1.29752513 0.17562500 0.45052513
v -1.29708986 0.19937500 0.45105550
v -1.29708986 0.17562500 0.45105550
v -1.29676642 0.19937500 0.45166061
v -1.29676642 0.17562500 0.45166061
v -1.29656725 0.19937500 0.45231718
v -1.29656725 0.17562500 0.45231718
v -1.30000000 0.22437500 0.45300000
v -1.29650000 0.22437500 0.45300000
v -1.29650000 0.20062500 0.45300000
v -1.30000000 0.20062500 0.45300000
v -1.29656725 0.22437500 0.45368282
v -1.29656725 0.20062500 0.45368282
v -1.29676642 0.22437500 0.45433939
v -1.29676642 0.20062500 0.45433939
v -1.29708986 0.22437500 0.45494450
v -1.29708986 0.20062500 0.45494450
v -1.29752513 0.22437500 0.45547487
v -1.29752513 0.20062500 0.45547487
v -1.29805550 0.22437500 0.45591014
v -1.29805550 0.20062500 0.45591014
v -1.29866061 0.22437500 0.45623358
v -1.29866061 0.20062500 0.45623358
v -1.29931718 0.22437500 0.45643275
v -1.29931718 0.20062500 0.45643275
v -1.30000000 0.22437500 0.45650000
v -1.30000000 0.20062500 0.45650000
v -1.30068282 0.22437500 0.45643275
v -1.30068282 0.20062500 0.45643275
v -1.30133939 0.22437500 0.45623358
v -1.30133939 0.20062500 0.45623358
v -1.30194450 0.22437500 0.45591014
v -1.30194450 0.20062500 0.45591014
v -1.30247487 0.22437500 0.45547487
v -1.30247487 0.20062500 0.45547487
v -1.30291014 0.22437500 0.45494450
v -1.30291014 0.20062500 0.45494450
v -1.30323358 0.22437500 0.45433939
v -1.30323358 0.20062500 0.45433939
v -1.30343275 0.22437500 0.45368282
v -1.30343275 0.20062500 0.45368282
v -1.30350000 0.22437500 0.45300000
v -1.30350000 0.20062500 0.45300000
v -1.30343275 0.22437500 0.45231718
v -1.30343275 0.20062500 0.45231718
v -1.30323358 0.22437500 0.45166061
v -1.30323358 0.20062500 0.45166061
v -1.30291014 0.22437500 0.45105550
v -1.30291014 0.20062500 0.45105550
v -1.30247487 0.22437500 0.45052513
v -1.30247487 0.20062500 0.45052513
v -1.30194450 0.22437500 0.45008986
v -1.30194450 0.20062500 0.45008986
v -1.30133939 0.22437500 0.44976642
v -1.30133939 0.20062500 0.44976642
v -1.30068282 0.22437500 0.44956725
v -1.30068282 0.20062500 0.44956725
v -1.30000000 0.22437500 0.44950000
v -1.30000000 0.20062500 0.44950000
v -1.29931718 0.22437500 0.44956725
v -1.29931718 0.20062500 0.44956725
v -1.29866061 0.22437500 0.44976642
v -1.29866061 0.20062500 0.44976642
v -1.29805550 0.22437500 0.45008986
v -1.29805550 0.20062500 0.45008986
v -1.29752513 0.22437500 0.45052513
v -1.29752513 0.20062500 0.45052513
v -1.29708986 0.22437500 0.45105550
v -1.29708986 0.20062500 0.45105550
v -1.29676642 0.22437500 0.45166061
v -1.29676642 0.20062500 0.45166061
v -1.29656725 0.22437500 0.45231718
v -1.29656725 0.20062500 0.45231718
v -1.32400000 -0.22500000 0.45085000
v -1.32400000 -0.22500000 0.45235000
v -1.32400000 0.22500000 0.45085000
v -1.32400000 0.22500000 0.45235000
v -1.30000000 -0.22500000 0.45085000
v -1.30000000 -0.22500000 0.45235000
v -1.30000000 0.22500000 0.45085000
v -1.30000000 0.22500000 0.45235000
v -1.30000000 -0.22500000 0.45085000
v -1.30000000 -0.22500000 0.45235000
v -1.30000000 0.22500000 0.45085000
v -1.30000000 0.22500000 0.45235000
v -1.27600000 -0.22500000 0.45085000
v -1.27600000 -0.22500000 0.45235000
v -1.27600000 0.22500000 0.45085000
v -1.27600000 0.22500000 0.45235000
v -0.24700000 0.00850000 0.42500000
v -0.24700000 0.00850000 0.44500000
v -0.24700000 0.01550000 0.42500000
v -0.24700000 0.01550000 0.44500000
v -0.22300000 0.00850000 0.42500000
v -0.22300000 0.00850000 0.44500000
v -0.22300000 0.01550000 0.42500000
v -0.22300000 0.01550000 0.44500000
v -0.24400000 0.01150000 0.44200000
v -0.24400000 0.01150000 0.47800000
v -0.24400000 0.01650000 0.44200000
v -0.24400000 0.01650000 0.47800000
v -0.22600000 0.01150000 0.44200000
v -0.22600000 0.01150000 0.47800000
v -0.22600000 0.01650000 0.44200000
v -0.22600000 0.01650000 0.47800000
v 0.22300000 0.00850000 0.42500000
v 0.22300000 0.00850000 0.44500000
v 0.22300000 0.01550000 0.42500000
v 0.22300000 0.01550000 0.44500000
v 0.24700000 0.00850000 0.42500000
v 0.24700000 0.00850000 0.44500000
v 0.24700000 0.01550000 0.42500000
v 0.24700000 0.01550000 0.44500000
v 0.22600000 0.01150000 0.44200000
v 0.22600000 0.01150000 0.47800000
v 0.22600000 0.01650000 0.44200000
v 0.22600000 0.01650000 0.47800000
v 0.24400000 0.01150000 0.44200000
v 0.24400000 0.01150000 0.47800000
v 0.24400000 0.01650000 0.44200000
v 0.24400000 0.01650000 0.47800000
v 1.09500000 -0.22500000 0.45900000
v 1.09500000 -0.22320000 0.45900000
v 1.50500000 -0.22320000 0.45900000
v 1.50500000 -0.22500000 0.45900000
v 1.09500000 -0.22323459 0.45935116
v 1.50500000 -0.22323459 0.45935116
v 1.09500000 -0.22333702 0.45968883
v 1.50500000 -0.22333702 0.45968883
v 1.09500000 -0.22350335 0.46000003
v 1.50500000 -0.22350335 0.46000003
v 1.09500000 -0.22372721 0.46027279
v 1.50500000 -0.22372721 0.46027279
v 1.09500000 -0.22399997 0.46049665
v 1.50500000 -0.22399997 0.46049665
v 1.09500000 -0.22431117 0.46066298
v 1.50500000 -0.22431117 0.46066298
v 1.09500000 -0.22464884 0.46076541
v 1.50500000 -0.22464884 0.46076541
v 1.09500000 -0.22500000 0.46080000
v 1.50500000 -0.22500000 0.46080000
v 1.09500000 -0.22535116 0.46076541
v 1.50500000 -0.22535116 0.46076541
v 1.09500000 -0.22568883 0.46066298
v 1.50500000 -0.22568883 0.46066298
v 1.09500000 -0.22600003 0.46049665
v 1.50500000 -0.22600003 0.46049665
v 1.09500000 -0.22627279 0.46027279
v 1.50500000 -0.22627279 0.46027279
v 1.09500000 -0.22649665 0.46000003
v 1.50500000 -0.22649665 0.46000003
v 1.09500000 -0.22666298 0.45968883
v 1.50500000 -0.22666298 0.45968883
v 1.09500000 -0.22676541 0.45935116
v 1.50500000 -0.22676541 0.45935116
v 1.09500000 -0.22680000 0.45900000
v 1.50500000 -0.22680000 0.45900000
v 1.09500000 -0.22676541 0.45864884
v 1.50500000 -0.22676541 0.45864884
v 1.09500000 -0.22666298 0.45831117
v 1.50500000 -0.22666298 0.45831117
v 1.09500000 -0.22649665 0.45799997
v 1.50500000 -0.22649665 0.45799997
v 1.09500000 -0.22627279 0.45772721
v 1.50500000 -0.22627279 0.45772721
v 1.09500000 -0.22600003 0.45750335
v 1.50500000 -0.22600003 0.45750335
v 1.09500000 -0.22568883 0.45733702
v 1.50500000 -0.22568883 0.45733702
v 1.09500000 -0.22535116 0.45723459
v 1.50500000 -0.22535116 0.45723459
v 1.09500000 -0.22500000 0.45720000
v 1.50500000 -0.22500000 0.45720000
v 1.09500000 -0.22464884 0.45723459
v 1.50500000 -0.22464884 0.45723459
v 1.09500000 -0.22431117 0.45733702
v 1.50500000 -0.22431117 0.45733702
v 1.09500000 -0.22399997 0.45750335
v 1.50500000 -0.22399997 0.45750335
v 1.09500000 -0.22372721 0.45772721
v 1.50500000 -0.22372721 0.45772721
v 1.09500000 -0.22350335 0.45799997
v 1.50500000 -0.22350335 0.45799997
v 1.09500000 -0.22333702 0.45831117
v 1.50500000 -0.22333702 0.45831117
v 1.09500000 -0.22323459 0.45864884
v 1.50500000 -0.22323459 0.45864884
v 1.48279167 -0.22500000 0.45900000
v 1.48279167 -0.22150000 0.45900000
v 1.50443056 -0.22150000 0.45900000
v 1.50443056 -0.22500000 0.45900000
v 1.48279167 -0.22156725 0.45968282
v 1.50443056 -0.22156725 0.45968282
v 1.48279167 -0.22176642 0.46033939
v 1.50443056 -0.22176642 0.46033939
v 1.48279167 -0.22208986 0.46094450
v 1.50443056 -0.22208986 0.46094450
v 1.48279167 -0.22252513 0.46147487
v 1.50443056 -0.22252513 0.46147487
v 1.48279167 -0.22305550 0.46191014
v 1.50443056 -0.22305550 0.46191014
v 1.48279167 -0.22366061 0.46223358
v 1.50443056 -0.22366061 0.46223358
v 1.48279167 -0.22431718 0.46243275
v 1.50443056 -0.22431718 0.46243275
v 1.48279167 -0.22500000 0.46250000
v 1.50443056 -0.22500000 0.46250000
v 1.48279167 -0.22568282 0.46243275
v 1.50443056 -0.22568282 0.46243275
v 1.48279167 -0.22633939 0.46223358
v 1.50443056 -0.22633939 0.46223358
v 1.48279167 -0.22694450 0.46191014
v 1.50443056 -0.22694450 0.46191014
v 1.48279167 -0.22747487 0.46147487
v 1.50443056 -0.22747487 0.46147487
v 1.48279167 -0.22791014 0.46094450
v 1.50443056 -0.22791014 0.46094450
v 1.48279167 -0.22823358 0.46033939
v 1.50443056 -0.22823358 0.46033939
v 1.48279167 -0.22843275 0.45968282
v 1.50443056 -0.22843275 0.45968282
v 1.48279167 -0.22850000 0.45900000
v 1.50443056 -0.22850000 0.45900000
v 1.48279167 -0.22843275 0.45831718
v 1.50443056 -0.22843275 0.45831718
v 1.48279167 -0.22823358 0.45766061
v 1.50443056 -0.22823358 0.45766061
v 1.48279167 -0.22791014 0.45705550
v 1.50443056 -0.22791014 0.45705550
v 1.48279167 -0.22747487 0.45652513
v 1.50443056 -0.22747487 0.45652513
v 1.48279167 -0.22694450 0.45608986
v 1.50443056 -0.22694450 0.45608986
v 1.48279167 -0.22633939 0.45576642
v 1.50443056 -0.22633939 0.45576642
v 1.48279167 -0.22568282 0.45556725
v 1.50443056 -0.22568282 0.45556725
v 1.48279167 -0.22500000 0.45550000
v 1.50443056 -0.22500000 0.45550000
v 1.48279167 -0.22431718 0.45556725
v 1.50443056 -0.22431718 0.45556725
v 1.48279167 -0.22366061 0.45576642
v 1.50443056 -0.22366061 0.45576642
v 1.48279167 -0.22305550 0.45608986
v 1.50443056 -0.22305550 0.45608986
v 1.48279167 -0.22252513 0.45652513
v 1.50443056 -0.22252513 0.45652513
v 1.48279167 -0.22208986 0.45705550
v 1.50443056 -0.22208986 0.45705550
v 1.48279167 -0.22176642 0.45766061
v 1.50443056 -0.22176642 0.45766061
v 1.48279167 -0.22156725 0.45831718
v 1.50443056 -0.22156725 0.45831718
v 1.46001389 -0.22500000 0.45900000
v 1.46001389 -0.22150000 0.45900000
v 1.48165278 -0.22150000 0.45900000
v 1.48165278 -0.22500000 0.45900000
v 1.46001389 -0.22156725 0.45968282
v 1.48165278 -0.22156725 0.45968282
v 1.46001389 -0.22176642 0.46033939
v 1.48165278 -0.22176642 0.46033939
v 1.46001389 -0.22208986 0.46094450
v 1.48165278 -0.22208986 0.46094450
v 1.46001389 -0.22252513 0.46147487
v 1.48165278 -0.22252513 0.46147487
v 1.46001389 -0.22305550 0.46191014
v 1.48165278 -0.22305550 0.46191014
v 1.46001389 -0.22366061 0.46223358
v 1.48165278 -0.22366061 0.46223358
v 1.46001389 -0.22431718 0.46243275
v 1.48165278 -0.22431718 0.46243275
v 1.46001389 -0.22500000 0.46250000
v 1.48165278 -0.22500000 0.46250000
v 1.46001389 -0.22568282 0.46243275
v 1.48165278 -0.22568282 0.46243275
v 1.46001389 -0.22633939 0.46223358
v 1.48165278 -0.22633939 0.46223358
v 1.46001389 -0.22694450 0.46191014
v 1.48165278 -0.22694450 0.46191014
v 1.46001389 -0.22747487 0.46147487
v 1.48165278 -0.22747487 0.46147487
v 1.46001389 -0.22791014 0.46094450
v 1.48165278 -0.22791014 0.46094450
v 1.46001389 -0.22823358 0.46033939
v 1.48165278 -0.22823358 0.46033939
v 1.46001389 -0.22843275 0.45968282
v 1.48165278 -0.22843275 0.45968282
v 1.46001389 -0.22850000 0.45900000
v 1.48165278 -0.22850000 0.45900000
v 1.46001389 -0.22843275 0.45831718
v 1.48165278 -0.22843275 0.45831718
v 1.46001389 -0.22823358 0.45766061
v 1.48165278 -0.22823358 0.45766061
v 1.46001389 -0.22791014 0.45705550
v 1.48165278 -0.22791014 0.45705550
v 1.46001389 -0.22747487 0.45652513
v 1.48165278 -0.22747487 0.45652513
v 1.46001389 -0.22694450 0.45608986
v 1.48165278 -0.22694450 0.45608986
v 1.46001389 -0.22633939 0.45576642
v 1.48165278 -0.22633939 0.45576642
v 1.46001389 -0.22568282 0.45556725
v 1.48165278 -0.22568282 0.45556725
v 1.46001389 -0.22500000 0.45550000
v 1.48165278 -0.22500000 0.45550000
v 1.46001389 -0.22431718 0.45556725
v 1.48165278 -0.22431718 0.45556725
v 1.46001389 -0.22366061 0.45576642
v 1.48165278 -0.22366061 0.45576642
v 1.46001389 -0.22305550 0.45608986
v 1.48165278 -0.22305550 0.45608986
v 1.46001389 -0.22252513 0.45652513
v 1.48165278 -0.22252513 0.45652513
v 1.46001389 -0.22208986 0.45705550
v 1.48165278 -0.22208986 0.45705550
v 1.46001389 -0.22176642 0.45766061
v 1.48165278 -0.22176642 0.45766061
v 1.46001389 -0.22156725 0.45831718
v 1.48165278 -0.22156725 0.45831718
v 1.43723611 -0.22500000 0.45900000
v 1.43723611 -0.22150000 0.45900000
v 1.45887500 -0.22150000 0.45900000
v 1.45887500 -0.22500000 0.45900000
v 1.43723611 -0.22156725 0.45968282
v 1.45887500 -0.22156725 0.45968282
v 1.43723611 -0.22176642 0.46033939
v 1.45887500 -0.22176642 0.46033939
v 1.43723611 -0.22208986 0.46094450
v 1.45887500 -0.22208986 0.46094450
v 1.43723611 -0.22252513 0.46147487
v 1.45887500 -0.22252513 0.46147487
v 1.43723611 -0.22305550 0.46191014
v 1.45887500 -0.22305550 0.46191014
v 1.43723611 -0.22366061 0.46223358
v 1.45887500 -0.22366061 0.46223358
v 1.43723611 -0.22431718 0.46243275
v 1.45887500 -0.22431718 0.46243275
v 1.43723611 -0.22500000 0.46250000
v 1.45887500 -0.22500000 0.46250000
v 1.43723611 -0.22568282 0.46243275
v 1.45887500 -0.22568282 0.46243275
v 1.43723611 -0.22633939 0.46223358
v 1.45887500 -0.22633939 0.46223358
v 1.43723611 -0.22694450 0.46191014
v 1.45887500 -0.22694450 0.46191014
v 1.43723611 -0.22747487 0.46147487
v 1.45887500 -0.22747487 0.46147487
v 1.43723611 -0.22791014 0.46094450
v 1.45887500 -0.22791014 0.46094450
v 1.43723611 -0.22823358 0.46033939
v 1.45887500 -0.22823358 0.46033939
v 1.43723611 -0.22843275 0.45968282
v 1.45887500 -0.22843275 0.45968282
v 1.43723611 -0.22850000 0.45900000
v 1.45887500 -0.22850000 0.45900000
v 1.43723611 -0.22843275 0.45831718
v 1.45887500 -0.22843275 0.45831718
v 1.43723611 -0.22823358 0.45766061
v 1.45887500 -0.22823358 0.45766061
v 1.43723611 -0.22791014 0.45705550
v 1.45887500 -0.22791014 0.45705550
v 1.43723611 -0.22747487 0.45652513
v 1.45887500 -0.22747487 0.45652513
v 1.43723611 -0.22694450 0.45608986
v 1.45887500 -0.22694450 0.45608986
v 1.43723611 -0.22633939 0.45576642
v 1.45887500 -0.22633939 0.45576642
v 1.43723611 -0.22568282 0.45556725
v 1.45887500 -0.22568282 0.45556725
v 1.43723611 -0.22500000 0.45550000
v 1.45887500 -0.22500000 0.45550000
v 1.43723611 -0.22431718 0.45556725
v 1.45887500 -0.22431718 0.45556725
v 1.43723611 -0.22366061 0.45576642
v 1.45887500 -0.22366061 0.45576642
v 1.43723611 -0.22305550 0.45608986
v 1.45887500 -0.22305550 0.45608986
v 1.43723611 -0.22252513 0.45652513
v 1.45887500 -0.22252513 0.45652513
v 1.43723611 -0.22208986 0.45705550
v 1.45887500 -0.22208986 0.45705550
v 1.43723611 -0.22176642 0.45766061
v 1.45887500 -0.22176642 0.45766061
v 1.43723611 -0.22156725 0.45831718
v 1.45887500 -0.22156725 0.45831718
v 1.41445833 -0.22500000 0.45900000
v 1.41445833 -0.22150000 0.45900000
v 1.43609722 -0.22150000 0.45900000
v 1.43609722 -0.22500000 0.45900000
v 1.41445833 -0.22156725 0.45968282
v 1.43609722 -0.22156725 0.45968282
v 1.41445833 -0.22176642 0.46033939
v 1.43609722 -0.22176642 0.46033939
v 1.41445833 -0.22208986 0.46094450
v 1.43609722 -0.22208986 0.46094450
v 1.41445833 -0.22252513 0.46147487
v 1.43609722 -0.22252513 0.46147487
v 1.41445833 -0.22305550 0.46191014
v 1.43609722 -0.22305550 0.46191014
v 1.41445833 -0.22366061 0.46223358
v 1.43609722 -0.22366061 0.46223358
v 1.41445833 -0.22431718 0.46243275
v 1.43609722 -0.22431718 0.46243275
v 1.41445833 -0.22500000 0.46250000
v 1.43609722 -0.22500000 0.46250000
v 1.41445833 -0.22568282 0.46243275
v 1.43609722 -0.22568282 0.46243275
v 1.41445833 -0.22633939 0.46223358
v 1.43609722 -0.22633939 0.46223358
v 1.41445833 -0.22694450 0.46191014
v 1.43609722 -0.22694450 0.46191014
v 1.41445833 -0.22747487 0.46147487
v 1.43609722 -0.22747487 0.46147487
v 1.41445833 -0.22791014 0.46094450
v 1.43609722 -0.22791014 0.46094450
v 1.41445833 -0.22823358 0.46033939
v 1.43609722 -0.22823358 0.46033939
v 1.41445833 -0.22843275 0.45968282
v 1.43609722 -0.22843275 0.45968282
v 1.41445833 -0.22850000 0.45900000
v 1.43609722 -0.22850000 0.45900000
v 1.41445833 -0.22843275 0.45831718
v 1.43609722 -0.22843275 0.45831718
v 1.41445833 -0.22823358 0.45766061
v 1.43609722 -0.22823358 0.45766061
v 1.41445833 -0.22791014 0.45705550
v 1.43609722 -0.22791014 0.45705550
v 1.41445833 -0.22747487 0.45652513
v 1.43609722 -0.22747487 0.45652513
v 1.41445833 -0.22694450 0.45608986
v 1.43609722 -0.22694450 0.45608986
v 1.41445833 -0.22633939 0.45576642
v 1.43609722 -0.22633939 0.45576642
v 1.41445833 -0.22568282 0.45556725
v 1.43609722 -0.22568282 0.45556725
v 1.41445833 -0.22500000 0.45550000
v 1.43609722 -0.22500000 0.45550000
v 1.41445833 -0.22431718 0.45556725
v 1.43609722 -0.22431718 0.45556725
v 1.41445833 -0.22366061 0.45576642
v 1.43609722 -0.22366061 0.45576642
v 1.41445833 -0.22305550 0.45608986
v 1.43609722 -0.22305550 0.45608986
v 1.41445833 -0.22252513 0.45652513
v 1.43609722 -0.22252513 0.45652513
v 1.41445833 -0.22208986 0.45705550
v 1.43609722 -0.22208986 0.45705550
v 1.41445833 -0.22176642 0.45766061
v 1.43609722 -0.22176642 0.45766061
v 1.41445833 -0.22156725 0.45831718
v 1.43609722 -0.22156725 0.45831718
v 1.39168056 -0.22500000 0.45900000
v 1.39168056 -0.22150000 0.45900000
v 1.41331944 -0.22150000 0.45900000
v 1.41331944 -0.22500000 0.45900000
v 1.39168056 -0.22156725 0.45968282
v 1.41331944 -0.22156725 0.45968282
v 1.39168056 -0.22176642 0.46033939
v 1.41331944 -0.22176642 0.46033939
v 1.39168056 -0.22208986 0.46094450
v 1.41331944 -0.22208986 0.46094450
v 1.39168056 -0.22252513 0.46147487
v 1.41331944 -0.22252513 0.46147487
v 1.39168056 -0.22305550 0.46191014
v 1.41331944 -0.22305550 0.46191014
v 1.39168056 -0.22366061 0.46223358
v 1.41331944 -0.22366061 0.46223358
v 1.39168056 -0.22431718 0.46243275
v 1.41331944 -0.22431718 0.46243275
v 1.39168056 -0.22500000 0.46250000
v 1.41331944 -0.22500000 0.46250000
v 1.39168056 -0.22568282 0.46243275
v 1.41331944 -0.22568282 0.46243275
v 1.39168056 -0.22633939 0.46223358
v 1.41331944 -0.22633939 0.46223358
v 1.39168056 -0.22694450 0.46191014
v 1.41331944 -0.22694450 0.46191014
v 1.39168056 -0.22747487 0.46147487
v 1.41331944 -0.22747487 0.46147487
v 1.39168056 -0.22791014 0.46094450
v 1.41331944 -0.22791014 0.46094450
v 1.39168056 -0.22823358 0.46033939
v 1.41331944 -0.22823358 0.46033939
v 1.39168056 -0.22843275 0.45968282
v 1.41331944 -0.22843275 0.45968282
v 1.39168056 -0.22850000 0.45900000
v 1.41331944 -0.22850000 0.45900000
v 1.39168056 -0.22843275 0.45831718
v 1.41331944 -0.22843275 0.45831718
v 1.39168056 -0.22823358 0.45766061
v 1.41331944 -0.22823358 0.45766061
v 1.39168056 -0.22791014 0.45705550
v 1.41331944 -0.22791014 0.45705550
v 1.39168056 -0.22747487 0.45652513
v 1.41331944 -0.22747487 0.45652513
v 1.39168056 -0.22694450 0.45608986
v 1.41331944 -0.22694450 0.45608986
v 1.39168056 -0.22633939 0.45576642
v 1.41331944 -0.22633939 0.45576642
v 1.39168056 -0.22568282 0.45556725
v 1.41331944 -0.22568282 0.45556725
v 1.39168056 -0.22500000 0.45550000
v 1.41331944 -0.22500000 0.45550000
v 1.39168056 -0.22431718 0.45556725
v 1.41331944 -0.22431718 0.45556725
v 1.39168056 -0.22366061 0.45576642
v 1.41331944 -0.22366061 0.45576642
v 1.39168056 -0.22305550 0.45608986
v 1.41331944 -0.22305550 0.45608986
v 1.39168056 -0.22252513 0.45652513
v 1.41331944 -0.22252513 0.45652513
v 1.39168056 -0.22208986 0.45705550
v 1.41331944 -0.22208986 0.45705550
v 1.39168056 -0.22176642 0.45766061
v 1.41331944 -0.22176642 0.45766061
v 1.39168056 -0.22156725 0.45831718
v 1.41331944 -0.22156725 0.45831718
v 1.36890278 -0.22500000 0.45900000
v 1.36890278 -0.22150000 0.45900000
v 1.39054167 -0.22150000 0.45900000
v 1.39054167 -0.22500000 0.45900000
v 1.36890278 -0.22156725 0.45968282
v 1.39054167 -0.22156725 0.45968282
v 1.36890278 -0.22176642 0.46033939
v 1.39054167 -0.22176642 0.46033939
v 1.36890278 -0.22208986 0.46094450
v 1.39054167 -0.22208986 0.46094450
v 1.36890278 -0.22252513 0.46147487
v 1.39054167 -0.22252513 0.46147487
v 1.36890278 -0.22305550 0.46191014
v 1.39054167 -0.22305550 0.46191014
v 1.36890278 -0.22366061 0.46223358
v 1.39054167 -0.22366061 0.46223358
v 1.36890278 -0.22431718 0.46243275
v 1.39054167 -0.22431718 0.46243275
v 1.36890278 -0.22500000 0.46250000
v 1.39054167 -0.22500000 0.46250000
v 1.36890278 -0.22568282 0.46243275
v 1.39054167 -0.22568282 0.46243275
v 1.36890278 -0.22633939 0.46223358
v 1.39054167 -0.22633939 0.46223358
v 1.36890278 -0.22694450 0.46191014
v 1.39054167 -0.22694450 0.46191014
v 1.36890278 -0.22747487 0.46147487
v 1.39054167 -0.22747487 0.46147487
v 1.36890278 -0.22791014 0.46094450
v 1.39054167 -0.22791014 0.46094450
v 1.36890278 -0.22823358 0.46033939
v 1.39054167 -0.22823358 0.46033939
v 1.36890278 -0.22843275 0.45968282
v 1.39054167 -0.22843275 0.45968282
v 1.36890278 -0.22850000 0.45900000
v 1.39054167 -0.22850000 0.45900000
v 1.36890278 -0.22843275 0.45831718
v 1.39054167 -0.22843275 0.45831718
v 1.36890278 -0.22823358 0.45766061
v 1.39054167 -0.22823358 0.45766061
v 1.36890278 -0.22791014 0.45705550
v 1.39054167 -0.22791014 0.45705550
v 1.36890278 -0.22747487 0.45652513
v 1.39054167 -0.22747487 0.45652513
v 1.36890278 -0.22694450 0.45608986
v 1.39054167 -0.22694450 0.45608986
v 1.36890278 -0.22633939 0.45576642
v 1.39054167 -0.22633939 0.45576642
v 1.36890278 -0.22568282 0.45556725
v 1.39054167 -0.22568282 0.45556725
v 1.36890278 -0.22500000 0.45550000
v 1.39054167 -0.22500000 0.45550000
v 1.36890278 -0.22431718 0.45556725
v 1.39054167 -0.22431718 0.45556725
v 1.36890278 -0.22366061 0.45576642
v 1.39054167 -0.22366061 0.45576642
v 1.36890278 -0.22305550 0.45608986
v 1.39054167 -0.22305550 0.45608986
v 1.36890278 -0.22252513 0.45652513
v 1.39054167 -0.22252513 0.45652513
v 1.36890278 -0.22208986 0.45705550
v 1.39054167 -0.22208986 0.45705550
v 1.36890278 -0.22176642 0.45766061
v 1.39054167 -0.22176642 0.45766061
v 1.36890278 -0.22156725 0.45831718
v 1.39054167 -0.22156725 0.45831718
v 1.34612500 -0.22500000 0.45900000
v 1.34612500 -0.22150000 0.45900000
v 1.36776389 -0.22150000 0.45900000
v 1.36776389 -0.22500000 0.45900000
v 1.34612500 -0.22156725 0.45968282
v 1.36776389 -0.22156725 0.45968282
v 1.34612500 -0.22176642 0.46033939
v 1.36776389 -0.22176642 0.46033939
v 1.34612500 -0.22208986 0.46094450
v 1.36776389 -0.22208986 0.46094450
v 1.34612500 -0.22252513 0.46147487
v 1.36776389 -0.22252513 0.46147487
v 1.34612500 -0.22305550 0.46191014
v 1.36776389 -0.22305550 0.46191014
v 1.34612500 -0.22366061 0.46223358
v 1.36776389 -0.22366061 0.46223358
v 1.34612500 -0.22431718 0.46243275
v 1.36776389 -0.22431718 0.46243275
v 1.34612500 -0.22500000 0.46250000
v 1.36776389 -0.22500000 0.46250000
v 1.34612500 -0.22568282 0.46243275
v 1.36776389 -0.22568282 0.46243275
v 1.34612500 -0.22633939 0.46223358
v 1.36776389 -0.22633939 0.46223358
v 1.34612500 -0.22694450 0.46191014
v 1.36776389 -0.22694450 0.46191014
v 1.34612500 -0.22747487 0.46147487
v 1.36776389 -0.22747487 0.46147487
v 1.34612500 -0.22791014 0.46094450
v 1.36776389 -0.22791014 0.46094450
v 1.34612500 -0.22823358 0.46033939
v 1.36776389 -0.22823358 0.46033939
v 1.34612500 -0.22843275 0.45968282
v 1.36776389 -0.22843275 0.45968282
v 1.34612500 -0.22850000 0.45900000
v 1.36776389 -0.22850000 0.45900000
v 1.34612500 -0.22843275 0.45831718
v 1.36776389 -0.22843275 0.45831718
v 1.34612500 -0.22823358 0.45766061
v 1.36776389 -0.22823358 0.45766061
v 1.34612500 -0.22791014 0.45705550
v 1.36776389 -0.22791014 0.45705550
v 1.34612500 -0.22747487 0.45652513
v 1.36776389 -0.22747487 0.45652513
v 1.34612500 -0.22694450 0.45608986
v 1.36776389 -0.22694450 0.45608986
v 1.34612500 -0.22633939 0.45576642
v 1.36776389 -0.22633939 0.45576642
v 1.34612500 -0.22568282 0.45556725
v 1.36776389 -0.22568282 0.45556725
v 1.34612500 -0.22500000 0.45550000
v 1.36776389 -0.22500000 0.45550000
v 1.34612500 -0.22431718 0.45556725
v 1.36776389 -0.22431718 0.45556725
v 1.34612500 -0.22366061 0.45576642
v 1.36776389 -0.22366061 0.45576642
v 1.34612500 -0.22305550 0.45608986
v 1.36776389 -0.22305550 0.45608986
v 1.34612500 -0.22252513 0.45652513
v 1.36776389 -0.22252513 0.45652513
v 1.34612500 -0.22208986 0.45705550
v 1.36776389 -0.22208986 0.45705550
v 1.34612500 -0.22176642 0.45766061
v 1.36776389 -0.22176642 0.45766061
v 1.34612500 -0.22156725 0.45831718
v 1.36776389 -0.22156725 0.45831718
v 1.32334722 -0.22500000 0.45900000
v 1.32334722 -0.22150000 0.45900000
v 1.34498611 -0.22150000 0.45900000
v 1.34498611 -0.22500000 0.45900000
v 1.32334722 -0.22156725 0.45968282
v 1.34498611 -0.22156725 0.45968282
v 1.32334722 -0.22176642 0.46033939
v 1.34498611 -0.22176642 0.46033939
v 1.32334722 -0.22208986 0.46094450
v 1.34498611 -0.22208986 0.46094450
v 1.32334722 -0.22252513 0.46147487
v 1.34498611 -0.22252513 0.46147487
v 1.32334722 -0.22305550 0.46191014
v 1.34498611 -0.22305550 0.46191014
v 1.32334722 -0.22366061 0.46223358
v 1.34498611 -0.22366061 0.46223358
v 1.32334722 -0.22431718 0.46243275
v 1.34498611 -0.22431718 0.46243275
v 1.32334722 -0.22500000 0.46250000
v 1.34498611 -0.22500000 0.46250000
v 1.32334722 -0.22568282 0.46243275
v 1.34498611 -0.22568282 0.46243275
v 1.32334722 -0.22633939 0.46223358
v 1.34498611 -0.22633939 0.46223358
v 1.32334722 -0.22694450 0.46191014
v 1.34498611 -0.22694450 0.46191014
v 1.32334722 -0.22747487 0.46147487
v 1.34498611 -0.22747487 0.46147487
v 1.32334722 -0.22791014 0.46094450
v 1.34498611 -0.22791014 0.46094450
v 1.32334722 -0.22823358 0.46033939
v 1.34498611 -0.22823358 0.46033939
v 1.32334722 -0.22843275 0.45968282
v 1.34498611 -0.22843275 0.45968282
v 1.32334722 -0.22850000 0.45900000
v 1.34498611 -0.22850000 0.45900000
v 1.32334722 -0.22843275 0.45831718
v 1.34498611 -0.22843275 0.45831718
v 1.32334722 -0.22823358 0.45766061
v 1.34498611 -0.22823358 0.45766061
v 1.32334722 -0.22791014 0.45705550
v 1.34498611 -0.22791014 0.45705550
v 1.32334722 -0.22747487 0.45652513
v 1.34498611 -0.22747487 0.45652513
v 1.32334722 -0.22694450 0.45608986
v 1.34498611 -0.22694450 0.45608986
v 1.32334722 -0.22633939 0.45576642
v 1.34498611 -0.22633939 0.45576642
v 1.32334722 -0.22568282 0.45556725
v 1.34498611 -0.22568282 0.45556725
v 1.32334722 -0.22500000 0.45550000
v 1.34498611 -0.22500000 0.45550000
v 1.32334722 -0.22431718 0.45556725
v 1.34498611 -0.22431718 0.45556725
v 1.32334722 -0.22366061 0.45576642
v 1.34498611 -0.22366061 0.45576642
v 1.32334722 -0.22305550 0.45608986
v 1.34498611 -0.22305550 0.45608986
v 1.32334722 -0.22252513 0.45652513
v 1.34498611 -0.22252513 0.45652513
v 1.32334722 -0.22208986 0.45705550
v 1.34498611 -0.22208986 0.45705550
v 1.32334722 -0.22176642 0.45766061
v 1.34498611 -0.22176642 0.45766061
v 1.32334722 -0.22156725 0.45831718
v 1.34498611 -0.22156725 0.45831718
v 1.30056944 -0.22500000 0.45900000
v 1.30056944 -0.22150000 0.45900000
v 1.32220833 -0.22150000 0.45900000
v 1.32220833 -0.22500000 0.45900000
v 1.30056944 -0.22156725 0.45968282
v 1.32220833 -0.22156725 0.45968282
v 1.30056944 -0.22176642 0.46033939
v 1.32220833 -0.22176642 0.46033939
v 1.30056944 -0.22208986 0.46094450
v 1.32220833 -0.22208986 0.46094450
v 1.30056944 -0.22252513 0.46147487
v 1.32220833 -0.22252513 0.46147487
v 1.30056944 -0.22305550 0.46191014
v 1.32220833 -0.22305550 0.46191014
v 1.30056944 -0.22366061 0.46223358
v 1.32220833 -0.22366061 0.46223358
v 1.30056944 -0.22431718 0.46243275
v 1.32220833 -0.22431718 0.46243275
v 1.30056944 -0.22500000 0.46250000
v 1.32220833 -0.22500000 0.46250000
v 1.30056944 -0.22568282 0.46243275
v 1.32220833 -0.22568282 0.46243275
v 1.30056944 -0.22633939 0.46223358
v 1.32220833 -0.22633939 0.46223358
v 1.30056944 -0.22694450 0.46191014
v 1.32220833 -0.22694450 0.46191014
v 1.30056944 -0.22747487 0.46147487
v 1.32220833 -0.22747487 0.46147487
v 1.30056944 -0.22791014 0.46094450
v 1.32220833 -0.22791014 0.46094450
v 1.30056944 -0.22823358 0.46033939
v 1.32220833 -0.22823358 0.46033939
v 1.30056944 -0.22843275 0.45968282
v 1.32220833 -0.22843275 0.45968282
v 1.30056944 -0.22850000 0.45900000
v 1.32220833 -0.22850000 0.45900000
v 1.30056944 -0.22843275 0.45831718
v 1.32220833 -0.22843275 0.45831718
v 1.30056944 -0.22823358 0.45766061
v 1.32220833 -0.22823358 0.45766061
v 1.30056944 -0.22791014 0.45705550
v 1.32220833 -0.22791014 0.45705550
v 1.30056944 -0.22747487 0.45652513
v 1.32220833 -0.22747487 0.45652513
v 1.30056944 -0.22694450 0.45608986
v 1.32220833 -0.22694450 0.45608986
v 1.30056944 -0.22633939 0.45576642
v 1.32220833 -0.22633939 0.45576642
v 1.30056944 -0.22568282 0.45556725
v 1.32220833 -0.22568282 0.45556725
v 1.30056944 -0.22500000 0.45550000
v 1.32220833 -0.22500000 0.45550000
v 1.30056944 -0.22431718 0.45556725
v 1.32220833 -0.22431718 0.45556725
v 1.30056944 -0.22366061 0.45576642
v 1.32220833 -0.22366061 0.45576642
v 1.30056944 -0.22305550 0.45608986
v 1.32220833 -0.22305550 0.45608986
v 1.30056944 -0.22252513 0.45652513
v 1.32220833 -0.22252513 0.45652513
v 1.30056944 -0.22208986 0.45705550
v 1.32220833 -0.22208986 0.45705550
v 1.30056944 -0.22176642 0.45766061
v 1.32220833 -0.22176642 0.45766061
v 1.30056944 -0.22156725 0.45831718
v 1.32220833 -0.22156725 0.45831718
v 1.27779167 -0.22500000 0.45900000
v 1.27779167 -0.22150000 0.45900000
v 1.29943056 -0.22150000 0.45900000
v 1.29943056 -0.22500000 0.45900000
v 1.27779167 -0.22156725 0.45968282
v 1.29943056 -0.22156725 0.45968282
v 1.27779167 -0.22176642 0.46033939
v 1.29943056 -0.22176642 0.46033939
v 1.27779167 -0.22208986 0.46094450
v 1.29943056 -0.22208986 0.46094450
v 1.27779167 -0.22252513 0.46147487
v 1.29943056 -0.22252513 0.46147487
v 1.27779167 -0.22305550 0.46191014
v 1.29943056 -0.22305550 0.46191014
v 1.27779167 -0.22366061 0.46223358
v 1.29943056 -0.22366061 0.46223358
v 1.27779167 -0.22431718 0.46243275
v 1.29943056 -0.22431718 0.46243275
v 1.27779167 -0.22500000 0.46250000
v 1.29943056 -0.22500000 0.46250000
v 1.27779167 -0.22568282 0.46243275
v 1.29943056 -0.22568282 0.46243275
v 1.27779167 -0.22633939 0.46223358
v 1.29943056 -0.22633939 0.46223358
v 1.27779167 -0.22694450 0.46191014
v 1.29943056 -0.22694450 0.46191014
v 1.27779167 -0.22747487 0.46147487
v 1.29943056 -0.22747487 0.46147487
v 1.27779167 -0.22791014 0.46094450
v 1.29943056 -0.22791014 0.46094450
v 1.27779167 -0.22823358 0.46033939
v 1.29943056 -0.22823358 0.46033939
v 1.27779167 -0.22843275 0.45968282
v 1.29943056 -0.22843275 0.45968282
v 1.27779167 -0.22850000 0.45900000
v 1.29943056 -0.22850000 0.45900000
v 1.27779167 -0.22843275 0.45831718
v 1.29943056 -0.22843275 0.45831718
v 1.27779167 -0.22823358 0.45766061
v 1.29943056 -0.22823358 0.45766061
v 1.27779167 -0.22791014 0.45705550
v 1.29943056 -0.22791014 0.45705550
v 1.27779167 -0.22747487 0.45652513
v 1.29943056 -0.22747487 0.45652513
v 1.27779167 -0.22694450 0.45608986
v 1.29943056 -0.22694450 0.45608986
v 1.27779167 -0.22633939 0.45576642
v 1.29943056 -0.22633939 0.45576642
v 1.27779167 -0.22568282 0.45556725
v 1.29943056 -0.22568282 0.45556725
v 1.27779167 -0.22500000 0.45550000
v 1.29943056 -0.22500000 0.45550000
v 1.27779167 -0.22431718 0.45556725
v 1.29943056 -0.22431718 0.45556725
v 1.27779167 -0.22366061 0.45576642
v 1.29943056 -0.22366061 0.45576642
v 1.27779167 -0.22305550 0.45608986
v 1.29943056 -0.22305550 0.45608986
v 1.27779167 -0.22252513 0.45652513
v 1.29943056 -0.22252513 0.45652513
v 1.27779167 -0.22208986 0.45705550
v 1.29943056 -0.22208986 0.45705550
v 1.27779167 -0.22176642 0.45766061
v 1.29943056 -0.22176642 0.45766061
v 1.27779167 -0.22156725 0.45831718
v 1.29943056 -0.22156725 0.45831718
v 1.25501389 -0.22500000 0.45900000
v 1.25501389 -0.22150000 0.45900000
v 1.27665278 -0.22150000 0.45900000
v 1.27665278 -0.22500000 0.45900000
v 1.25501389 -0.22156725 0.45968282
v 1.27665278 -0.22156725 0.45968282
v 1.25501389 -0.22176642 0.46033939
v 1.27665278 -0.22176642 0.46033939
v 1.25501389 -0.22208986 0.46094450
v 1.27665278 -0.22208986 0.46094450
v 1.25501389 -0.22252513 0.46147487
v 1.27665278 -0.22252513 0.46147487
v 1.25501389 -0.22305550 0.46191014
v 1.27665278 -0.22305550 0.46191014
v 1.25501389 -0.22366061 0.46223358
v 1.27665278 -0.22366061 0.46223358
v 1.25501389 -0.22431718 0.46243275
v 1.27665278 -0.22431718 0.46243275
v 1.25501389 -0.22500000 0.46250000
v 1.27665278 -0.22500000 0.46250000
v 1.25501389 -0.22568282 0.46243275
v 1.27665278 -0.22568282 0.46243275
v 1.25501389 -0.22633939 0.46223358
v 1.27665278 -0.22633939 0.46223358
v 1.25501389 -0.22694450 0.46191014
v 1.27665278 -0.22694450 0.46191014
v 1.25501389 -0.22747487 0.46147487
v 1.27665278 -0.22747487 0.46147487
v 1.25501389 -0.22791014 0.46094450
v 1.27665278 -0.22791014 0.46094450
v 1.25501389 -0.22823358 0.46033939
v 1.27665278 -0.22823358 0.46033939
v 1.25501389 -0.22843275 0.45968282
v 1.27665278 -0.22843275 0.45968282
v 1.25501389 -0.22850000 0.45900000
v 1.27665278 -0.22850000 0.45900000
v 1.25501389 -0.22843275 0.45831718
v 1.27665278 -0.22843275 0.45831718
v 1.25501389 -0.22823358 0.45766061
v 1.27665278 -0.22823358 0.45766061
v 1.25501389 -0.22791014 0.45705550
v 1.27665278 -0.22791014 0.45705550
v 1.25501389 -0.22747487 0.45652513
v 1.27665278 -0.22747487 0.45652513
v 1.25501389 -0.22694450 0.45608986
v 1.27665278 -0.22694450 0.45608986
v 1.25501389 -0.22633939 0.45576642
v 1.27665278 -0.22633939 0.45576642
v 1.25501389 -0.22568282 0.45556725
v 1.27665278 -0.22568282 0.45556725
v 1.25501389 -0.22500000 0.45550000
v 1.27665278 -0.22500000 0.45550000
v 1.25501389 -0.22431718 0.45556725
v 1.27665278 -0.22431718 0.45556725
v 1.25501389 -0.22366061 0.45576642
v 1.27665278 -0.22366061 0.45576642
v 1.25501389 -0.22305550 0.45608986
v 1.27665278 -0.22305550 0.45608986
v 1.25501389 -0.22252513 0.45652513
v 1.27665278 -0.22252513 0.45652513
v 1.25501389 -0.22208986 0.45705550
v 1.27665278 -0.22208986 0.45705550
v 1.25501389 -0.22176642 0.45766061
v 1.27665278 -0.22176642 0.45766061
v 1.25501389 -0.22156725 0.45831718
v 1.27665278 -0.22156725 0.45831718
v 1.23223611 -0.22500000 0.45900000
v 1.23223611 -0.22150000 0.45900000
v 1.25387500 -0.22150000 0.45900000
v 1.25387500 -0.22500000 0.45900000
v 1.23223611 -0.22156725 0.45968282
v 1.25387500 -0.22156725 0.45968282
v 1.23223611 -0.22176642 0.46033939
v 1.25387500 -0.22176642 0.46033939
v 1.23223611 -0.22208986 0.46094450
v 1.25387500 -0.22208986 0.46094450
v 1.23223611 -0.22252513 0.46147487
v 1.25387500 -0.22252513 0.46147487
v 1.23223611 -0.22305550 0.46191014
v 1.25387500 -0.22305550 0.46191014
v 1.23223611 -0.22366061 0.46223358
v 1.25387500 -0.22366061 0.46223358
v 1.23223611 -0.22431718 0.46243275
v 1.25387500 -0.22431718 0.46243275
v 1.23223611 -0.22500000 0.46250000
v 1.25387500 -0.22500000 0.46250000
v 1.23223611 -0.22568282 0.46243275
v 1.25387500 -0.22568282 0.46243275
v 1.23223611 -0.22633939 0.46223358
v 1.25387500 -0.22633939 0.46223358
v 1.23223611 -0.22694450 0.46191014
v 1.25387500 -0.22694450 0.46191014
v 1.23223611 -0.22747487 0.46147487
v 1.25387500 -0.22747487 0.46147487
v 1.23223611 -0.22791014 0.46094450
v 1.25387500 -0.22791014 0.46094450
v 1.23223611 -0.22823358 0.46033939
v 1.25387500 -0.22823358 0.46033939
v 1.23223611 -0.22843275 0.45968282
v 1.25387500 -0.22843275 0.45968282
v 1.23223611 -0.22850000 0.45900000
v 1.25387500 -0.22850000 0.45900000
v 1.23223611 -0.22843275 0.45831718
v 1.25387500 -0.22843275 0.45831718
v 1.23223611 -0.22823358 0.45766061
v 1.25387500 -0.22823358 0.45766061
v 1.23223611 -0.22791014 0.45705550
v 1.25387500 -0.22791014 0.45705550
v 1.23223611 -0.22747487 0.45652513
v 1.25387500 -0.22747487 0.45652513
v 1.23223611 -0.22694450 0.45608986
v 1.25387500 -0.22694450 0.45608986
v 1.23223611 -0.22633939 0.45576642
v 1.25387500 -0.22633939 0.45576642
v 1.23223611 -0.22568282 0.45556725
v 1.25387500 -0.22568282 0.45556725
v 1.23223611 -0.22500000 0.45550000
v 1.25387500 -0.22500000 0.45550000
v 1.23223611 -0.22431718 0.45556725
v 1.25387500 -0.22431718 0.45556725
v 1.23223611 -0.22366061 0.45576642
v 1.25387500 -0.22366061 0.45576642
v 1.23223611 -0.22305550 0.45608986
v 1.25387500 -0.22305550 0.45608986
v 1.23223611 -0.22252513 0.45652513
v 1.25387500 -0.22252513 0.45652513
v 1.23223611 -0.22208986 0.45705550
v 1.25387500 -0.22208986 0.45705550
v 1.23223611 -0.22176642 0.45766061
v 1.25387500 -0.22176642 0.45766061
v 1.23223611 -0.22156725 0.45831718
v 1.25387500 -0.22156725 0.45831718
v 1.20945833 -0.22500000 0.45900000
v 1.20945833 -0.22150000 0.45900000
v 1.23109722 -0.22150000 0.45900000
v 1.23109722 -0.22500000 0.45900000
v 1.20945833 -0.22156725 0.45968282
v 1.23109722 -0.22156725 0.45968282
v 1.20945833 -0.22176642 0.46033939
v 1.23109722 -0.22176642 0.46033939
v 1.20945833 -0.22208986 0.46094450
v 1.23109722 -0.22208986 0.46094450
v 1.20945833 -0.22252513 0.46147487
v 1.23109722 -0.22252513 0.46147487
v 1.20945833 -0.22305550 0.46191014
v 1.23109722 -0.22305550 0.46191014
v 1.20945833 -0.22366061 0.46223358
v 1.23109722 -0.22366061 0.46223358
v 1.20945833 -0.22431718 0.46243275
v 1.23109722 -0.22431718 0.46243275
v 1.20945833 -0.22500000 0.46250000
v 1.23109722 -0.22500000 0.46250000
v 1.20945833 -0.22568282 0.46243275
v 1.23109722 -0.22568282 0.46243275
v 1.20945833 -0.22633939 0.46223358
v 1.23109722 -0.22633939 0.46223358
v 1.20945833 -0.22694450 0.46191014
v 1.23109722 -0.22694450 0.46191014
v 1.20945833 -0.22747487 0.46147487
v 1.23109722 -0.22747487 0.46147487
v 1.20945833 -0.22791014 0.46094450
v 1.23109722 -0.22791014 0.46094450
v 1.20945833 -0.22823358 0.46033939
v 1.23109722 -0.22823358 0.46033939
v 1.20945833 -0.22843275 0.45968282
v 1.23109722 -0.22843275 0.45968282
v 1.20945833 -0.22850000 0.45900000
v 1.23109722 -0.22850000 0.45900000
v 1.20945833 -0.22843275 0.45831718
v 1.23109722 -0.22843275 0.45831718
v 1.20945833 -0.22823358 0.45766061
v 1.23109722 -0.22823358 0.45766061
v 1.20945833 -0.22791014 0.45705550
v 1.23109722 -0.22791014 0.45705550
v 1.20945833 -0.22747487 0.45652513
v 1.23109722 -0.22747487 0.45652513
v 1.20945833 -0.22694450 0.45608986
v 1.23109722 -0.22694450 0.45608986
v 1.20945833 -0.22633939 0.45576642
v 1.23109722 -0.22633939 0.45576642
v 1.20945833 -0.22568282 0.45556725
v 1.23109722 -0.22568282 0.45556725
v 1.20945833 -0.22500000 0.45550000
v 1.23109722 -0.22500000 0.45550000
v 1.20945833 -0.22431718 0.45556725
v 1.23109722 -0.22431718 0.45556725
v 1.20945833 -0.22366061 0.45576642
v 1.23109722 -0.22366061 0.45576642
v 1.20945833 -0.22305550 0.45608986
v 1.23109722 -0.22305550 0.45608986
v 1.20945833 -0.22252513 0.45652513
v 1.23109722 -0.22252513 0.45652513
v 1.20945833 -0.22208986 0.45705550
v 1.23109722 -0.22208986 0.45705550
v 1.20945833 -0.22176642 0.45766061
v 1.23109722 -0.22176642 0.45766061
v 1.20945833 -0.22156725 0.45831718
v 1.23109722 -0.22156725 0.45831718
v 1.18668056 -0.22500000 0.45900000
v 1.18668056 -0.22150000 0.45900000
v 1.20831944 -0.22150000 0.45900000
v 1.20831944 -0.22500000 0.45900000
v 1.18668056 -0.22156725 0.45968282
v 1.20831944 -0.22156725 0.45968282
v 1.18668056 -0.22176642 0.46033939
v 1.20831944 -0.22176642 0.46033939
v 1.18668056 -0.22208986 0.46094450
v 1.20831944 -0.22208986 0.46094450
v 1.18668056 -0.22252513 0.46147487
v 1.20831944 -0.22252513 0.46147487
v 1.18668056 -0.22305550 0.46191014
v 1.20831944 -0.22305550 0.46191014
v 1.18668056 -0.22366061 0.46223358
v 1.20831944 -0.22366061 0.46223358
v 1.18668056 -0.22431718 0.46243275
v 1.20831944 -0.22431718 0.46243275
v 1.18668056 -0.22500000 0.46250000
v 1.20831944 -0.22500000 0.46250000
v 1.18668056 -0.22568282 0.46243275
v 1.20831944 -0.22568282 0.46243275
v 1.18668056 -0.22633939 0.46223358
v 1.20831944 -0.22633939 0.46223358
v 1.18668056 -0.22694450 0.46191014
v 1.20831944 -0.22694450 0.46191014
v 1.18668056 -0.22747487 0.46147487
v 1.20831944 -0.22747487 0.46147487
v 1.18668056 -0.22791014 0.46094450
v 1.20831944 -0.22791014 0.46094450
v 1.18668056 -0.22823358 0.46033939
v 1.20831944 -0.22823358 0.46033939
v 1.18668056 -0.22843275 0.45968282
v 1.20831944 -0.22843275 0.45968282
v 1.18668056 -0.22850000 0.45900000
v 1.20831944 -0.22850000 0.45900000
v 1.18668056 -0.22843275 0.45831718
v 1.20831944 -0.22843275 0.45831718
v 1.18668056 -0.22823358 0.45766061
v 1.20831944 -0.22823358 0.45766061
v 1.18668056 -0.22791014 0.45705550
v 1.20831944 -0.22791014 0.45705550
v 1.18668056 -0.22747487 0.45652513
v 1.20831944 -0.22747487 0.45652513
v 1.18668056 -0.22694450 0.45608986
v 1.20831944 -0.22694450 0.45608986
v 1.18668056 -0.22633939 0.45576642
v 1.20831944 -0.22633939 0.45576642
v 1.18668056 -0.22568282 0.45556725
v 1.20831944 -0.22568282 0.45556725
v 1.18668056 -0.22500000 0.45550000
v 1.20831944 -0.22500000 0.45550000
v 1.18668056 -0.22431718 0.45556725
v 1.20831944 -0.22431718 0.45556725
v 1.18668056 -0.22366061 0.45576642
v 1.20831944 -0.22366061 0.45576642
v 1.18668056 -0.22305550 0.45608986
v 1.20831944 -0.22305550 0.45608986
v 1.18668056 -0.22252513 0.45652513
v 1.20831944 -0.22252513 0.45652513
v 1.18668056 -0.22208986 0.45705550
v 1.20831944 -0.22208986 0.45705550
v 1.18668056 -0.22176642 0.45766061
v 1.20831944 -0.22176642 0.45766061
v 1.18668056 -0.22156725 0.45831718
v 1.20831944 -0.22156725 0.45831718
v 1.16390278 -0.22500000 0.45900000
v 1.16390278 -0.22150000 0.45900000
v 1.18554167 -0.22150000 0.45900000
v 1.18554167 -0.22500000 0.45900000
v 1.16390278 -0.22156725 0.45968282
v 1.18554167 -0.22156725 0.45968282
v 1.16390278 -0.22176642 0.46033939
v 1.18554167 -0.22176642 0.46033939
v 1.16390278 -0.22208986 0.46094450
v 1.18554167 -0.22208986 0.46094450
v 1.16390278 -0.22252513 0.46147487
v 1.18554167 -0.22252513 0.46147487
v 1.16390278 -0.22305550 0.46191014
v 1.18554167 -0.22305550 0.46191014
v 1.16390278 -0.22366061 0.46223358
v 1.18554167 -0.22366061 0.46223358
v 1.16390278 -0.22431718 0.46243275
v 1.18554167 -0.22431718 0.46243275
v 1.16390278 -0.22500000 0.46250000
v 1.18554167 -0.22500000 0.46250000
v 1.16390278 -0.22568282 0.46243275
v 1.18554167 -0.22568282 0.46243275
v 1.16390278 -0.22633939 0.46223358
v 1.18554167 -0.22633939 0.46223358
v 1.16390278 -0.22694450 0.46191014
v 1.18554167 -0.22694450 0.46191014
v 1.16390278 -0.22747487 0.46147487
v 1.18554167 -0.22747487 0.46147487
v 1.16390278 -0.22791014 0.46094450
v 1.18554167 -0.22791014 0.46094450
v 1.16390278 -0.22823358 0.46033939
v 1.18554167 -0.22823358 0.46033939
v 1.16390278 -0.22843275 0.45968282
v 1.18554167 -0.22843275 0.45968282
v 1.16390278 -0.22850000 0.45900000
v 1.18554167 -0.22850000 0.45900000
v 1.16390278 -0.22843275 0.45831718
v 1.18554167 -0.22843275 0.45831718
v 1.16390278 -0.22823358 0.45766061
v 1.18554167 -0.22823358 0.45766061
v 1.16390278 -0.22791014 0.45705550
v 1.18554167 -0.22791014 0.45705550
v 1.16390278 -0.22747487 0.45652513
v 1.18554167 -0.22747487 0.45652513
v 1.16390278 -0.22694450 0.45608986
v 1.18554167 -0.22694450 0.45608986
v 1.16390278 -0.22633939 0.45576642
v 1.18554167 -0.22633939 0.45576642
v 1.16390278 -0.22568282 0.45556725
v 1.18554167 -0.22568282 0.45556725
v 1.16390278 -0.22500000 0.45550000
v 1.18554167 -0.22500000 0.45550000
v 1.16390278 -0.22431718 0.45556725
v 1.18554167 -0.22431718 0.45556725
v 1.16390278 -0.22366061 0.45576642
v 1.18554167 -0.22366061 0.45576642
v 1.16390278 -0.22305550 0.45608986
v 1.18554167 -0.22305550 0.45608986
v 1.16390278 -0.22252513 0.45652513
v 1.18554167 -0.22252513 0.45652513
v 1.16390278 -0.22208986 0.45705550
v 1.18554167 -0.22208986 0.45705550
v 1.16390278 -0.22176642 0.45766061
v 1.18554167 -0.22176642 0.45766061
v 1.16390278 -0.22156725 0.45831718
v 1.18554167 -0.22156725 0.45831718
v 1.14112500 -0.22500000 0.45900000
v 1.14112500 -0.22150000 0.45900000
v 1.16276389 -0.22150000 0.45900000
v 1.16276389 -0.22500000 0.45900000
v 1.14112500 -0.22156725 0.45968282
v 1.16276389 -0.22156725 0.45968282
v 1.14112500 -0.22176642 0.46033939
v 1.16276389 -0.22176642 0.46033939
v 1.14112500 -0.22208986 0.46094450
v 1.16276389 -0.22208986 0.46094450
v 1.14112500 -0.22252513 0.46147487
v 1.16276389 -0.22252513 0.46147487
v 1.14112500 -0.22305550 0.46191014
v 1.16276389 -0.22305550 0.46191014
v 1.14112500 -0.22366061 0.46223358
v 1.16276389 -0.22366061 0.46223358
v 1.14112500 -0.22431718 0.46243275
v 1.16276389 -0.22431718 0.46243275
v 1.14112500 -0.22500000 0.46250000
v 1.16276389 -0.22500000 0.46250000
v 1.14112500 -0.22568282 0.46243275
v 1.16276389 -0.22568282 0.46243275
v 1.14112500 -0.22633939 0.46223358
v 1.16276389 -0.22633939 0.46223358
v 1.14112500 -0.22694450 0.46191014
v 1.16276389 -0.22694450 0.46191014
v 1.14112500 -0.22747487 0.46147487
v 1.16276389 -0.22747487 0.46147487
v 1.14112500 -0.22791014 0.46094450
v 1.16276389 -0.22791014 0.46094450
v 1.14112500 -0.22823358 0.46033939
v 1.16276389 -0.22823358 0.46033939
v 1.14112500 -0.22843275 0.45968282
v 1.16276389 -0.22843275 0.45968282
v 1.14112500 -0.22850000 0.45900000
v 1.16276389 -0.22850000 0.45900000
v 1.14112500 -0.22843275 0.45831718
v 1.16276389 -0.22843275 0.45831718
v 1.14112500 -0.22823358 0.45766061
v 1.16276389 -0.22823358 0.45766061
v 1.14112500 -0.22791014 0.45705550
v 1.16276389 -0.22791014 0.45705550
v 1.14112500 -0.22747487 0.45652513
v 1.16276389 -0.22747487 0.45652513
v 1.14112500 -0.22694450 0.45608986
v 1.16276389 -0.22694450 0.45608986
v 1.14112500 -0.22633939 0.45576642
v 1.16276389 -0.22633939 0.45576642
v 1.14112500 -0.22568282 0.45556725
v 1.16276389 -0.22568282 0.45556725
v 1.14112500 -0.22500000 0.45550000
v 1.16276389 -0.22500000 0.45550000
v 1.14112500 -0.22431718 0.45556725
v 1.16276389 -0.22431718 0.45556725
v 1.14112500 -0.22366061 0.45576642
v 1.16276389 -0.22366061 0.45576642
v 1.14112500 -0.22305550 0.45608986
v 1.16276389 -0.22305550 0.45608986
v 1.14112500 -0.22252513 0.45652513
v 1.16276389 -0.22252513 0.45652513
v 1.14112500 -0.22208986 0.45705550
v 1.16276389 -0.22208986 0.45705550
v 1.14112500 -0.22176642 0.45766061
v 1.16276389 -0.22176642 0.45766061
v 1.14112500 -0.22156725 0.45831718
v 1.16276389 -0.22156725 0.45831718
v 1.11834722 -0.22500000 0.45900000
v 1.11834722 -0.22150000 0.45900000
v 1.13998611 -0.22150000 0.45900000
v 1.13998611 -0.22500000 0.45900000
v 1.11834722 -0.22156725 0.45968282
v 1.13998611 -0.22156725 0.45968282
v 1.11834722 -0.22176642 0.46033939
v 1.13998611 -0.22176642 0.46033939
v 1.11834722 -0.22208986 0.46094450
v 1.13998611 -0.22208986 0.46094450
v 1.11834722 -0.22252513 0.46147487
v 1.13998611 -0.22252513 0.46147487
v 1.11834722 -0.22305550 0.46191014
v 1.13998611 -0.22305550 0.46191014
v 1.11834722 -0.22366061 0.46223358
v 1.13998611 -0.22366061 0.46223358
v 1.11834722 -0.22431718 0.46243275
v 1.13998611 -0.22431718 0.46243275
v 1.11834722 -0.22500000 0.46250000
v 1.13998611 -0.22500000 0.46250000
v 1.11834722 -0.22568282 0.46243275
v 1.13998611 -0.22568282 0.46243275
v 1.11834722 -0.22633939 0.46223358
v 1.13998611 -0.22633939 0.46223358
v 1.11834722 -0.22694450 0.46191014
v 1.13998611 -0.22694450 0.46191014
v 1.11834722 -0.22747487 0.46147487
v 1.13998611 -0.22747487 0.46147487
v 1.11834722 -0.22791014 0.46094450
v 1.13998611 -0.22791014 0.46094450
v 1.11834722 -0.22823358 0.46033939
v 1.13998611 -0.22823358 0.46033939
v 1.11834722 -0.22843275 0.45968282
v 1.13998611 -0.22843275 0.45968282
v 1.11834722 -0.22850000 0.45900000
v 1.13998611 -0.22850000 0.45900000
v 1.11834722 -0.22843275 0.45831718
v 1.13998611 -0.22843275 0.45831718
v 1.11834722 -0.22823358 0.45766061
v 1.13998611 -0.22823358 0.45766061
v 1.11834722 -0.22791014 0.45705550
v 1.13998611 -0.22791014 0.45705550
v 1.11834722 -0.22747487 0.45652513
v 1.13998611 -0.22747487 0.45652513
v 1.11834722 -0.22694450 0.45608986
v 1.13998611 -0.22694450 0.45608986
v 1.11834722 -0.22633939 0.45576642
v 1.13998611 -0.22633939 0.45576642
v 1.11834722 -0.22568282 0.45556725
v 1.13998611 -0.22568282 0.45556725
v 1.11834722 -0.22500000 0.45550000
v 1.13998611 -0.22500000 0.45550000
v 1.11834722 -0.22431718 0.45556725
v 1.13998611 -0.22431718 0.45556725
v 1.11834722 -0.22366061 0.45576642
v 1.13998611 -0.22366061 0.45576642
v 1.11834722 -0.22305550 0.45608986
v 1.13998611 -0.22305550 0.45608986
v 1.11834722 -0.22252513 0.45652513
v 1.13998611 -0.22252513 0.45652513
v 1.11834722 -0.22208986 0.45705550
v 1.13998611 -0.22208986 0.45705550
v 1.11834722 -0.22176642 0.45766061
v 1.13998611 -0.22176642 0.45766061
v 1.11834722 -0.22156725 0.45831718
v 1.13998611 -0.22156725 0.45831718
v 1.09556944 -0.22500000 0.45900000
v 1.09556944 -0.22150000 0.45900000
v 1.11720833 -0.22150000 0.45900000
v 1.11720833 -0.22500000 0.45900000
v 1.09556944 -0.22156725 0.45968282
v 1.11720833 -0.22156725 0.45968282
v 1.09556944 -0.22176642 0.46033939
v 1.11720833 -0.22176642 0.46033939
v 1.09556944 -0.22208986 0.46094450
v 1.11720833 -0.22208986 0.46094450
v 1.09556944 -0.22252513 0.46147487
v 1.11720833 -0.22252513 0.46147487
v 1.09556944 -0.22305550 0.46191014
v 1.11720833 -0.22305550 0.46191014
v 1.09556944 -0.22366061 0.46223358
v 1.11720833 -0.22366061 0.46223358
v 1.09556944 -0.22431718 0.46243275
v 1.11720833 -0.22431718 0.46243275
v 1.09556944 -0.22500000 0.46250000
v 1.11720833 -0.22500000 0.46250000
v 1.09556944 -0.22568282 0.46243275
v 1.11720833 -0.22568282 0.46243275
v 1.09556944 -0.22633939 0.46223358
v 1.11720833 -0.22633939 0.46223358
v 1.09556944 -0.22694450 0.46191014
v 1.11720833 -0.22694450 0.46191014
v 1.09556944 -0.22747487 0.46147487
v 1.11720833 -0.22747487 0.46147487
v 1.09556944 -0.22791014 0.46094450
v 1.11720833 -0.22791014 0.46094450
v 1.09556944 -0.22823358 0.46033939
v 1.11720833 -0.22823358 0.46033939
v 1.09556944 -0.22843275 0.45968282
v 1.11720833 -0.22843275 0.45968282
v 1.09556944 -0.22850000 0.45900000
v 1.11720833 -0.22850000 0.45900000
v 1.09556944 -0.22843275 0.45831718
v 1.11720833 -0.22843275 0.45831718
v 1.09556944 -0.22823358 0.45766061
v 1.11720833 -0.22823358 0.45766061
v 1.09556944 -0.22791014 0.45705550
v 1.11720833 -0.22791014 0.45705550
v 1.09556944 -0.22747487 0.45652513
v 1.11720833 -0.22747487 0.45652513
v 1.09556944 -0.22694450 0.45608986
v 1.11720833 -0.22694450 0.45608986
v 1.09556944 -0.22633939 0.45576642
v 1.11720833 -0.22633939 0.45576642
v 1.09556944 -0.22568282 0.45556725
v 1.11720833 -0.22568282 0.45556725
v 1.09556944 -0.22500000 0.45550000
v 1.11720833 -0.22500000 0.45550000
v 1.09556944 -0.22431718 0.45556725
v 1.11720833 -0.22431718 0.45556725
v 1.09556944 -0.22366061 0.45576642
v 1.11720833 -0.22366061 0.45576642
v 1.09556944 -0.22305550 0.45608986
v 1.11720833 -0.22305550 0.45608986
v 1.09556944 -0.22252513 0.45652513
v 1.11720833 -0.22252513 0.45652513
v 1.09556944 -0.22208986 0.45705550
v 1.11720833 -0.22208986 0.45705550
v 1.09556944 -0.22176642 0.45766061
v 1.11720833 -0.22176642 0.45766061
v 1.09556944 -0.22156725 0.45831718
v 1.11720833 -0.22156725 0.45831718
v 1.50500000 -0.24900000 0.45685000
v 1.50500000 -0.24900000 0.45835000
v 1.09500000 -0.24900000 0.45685000
v 1.09500000 -0.24900000 0.45835000
v 1.50500000 -0.22500000 0.45685000
v 1.50500000 -0.22500000 0.45835000
v 1.09500000 -0.22500000 0.45685000
v 1.09500000 -0.22500000 0.45835000
v 1.50500000 -0.22500000 0.45685000
v 1.50500000 -0.22500000 0.45835000
v 1.09500000 -0.22500000 0.45685000
v 1.09500000 -0.22500000 0.45835000
v 1.50500000 -0.20100000 0.45685000
v 1.50500000 -0.20100000 0.45835000
v 1.09500000 -0.20100000 0.45685000
v 1.09500000 -0.20100000 0.45835000
v 1.11000000 -0.33618202 0.38492349
v 1.11000000 -0.26538095 0.47554473
v 1.11000000 -0.33381798 0.38307651
v 1.11000000 -0.26301691 0.47369774
v 1.12400000 -0.33618202 0.38492349
v 1.12400000 -0.26538095 0.47554473
v 1.12400000 -0.33381798 0.38307651
v 1.12400000 -0.26301691 0.47369774
v 1.11000000 -0.26569893 0.47462124
v 1.11000000 -0.26569893 0.58962124
v 1.11000000 -0.26269893 0.47462124
v 1.11000000 -0.26269893 0.58962124
v 1.12400000 -0.26569893 0.47462124
v 1.12400000 -0.26569893 0.58962124
v 1.12400000 -0.26269893 0.47462124
v 1.12400000 -0.26269893 0.58962124
v 1.11250000 -0.26419893 0.47462124
v 1.11250000 -0.26666158 0.47146919
v 1.12150000 -0.26666158 0.47146919
v 1.12150000 -0.26419893 0.47462124
v 1.11250000 -0.26599932 0.47104932
v 1.12150000 -0.26599932 0.47104932
v 1.11250000 -0.26526788 0.47076671
v 1.12150000 -0.26526788 0.47076671
v 1.11250000 -0.26449536 0.47063224
v 1.12150000 -0.26449536 0.47063224
v 1.11250000 -0.26371145 0.47065105
v 1.12150000 -0.26371145 0.47065105
v 1.11250000 -0.26294628 0.47082244
v 1.12150000 -0.26294628 0.47082244
v 1.11250000 -0.26222924 0.47113981
v 1.12150000 -0.26222924 0.47113981
v 1.11250000 -0.26158789 0.47159098
v 1.12150000 -0.26158789 0.47159098
v 1.11250000 -0.26104689 0.47215859
v 1.12150000 -0.26104689 0.47215859
v 1.11250000 -0.26062701 0.47282084
v 1.12150000 -0.26062701 0.47282084
v 1.11250000 -0.26034441 0.47355228
v 1.12150000 -0.26034441 0.47355228
v 1.11250000 -0.26020993 0.47432480
v 1.12150000 -0.26020993 0.47432480
v 1.11250000 -0.26022875 0.47510871
v 1.12150000 -0.26022875 0.47510871
v 1.11250000 -0.26040013 0.47587389
v 1.12150000 -0.26040013 0.47587389
v 1.11250000 -0.26071751 0.47659093
v 1.12150000 -0.26071751 0.47659093
v 1.11250000 -0.26116867 0.47723228
v 1.12150000 -0.26116867 0.47723228
v 1.11250000 -0.26173628 0.47777328
v 1.12150000 -0.26173628 0.47777328
v 1.11250000 -0.26239854 0.47819315
v 1.12150000 -0.26239854 0.47819315
v 1.11250000 -0.26312998 0.47847576
v 1.12150000 -0.26312998 0.47847576
v 1.11250000 -0.26390250 0.47861024
v 1.12150000 -0.26390250 0.47861024
v 1.11250000 -0.26468641 0.47859142
v 1.12150000 -0.26468641 0.47859142
v 1.11250000 -0.26545159 0.47842003
v 1.12150000 -0.26545159 0.47842003
v 1.11250000 -0.26616862 0.47810266
v 1.12150000 -0.26616862 0.47810266
v 1.11250000 -0.26680997 0.47765150
v 1.12150000 -0.26680997 0.47765150
v 1.11250000 -0.26735097 0.47708388
v 1.12150000 -0.26735097 0.47708388
v 1.11250000 -0.26777085 0.47642163
v 1.12150000 -0.26777085 0.47642163
v 1.11250000 -0.26805345 0.47569019
v 1.12150000 -0.26805345 0.47569019
v 1.11250000 -0.26818793 0.47491767
v 1.12150000 -0.26818793 0.47491767
v 1.11250000 -0.26816911 0.47413376
v 1.12150000 -0.26816911 0.47413376
v 1.11250000 -0.26799773 0.47336858
v 1.12150000 -0.26799773 0.47336858
v 1.11250000 -0.26768035 0.47265154
v 1.12150000 -0.26768035 0.47265154
v 1.11250000 -0.26722919 0.47201020
v 1.12150000 -0.26722919 0.47201020
v 1.10650000 -0.33907554 0.38528063
v 1.10650000 -0.33722855 0.38764466
v 1.10650000 -0.31701123 0.36804211
v 1.10650000 -0.31516425 0.37040614
v 1.12750000 -0.33907554 0.38528063
v 1.12750000 -0.33722855 0.38764466
v 1.12750000 -0.31701123 0.36804211
v 1.12750000 -0.31516425 0.37040614
v 1.10650000 -0.22296178 0.53389946
v 1.10650000 -0.22111480 0.53626349
v 1.10650000 -0.20089748 0.51666094
v 1.10650000 -0.19905050 0.51902497
v 1.12750000 -0.22296178 0.53389946
v 1.12750000 -0.22111480 0.53626349
v 1.12750000 -0.20089748 0.51666094
v 1.12750000 -0.19905050 0.51902497
v 1.47600000 -0.33618202 0.38492349
v 1.47600000 -0.26538095 0.47554473
v 1.47600000 -0.33381798 0.38307651
v 1.47600000 -0.26301691 0.47369774
v 1.49000000 -0.33618202 0.38492349
v 1.49000000 -0.26538095 0.47554473
v 1.49000000 -0.33381798 0.38307651
v 1.49000000 -0.26301691 0.47369774
v 1.47600000 -0.26569893 0.47462124
v 1.47600000 -0.26569893 0.58962124
v 1.47600000 -0.26269893 0.47462124
v 1.47600000 -0.26269893 0.58962124
v 1.49000000 -0.26569893 0.47462124
v 1.49000000 -0.26569893 0.58962124
v 1.49000000 -0.26269893 0.47462124
v 1.49000000 -0.26269893 0.58962124
v 1.47850000 -0.26419893 0.47462124
v 1.47850000 -0.26666158 0.47146919
v 1.48750000 -0.26666158 0.47146919
v 1.48750000 -0.26419893 0.47462124
v 1.47850000 -0.26599932 0.47104932
v 1.48750000 -0.26599932 0.47104932
v 1.47850000 -0.26526788 0.47076671
v 1.48750000 -0.26526788 0.47076671
v 1.47850000 -0.26449536 0.47063224
v 1.48750000 -0.26449536 0.47063224
v 1.47850000 -0.26371145 0.47065105
v 1.48750000 -0.26371145 0.47065105
v 1.47850000 -0.26294628 0.47082244
v 1.48750000 -0.26294628 0.47082244
v 1.47850000 -0.26222924 0.47113981
v 1.48750000 -0.26222924 0.47113981
v 1.47850000 -0.26158789 0.47159098
v 1.48750000 -0.26158789 0.47159098
v 1.47850000 -0.26104689 0.47215859
v 1.48750000 -0.26104689 0.47215859
v 1.47850000 -0.26062701 0.47282084
v 1.48750000 -0.26062701 0.47282084
v 1.47850000 -0.26034441 0.47355228
v 1.48750000 -0.26034441 0.47355228
v 1.47850000 -0.26020993 0.47432480
v 1.48750000 -0.26020993 0.47432480
v 1.47850000 -0.26022875 0.47510871
v 1.48750000 -0.26022875 0.47510871
v 1.47850000 -0.26040013 0.47587389
v 1.48750000 -0.26040013 0.47587389
v 1.47850000 -0.26071751 0.47659093
v 1.48750000 -0.26071751 0.47659093
v 1.47850000 -0.26116867 0.47723228
v 1.48750000 -0.26116867 0.47723228
v 1.47850000 -0.26173628 0.47777328
v 1.48750000 -0.26173628 0.47777328
v 1.47850000 -0.26239854 0.47819315
v 1.48750000 -0.26239854 0.47819315
v 1.47850000 -0.26312998 0.47847576
v 1.48750000 -0.26312998 0.47847576
v 1.47850000 -0.26390250 0.47861024
v 1.48750000 -0.26390250 0.47861024
v 1.47850000 -0.26468641 0.47859142
v 1.48750000 -0.26468641 0.47859142
v 1.47850000 -0.26545159 0.47842003
v 1.48750000 -0.26545159 0.47842003
v 1.47850000 -0.26616862 0.47810266
v 1.48750000 -0.26616862 0.47810266
v 1.47850000 -0.26680997 0.47765150
v 1.48750000 -0.26680997 0.47765150
v 1.47850000 -0.26735097 0.47708388
v 1.48750000 -0.26735097 0.47708388
v 1.47850000 -0.26777085 0.47642163
v 1.48750000 -0.26777085 0.47642163
v 1.47850000 -0.26805345 0.47569019
v 1.48750000 -0.26805345 0.47569019
v 1.47850000 -0.26818793 0.47491767
v 1.48750000 -0.26818793 0.47491767
v 1.47850000 -0.26816911 0.47413376
v 1.48750000 -0.26816911 0.47413376
v 1.47850000 -0.26799773 0.47336858
v 1.48750000 -0.26799773 0.47336858
v 1.47850000 -0.26768035 0.47265154
v 1.48750000 -0.26768035 0.47265154
v 1.47850000 -0.26722919 0.47201020
v 1.48750000 -0.26722919 0.47201020
v 1.47250000 -0.33907554 0.38528063
v 1.47250000 -0.33722855 0.38764466
v 1.47250000 -0.31701123 0.36804211
v 1.47250000 -0.31516425 0.37040614
v 1.49350000 -0.33907554 0.38528063
v 1.49350000 -0.33722855 0.38764466
v 1.49350000 -0.31701123 0.36804211
v 1.49350000 -0.31516425 0.37040614
v 1.47250000 -0.22296178 0.53389946
v 1.47250000 -0.22111480 0.53626349
v 1.47250000 -0.20089748 0.51666094
v 1.47250000 -0.19905050 0.51902497
v 1.49350000 -0.22296178 0.53389946
v 1.49350000 -0.22111480 0.53626349
v 1.49350000 -0.20089748 0.51666094
v 1.49350000 -0.19905050 0.51902497
v 1.05300000 0.00850000 0.42500000
v 1.05300000 0.00850000 0.44500000
v 1.05300000 0.01550000 0.42500000
v 1.05300000 0.01550000 0.44500000
v 1.07700000 0.00850000 0.42500000
v 1.07700000 0.00850000 0.44500000
v 1.07700000 0.01550000 0.42500000
v 1.07700000 0.01550000 0.44500000
v 1.05600000 0.01150000 0.44200000
v 1.05600000 0.01150000 0.47800000
v 1.05600000 0.01650000 0.44200000
v 1.05600000 0.01650000 0.47800000
v 1.07400000 0.01150000 0.44200000
v 1.07400000 0.01150000 0.47800000
v 1.07400000 0.01650000 0.44200000
v 1.07400000 0.01650000 0.47800000
v 1.52300000 0.00850000 0.42500000
v 1.52300000 0.00850000 0.44500000
v 1.52300000 0.01550000 0.42500000
v 1.52300000 0.01550000 0.44500000
v 1.54700000 0.00850000 0.42500000
v 1.54700000 0.00850000 0.44500000
v 1.54700000 0.01550000 0.42500000
v 1.54700000 0.01550000 0.44500000
v 1.52600000 0.01150000 0.44200000
v 1.52600000 0.01150000 0.47800000
v 1.52600000 0.01650000 0.44200000
v 1.52600000 0.01650000 0.47800000
v 1.54400000 0.01150000 0.44200000
v 1.54400000 0.01150000 0.47800000
v 1.54400000 0.01650000 0.44200000
v 1.54400000 0.01650000 0.47800000
f 2 1 5
f 2 5 3
f 3 5 6
f 3 6 4
f 5 1 7
f 5 7 6
f 6 7 8
f 6 8 4
f 7 1 9
f 7 9 8
f 8 9 10
f 8 10 4
f 9 1 11
f 9 11 10
f 10 11 12
f 10 12 4
f 11 1 13
f 11 13 12
f 12 13 14
f 12 14 4
f 13 1 15
f 13 15 14
f 14 15 16
f 14 16 4
f 15 1 17
f 15 17 16
f 16 17 18
f 16 18 4
f 17 1 19
f 17 19 18
f 18 19 20
f 18 20 4
f 19 1 21
f 19 21 20
f 20 21 22
f 20 22 4
f 21 1 23
f 21 23 22
f 22 23 24
f 22 24 4
f 23 1 25
f 23 25 24
f 24 25 26
f 24 26 4
f 25 1 27
f 25 27 26
f 26 27 28
f 26 28 4
f 27 1 29
f 27 29 28
f 28 29 30
f 28 30 4
f 29 1 31
f 29 31 30
f 30 31 32
f 30 32 4
f 31 1 33
f 31 33 32
f 32 33 34
f 32 34 4
f 33 1 35
f 33 35 34
f 34 35 36
f 34 36 4
f 35 1 37
f 35 37 36
f 36 37 38
f 36 38 4
f 37 1 39
f 37 39 38
f 38 39 40
f 38 40 4
f 39 1 41
f 39 41 40
f 40 41 42
f 40 42 4
f 41 1 43
f 41 43 42
f 42 43 44
f 42 44 4
f 43 1 45
f 43 45 44
f 44 45 46
f 44 46 4
f 45 1 47
f 45 47 46
f 46 47 48
f 46 48 4
f 47 1 49
f 47 49 48
f 48 49 50
f 48 50 4
f 49 1 51
f 49 51 50
f 50 51 52
f 50 52 4
f 51 1 53
f 51 53 52
f 52 53 54
f 52 54 4
f 53 1 55
f 53 55 54
f 54 55 56
f 54 56 4
f 55 1 57
f 55 57 56
f 56 57 58
f 56 58 4
f 57 1 59
f 57 59 58
f 58 59 60
f 58 60 4
f 59 1 61
f 59 61 60
f 60 61 62
f 60 62 4
f 61 1 63
f 61 63 62
f 62 63 64
f 62 64 4
f 63 1 65
f 63 65 64
f 64 65 66
f 64 66 4
f 65 1 2
f 65 2 66
f 66 2 3
f 66 3 4
f 68 67 71
f 68 71 69
f 69 71 72
f 69 72 70
f 71 67 73
f 71 73 72
f 72 73 74
f 72 74 70
f 73 67 75
f 73 75 74
f 74 75 76
f 74 76 70
f 75 67 77
f 75 77 76
f 76 77 78
f 76 78 70
f 77 67 79
f 77 79 78
f 78 79 80
f 78 80 70
f 79 67 81
f 79 81 80
f 80 81 82
f 80 82 70
f 81 67 83
f 81 83 82
f 82 83 84
f 82 84 70
f 83 67 85
f 83 85 84
f 84 85 86
f 84 86 70
f 85 67 87
f 85 87 86
f 86 87 88
f 86 88 70
f 87 67 89
f 87 89 88
f 88 89 90
f 88 90 70
f 89 67 91
f 89 91 90
f 90 91 92
f 90 92 70
f 91 67 93
f 91 93 92
f 92 93 94
f 92 94 70
f 93 67 95
f 93 95 94
f 94 95 96
f 94 96 70
f 95 67 97
f 95 97 96
f 96 97 98
f 96 98 70
f 97 67 99
f 97 99 98
f 98 99 100
f 98 100 70
f 99 67 101
f 99 101 100
f 100 101 102
f 100 102 70
f 101 67 103
f 101 103 102
f 102 103 104
f 102 104 70
f 103 67 105
f 103 105 104
f 104 105 106
f 104 106 70
f 105 67 107
f 105 107 106
f 106 107 108
f 106 108 70
f 107 67 109
f 107 109 108
f 108 109 110
f 108 110 70
f 109 67 111
f 109 111 110
f 110 111 112
f 110 112 70
f 111 67 113
f 111 113 112
f 112 113 114
f 112 114 70
f 113 67 115
f 113 115 114
f 114 115 116
f 114 116 70
f 115 67 117
f 115 117 116
f 116 117 118
f 116 118 70
f 117 67 119
f 117 119 118
f 118 119 120
f 118 120 70
f 119 67 121
f 119 121 120
f 120 121 122
f 120 122 70
f 121 67 123
f 121 123 122
f 122 123 124
f 122 124 70
f 123 67 125
f 123 125 124
f 124 125 126
f 124 126 70
f 125 67 127
f 125 127 126
f 126 127 128
f 126 128 70
f 127 67 129
f 127 129 128
f 128 129 130
f 128 130 70
f 129 67 131
f 129 131 130
f 130 131 132
f 130 132 70
f 131 67 68
f 131 68 132
f 132 68 69
f 132 69 70
f 134 133 137
f 134 137 135
f 135 137 138
f 135 138 136
f 137 133 139
f 137 139 138
f 138 139 140
f 138 140 136
f 139 133 141
f 139 141 140
f 140 141 142
f 140 142 136
f 141 133 143
f 141 143 142
f 142 143 144
f 142 144 136
f 143 133 145
f 143 145 144
f 144 145 146
f 144 146 136
f 145 133 147
f 145 147 146
f 146 147 148
f 146 148 136
f 147 133 149
f 147 149 148
f 148 149 150
f 148 150 136
f 149 133 151
f 149 151 150
f 150 151 152
f 150 152 136
f 151 133 153
f 151 153 152
f 152 153 154
f 152 154 136
f 153 133 155
f 153 155 154
f 154 155 156
f 154 156 136
f 155 133 157
f 155 157 156
f 156 157 158
f 156 158 136
f 157 133 159
f 157 159 158
f 158 159 160
f 158 160 136
f 159 133 161
f 159 161 160
f 160 161 162
f 160 162 136
f 161 133 163
f 161 163 162
f 162 163 164
f 162 164 136
f 163 133 165
f 163 165 164
f 164 165 166
f 164 166 136
f 165 133 167
f 165 167 166
f 166 167 168
f 166 168 136
f 167 133 169
f 167 169 168
f 168 169 170
f 168 170 136
f 169 133 171
f 169 171 170
f 170 171 172
f 170 172 136
f 171 133 173
f 171 173 172
f 172 173 174
f 172 174 136
f 173 133 175
f 173 175 174
f 174 175 176
f 174 176 136
f 175 133 177
f 175 177 176
f 176 177 178
f 176 178 136
f 177 133 179
f 177 179 178
f 178 179 180
f 178 180 136
f 179 133 181
f 179 181 180
f 180 181 182
f 180 182 136
f 181 133 183
f 181 183 182
f 182 183 184
f 182 184 136
f 183 133 185
f 183 185 184
f 184 185 186
f 184 186 136
f 185 133 187
f 185 187 186
f 186 187 188
f 186 188 136
f 187 133 189
f 187 189 188
f 188 189 190
f 188 190 136
f 189 133 191
f 189 191 190
f 190 191 192
f 190 192 136
f 191 133 193
f 191 193 192
f 192 193 194
f 192 194 136
f 193 133 195
f 193 195 194
f 194 195 196
f 194 196 136
f 195 133 197
f 195 197 196
f 196 197 198
f 196 198 136
f 197 133 134
f 197 134 198
f 198 134 135
f 198 135 136
f 200 199 203
f 200 203 201
f 201 203 204
f 201 204 202
f 203 199 205
f 203 205 204
f 204 205 206
f 204 206 202
f 205 199 207
f 205 207 206
f 206 207 208
f 206 208 202
f 207 199 209
f 207 209 208
f 208 209 210
f 208 210 202
f 209 199 211
f 209 211 210
f 210 211 212
f 210 212 202
f 211 199 213
f 211 213 212
f 212 213 214
f 212 214 202
f 213 199 215
f 213 215 214
f 214 215 216
f 214 216 202
f 215 199 217
f 215 217 216
f 216 217 218
f 216 218 202
f 217 199 219
f 217 219 218
f 218 219 220
f 218 220 202
f 219 199 221
f 219 221 220
f 220 221 222
f 220 222 202
f 221 199 223
f 221 223 222
f 222 223 224
f 222 224 202
f 223 199 225
f 223 225 224
f 224 225 226
f 224 226 202
f 225 199 227
f 225 227 226
f 226 227 228
f 226 228 202
f 227 199 229
f 227 229 228
f 228 229 230
f 228 230 202
f 229 199 231
f 229 231 230
f 230 231 232
f 230 232 202
f 231 199 233
f 231 233 232
f 232 233 234
f 232 234 202
f 233 199 235
f 233 235 234
f 234 235 236
f 234 236 202
f 235 199 237
f 235 237 236
f 236 237 238
f 236 238 202
f 237 199 239
f 237 239 238
f 238 239 240
f 238 240 202
f 239 199 241
f 239 241 240
f 240 241 242
f 240 242 202
f 241 199 243
f 241 243 242
f 242 243 244
f 242 244 202
f 243 199 245
f 243 245 244
f 244 245 246
f 244 246 202
f 245 199 247
f 245 247 246
f 246 247 248
f 246 248 202
f 247 199 249
f 247 249 248
f 248 249 250
f 248 250 202
f 249 199 251
f 249 251 250
f 250 251 252
f 250 252 202
f 251 199 253
f 251 253 252
f 252 253 254
f 252 254 202
f 253 199 255
f 253 255 254
f 254 255 256
f 254 256 202
f 255 199 257
f 255 257 256
f 256 257 258
f 256 258 202
f 257 199 259
f 257 259 258
f 258 259 260
f 258 260 202
f 259 199 261
f 259 261 260
f 260 261 262
f 260 262 202
f 261 199 263
f 261 263 262
f 262 263 264
f 262 264 202
f 263 199 200
f 263 200 264
f 264 200 201
f 264 201 202
f 266 265 269
f 266 269 267
f 267 269 270
f 267 270 268
f 269 265 271
f 269 271 270
f 270 271 272
f 270 272 268
f 271 265 273
f 271 273 272
f 272 273 274
f 272 274 268
f 273 265 275
f 273 275 274
f 274 275 276
f 274 276 268
f 275 265 277
f 275 277 276
f 276 277 278
f 276 278 268
f 277 265 279
f 277 279 278
f 278 279 280
f 278 280 268
f 279 265 281
f 279 281 280
f 280 281 282
f 280 282 268
f 281 265 283
f 281 283 282
f 282 283 284
f 282 284 268
f 283 265 285
f 283 285 284
f 284 285 286
f 284 286 268
f 285 265 287
f 285 287 286
f 286 287 288
f 286 288 268
f 287 265 289
f 287 289 288
f 288 289 290
f 288 290 268
f 289 265 291
f 289 291 290
f 290 291 292
f 290 292 268
f 291 265 293
f 291 293 292
f 292 293 294
f 292 294 268
f 293 265 295
f 293 295 294
f 294 295 296
f 294 296 268
f 295 265 297
f 295 297 296
f 296 297 298
f 296 298 268
f 297 265 299
f 297 299 298
f 298 299 300
f 298 300 268
f 299 265 301
f 299 301 300
f 300 301 302
f 300 302 268
f 301 265 303
f 301 303 302
f 302 303 304
f 302 304 268
f 303 265 305
f 303 305 304
f 304 305 306
f 304 306 268
f 305 265 307
f 305 307 306
f 306 307 308
f 306 308 268
f 307 265 309
f 307 309 308
f 308 309 310
f 308 310 268
f 309 265 311
f 309 311 310
f 310 311 312
f 310 312 268
f 311 265 313
f 311 313 312
f 312 313 314
f 312 314 268
f 313 265 315
f 313 315 314
f 314 315 316
f 314 316 268
f 315 265 317
f 315 317 316
f 316 317 318
f 316 318 268
f 317 265 319
f 317 319 318
f 318 319 320
f 318 320 268
f 319 265 321
f 319 321 320
f 320 321 322
f 320 322 268
f 321 265 323
f 321 323 322
f 322 323 324
f 322 324 268
f 323 265 325
f 323 325 324
f 324 325 326
f 324 326 268
f 325 265 327
f 325 327 326
f 326 327 328
f 326 328 268
f 327 265 329
f 327 329 328
f 328 329 330
f 328 330 268
f 329 265 266
f 329 266 330
f 330 266 267
f 330 267 268
f 332 331 335
f 332 335 333
f 333 335 336
f 333 336 334
f 335 331 337
f 335 337 336
f 336 337 338
f 336 338 334
f 337 331 339
f 337 339 338
f 338 339 340
f 338 340 334
f 339 331 341
f 339 341 340
f 340 341 342
f 340 342 334
f 341 331 343
f 341 343 342
f 342 343 344
f 342 344 334
f 343 331 345
f 343 345 344
f 344 345 346
f 344 346 334
f 345 331 347
f 345 347 346
f 346 347 348
f 346 348 334
f 347 331 349
f 347 349 348
f 348 349 350
f 348 350 334
f 349 331 351
f 349 351 350
f 350 351 352
f 350 352 334
f 351 331 353
f 351 353 352
f 352 353 354
f 352 354 334
f 353 331 355
f 353 355 354
f 354 355 356
f 354 356 334
f 355 331 357
f 355 357 356
f 356 357 358
f 356 358 334
f 357 331 359
f 357 359 358
f 358 359 360
f 358 360 334
f 359 331 361
f 359 361 360
f 360 361 362
f 360 362 334
f 361 331 363
f 361 363 362
f 362 363 364
f 362 364 334
f 363 331 365
f 363 365 364
f 364 365 366
f 364 366 334
f 365 331 367
f 365 367 366
f 366 367 368
f 366 368 334
f 367 331 369
f 367 369 368
f 368 369 370
f 368 370 334
f 369 331 371
f 369 371 370
f 370 371 372
f 370 372 334
f 371 331 373
f 371 373 372
f 372 373 374
f 372 374 334
f 373 331 375
f 373 375 374
f 374 375 376
f 374 376 334
f 375 331 377
f 375 377 376
f 376 377 378
f 376 378 334
f 377 331 379
f 377 379 378
f 378 379 380
f 378 380 334
f 379 331 381
f 379 381 380
f 380 381 382
f 380 382 334
f 381 331 383
f 381 383 382
f 382 383 384
f 382 384 334
f 383 331 385
f 383 385 384
f 384 385 386
f 384 386 334
f 385 331 387
f 385 387 386
f 386 387 388
f 386 388 334
f 387 331 389
f 387 389 388
f 388 389 390
f 388 390 334
f 389 331 391
f 389 391 390
f 390 391 392
f 390 392 334
f 391 331 393
f 391 393 392
f 392 393 394
f 392 394 334
f 393 331 395
f 393 395 394
f 394 395 396
f 394 396 334
f 395 331 332
f 395 332 396
f 396 332 333
f 396 333 334
f 398 397 401
f 398 401 399
f 399 401 402
f 399 402 400
f 401 397 403
f 401 403 402
f 402 403 404
f 402 404 400
f 403 397 405
f 403 405 404
f 404 405 406
f 404 406 400
f 405 397 407
f 405 407 406
f 406 407 408
f 406 408 400
f 407 397 409
f 407 409 408
f 408 409 410
f 408 410 400
f 409 397 411
f 409 411 410
f 410 411 412
f 410 412 400
f 411 397 413
f 411 413 412
f 412 413 414
f 412 414 400
f 413 397 415
f 413 415 414
f 414 415 416
f 414 416 400
f 415 397 417
f 415 417 416
f 416 417 418
f 416 418 400
f 417 397 419
f 417 419 418
f 418 419 420
f 418 420 400
f 419 397 421
f 419 421 420
f 420 421 422
f 420 422 400
f 421 397 423
f 421 423 422
f 422 423 424
f 422 424 400
f 423 397 425
f 423 425 424
f 424 425 426
f 424 426 400
f 425 397 427
f 425 427 426
f 426 427 428
f 426 428 400
f 427 397 429
f 427 429 428
f 428 429 430
f 428 430 400
f 429 397 431
f 429 431 430
f 430 431 432
f 430 432 400
f 431 397 433
f 431 433 432
f 432 433 434
f 432 434 400
f 433 397 435
f 433 435 434
f 434 435 436
f 434 436 400
f 435 397 437
f 435 437 436
f 436 437 438
f 436 438 400
f 437 397 439
f 437 439 438
f 438 439 440
f 438 440 400
f 439 397 441
f 439 441 440
f 440 441 442
f 440 442 400
f 441 397 443
f 441 443 442
f 442 443 444
f 442 444 400
f 443 397 445
f 443 445 444
f 444 445 446
f 444 446 400
f 445 397 447
f 445 447 446
f 446 447 448
f 446 448 400
f 447 397 449
f 447 449 448
f 448 449 450
f 448 450 400
f 449 397 451
f 449 451 450
f 450 451 452
f 450 452 400
f 451 397 453
f 451 453 452
f 452 453 454
f 452 454 400
f 453 397 455
f 453 455 454
f 454 455 456
f 454 456 400
f 455 397 457
f 455 457 456
f 456 457 458
f 456 458 400
f 457 397 459
f 457 459 458
f 458 459 460
f 458 460 400
f 459 397 461
f 459 461 460
f 460 461 462
f 460 462 400
f 461 397 398
f 461 398 462
f 462 398 399
f 462 399 400
f 464 463 467
f 464 467 465
f 465 467 468
f 465 468 466
f 467 463 469
f 467 469 468
f 468 469 470
f 468 470 466
f 469 463 471
f 469 471 470
f 470 471 472
f 470 472 466
f 471 463 473
f 471 473 472
f 472 473 474
f 472 474 466
f 473 463 475
f 473 475 474
f 474 475 476
f 474 476 466
f 475 463 477
f 475 477 476
f 476 477 478
f 476 478 466
f 477 463 479
f 477 479 478
f 478 479 480
f 478 480 466
f 479 463 481
f 479 481 480
f 480 481 482
f 480 482 466
f 481 463 483
f 481 483 482
f 482 483 484
f 482 484 466
f 483 463 485
f 483 485 484
f 484 485 486
f 484 486 466
f 485 463 487
f 485 487 486
f 486 487 488
f 486 488 466
f 487 463 489
f 487 489 488
f 488 489 490
f 488 490 466
f 489 463 491
f 489 491 490
f 490 491 492
f 490 492 466
f 491 463 493
f 491 493 492
f 492 493 494
f 492 494 466
f 493 463 495
f 493 495 494
f 494 495 496
f 494 496 466
f 495 463 497
f 495 497 496
f 496 497 498
f 496 498 466
f 497 463 499
f 497 499 498
f 498 499 500
f 498 500 466
f 499 463 501
f 499 501 500
f 500 501 502
f 500 502 466
f 501 463 503
f 501 503 502
f 502 503 504
f 502 504 466
f 503 463 505
f 503 505 504
f 504 505 506
f 504 506 466
f 505 463 507
f 505 507 506
f 506 507 508
f 506 508 466
f 507 463 509
f 507 509 508
f 508 509 510
f 508 510 466
f 509 463 511
f 509 511 510
f 510 511 512
f 510 512 466
f 511 463 513
f 511 513 512
f 512 513 514
f 512 514 466
f 513 463 515
f 513 515 514
f 514 515 516
f 514 516 466
f 515 463 517
f 515 517 516
f 516 517 518
f 516 518 466
f 517 463 519
f 517 519 518
f 518 519 520
f 518 520 466
f 519 463 521
f 519 521 520
f 520 521 522
f 520 522 466
f 521 463 523
f 521 523 522
f 522 523 524
f 522 524 466
f 523 463 525
f 523 525 524
f 524 525 526
f 524 526 466
f 525 463 527
f 525 527 526
f 526 527 528
f 526 528 466
f 527 463 464
f 527 464 528
f 528 464 465
f 528 465 466
f 530 529 533
f 530 533 531
f 531 533 534
f 531 534 532
f 533 529 535
f 533 535 534
f 534 535 536
f 534 536 532
f 535 529 537
f 535 537 536
f 536 537 538
f 536 538 532
f 537 529 539
f 537 539 538
f 538 539 540
f 538 540 532
f 539 529 541
f 539 541 540
f 540 541 542
f 540 542 532
f 541 529 543
f 541 543 542
f 542 543 544
f 542 544 532
f 543 529 545
f 543 545 544
f 544 545 546
f 544 546 532
f 545 529 547
f 545 547 546
f 546 547 548
f 546 548 532
f 547 529 549
f 547 549 548
f 548 549 550
f 548 550 532
f 549 529 551
f 549 551 550
f 550 551 552
f 550 552 532
f 551 529 553
f 551 553 552
f 552 553 554
f 552 554 532
f 553 529 555
f 553 555 554
f 554 555 556
f 554 556 532
f 555 529 557
f 555 557 556
f 556 557 558
f 556 558 532
f 557 529 559
f 557 559 558
f 558 559 560
f 558 560 532
f 559 529 561
f 559 561 560
f 560 561 562
f 560 562 532
f 561 529 563
f 561 563 562
f 562 563 564
f 562 564 532
f 563 529 565
f 563 565 564
f 564 565 566
f 564 566 532
f 565 529 567
f 565 567 566
f 566 567 568
f 566 568 532
f 567 529 569
f 567 569 568
f 568 569 570
f 568 570 532
f 569 529 571
f 569 571 570
f 570 571 572
f 570 572 532
f 571 529 573
f 571 573 572
f 572 573 574
f 572 574 532
f 573 529 575
f 573 575 574
f 574 575 576
f 574 576 532
f 575 529 577
f 575 577 576
f 576 577 578
f 576 578 532
f 577 529 579
f 577 579 578
f 578 579 580
f 578 580 532
f 579 529 581
f 579 581 580
f 580 581 582
f 580 582 532
f 581 529 583
f 581 583 582
f 582 583 584
f 582 584 532
f 583 529 585
f 583 585 584
f 584 585 586
f 584 586 532
f 585 529 587
f 585 587 586
f 586 587 588
f 586 588 532
f 587 529 589
f 587 589 588
f 588 589 590
f 588 590 532
f 589 529 591
f 589 591 590
f 590 591 592
f 590 592 532
f 591 529 593
f 591 593 592
f 592 593 594
f 592 594 532
f 593 529 530
f 593 530 594
f 594 530 531
f 594 531 532
f 596 595 599
f 596 599 597
f 597 599 600
f 597 600 598
f 599 595 601
f 599 601 600
f 600 601 602
f 600 602 598
f 601 595 603
f 601 603 602
f 602 603 604
f 602 604 598
f 603 595 605
f 603 605 604
f 604 605 606
f 604 606 598
f 605 595 607
f 605 607 606
f 606 607 608
f 606 608 598
f 607 595 609
f 607 609 608
f 608 609 610
f 608 610 598
f 609 595 611
f 609 611 610
f 610 611 612
f 610 612 598
f 611 595 613
f 611 613 612
f 612 613 614
f 612 614 598
f 613 595 615
f 613 615 614
f 614 615 616
f 614 616 598
f 615 595 617
f 615 617 616
f 616 617 618
f 616 618 598
f 617 595 619
f 617 619 618
f 618 619 620
f 618 620 598
f 619 595 621
f 619 621 620
f 620 621 622
f 620 622 598
f 621 595 623
f 621 623 622
f 622 623 624
f 622 624 598
f 623 595 625
f 623 625 624
f 624 625 626
f 624 626 598
f 625 595 627
f 625 627 626
f 626 627 628
f 626 628 598
f 627 595 629
f 627 629 628
f 628 629 630
f 628 630 598
f 629 595 631
f 629 631 630
f 630 631 632
f 630 632 598
f 631 595 633
f 631 633 632
f 632 633 634
f 632 634 598
f 633 595 635
f 633 635 634
f 634 635 636
f 634 636 598
f 635 595 637
f 635 637 636
f 636 637 638
f 636 638 598
f 637 595 639
f 637 639 638
f 638 639 640
f 638 640 598
f 639 595 641
f 639 641 640
f 640 641 642
f 640 642 598
f 641 595 643
f 641 643 642
f 642 643 644
f 642 644 598
f 643 595 645
f 643 645 644
f 644 645 646
f 644 646 598
f 645 595 647
f 645 647 646
f 646 647 648
f 646 648 598
f 647 595 649
f 647 649 648
f 648 649 650
f 648 650 598
f 649 595 651
f 649 651 650
f 650 651 652
f 650 652 598
f 651 595 653
f 651 653 652
f 652 653 654
f 652 654 598
f 653 595 655
f 653 655 654
f 654 655 656
f 654 656 598
f 655 595 657
f 655 657 656
f 656 657 658
f 656 658 598
f 657 595 659
f 657 659 658
f 658 659 660
f 658 660 598
f 659 595 596
f 659 596 660
f 660 596 597
f 660 597 598
f 662 661 665
f 662 665 663
f 663 665 666
f 663 666 664
f 665 661 667
f 665 667 666
f 666 667 668
f 666 668 664
f 667 661 669
f 667 669 668
f 668 669 670
f 668 670 664
f 669 661 671
f 669 671 670
f 670 671 672
f 670 672 664
f 671 661 673
f 671 673 672
f 672 673 674
f 672 674 664
f 673 661 675
f 673 675 674
f 674 675 676
f 674 676 664
f 675 661 677
f 675 677 676
f 676 677 678
f 676 678 664
f 677 661 679
f 677 679 678
f 678 679 680
f 678 680 664
f 679 661 681
f 679 681 680
f 680 681 682
f 680 682 664
f 681 661 683
f 681 683 682
f 682 683 684
f 682 684 664
f 683 661 685
f 683 685 684
f 684 685 686
f 684 686 664
f 685 661 687
f 685 687 686
f 686 687 688
f 686 688 664
f 687 661 689
f 687 689 688
f 688 689 690
f 688 690 664
f 689 661 691
f 689 691 690
f 690 691 692
f 690 692 664
f 691 661 693
f 691 693 692
f 692 693 694
f 692 694 664
f 693 661 695
f 693 695 694
f 694 695 696
f 694 696 664
f 695 661 697
f 695 697 696
f 696 697 698
f 696 698 664
f 697 661 699
f 697 699 698
f 698 699 700
f 698 700 664
f 699 661 701
f 699 701 700
f 700 701 702
f 700 702 664
f 701 661 703
f 701 703 702
f 702 703 704
f 702 704 664
f 703 661 705
f 703 705 704
f 704 705 706
f 704 706 664
f 705 661 707
f 705 707 706
f 706 707 708
f 706 708 664
f 707 661 709
f 707 709 708
f 708 709 710
f 708 710 664
f 709 661 711
f 709 711 710
f 710 711 712
f 710 712 664
f 711 661 713
f 711 713 712
f 712 713 714
f 712 714 664
f 713 661 715
f 713 715 714
f 714 715 716
f 714 716 664
f 715 661 717
f 715 717 716
f 716 717 718
f 716 718 664
f 717 661 719
f 717 719 718
f 718 719 720
f 718 720 664
f 719 661 721
f 719 721 720
f 720 721 722
f 720 722 664
f 721 661 723
f 721 723 722
f 722 723 724
f 722 724 664
f 723 661 725
f 723 725 724
f 724 725 726
f 724 726 664
f 725 661 662
f 725 662 726
f 726 662 663
f 726 663 664
f 728 727 731
f 728 731 729
f 729 731 732
f 729 732 730
f 731 727 733
f 731 733 732
f 732 733 734
f 732 734 730
f 733 727 735
f 733 735 734
f 734 735 736
f 734 736 730
f 735 727 737
f 735 737 736
f 736 737 738
f 736 738 730
f 737 727 739
f 737 739 738
f 738 739 740
f 738 740 730
f 739 727 741
f 739 741 740
f 740 741 742
f 740 742 730
f 741 727 743
f 741 743 742
f 742 743 744
f 742 744 730
f 743 727 745
f 743 745 744
f 744 745 746
f 744 746 730
f 745 727 747
f 745 747 746
f 746 747 748
f 746 748 730
f 747 727 749
f 747 749 748
f 748 749 750
f 748 750 730
f 749 727 751
f 749 751 750
f 750 751 752
f 750 752 730
f 751 727 753
f 751 753 752
f 752 753 754
f 752 754 730
f 753 727 755
f 753 755 754
f 754 755 756
f 754 756 730
f 755 727 757
f 755 757 756
f 756 757 758
f 756 758 730
f 757 727 759
f 757 759 758
f 758 759 760
f 758 760 730
f 759 727 761
f 759 761 760
f 760 761 762
f 760 762 730
f 761 727 763
f 761 763 762
f 762 763 764
f 762 764 730
f 763 727 765
f 763 765 764
f 764 765 766
f 764 766 730
f 765 727 767
f 765 767 766
f 766 767 768
f 766 768 730
f 767 727 769
f 767 769 768
f 768 769 770
f 768 770 730
f 769 727 771
f 769 771 770
f 770 771 772
f 770 772 730
f 771 727 773
f 771 773 772
f 772 773 774
f 772 774 730
f 773 727 775
f 773 775 774
f 774 775 776
f 774 776 730
f 775 727 777
f 775 777 776
f 776 777 778
f 776 778 730
f 777 727 779
f 777 779 778
f 778 779 780
f 778 780 730
f 779 727 781
f 779 781 780
f 780 781 782
f 780 782 730
f 781 727 783
f 781 783 782
f 782 783 784
f 782 784 730
f 783 727 785
f 783 785 784
f 784 785 786
f 784 786 730
f 785 727 787
f 785 787 786
f 786 787 788
f 786 788 730
f 787 727 789
f 787 789 788
f 788 789 790
f 788 790 730
f 789 727 791
f 789 791 790
f 790 791 792
f 790 792 730
f 791 727 728
f 791 728 792
f 792 728 729
f 792 729 730
f 794 793 797
f 794 797 795
f 795 797 798
f 795 798 796
f 797 793 799
f 797 799 798
f 798 799 800
f 798 800 796
f 799 793 801
f 799 801 800
f 800 801 802
f 800 802 796
f 801 793 803
f 801 803 802
f 802 803 804
f 802 804 796
f 803 793 805
f 803 805 804
f 804 805 806
f 804 806 796
f 805 793 807
f 805 807 806
f 806 807 808
f 806 808 796
f 807 793 809
f 807 809 808
f 808 809 810
f 808 810 796
f 809 793 811
f 809 811 810
f 810 811 812
f 810 812 796
f 811 793 813
f 811 813 812
f 812 813 814
f 812 814 796
f 813 793 815
f 813 815 814
f 814 815 816
f 814 816 796
f 815 793 817
f 815 817 816
f 816 817 818
f 816 818 796
f 817 793 819
f 817 819 818
f 818 819 820
f 818 820 796
f 819 793 821
f 819 821 820
f 820 821 822
f 820 822 796
f 821 793 823
f 821 823 822
f 822 823 824
f 822 824 796
f 823 793 825
f 823 825 824
f 824 825 826
f 824 826 796
f 825 793 827
f 825 827 826
f 826 827 828
f 826 828 796
f 827 793 829
f 827 829 828
f 828 829 830
f 828 830 796
f 829 793 831
f 829 831 830
f 830 831 832
f 830 832 796
f 831 793 833
f 831 833 832
f 832 833 834
f 832 834 796
f 833 793 835
f 833 835 834
f 834 835 836
f 834 836 796
f 835 793 837
f 835 837 836
f 836 837 838
f 836 838 796
f 837 793 839
f 837 839 838
f 838 839 840
f 838 840 796
f 839 793 841
f 839 841 840
f 840 841 842
f 840 842 796
f 841 793 843
f 841 843 842
f 842 843 844
f 842 844 796
f 843 793 845
f 843 845 844
f 844 845 846
f 844 846 796
f 845 793 847
f 845 847 846
f 846 847 848
f 846 848 796
f 847 793 849
f 847 849 848
f 848 849 850
f 848 850 796
f 849 793 851
f 849 851 850
f 850 851 852
f 850 852 796
f 851 793 853
f 851 853 852
f 852 853 854
f 852 854 796
f 853 793 855
f 853 855 854
f 854 855 856
f 854 856 796
f 855 793 857
f 855 857 856
f 856 857 858
f 856 858 796
f 857 793 794
f 857 794 858
f 858 794 795
f 858 795 796
f 860 859 863
f 860 863 861
f 861 863 864
f 861 864 862
f 863 859 865
f 863 865 864
f 864 865 866
f 864 866 862
f 865 859 867
f 865 867 866
f 866 867 868
f 866 868 862
f 867 859 869
f 867 869 868
f 868 869 870
f 868 870 862
f 869 859 871
f 869 871 870
f 870 871 872
f 870 872 862
f 871 859 873
f 871 873 872
f 872 873 874
f 872 874 862
f 873 859 875
f 873 875 874
f 874 875 876
f 874 876 862
f 875 859 877
f 875 877 876
f 876 877 878
f 876 878 862
f 877 859 879
f 877 879 878
f 878 879 880
f 878 880 862
f 879 859 881
f 879 881 880
f 880 881 882
f 880 882 862
f 881 859 883
f 881 883 882
f 882 883 884
f 882 884 862
f 883 859 885
f 883 885 884
f 884 885 886
f 884 886 862
f 885 859 887
f 885 887 886
f 886 887 888
f 886 888 862
f 887 859 889
f 887 889 888
f 888 889 890
f 888 890 862
f 889 859 891
f 889 891 890
f 890 891 892
f 890 892 862
f 891 859 893
f 891 893 892
f 892 893 894
f 892 894 862
f 893 859 895
f 893 895 894
f 894 895 896
f 894 896 862
f 895 859 897
f 895 897 896
f 896 897 898
f 896 898 862
f 897 859 899
f 897 899 898
f 898 899 900
f 898 900 862
f 899 859 901
f 899 901 900
f 900 901 902
f 900 902 862
f 901 859 903
f 901 903 902
f 902 903 904
f 902 904 862
f 903 859 905
f 903 905 904
f 904 905 906
f 904 906 862
f 905 859 907
f 905 907 906
f 906 907 908
f 906 908 862
f 907 859 909
f 907 909 908
f 908 909 910
f 908 910 862
f 909 859 911
f 909 911 910
f 910 911 912
f 910 912 862
f 911 859 913
f 911 913 912
f 912 913 914
f 912 914 862
f 913 859 915
f 913 915 914
f 914 915 916
f 914 916 862
f 915 859 917
f 915 917 916
f 916 917 918
f 916 918 862
f 917 859 919
f 917 919 918
f 918 919 920
f 918 920 862
f 919 859 921
f 919 921 920
f 920 921 922
f 920 922 862
f 921 859 923
f 921 923 922
f 922 923 924
f 922 924 862
f 923 859 860
f 923 860 924
f 924 860 861
f 924 861 862
f 926 925 929
f 926 929 927
f 927 929 930
f 927 930 928
f 929 925 931
f 929 931 930
f 930 931 932
f 930 932 928
f 931 925 933
f 931 933 932
f 932 933 934
f 932 934 928
f 933 925 935
f 933 935 934
f 934 935 936
f 934 936 928
f 935 925 937
f 935 937 936
f 936 937 938
f 936 938 928
f 937 925 939
f 937 939 938
f 938 939 940
f 938 940 928
f 939 925 941
f 939 941 940
f 940 941 942
f 940 942 928
f 941 925 943
f 941 943 942
f 942 943 944
f 942 944 928
f 943 925 945
f 943 945 944
f 944 945 946
f 944 946 928
f 945 925 947
f 945 947 946
f 946 947 948
f 946 948 928
f 947 925 949
f 947 949 948
f 948 949 950
f 948 950 928
f 949 925 951
f 949 951 950
f 950 951 952
f 950 952 928
f 951 925 953
f 951 953 952
f 952 953 954
f 952 954 928
f 953 925 955
f 953 955 954
f 954 955 956
f 954 956 928
f 955 925 957
f 955 957 956
f 956 957 958
f 956 958 928
f 957 925 959
f 957 959 958
f 958 959 960
f 958 960 928
f 959 925 961
f 959 961 960
f 960 961 962
f 960 962 928
f 961 925 963
f 961 963 962
f 962 963 964
f 962 964 928
f 963 925 965
f 963 965 964
f 964 965 966
f 964 966 928
f 965 925 967
f 965 967 966
f 966 967 968
f 966 968 928
f 967 925 969
f 967 969 968
f 968 969 970
f 968 970 928
f 969 925 971
f 969 971 970
f 970 971 972
f 970 972 928
f 971 925 973
f 971 973 972
f 972 973 974
f 972 974 928
f 973 925 975
f 973 975 974
f 974 975 976
f 974 976 928
f 975 925 977
f 975 977 976
f 976 977 978
f 976 978 928
f 977 925 979
f 977 979 978
f 978 979 980
f 978 980 928
f 979 925 981
f 979 981 980
f 980 981 982
f 980 982 928
f 981 925 983
f 981 983 982
f 982 983 984
f 982 984 928
f 983 925 985
f 983 985 984
f 984 985 986
f 984 986 928
f 985 925 987
f 985 987 986
f 986 987 988
f 986 988 928
f 987 925 989
f 987 989 988
f 988 989 990
f 988 990 928
f 989 925 926
f 989 926 990
f 990 926 927
f 990 927 928
f 992 991 995
f 992 995 993
f 993 995 996
f 993 996 994
f 995 991 997
f 995 997 996
f 996 997 998
f 996 998 994
f 997 991 999
f 997 999 998
f 998 999 1000
f 998 1000 994
f 999 991 1001
f 999 1001 1000
f 1000 1001 1002
f 1000 1002 994
f 1001 991 1003
f 1001 1003 1002
f 1002 1003 1004
f 1002 1004 994
f 1003 991 1005
f 1003 1005 1004
f 1004 1005 1006
f 1004 1006 994
f 1005 991 1007
f 1005 1007 1006
f 1006 1007 1008
f 1006 1008 994
f 1007 991 1009
f 1007 1009 1008
f 1008 1009 1010
f 1008 1010 994
f 1009 991 1011
f 1009 1011 1010
f 1010 1011 1012
f 1010 1012 994
f 1011 991 1013
f 1011 1013 1012
f 1012 1013 1014
f 1012 1014 994
f 1013 991 1015
f 1013 1015 1014
f 1014 1015 1016
f 1014 1016 994
f 1015 991 1017
f 1015 1017 1016
f 1016 1017 1018
f 1016 1018 994
f 1017 991 1019
f 1017 1019 1018
f 1018 1019 1020
f 1018 1020 994
f 1019 991 1021
f 1019 1021 1020
f 1020 1021 1022
f 1020 1022 994
f 1021 991 1023
f 1021 1023 1022
f 1022 1023 1024
f 1022 1024 994
f 1023 991 1025
f 1023 1025 1024
f 1024 1025 1026
f 1024 1026 994
f 1025 991 1027
f 1025 1027 1026
f 1026 1027 1028
f 1026 1028 994
f 1027 991 1029
f 1027 1029 1028
f 1028 1029 1030
f 1028 1030 994
f 1029 991 1031
f 1029 1031 1030
f 1030 1031 1032
f 1030 1032 994
f 1031 991 1033
f 1031 1033 1032
f 1032 1033 1034
f 1032 1034 994
f 1033 991 1035
f 1033 1035 1034
f 1034 1035 1036
f 1034 1036 994
f 1035 991 1037
f 1035 1037 1036
f 1036 1037 1038
f 1036 1038 994
f 1037 991 1039
f 1037 1039 1038
f 1038 1039 1040
f 1038 1040 994
f 1039 991 1041
f 1039 1041 1040
f 1040 1041 1042
f 1040 1042 994
f 1041 991 1043
f 1041 1043 1042
f 1042 1043 1044
f 1042 1044 994
f 1043 991 1045
f 1043 1045 1044
f 1044 1045 1046
f 1044 1046 994
f 1045 991 1047
f 1045 1047 1046
f 1046 1047 1048
f 1046 1048 994
f 1047 991 1049
f 1047 1049 1048
f 1048 1049 1050
f 1048 1050 994
f 1049 991 1051
f 1049 1051 1050
f 1050 1051 1052
f 1050 1052 994
f 1051 991 1053
f 1051 1053 1052
f 1052 1053 1054
f 1052 1054 994
f 1053 991 1055
f 1053 1055 1054
f 1054 1055 1056
f 1054 1056 994
f 1055 991 992
f 1055 992 1056
f 1056 992 993
f 1056 993 994
f 1058 1057 1061
f 1058 1061 1059
f 1059 1061 1062
f 1059 1062 1060
f 1061 1057 1063
f 1061 1063 1062
f 1062 1063 1064
f 1062 1064 1060
f 1063 1057 1065
f 1063 1065 1064
f 1064 1065 1066
f 1064 1066 1060
f 1065 1057 1067
f 1065 1067 1066
f 1066 1067 1068
f 1066 1068 1060
f 1067 1057 1069
f 1067 1069 1068
f 1068 1069 1070
f 1068 1070 1060
f 1069 1057 1071
f 1069 1071 1070
f 1070 1071 1072
f 1070 1072 1060
f 1071 1057 1073
f 1071 1073 1072
f 1072 1073 1074
f 1072 1074 1060
f 1073 1057 1075
f 1073 1075 1074
f 1074 1075 1076
f 1074 1076 1060
f 1075 1057 1077
f 1075 1077 1076
f 1076 1077 1078
f 1076 1078 1060
f 1077 1057 1079
f 1077 1079 1078
f 1078 1079 1080
f 1078 1080 1060
f 1079 1057 1081
f 1079 1081 1080
f 1080 1081 1082
f 1080 1082 1060
f 1081 1057 1083
f 1081 1083 1082
f 1082 1083 1084
f 1082 1084 1060
f 1083 1057 1085
f 1083 1085 1084
f 1084 1085 1086
f 1084 1086 1060
f 1085 1057 1087
f 1085 1087 1086
f 1086 1087 1088
f 1086 1088 1060
f 1087 1057 1089
f 1087 1089 1088
f 1088 1089 1090
f 1088 1090 1060
f 1089 1057 1091
f 1089 1091 1090
f 1090 1091 1092
f 1090 1092 1060
f 1091 1057 1093
f 1091 1093 1092
f 1092 1093 1094
f 1092 1094 1060
f 1093 1057 1095
f 1093 1095 1094
f 1094 1095 1096
f 1094 1096 1060
f 1095 1057 1097
f 1095 1097 1096
f 1096 1097 1098
f 1096 1098 1060
f 1097 1057 1099
f 1097 1099 1098
f 1098 1099 1100
f 1098 1100 1060
f 1099 1057 1101
f 1099 1101 1100
f 1100 1101 1102
f 1100 1102 1060
f 1101 1057 1103
f 1101 1103 1102
f 1102 1103 1104
f 1102 1104 1060
f 1103 1057 1105
f 1103 1105 1104
f 1104 1105 1106
f 1104 1106 1060
f 1105 1057 1107
f 1105 1107 1106
f 1106 1107 1108
f 1106 1108 1060
f 1107 1057 1109
f 1107 1109 1108
f 1108 1109 1110
f 1108 1110 1060
f 1109 1057 1111
f 1109 1111 1110
f 1110 1111 1112
f 1110 1112 1060
f 1111 1057 1113
f 1111 1113 1112
f 1112 1113 1114
f 1112 1114 1060
f 1113 1057 1115
f 1113 1115 1114
f 1114 1115 1116
f 1114 1116 1060
f 1115 1057 1117
f 1115 1117 1116
f 1116 1117 1118
f 1116 1118 1060
f 1117 1057 1119
f 1117 1119 1118
f 1118 1119 1120
f 1118 1120 1060
f 1119 1057 1121
f 1119 1121 1120
f 1120 1121 1122
f 1120 1122 1060
f 1121 1057 1058
f 1121 1058 1122
f 1122 1058 1059
f 1122 1059 1060
f 1124 1123 1127
f 1124 1127 1125
f 1125 1127 1128
f 1125 1128 1126
f 1127 1123 1129
f 1127 1129 1128
f 1128 1129 1130
f 1128 1130 1126
f 1129 1123 1131
f 1129 1131 1130
f 1130 1131 1132
f 1130 1132 1126
f 1131 1123 1133
f 1131 1133 1132
f 1132 1133 1134
f 1132 1134 1126
f 1133 1123 1135
f 1133 1135 1134
f 1134 1135 1136
f 1134 1136 1126
f 1135 1123 1137
f 1135 1137 1136
f 1136 1137 1138
f 1136 1138 1126
f 1137 1123 1139
f 1137 1139 1138
f 1138 1139 1140
f 1138 1140 1126
f 1139 1123 1141
f 1139 1141 1140
f 1140 1141 1142
f 1140 1142 1126
f 1141 1123 1143
f 1141 1143 1142
f 1142 1143 1144
f 1142 1144 1126
f 1143 1123 1145
f 1143 1145 1144
f 1144 1145 1146
f 1144 1146 1126
f 1145 1123 1147
f 1145 1147 1146
f 1146 1147 1148
f 1146 1148 1126
f 1147 1123 1149
f 1147 1149 1148
f 1148 1149 1150
f 1148 1150 1126
f 1149 1123 1151
f 1149 1151 1150
f 1150 1151 1152
f 1150 1152 1126
f 1151 1123 1153
f 1151 1153 1152
f 1152 1153 1154
f 1152 1154 1126
f 1153 1123 1155
f 1153 1155 1154
f 1154 1155 1156
f 1154 1156 1126
f 1155 1123 1157
f 1155 1157 1156
f 1156 1157 1158
f 1156 1158 1126
f 1157 1123 1159
f 1157 1159 1158
f 1158 1159 1160
f 1158 1160 1126
f 1159 1123 1161
f 1159 1161 1160
f 1160 1161 1162
f 1160 1162 1126
f 1161 1123 1163
f 1161 1163 1162
f 1162 1163 1164
f 1162 1164 1126
f 1163 1123 1165
f 1163 1165 1164
f 1164 1165 1166
f 1164 1166 1126
f 1165 1123 1167
f 1165 1167 1166
f 1166 1167 1168
f 1166 1168 1126
f 1167 1123 1169
f 1167 1169 1168
f 1168 1169 1170
f 1168 1170 1126
f 1169 1123 1171
f 1169 1171 1170
f 1170 1171 1172
f 1170 1172 1126
f 1171 1123 1173
f 1171 1173 1172
f 1172 1173 1174
f 1172 1174 1126
f 1173 1123 1175
f 1173 1175 1174
f 1174 1175 1176
f 1174 1176 1126
f 1175 1123 1177
f 1175 1177 1176
f 1176 1177 1178
f 1176 1178 1126
f 1177 1123 1179
f 1177 1179 1178
f 1178 1179 1180
f 1178 1180 1126
f 1179 1123 1181
f 1179 1181 1180
f 1180 1181 1182
f 1180 1182 1126
f 1181 1123 1183
f 1181 1183 1182
f 1182 1183 1184
f 1182 1184 1126
f 1183 1123 1185
f 1183 1185 1184
f 1184 1185 1186
f 1184 1186 1126
f 1185 1123 1187
f 1185 1187 1186
f 1186 1187 1188
f 1186 1188 1126
f 1187 1123 1124
f 1187 1124 1188
f 1188 1124 1125
f 1188 1125 1126
f 1190 1189 1193
f 1190 1193 1191
f 1191 1193 1194
f 1191 1194 1192
f 1193 1189 1195
f 1193 1195 1194
f 1194 1195 1196
f 1194 1196 1192
f 1195 1189 1197
f 1195 1197 1196
f 1196 1197 1198
f 1196 1198 1192
f 1197 1189 1199
f 1197 1199 1198
f 1198 1199 1200
f 1198 1200 1192
f 1199 1189 1201
f 1199 1201 1200
f 1200 1201 1202
f 1200 1202 1192
f 1201 1189 1203
f 1201 1203 1202
f 1202 1203 1204
f 1202 1204 1192
f 1203 1189 1205
f 1203 1205 1204
f 1204 1205 1206
f 1204 1206 1192
f 1205 1189 1207
f 1205 1207 1206
f 1206 1207 1208
f 1206 1208 1192
f 1207 1189 1209
f 1207 1209 1208
f 1208 1209 1210
f 1208 1210 1192
f 1209 1189 1211
f 1209 1211 1210
f 1210 1211 1212
f 1210 1212 1192
f 1211 1189 1213
f 1211 1213 1212
f 1212 1213 1214
f 1212 1214 1192
f 1213 1189 1215
f 1213 1215 1214
f 1214 1215 1216
f 1214 1216 1192
f 1215 1189 1217
f 1215 1217 1216
f 1216 1217 1218
f 1216 1218 1192
f 1217 1189 1219
f 1217 1219 1218
f 1218 1219 1220
f 1218 1220 1192
f 1219 1189 1221
f 1219 1221 1220
f 1220 1221 1222
f 1220 1222 1192
f 1221 1189 1223
f 1221 1223 1222
f 1222 1223 1224
f 1222 1224 1192
f 1223 1189 1225
f 1223 1225 1224
f 1224 1225 1226
f 1224 1226 1192
f 1225 1189 1227
f 1225 1227 1226
f 1226 1227 1228
f 1226 1228 1192
f 1227 1189 1229
f 1227 1229 1228
f 1228 1229 1230
f 1228 1230 1192
f 1229 1189 1231
f 1229 1231 1230
f 1230 1231 1232
f 1230 1232 1192
f 1231 1189 1233
f 1231 1233 1232
f 1232 1233 1234
f 1232 1234 1192
f 1233 1189 1235
f 1233 1235 1234
f 1234 1235 1236
f 1234 1236 1192
f 1235 1189 1237
f 1235 1237 1236
f 1236 1237 1238
f 1236 1238 1192
f 1237 1189 1239
f 1237 1239 1238
f 1238 1239 1240
f 1238 1240 1192
f 1239 1189 1241
f 1239 1241 1240
f 1240 1241 1242
f 1240 1242 1192
f 1241 1189 1243
f 1241 1243 1242
f 1242 1243 1244
f 1242 1244 1192
f 1243 1189 1245
f 1243 1245 1244
f 1244 1245 1246
f 1244 1246 1192
f 1245 1189 1247
f 1245 1247 1246
f 1246 1247 1248
f 1246 1248 1192
f 1247 1189 1249
f 1247 1249 1248
f 1248 1249 1250
f 1248 1250 1192
f 1249 1189 1251
f 1249 1251 1250
f 1250 1251 1252
f 1250 1252 1192
f 1251 1189 1253
f 1251 1253 1252
f 1252 1253 1254
f 1252 1254 1192
f 1253 1189 1190
f 1253 1190 1254
f 1254 1190 1191
f 1254 1191 1192
f 1256 1258 1255
f 1259 1256 1255
f 1255 1258 1257
f 1257 1259 1255
f 1256 1262 1258
f 1260 1256 1259
f 1260 1262 1256
f 1258 1262 1257
f 1261 1259 1257
f 1257 1262 1261
f 1261 1260 1259
f 1262 1260 1261
f 1264 1266 1263
f 1267 1264 1263
f 1263 1266 1265
f 1265 1267 1263
f 1264 1270 1266
f 1268 1264 1267
f 1268 1270 1264
f 1266 1270 1265
f 1269 1267 1265
f 1265 1270 1269
f 1269 1268 1267
f 1270 1268 1269
f 1272 1274 1271
f 1275 1272 1271
f 1271 1274 1273
f 1273 1275 1271
f 1272 1278 1274
f 1276 1272 1275
f 1276 1278 1272
f 1274 1278 1273
f 1277 1275 1273
f 1273 1278 1277
f 1277 1276 1275
f 1278 1276 1277
f 1280 1282 1279
f 1283 1280 1279
f 1279 1282 1281
f 1281 1283 1279
f 1280 1286 1282
f 1284 1280 1283
f 1284 1286 1280
f 1282 1286 1281
f 1285 1283 1281
f 1281 1286 1285
f 1285 1284 1283
f 1286 1284 1285
f 1288 1290 1287
f 1291 1288 1287
f 1287 1290 1289
f 1289 1291 1287
f 1288 1294 1290
f 1292 1288 1291
f 1292 1294 1288
f 1290 1294 1289
f 1293 1291 1289
f 1289 1294 1293
f 1293 1292 1291
f 1294 1292 1293
f 1296 1298 1295
f 1299 1296 1295
f 1295 1298 1297
f 1297 1299 1295
f 1296 1302 1298
f 1300 1296 1299
f 1300 1302 1296
f 1298 1302 1297
f 1301 1299 1297
f 1297 1302 1301
f 1301 1300 1299
f 1302 1300 1301
f 1304 1303 1307
f 1304 1307 1305
f 1305 1307 1308
f 1305 1308 1306
f 1307 1303 1309
f 1307 1309 1308
f 1308 1309 1310
f 1308 1310 1306
f 1309 1303 1311
f 1309 1311 1310
f 1310 1311 1312
f 1310 1312 1306
f 1311 1303 1313
f 1311 1313 1312
f 1312 1313 1314
f 1312 1314 1306
f 1313 1303 1315
f 1313 1315 1314
f 1314 1315 1316
f 1314 1316 1306
f 1315 1303 1317
f 1315 1317 1316
f 1316 1317 1318
f 1316 1318 1306
f 1317 1303 1319
f 1317 1319 1318
f 1318 1319 1320
f 1318 1320 1306
f 1319 1303 1321
f 1319 1321 1320
f 1320 1321 1322
f 1320 1322 1306
f 1321 1303 1323
f 1321 1323 1322
f 1322 1323 1324
f 1322 1324 1306
f 1323 1303 1325
f 1323 1325 1324
f 1324 1325 1326
f 1324 1326 1306
f 1325 1303 1327
f 1325 1327 1326
f 1326 1327 1328
f 1326 1328 1306
f 1327 1303 1329
f 1327 1329 1328
f 1328 1329 1330
f 1328 1330 1306
f 1329 1303 1331
f 1329 1331 1330
f 1330 1331 1332
f 1330 1332 1306
f 1331 1303 1333
f 1331 1333 1332
f 1332 1333 1334
f 1332 1334 1306
f 1333 1303 1335
f 1333 1335 1334
f 1334 1335 1336
f 1334 1336 1306
f 1335 1303 1337
f 1335 1337 1336
f 1336 1337 1338
f 1336 1338 1306
f 1337 1303 1339
f 1337 1339 1338
f 1338 1339 1340
f 1338 1340 1306
f 1339 1303 1341
f 1339 1341 1340
f 1340 1341 1342
f 1340 1342 1306
f 1341 1303 1343
f 1341 1343 1342
f 1342 1343 1344
f 1342 1344 1306
f 1343 1303 1345
f 1343 1345 1344
f 1344 1345 1346
f 1344 1346 1306
f 1345 1303 1347
f 1345 1347 1346
f 1346 1347 1348
f 1346 1348 1306
f 1347 1303 1349
f 1347 1349 1348
f 1348 1349 1350
f 1348 1350 1306
f 1349 1303 1351
f 1349 1351 1350
f 1350 1351 1352
f 1350 1352 1306
f 1351 1303 1353
f 1351 1353 1352
f 1352 1353 1354
f 1352 1354 1306
f 1353 1303 1355
f 1353 1355 1354
f 1354 1355 1356
f 1354 1356 1306
f 1355 1303 1357
f 1355 1357 1356
f 1356 1357 1358
f 1356 1358 1306
f 1357 1303 1359
f 1357 1359 1358
f 1358 1359 1360
f 1358 1360 1306
f 1359 1303 1361
f 1359 1361 1360
f 1360 1361 1362
f 1360 1362 1306
f 1361 1303 1363
f 1361 1363 1362
f 1362 1363 1364
f 1362 1364 1306
f 1363 1303 1365
f 1363 1365 1364
f 1364 1365 1366
f 1364 1366 1306
f 1365 1303 1367
f 1365 1367 1366
f 1366 1367 1368
f 1366 1368 1306
f 1367 1303 1304
f 1367 1304 1368
f 1368 1304 1305
f 1368 1305 1306
f 1370 1369 1373
f 1370 1373 1371
f 1371 1373 1374
f 1371 1374 1372
f 1373 1369 1375
f 1373 1375 1374
f 1374 1375 1376
f 1374 1376 1372
f 1375 1369 1377
f 1375 1377 1376
f 1376 1377 1378
f 1376 1378 1372
f 1377 1369 1379
f 1377 1379 1378
f 1378 1379 1380
f 1378 1380 1372
f 1379 1369 1381
f 1379 1381 1380
f 1380 1381 1382
f 1380 1382 1372
f 1381 1369 1383
f 1381 1383 1382
f 1382 1383 1384
f 1382 1384 1372
f 1383 1369 1385
f 1383 1385 1384
f 1384 1385 1386
f 1384 1386 1372
f 1385 1369 1387
f 1385 1387 1386
f 1386 1387 1388
f 1386 1388 1372
f 1387 1369 1389
f 1387 1389 1388
f 1388 1389 1390
f 1388 1390 1372
f 1389 1369 1391
f 1389 1391 1390
f 1390 1391 1392
f 1390 1392 1372
f 1391 1369 1393
f 1391 1393 1392
f 1392 1393 1394
f 1392 1394 1372
f 1393 1369 1395
f 1393 1395 1394
f 1394 1395 1396
f 1394 1396 1372
f 1395 1369 1397
f 1395 1397 1396
f 1396 1397 1398
f 1396 1398 1372
f 1397 1369 1399
f 1397 1399 1398
f 1398 1399 1400
f 1398 1400 1372
f 1399 1369 1401
f 1399 1401 1400
f 1400 1401 1402
f 1400 1402 1372
f 1401 1369 1403
f 1401 1403 1402
f 1402 1403 1404
f 1402 1404 1372
f 1403 1369 1405
f 1403 1405 1404
f 1404 1405 1406
f 1404 1406 1372
f 1405 1369 1407
f 1405 1407 1406
f 1406 1407 1408
f 1406 1408 1372
f 1407 1369 1409
f 1407 1409 1408
f 1408 1409 1410
f 1408 1410 1372
f 1409 1369 1411
f 1409 1411 1410
f 1410 1411 1412
f 1410 1412 1372
f 1411 1369 1413
f 1411 1413 1412
f 1412 1413 1414
f 1412 1414 1372
f 1413 1369 1415
f 1413 1415 1414
f 1414 1415 1416
f 1414 1416 1372
f 1415 1369 1417
f 1415 1417 1416
f 1416 1417 1418
f 1416 1418 1372
f 1417 1369 1419
f 1417 1419 1418
f 1418 1419 1420
f 1418 1420 1372
f 1419 1369 1421
f 1419 1421 1420
f 1420 1421 1422
f 1420 1422 1372
f 1421 1369 1423
f 1421 1423 1422
f 1422 1423 1424
f 1422 1424 1372
f 1423 1369 1425
f 1423 1425 1424
f 1424 1425 1426
f 1424 1426 1372
f 1425 1369 1427
f 1425 1427 1426
f 1426 1427 1428
f 1426 1428 1372
f 1427 1369 1429
f 1427 1429 1428
f 1428 1429 1430
f 1428 1430 1372
f 1429 1369 1431
f 1429 1431 1430
f 1430 1431 1432
f 1430 1432 1372
f 1431 1369 1433
f 1431 1433 1432
f 1432 1433 1434
f 1432 1434 1372
f 1433 1369 1370
f 1433 1370 1434
f 1434 1370 1371
f 1434 1371 1372
f 1436 1435 1439
f 1436 1439 1437
f 1437 1439 1440
f 1437 1440 1438
f 1439 1435 1441
f 1439 1441 1440
f 1440 1441 1442
f 1440 1442 1438
f 1441 1435 1443
f 1441 1443 1442
f 1442 1443 1444
f 1442 1444 1438
f 1443 1435 1445
f 1443 1445 1444
f 1444 1445 1446
f 1444 1446 1438
f 1445 1435 1447
f 1445 1447 1446
f 1446 1447 1448
f 1446 1448 1438
f 1447 1435 1449
f 1447 1449 1448
f 1448 1449 1450
f 1448 1450 1438
f 1449 1435 1451
f 1449 1451 1450
f 1450 1451 1452
f 1450 1452 1438
f 1451 1435 1453
f 1451 1453 1452
f 1452 1453 1454
f 1452 1454 1438
f 1453 1435 1455
f 1453 1455 1454
f 1454 1455 1456
f 1454 1456 1438
f 1455 1435 1457
f 1455 1457 1456
f 1456 1457 1458
f 1456 1458 1438
f 1457 1435 1459
f 1457 1459 1458
f 1458 1459 1460
f 1458 1460 1438
f 1459 1435 1461
f 1459 1461 1460
f 1460 1461 1462
f 1460 1462 1438
f 1461 1435 1463
f 1461 1463 1462
f 1462 1463 1464
f 1462 1464 1438
f 1463 1435 1465
f 1463 1465 1464
f 1464 1465 1466
f 1464 1466 1438
f 1465 1435 1467
f 1465 1467 1466
f 1466 1467 1468
f 1466 1468 1438
f 1467 1435 1469
f 1467 1469 1468
f 1468 1469 1470
f 1468 1470 1438
f 1469 1435 1471
f 1469 1471 1470
f 1470 1471 1472
f 1470 1472 1438
f 1471 1435 1473
f 1471 1473 1472
f 1472 1473 1474
f 1472 1474 1438
f 1473 1435 1475
f 1473 1475 1474
f 1474 1475 1476
f 1474 1476 1438
f 1475 1435 1477
f 1475 1477 1476
f 1476 1477 1478
f 1476 1478 1438
f 1477 1435 1479
f 1477 1479 1478
f 1478 1479 1480
f 1478 1480 1438
f 1479 1435 1481
f 1479 1481 1480
f 1480 1481 1482
f 1480 1482 1438
f 1481 1435 1483
f 1481 1483 1482
f 1482 1483 1484
f 1482 1484 1438
f 1483 1435 1485
f 1483 1485 1484
f 1484 1485 1486
f 1484 1486 1438
f 1485 1435 1487
f 1485 1487 1486
f 1486 1487 1488
f 1486 1488 1438
f 1487 1435 1489
f 1487 1489 1488
f 1488 1489 1490
f 1488 1490 1438
f 1489 1435 1491
f 1489 1491 1490
f 1490 1491 1492
f 1490 1492 1438
f 1491 1435 1493
f 1491 1493 1492
f 1492 1493 1494
f 1492 1494 1438
f 1493 1435 1495
f 1493 1495 1494
f 1494 1495 1496
f 1494 1496 1438
f 1495 1435 1497
f 1495 1497 1496
f 1496 1497 1498
f 1496 1498 1438
f 1497 1435 1499
f 1497 1499 1498
f 1498 1499 1500
f 1498 1500 1438
f 1499 1435 1436
f 1499 1436 1500
f 1500 1436 1437
f 1500 1437 1438
f 1502 1501 1505
f 1502 1505 1503
f 1503 1505 1506
f 1503 1506 1504
f 1505 1501 1507
f 1505 1507 1506
f 1506 1507 1508
f 1506 1508 1504
f 1507 1501 1509
f 1507 1509 1508
f 1508 1509 1510
f 1508 1510 1504
f 1509 1501 1511
f 1509 1511 1510
f 1510 1511 1512
f 1510 1512 1504
f 1511 1501 1513
f 1511 1513 1512
f 1512 1513 1514
f 1512 1514 1504
f 1513 1501 1515
f 1513 1515 1514
f 1514 1515 1516
f 1514 1516 1504
f 1515 1501 1517
f 1515 1517 1516
f 1516 1517 1518
f 1516 1518 1504
f 1517 1501 1519
f 1517 1519 1518
f 1518 1519 1520
f 1518 1520 1504
f 1519 1501 1521
f 1519 1521 1520
f 1520 1521 1522
f 1520 1522 1504
f 1521 1501 1523
f 1521 1523 1522
f 1522 1523 1524
f 1522 1524 1504
f 1523 1501 1525
f 1523 1525 1524
f 1524 1525 1526
f 1524 1526 1504
f 1525 1501 1527
f 1525 1527 1526
f 1526 1527 1528
f 1526 1528 1504
f 1527 1501 1529
f 1527 1529 1528
f 1528 1529 1530
f 1528 1530 1504
f 1529 1501 1531
f 1529 1531 1530
f 1530 1531 1532
f 1530 1532 1504
f 1531 1501 1533
f 1531 1533 1532
f 1532 1533 1534
f 1532 1534 1504
f 1533 1501 1535
f 1533 1535 1534
f 1534 1535 1536
f 1534 1536 1504
f 1535 1501 1537
f 1535 1537 1536
f 1536 1537 1538
f 1536 1538 1504
f 1537 1501 1539
f 1537 1539 1538
f 1538 1539 1540
f 1538 1540 1504
f 1539 1501 1541
f 1539 1541 1540
f 1540 1541 1542
f 1540 1542 1504
f 1541 1501 1543
f 1541 1543 1542
f 1542 1543 1544
f 1542 1544 1504
f 1543 1501 1545
f 1543 1545 1544
f 1544 1545 1546
f 1544 1546 1504
f 1545 1501 1547
f 1545 1547 1546
f 1546 1547 1548
f 1546 1548 1504
f 1547 1501 1549
f 1547 1549 1548
f 1548 1549 1550
f 1548 1550 1504
f 1549 1501 1551
f 1549 1551 1550
f 1550 1551 1552
f 1550 1552 1504
f 1551 1501 1553
f 1551 1553 1552
f 1552 1553 1554
f 1552 1554 1504
f 1553 1501 1555
f 1553 1555 1554
f 1554 1555 1556
f 1554 1556 1504
f 1555 1501 1557
f 1555 1557 1556
f 1556 1557 1558
f 1556 1558 1504
f 1557 1501 1559
f 1557 1559 1558
f 1558 1559 1560
f 1558 1560 1504
f 1559 1501 1561
f 1559 1561 1560
f 1560 1561 1562
f 1560 1562 1504
f 1561 1501 1563
f 1561 1563 1562
f 1562 1563 1564
f 1562 1564 1504
f 1563 1501 1565
f 1563 1565 1564
f 1564 1565 1566
f 1564 1566 1504
f 1565 1501 1502
f 1565 1502 1566
f 1566 1502 1503
f 1566 1503 1504
f 1568 1567 1571
f 1568 1571 1569
f 1569 1571 1572
f 1569 1572 1570
f 1571 1567 1573
f 1571 1573 1572
f 1572 1573 1574
f 1572 1574 1570
f 1573 1567 1575
f 1573 1575 1574
f 1574 1575 1576
f 1574 1576 1570
f 1575 1567 1577
f 1575 1577 1576
f 1576 1577 1578
f 1576 1578 1570
f 1577 1567 1579
f 1577 1579 1578
f 1578 1579 1580
f 1578 1580 1570
f 1579 1567 1581
f 1579 1581 1580
f 1580 1581 1582
f 1580 1582 1570
f 1581 1567 1583
f 1581 1583 1582
f 1582 1583 1584
f 1582 1584 1570
f 1583 1567 1585
f 1583 1585 1584
f 1584 1585 1586
f 1584 1586 1570
f 1585 1567 1587
f 1585 1587 1586
f 1586 1587 1588
f 1586 1588 1570
f 1587 1567 1589
f 1587 1589 1588
f 1588 1589 1590
f 1588 1590 1570
f 1589 1567 1591
f 1589 1591 1590
f 1590 1591 1592
f 1590 1592 1570
f 1591 1567 1593
f 1591 1593 1592
f 1592 1593 1594
f 1592 1594 1570
f 1593 1567 1595
f 1593 1595 1594
f 1594 1595 1596
f 1594 1596 1570
f 1595 1567 1597
f 1595 1597 1596
f 1596 1597 1598
f 1596 1598 1570
f 1597 1567 1599
f 1597 1599 1598
f 1598 1599 1600
f 1598 1600 1570
f 1599 1567 1601
f 1599 1601 1600
f 1600 1601 1602
f 1600 1602 1570
f 1601 1567 1603
f 1601 1603 1602
f 1602 1603 1604
f 1602 1604 1570
f 1603 1567 1605
f 1603 1605 1604
f 1604 1605 1606
f 1604 1606 1570
f 1605 1567 1607
f 1605 1607 1606
f 1606 1607 1608
f 1606 1608 1570
f 1607 1567 1609
f 1607 1609 1608
f 1608 1609 1610
f 1608 1610 1570
f 1609 1567 1611
f 1609 1611 1610
f 1610 1611 1612
f 1610 1612 1570
f 1611 1567 1613
f 1611 1613 1612
f 1612 1613 1614
f 1612 1614 1570
f 1613 1567 1615
f 1613 1615 1614
f 1614 1615 1616
f 1614 1616 1570
f 1615 1567 1617
f 1615 1617 1616
f 1616 1617 1618
f 1616 1618 1570
f 1617 1567 1619
f 1617 1619 1618
f 1618 1619 1620
f 1618 1620 1570
f 1619 1567 1621
f 1619 1621 1620
f 1620 1621 1622
f 1620 1622 1570
f 1621 1567 1623
f 1621 1623 1622
f 1622 1623 1624
f 1622 1624 1570
f 1623 1567 1625
f 1623 1625 1624
f 1624 1625 1626
f 1624 1626 1570
f 1625 1567 1627
f 1625 1627 1626
f 1626 1627 1628
f 1626 1628 1570
f 1627 1567 1629
f 1627 1629 1628
f 1628 1629 1630
f 1628 1630 1570
f 1629 1567 1631
f 1629 1631 1630
f 1630 1631 1632
f 1630 1632 1570
f 1631 1567 1568
f 1631 1568 1632
f 1632 1568 1569
f 1632 1569 1570
f 1634 1633 1637
f 1634 1637 1635
f 1635 1637 1638
f 1635 1638 1636
f 1637 1633 1639
f 1637 1639 1638
f 1638 1639 1640
f 1638 1640 1636
f 1639 1633 1641
f 1639 1641 1640
f 1640 1641 1642
f 1640 1642 1636
f 1641 1633 1643
f 1641 1643 1642
f 1642 1643 1644
f 1642 1644 1636
f 1643 1633 1645
f 1643 1645 1644
f 1644 1645 1646
f 1644 1646 1636
f 1645 1633 1647
f 1645 1647 1646
f 1646 1647 1648
f 1646 1648 1636
f 1647 1633 1649
f 1647 1649 1648
f 1648 1649 1650
f 1648 1650 1636
f 1649 1633 1651
f 1649 1651 1650
f 1650 1651 1652
f 1650 1652 1636
f 1651 1633 1653
f 1651 1653 1652
f 1652 1653 1654
f 1652 1654 1636
f 1653 1633 1655
f 1653 1655 1654
f 1654 1655 1656
f 1654 1656 1636
f 1655 1633 1657
f 1655 1657 1656
f 1656 1657 1658
f 1656 1658 1636
f 1657 1633 1659
f 1657 1659 1658
f 1658 1659 1660
f 1658 1660 1636
f 1659 1633 1661
f 1659 1661 1660
f 1660 1661 1662
f 1660 1662 1636
f 1661 1633 1663
f 1661 1663 1662
f 1662 1663 1664
f 1662 1664 1636
f 1663 1633 1665
f 1663 1665 1664
f 1664 1665 1666
f 1664 1666 1636
f 1665 1633 1667
f 1665 1667 1666
f 1666 1667 1668
f 1666 1668 1636
f 1667 1633 1669
f 1667 1669 1668
f 1668 1669 1670
f 1668 1670 1636
f 1669 1633 1671
f 1669 1671 1670
f 1670 1671 1672
f 1670 1672 1636
f 1671 1633 1673
f 1671 1673 1672
f 1672 1673 1674
f 1672 1674 1636
f 1673 1633 1675
f 1673 1675 1674
f 1674 1675 1676
f 1674 1676 1636
f 1675 1633 1677
f 1675 1677 1676
f 1676 1677 1678
f 1676 1678 1636
f 1677 1633 1679
f 1677 1679 1678
f 1678 1679 1680
f 1678 1680 1636
f 1679 1633 1681
f 1679 1681 1680
f 1680 1681 1682
f 1680 1682 1636
f 1681 1633 1683
f 1681 1683 1682
f 1682 1683 1684
f 1682 1684 1636
f 1683 1633 1685
f 1683 1685 1684
f 1684 1685 1686
f 1684 1686 1636
f 1685 1633 1687
f 1685 1687 1686
f 1686 1687 1688
f 1686 1688 1636
f 1687 1633 1689
f 1687 1689 1688
f 1688 1689 1690
f 1688 1690 1636
f 1689 1633 1691
f 1689 1691 1690
f 1690 1691 1692
f 1690 1692 1636
f 1691 1633 1693
f 1691 1693 1692
f 1692 1693 1694
f 1692 1694 1636
f 1693 1633 1695
f 1693 1695 1694
f 1694 1695 1696
f 1694 1696 1636
f 1695 1633 1697
f 1695 1697 1696
f 1696 1697 1698
f 1696 1698 1636
f 1697 1633 1634
f 1697 1634 1698
f 1698 1634 1635
f 1698 1635 1636
f 1700 1699 1703
f 1700 1703 1701
f 1701 1703 1704
f 1701 1704 1702
f 1703 1699 1705
f 1703 1705 1704
f 1704 1705 1706
f 1704 1706 1702
f 1705 1699 1707
f 1705 1707 1706
f 1706 1707 1708
f 1706 1708 1702
f 1707 1699 1709
f 1707 1709 1708
f 1708 1709 1710
f 1708 1710 1702
f 1709 1699 1711
f 1709 1711 1710
f 1710 1711 1712
f 1710 1712 1702
f 1711 1699 1713
f 1711 1713 1712
f 1712 1713 1714
f 1712 1714 1702
f 1713 1699 1715
f 1713 1715 1714
f 1714 1715 1716
f 1714 1716 1702
f 1715 1699 1717
f 1715 1717 1716
f 1716 1717 1718
f 1716 1718 1702
f 1717 1699 1719
f 1717 1719 1718
f 1718 1719 1720
f 1718 1720 1702
f 1719 1699 1721
f 1719 1721 1720
f 1720 1721 1722
f 1720 1722 1702
f 1721 1699 1723
f 1721 1723 1722
f 1722 1723 1724
f 1722 1724 1702
f 1723 1699 1725
f 1723 1725 1724
f 1724 1725 1726
f 1724 1726 1702
f 1725 1699 1727
f 1725 1727 1726
f 1726 1727 1728
f 1726 1728 1702
f 1727 1699 1729
f 1727 1729 1728
f 1728 1729 1730
f 1728 1730 1702
f 1729 1699 1731
f 1729 1731 1730
f 1730 1731 1732
f 1730 1732 1702
f 1731 1699 1733
f 1731 1733 1732
f 1732 1733 1734
f 1732 1734 1702
f 1733 1699 1735
f 1733 1735 1734
f 1734 1735 1736
f 1734 1736 1702
f 1735 1699 1737
f 1735 1737 1736
f 1736 1737 1738
f 1736 1738 1702
f 1737 1699 1739
f 1737 1739 1738
f 1738 1739 1740
f 1738 1740 1702
f 1739 1699 1741
f 1739 1741 1740
f 1740 1741 1742
f 1740 1742 1702
f 1741 1699 1743
f 1741 1743 1742
f 1742 1743 1744
f 1742 1744 1702
f 1743 1699 1745
f 1743 1745 1744
f 1744 1745 1746
f 1744 1746 1702
f 1745 1699 1747
f 1745 1747 1746
f 1746 1747 1748
f 1746 1748 1702
f 1747 1699 1749
f 1747 1749 1748
f 1748 1749 1750
f 1748 1750 1702
f 1749 1699 1751
f 1749 1751 1750
f 1750 1751 1752
f 1750 1752 1702
f 1751 1699 1753
f 1751 1753 1752
f 1752 1753 1754
f 1752 1754 1702
f 1753 1699 1755
f 1753 1755 1754
f 1754 1755 1756
f 1754 1756 1702
f 1755 1699 1757
f 1755 1757 1756
f 1756 1757 1758
f 1756 1758 1702
f 1757 1699 1759
f 1757 1759 1758
f 1758 1759 1760
f 1758 1760 1702
f 1759 1699 1761
f 1759 1761 1760
f 1760 1761 1762
f 1760 1762 1702
f 1761 1699 1763
f 1761 1763 1762
f 1762 1763 1764
f 1762 1764 1702
f 1763 1699 1700
f 1763 1700 1764
f 1764 1700 1701
f 1764 1701 1702
f 1766 1765 1769
f 1766 1769 1767
f 1767 1769 1770
f 1767 1770 1768
f 1769 1765 1771
f 1769 1771 1770
f 1770 1771 1772
f 1770 1772 1768
f 1771 1765 1773
f 1771 1773 1772
f 1772 1773 1774
f 1772 1774 1768
f 1773 1765 1775
f 1773 1775 1774
f 1774 1775 1776
f 1774 1776 1768
f 1775 1765 1777
f 1775 1777 1776
f 1776 1777 1778
f 1776 1778 1768
f 1777 1765 1779
f 1777 1779 1778
f 1778 1779 1780
f 1778 1780 1768
f 1779 1765 1781
f 1779 1781 1780
f 1780 1781 1782
f 1780 1782 1768
f 1781 1765 1783
f 1781 1783 1782
f 1782 1783 1784
f 1782 1784 1768
f 1783 1765 1785
f 1783 1785 1784
f 1784 1785 1786
f 1784 1786 1768
f 1785 1765 1787
f 1785 1787 1786
f 1786 1787 1788
f 1786 1788 1768
f 1787 1765 1789
f 1787 1789 1788
f 1788 1789 1790
f 1788 1790 1768
f 1789 1765 1791
f 1789 1791 1790
f 1790 1791 1792
f 1790 1792 1768
f 1791 1765 1793
f 1791 1793 1792
f 1792 1793 1794
f 1792 1794 1768
f 1793 1765 1795
f 1793 1795 1794
f 1794 1795 1796
f 1794 1796 1768
f 1795 1765 1797
f 1795 1797 1796
f 1796 1797 1798
f 1796 1798 1768
f 1797 1765 1799
f 1797 1799 1798
f 1798 1799 1800
f 1798 1800 1768
f 1799 1765 1801
f 1799 1801 1800
f 1800 1801 1802
f 1800 1802 1768
f 1801 1765 1803
f 1801 1803 1802
f 1802 1803 1804
f 1802 1804 1768
f 1803 1765 1805
f 1803 1805 1804
f 1804 1805 1806
f 1804 1806 1768
f 1805 1765 1807
f 1805 1807 1806
f 1806 1807 1808
f 1806 1808 1768
f 1807 1765 1809
f 1807 1809 1808
f 1808 1809 1810
f 1808 1810 1768
f 1809 1765 1811
f 1809 1811 1810
f 1810 1811 1812
f 1810 1812 1768
f 1811 1765 1813
f 1811 1813 1812
f 1812 1813 1814
f 1812 1814 1768
f 1813 1765 1815
f 1813 1815 1814
f 1814 1815 1816
f 1814 1816 1768
f 1815 1765 1817
f 1815 1817 1816
f 1816 1817 1818
f 1816 1818 1768
f 1817 1765 1819
f 1817 1819 1818
f 1818 1819 1820
f 1818 1820 1768
f 1819 1765 1821
f 1819 1821 1820
f 1820 1821 1822
f 1820 1822 1768
f 1821 1765 1823
f 1821 1823 1822
f 1822 1823 1824
f 1822 1824 1768
f 1823 1765 1825
f 1823 1825 1824
f 1824 1825 1826
f 1824 1826 1768
f 1825 1765 1827
f 1825 1827 1826
f 1826 1827 1828
f 1826 1828 1768
f 1827 1765 1829
f 1827 1829 1828
f 1828 1829 1830
f 1828 1830 1768
f 1829 1765 1766
f 1829 1766 1830
f 1830 1766 1767
f 1830 1767 1768
f 1832 1831 1835
f 1832 1835 1833
f 1833 1835 1836
f 1833 1836 1834
f 1835 1831 1837
f 1835 1837 1836
f 1836 1837 1838
f 1836 1838 1834
f 1837 1831 1839
f 1837 1839 1838
f 1838 1839 1840
f 1838 1840 1834
f 1839 1831 1841
f 1839 1841 1840
f 1840 1841 1842
f 1840 1842 1834
f 1841 1831 1843
f 1841 1843 1842
f 1842 1843 1844
f 1842 1844 1834
f 1843 1831 1845
f 1843 1845 1844
f 1844 1845 1846
f 1844 1846 1834
f 1845 1831 1847
f 1845 1847 1846
f 1846 1847 1848
f 1846 1848 1834
f 1847 1831 1849
f 1847 1849 1848
f 1848 1849 1850
f 1848 1850 1834
f 1849 1831 1851
f 1849 1851 1850
f 1850 1851 1852
f 1850 1852 1834
f 1851 1831 1853
f 1851 1853 1852
f 1852 1853 1854
f 1852 1854 1834
f 1853 1831 1855
f 1853 1855 1854
f 1854 1855 1856
f 1854 1856 1834
f 1855 1831 1857
f 1855 1857 1856
f 1856 1857 1858
f 1856 1858 1834
f 1857 1831 1859
f 1857 1859 1858
f 1858 1859 1860
f 1858 1860 1834
f 1859 1831 1861
f 1859 1861 1860
f 1860 1861 1862
f 1860 1862 1834
f 1861 1831 1863
f 1861 1863 1862
f 1862 1863 1864
f 1862 1864 1834
f 1863 1831 1865
f 1863 1865 1864
f 1864 1865 1866
f 1864 1866 1834
f 1865 1831 1867
f 1865 1867 1866
f 1866 1867 1868
f 1866 1868 1834
f 1867 1831 1869
f 1867 1869 1868
f 1868 1869 1870
f 1868 1870 1834
f 1869 1831 1871
f 1869 1871 1870
f 1870 1871 1872
f 1870 1872 1834
f 1871 1831 1873
f 1871 1873 1872
f 1872 1873 1874
f 1872 1874 1834
f 1873 1831 1875
f 1873 1875 1874
f 1874 1875 1876
f 1874 1876 1834
f 1875 1831 1877
f 1875 1877 1876
f 1876 1877 1878
f 1876 1878 1834
f 1877 1831 1879
f 1877 1879 1878
f 1878 1879 1880
f 1878 1880 1834
f 1879 1831 1881
f 1879 1881 1880
f 1880 1881 1882
f 1880 1882 1834
f 1881 1831 1883
f 1881 1883 1882
f 1882 1883 1884
f 1882 1884 1834
f 1883 1831 1885
f 1883 1885 1884
f 1884 1885 1886
f 1884 1886 1834
f 1885 1831 1887
f 1885 1887 1886
f 1886 1887 1888
f 1886 1888 1834
f 1887 1831 1889
f 1887 1889 1888
f 1888 1889 1890
f 1888 1890 1834
f 1889 1831 1891
f 1889 1891 1890
f 1890 1891 1892
f 1890 1892 1834
f 1891 1831 1893
f 1891 1893 1892
f 1892 1893 1894
f 1892 1894 1834
f 1893 1831 1895
f 1893 1895 1894
f 1894 1895 1896
f 1894 1896 1834
f 1895 1831 1832
f 1895 1832 1896
f 1896 1832 1833
f 1896 1833 1834
f 1898 1897 1901
f 1898 1901 1899
f 1899 1901 1902
f 1899 1902 1900
f 1901 1897 1903
f 1901 1903 1902
f 1902 1903 1904
f 1902 1904 1900
f 1903 1897 1905
f 1903 1905 1904
f 1904 1905 1906
f 1904 1906 1900
f 1905 1897 1907
f 1905 1907 1906
f 1906 1907 1908
f 1906 1908 1900
f 1907 1897 1909
f 1907 1909 1908
f 1908 1909 1910
f 1908 1910 1900
f 1909 1897 1911
f 1909 1911 1910
f 1910 1911 1912
f 1910 1912 1900
f 1911 1897 1913
f 1911 1913 1912
f 1912 1913 1914
f 1912 1914 1900
f 1913 1897 1915
f 1913 1915 1914
f 1914 1915 1916
f 1914 1916 1900
f 1915 1897 1917
f 1915 1917 1916
f 1916 1917 1918
f 1916 1918 1900
f 1917 1897 1919
f 1917 1919 1918
f 1918 1919 1920
f 1918 1920 1900
f 1919 1897 1921
f 1919 1921 1920
f 1920 1921 1922
f 1920 1922 1900
f 1921 1897 1923
f 1921 1923 1922
f 1922 1923 1924
f 1922 1924 1900
f 1923 1897 1925
f 1923 1925 1924
f 1924 1925 1926
f 1924 1926 1900
f 1925 1897 1927
f 1925 1927 1926
f 1926 1927 1928
f 1926 1928 1900
f 1927 1897 1929
f 1927 1929 1928
f 1928 1929 1930
f 1928 1930 1900
f 1929 1897 1931
f 1929 1931 1930
f 1930 1931 1932
f 1930 1932 1900
f 1931 1897 1933
f 1931 1933 1932
f 1932 1933 1934
f 1932 1934 1900
f 1933 1897 1935
f 1933 1935 1934
f 1934 1935 1936
f 1934 1936 1900
f 1935 1897 1937
f 1935 1937 1936
f 1936 1937 1938
f 1936 1938 1900
f 1937 1897 1939
f 1937 1939 1938
f 1938 1939 1940
f 1938 1940 1900
f 1939 1897 1941
f 1939 1941 1940
f 1940 1941 1942
f 1940 1942 1900
f 1941 1897 1943
f 1941 1943 1942
f 1942 1943 1944
f 1942 1944 1900
f 1943 1897 1945
f 1943 1945 1944
f 1944 1945 1946
f 1944 1946 1900
f 1945 1897 1947
f 1945 1947 1946
f 1946 1947 1948
f 1946 1948 1900
f 1947 1897 1949
f 1947 1949 1948
f 1948 1949 1950
f 1948 1950 1900
f 1949 1897 1951
f 1949 1951 1950
f 1950 1951 1952
f 1950 1952 1900
f 1951 1897 1953
f 1951 1953 1952
f 1952 1953 1954
f 1952 1954 1900
f 1953 1897 1955
f 1953 1955 1954
f 1954 1955 1956
f 1954 1956 1900
f 1955 1897 1957
f 1955 1957 1956
f 1956 1957 1958
f 1956 1958 1900
f 1957 1897 1959
f 1957 1959 1958
f 1958 1959 1960
f 1958 1960 1900
f 1959 1897 1961
f 1959 1961 1960
f 1960 1961 1962
f 1960 1962 1900
f 1961 1897 1898
f 1961 1898 1962
f 1962 1898 1899
f 1962 1899 1900
f 1964 1963 1967
f 1964 1967 1965
f 1965 1967 1968
f 1965 1968 1966
f 1967 1963 1969
f 1967 1969 1968
f 1968 1969 1970
f 1968 1970 1966
f 1969 1963 1971
f 1969 1971 1970
f 1970 1971 1972
f 1970 1972 1966
f 1971 1963 1973
f 1971 1973 1972
f 1972 1973 1974
f 1972 1974 1966
f 1973 1963 1975
f 1973 1975 1974
f 1974 1975 1976
f 1974 1976 1966
f 1975 1963 1977
f 1975 1977 1976
f 1976 1977 1978
f 1976 1978 1966
f 1977 1963 1979
f 1977 1979 1978
f 1978 1979 1980
f 1978 1980 1966
f 1979 1963 1981
f 1979 1981 1980
f 1980 1981 1982
f 1980 1982 1966
f 1981 1963 1983
f 1981 1983 1982
f 1982 1983 1984
f 1982 1984 1966
f 1983 1963 1985
f 1983 1985 1984
f 1984 1985 1986
f 1984 1986 1966
f 1985 1963 1987
f 1985 1987 1986
f 1986 1987 1988
f 1986 1988 1966
f 1987 1963 1989
f 1987 1989 1988
f 1988 1989 1990
f 1988 1990 1966
f 1989 1963 1991
f 1989 1991 1990
f 1990 1991 1992
f 1990 1992 1966
f 1991 1963 1993
f 1991 1993 1992
f 1992 1993 1994
f 1992 1994 1966
f 1993 1963 1995
f 1993 1995 1994
f 1994 1995 1996
f 1994 1996 1966
f 1995 1963 1997
f 1995 1997 1996
f 1996 1997 1998
f 1996 1998 1966
f 1997 1963 1999
f 1997 1999 1998
f 1998 1999 2000
f 1998 2000 1966
f 1999 1963 2001
f 1999 2001 2000
f 2000 2001 2002
f 2000 2002 1966
f 2001 1963 2003
f 2001 2003 2002
f 2002 2003 2004
f 2002 2004 1966
f 2003 1963 2005
f 2003 2005 2004
f 2004 2005 2006
f 2004 2006 1966
f 2005 1963 2007
f 2005 2007 2006
f 2006 2007 2008
f 2006 2008 1966
f 2007 1963 2009
f 2007 2009 2008
f 2008 2009 2010
f 2008 2010 1966
f 2009 1963 2011
f 2009 2011 2010
f 2010 2011 2012
f 2010 2012 1966
f 2011 1963 2013
f 2011 2013 2012
f 2012 2013 2014
f 2012 2014 1966
f 2013 1963 2015
f 2013 2015 2014
f 2014 2015 2016
f 2014 2016 1966
f 2015 1963 2017
f 2015 2017 2016
f 2016 2017 2018
f 2016 2018 1966
f 2017 1963 2019
f 2017 2019 2018
f 2018 2019 2020
f 2018 2020 1966
f 2019 1963 2021
f 2019 2021 2020
f 2020 2021 2022
f 2020 2022 1966
f 2021 1963 2023
f 2021 2023 2022
f 2022 2023 2024
f 2022 2024 1966
f 2023 1963 2025
f 2023 2025 2024
f 2024 2025 2026
f 2024 2026 1966
f 2025 1963 2027
f 2025 2027 2026
f 2026 2027 2028
f 2026 2028 1966
f 2027 1963 1964
f 2027 1964 2028
f 2028 1964 1965
f 2028 1965 1966
f 2030 2029 2033
f 2030 2033 2031
f 2031 2033 2034
f 2031 2034 2032
f 2033 2029 2035
f 2033 2035 2034
f 2034 2035 2036
f 2034 2036 2032
f 2035 2029 2037
f 2035 2037 2036
f 2036 2037 2038
f 2036 2038 2032
f 2037 2029 2039
f 2037 2039 2038
f 2038 2039 2040
f 2038 2040 2032
f 2039 2029 2041
f 2039 2041 2040
f 2040 2041 2042
f 2040 2042 2032
f 2041 2029 2043
f 2041 2043 2042
f 2042 2043 2044
f 2042 2044 2032
f 2043 2029 2045
f 2043 2045 2044
f 2044 2045 2046
f 2044 2046 2032
f 2045 2029 2047
f 2045 2047 2046
f 2046 2047 2048
f 2046 2048 2032
f 2047 2029 2049
f 2047 2049 2048
f 2048 2049 2050
f 2048 2050 2032
f 2049 2029 2051
f 2049 2051 2050
f 2050 2051 2052
f 2050 2052 2032
f 2051 2029 2053
f 2051 2053 2052
f 2052 2053 2054
f 2052 2054 2032
f 2053 2029 2055
f 2053 2055 2054
f 2054 2055 2056
f 2054 2056 2032
f 2055 2029 2057
f 2055 2057 2056
f 2056 2057 2058
f 2056 2058 2032
f 2057 2029 2059
f 2057 2059 2058
f 2058 2059 2060
f 2058 2060 2032
f 2059 2029 2061
f 2059 2061 2060
f 2060 2061 2062
f 2060 2062 2032
f 2061 2029 2063
f 2061 2063 2062
f 2062 2063 2064
f 2062 2064 2032
f 2063 2029 2065
f 2063 2065 2064
f 2064 2065 2066
f 2064 2066 2032
f 2065 2029 2067
f 2065 2067 2066
f 2066 2067 2068
f 2066 2068 2032
f 2067 2029 2069
f 2067 2069 2068
f 2068 2069 2070
f 2068 2070 2032
f 2069 2029 2071
f 2069 2071 2070
f 2070 2071 2072
f 2070 2072 2032
f 2071 2029 2073
f 2071 2073 2072
f 2072 2073 2074
f 2072 2074 2032
f 2073 2029 2075
f 2073 2075 2074
f 2074 2075 2076
f 2074 2076 2032
f 2075 2029 2077
f 2075 2077 2076
f 2076 2077 2078
f 2076 2078 2032
f 2077 2029 2079
f 2077 2079 2078
f 2078 2079 2080
f 2078 2080 2032
f 2079 2029 2081
f 2079 2081 2080
f 2080 2081 2082
f 2080 2082 2032
f 2081 2029 2083
f 2081 2083 2082
f 2082 2083 2084
f 2082 2084 2032
f 2083 2029 2085
f 2083 2085 2084
f 2084 2085 2086
f 2084 2086 2032
f 2085 2029 2087
f 2085 2087 2086
f 2086 2087 2088
f 2086 2088 2032
f 2087 2029 2089
f 2087 2089 2088
f 2088 2089 2090
f 2088 2090 2032
f 2089 2029 2091
f 2089 2091 2090
f 2090 2091 2092
f 2090 2092 2032
f 2091 2029 2093
f 2091 2093 2092
f 2092 2093 2094
f 2092 2094 2032
f 2093 2029 2030
f 2093 2030 2094
f 2094 2030 2031
f 2094 2031 2032
f 2096 2095 2099
f 2096 2099 2097
f 2097 2099 2100
f 2097 2100 2098
f 2099 2095 2101
f 2099 2101 2100
f 2100 2101 2102
f 2100 2102 2098
f 2101 2095 2103
f 2101 2103 2102
f 2102 2103 2104
f 2102 2104 2098
f 2103 2095 2105
f 2103 2105 2104
f 2104 2105 2106
f 2104 2106 2098
f 2105 2095 2107
f 2105 2107 2106
f 2106 2107 2108
f 2106 2108 2098
f 2107 2095 2109
f 2107 2109 2108
f 2108 2109 2110
f 2108 2110 2098
f 2109 2095 2111
f 2109 2111 2110
f 2110 2111 2112
f 2110 2112 2098
f 2111 2095 2113
f 2111 2113 2112
f 2112 2113 2114
f 2112 2114 2098
f 2113 2095 2115
f 2113 2115 2114
f 2114 2115 2116
f 2114 2116 2098
f 2115 2095 2117
f 2115 2117 2116
f 2116 2117 2118
f 2116 2118 2098
f 2117 2095 2119
f 2117 2119 2118
f 2118 2119 2120
f 2118 2120 2098
f 2119 2095 2121
f 2119 2121 2120
f 2120 2121 2122
f 2120 2122 2098
f 2121 2095 2123
f 2121 2123 2122
f 2122 2123 2124
f 2122 2124 2098
f 2123 2095 2125
f 2123 2125 2124
f 2124 2125 2126
f 2124 2126 2098
f 2125 2095 2127
f 2125 2127 2126
f 2126 2127 2128
f 2126 2128 2098
f 2127 2095 2129
f 2127 2129 2128
f 2128 2129 2130
f 2128 2130 2098
f 2129 2095 2131
f 2129 2131 2130
f 2130 2131 2132
f 2130 2132 2098
f 2131 2095 2133
f 2131 2133 2132
f 2132 2133 2134
f 2132 2134 2098
f 2133 2095 2135
f 2133 2135 2134
f 2134 2135 2136
f 2134 2136 2098
f 2135 2095 2137
f 2135 2137 2136
f 2136 2137 2138
f 2136 2138 2098
f 2137 2095 2139
f 2137 2139 2138
f 2138 2139 2140
f 2138 2140 2098
f 2139 2095 2141
f 2139 2141 2140
f 2140 2141 2142
f 2140 2142 2098
f 2141 2095 2143
f 2141 2143 2142
f 2142 2143 2144
f 2142 2144 2098
f 2143 2095 2145
f 2143 2145 2144
f 2144 2145 2146
f 2144 2146 2098
f 2145 2095 2147
f 2145 2147 2146
f 2146 2147 2148
f 2146 2148 2098
f 2147 2095 2149
f 2147 2149 2148
f 2148 2149 2150
f 2148 2150 2098
f 2149 2095 2151
f 2149 2151 2150
f 2150 2151 2152
f 2150 2152 2098
f 2151 2095 2153
f 2151 2153 2152
f 2152 2153 2154
f 2152 2154 2098
f 2153 2095 2155
f 2153 2155 2154
f 2154 2155 2156
f 2154 2156 2098
f 2155 2095 2157
f 2155 2157 2156
f 2156 2157 2158
f 2156 2158 2098
f 2157 2095 2159
f 2157 2159 2158
f 2158 2159 2160
f 2158 2160 2098
f 2159 2095 2096
f 2159 2096 2160
f 2160 2096 2097
f 2160 2097 2098
f 2162 2161 2165
f 2162 2165 2163
f 2163 2165 2166
f 2163 2166 2164
f 2165 2161 2167
f 2165 2167 2166
f 2166 2167 2168
f 2166 2168 2164
f 2167 2161 2169
f 2167 2169 2168
f 2168 2169 2170
f 2168 2170 2164
f 2169 2161 2171
f 2169 2171 2170
f 2170 2171 2172
f 2170 2172 2164
f 2171 2161 2173
f 2171 2173 2172
f 2172 2173 2174
f 2172 2174 2164
f 2173 2161 2175
f 2173 2175 2174
f 2174 2175 2176
f 2174 2176 2164
f 2175 2161 2177
f 2175 2177 2176
f 2176 2177 2178
f 2176 2178 2164
f 2177 2161 2179
f 2177 2179 2178
f 2178 2179 2180
f 2178 2180 2164
f 2179 2161 2181
f 2179 2181 2180
f 2180 2181 2182
f 2180 2182 2164
f 2181 2161 2183
f 2181 2183 2182
f 2182 2183 2184
f 2182 2184 2164
f 2183 2161 2185
f 2183 2185 2184
f 2184 2185 2186
f 2184 2186 2164
f 2185 2161 2187
f 2185 2187 2186
f 2186 2187 2188
f 2186 2188 2164
f 2187 2161 2189
f 2187 2189 2188
f 2188 2189 2190
f 2188 2190 2164
f 2189 2161 2191
f 2189 2191 2190
f 2190 2191 2192
f 2190 2192 2164
f 2191 2161 2193
f 2191 2193 2192
f 2192 2193 2194
f 2192 2194 2164
f 2193 2161 2195
f 2193 2195 2194
f 2194 2195 2196
f 2194 2196 2164
f 2195 2161 2197
f 2195 2197 2196
f 2196 2197 2198
f 2196 2198 2164
f 2197 2161 2199
f 2197 2199 2198
f 2198 2199 2200
f 2198 2200 2164
f 2199 2161 2201
f 2199 2201 2200
f 2200 2201 2202
f 2200 2202 2164
f 2201 2161 2203
f 2201 2203 2202
f 2202 2203 2204
f 2202 2204 2164
f 2203 2161 2205
f 2203 2205 2204
f 2204 2205 2206
f 2204 2206 2164
f 2205 2161 2207
f 2205 2207 2206
f 2206 2207 2208
f 2206 2208 2164
f 2207 2161 2209
f 2207 2209 2208
f 2208 2209 2210
f 2208 2210 2164
f 2209 2161 2211
f 2209 2211 2210
f 2210 2211 2212
f 2210 2212 2164
f 2211 2161 2213
f 2211 2213 2212
f 2212 2213 2214
f 2212 2214 2164
f 2213 2161 2215
f 2213 2215 2214
f 2214 2215 2216
f 2214 2216 2164
f 2215 2161 2217
f 2215 2217 2216
f 2216 2217 2218
f 2216 2218 2164
f 2217 2161 2219
f 2217 2219 2218
f 2218 2219 2220
f 2218 2220 2164
f 2219 2161 2221
f 2219 2221 2220
f 2220 2221 2222
f 2220 2222 2164
f 2221 2161 2223
f 2221 2223 2222
f 2222 2223 2224
f 2222 2224 2164
f 2223 2161 2225
f 2223 2225 2224
f 2224 2225 2226
f 2224 2226 2164
f 2225 2161 2162
f 2225 2162 2226
f 2226 2162 2163
f 2226 2163 2164
f 2228 2227 2231
f 2228 2231 2229
f 2229 2231 2232
f 2229 2232 2230
f 2231 2227 2233
f 2231 2233 2232
f 2232 2233 2234
f 2232 2234 2230
f 2233 2227 2235
f 2233 2235 2234
f 2234 2235 2236
f 2234 2236 2230
f 2235 2227 2237
f 2235 2237 2236
f 2236 2237 2238
f 2236 2238 2230
f 2237 2227 2239
f 2237 2239 2238
f 2238 2239 2240
f 2238 2240 2230
f 2239 2227 2241
f 2239 2241 2240
f 2240 2241 2242
f 2240 2242 2230
f 2241 2227 2243
f 2241 2243 2242
f 2242 2243 2244
f 2242 2244 2230
f 2243 2227 2245
f 2243 2245 2244
f 2244 2245 2246
f 2244 2246 2230
f 2245 2227 2247
f 2245 2247 2246
f 2246 2247 2248
f 2246 2248 2230
f 2247 2227 2249
f 2247 2249 2248
f 2248 2249 2250
f 2248 2250 2230
f 2249 2227 2251
f 2249 2251 2250
f 2250 2251 2252
f 2250 2252 2230
f 2251 2227 2253
f 2251 2253 2252
f 2252 2253 2254
f 2252 2254 2230
f 2253 2227 2255
f 2253 2255 2254
f 2254 2255 2256
f 2254 2256 2230
f 2255 2227 2257
f 2255 2257 2256
f 2256 2257 2258
f 2256 2258 2230
f 2257 2227 2259
f 2257 2259 2258
f 2258 2259 2260
f 2258 2260 2230
f 2259 2227 2261
f 2259 2261 2260
f 2260 2261 2262
f 2260 2262 2230
f 2261 2227 2263
f 2261 2263 2262
f 2262 2263 2264
f 2262 2264 2230
f 2263 2227 2265
f 2263 2265 2264
f 2264 2265 2266
f 2264 2266 2230
f 2265 2227 2267
f 2265 2267 2266
f 2266 2267 2268
f 2266 2268 2230
f 2267 2227 2269
f 2267 2269 2268
f 2268 2269 2270
f 2268 2270 2230
f 2269 2227 2271
f 2269 2271 2270
f 2270 2271 2272
f 2270 2272 2230
f 2271 2227 2273
f 2271 2273 2272
f 2272 2273 2274
f 2272 2274 2230
f 2273 2227 2275
f 2273 2275 2274
f 2274 2275 2276
f 2274 2276 2230
f 2275 2227 2277
f 2275 2277 2276
f 2276 2277 2278
f 2276 2278 2230
f 2277 2227 2279
f 2277 2279 2278
f 2278 2279 2280
f 2278 2280 2230
f 2279 2227 2281
f 2279 2281 2280
f 2280 2281 2282
f 2280 2282 2230
f 2281 2227 2283
f 2281 2283 2282
f 2282 2283 2284
f 2282 2284 2230
f 2283 2227 2285
f 2283 2285 2284
f 2284 2285 2286
f 2284 2286 2230
f 2285 2227 2287
f 2285 2287 2286
f 2286 2287 2288
f 2286 2288 2230
f 2287 2227 2289
f 2287 2289 2288
f 2288 2289 2290
f 2288 2290 2230
f 2289 2227 2291
f 2289 2291 2290
f 2290 2291 2292
f 2290 2292 2230
f 2291 2227 2228
f 2291 2228 2292
f 2292 2228 2229
f 2292 2229 2230
f 2294 2293 2297
f 2294 2297 2295
f 2295 2297 2298
f 2295 2298 2296
f 2297 2293 2299
f 2297 2299 2298
f 2298 2299 2300
f 2298 2300 2296
f 2299 2293 2301
f 2299 2301 2300
f 2300 2301 2302
f 2300 2302 2296
f 2301 2293 2303
f 2301 2303 2302
f 2302 2303 2304
f 2302 2304 2296
f 2303 2293 2305
f 2303 2305 2304
f 2304 2305 2306
f 2304 2306 2296
f 2305 2293 2307
f 2305 2307 2306
f 2306 2307 2308
f 2306 2308 2296
f 2307 2293 2309
f 2307 2309 2308
f 2308 2309 2310
f 2308 2310 2296
f 2309 2293 2311
f 2309 2311 2310
f 2310 2311 2312
f 2310 2312 2296
f 2311 2293 2313
f 2311 2313 2312
f 2312 2313 2314
f 2312 2314 2296
f 2313 2293 2315
f 2313 2315 2314
f 2314 2315 2316
f 2314 2316 2296
f 2315 2293 2317
f 2315 2317 2316
f 2316 2317 2318
f 2316 2318 2296
f 2317 2293 2319
f 2317 2319 2318
f 2318 2319 2320
f 2318 2320 2296
f 2319 2293 2321
f 2319 2321 2320
f 2320 2321 2322
f 2320 2322 2296
f 2321 2293 2323
f 2321 2323 2322
f 2322 2323 2324
f 2322 2324 2296
f 2323 2293 2325
f 2323 2325 2324
f 2324 2325 2326
f 2324 2326 2296
f 2325 2293 2327
f 2325 2327 2326
f 2326 2327 2328
f 2326 2328 2296
f 2327 2293 2329
f 2327 2329 2328
f 2328 2329 2330
f 2328 2330 2296
f 2329 2293 2331
f 2329 2331 2330
f 2330 2331 2332
f 2330 2332 2296
f 2331 2293 2333
f 2331 2333 2332
f 2332 2333 2334
f 2332 2334 2296
f 2333 2293 2335
f 2333 2335 2334
f 2334 2335 2336
f 2334 2336 2296
f 2335 2293 2337
f 2335 2337 2336
f 2336 2337 2338
f 2336 2338 2296
f 2337 2293 2339
f 2337 2339 2338
f 2338 2339 2340
f 2338 2340 2296
f 2339 2293 2341
f 2339 2341 2340
f 2340 2341 2342
f 2340 2342 2296
f 2341 2293 2343
f 2341 2343 2342
f 2342 2343 2344
f 2342 2344 2296
f 2343 2293 2345
f 2343 2345 2344
f 2344 2345 2346
f 2344 2346 2296
f 2345 2293 2347
f 2345 2347 2346
f 2346 2347 2348
f 2346 2348 2296
f 2347 2293 2349
f 2347 2349 2348
f 2348 2349 2350
f 2348 2350 2296
f 2349 2293 2351
f 2349 2351 2350
f 2350 2351 2352
f 2350 2352 2296
f 2351 2293 2353
f 2351 2353 2352
f 2352 2353 2354
f 2352 2354 2296
f 2353 2293 2355
f 2353 2355 2354
f 2354 2355 2356
f 2354 2356 2296
f 2355 2293 2357
f 2355 2357 2356
f 2356 2357 2358
f 2356 2358 2296
f 2357 2293 2294
f 2357 2294 2358
f 2358 2294 2295
f 2358 2295 2296
f 2360 2359 2363
f 2360 2363 2361
f 2361 2363 2364
f 2361 2364 2362
f 2363 2359 2365
f 2363 2365 2364
f 2364 2365 2366
f 2364 2366 2362
f 2365 2359 2367
f 2365 2367 2366
f 2366 2367 2368
f 2366 2368 2362
f 2367 2359 2369
f 2367 2369 2368
f 2368 2369 2370
f 2368 2370 2362
f 2369 2359 2371
f 2369 2371 2370
f 2370 2371 2372
f 2370 2372 2362
f 2371 2359 2373
f 2371 2373 2372
f 2372 2373 2374
f 2372 2374 2362
f 2373 2359 2375
f 2373 2375 2374
f 2374 2375 2376
f 2374 2376 2362
f 2375 2359 2377
f 2375 2377 2376
f 2376 2377 2378
f 2376 2378 2362
f 2377 2359 2379
f 2377 2379 2378
f 2378 2379 2380
f 2378 2380 2362
f 2379 2359 2381
f 2379 2381 2380
f 2380 2381 2382
f 2380 2382 2362
f 2381 2359 2383
f 2381 2383 2382
f 2382 2383 2384
f 2382 2384 2362
f 2383 2359 2385
f 2383 2385 2384
f 2384 2385 2386
f 2384 2386 2362
f 2385 2359 2387
f 2385 2387 2386
f 2386 2387 2388
f 2386 2388 2362
f 2387 2359 2389
f 2387 2389 2388
f 2388 2389 2390
f 2388 2390 2362
f 2389 2359 2391
f 2389 2391 2390
f 2390 2391 2392
f 2390 2392 2362
f 2391 2359 2393
f 2391 2393 2392
f 2392 2393 2394
f 2392 2394 2362
f 2393 2359 2395
f 2393 2395 2394
f 2394 2395 2396
f 2394 2396 2362
f 2395 2359 2397
f 2395 2397 2396
f 2396 2397 2398
f 2396 2398 2362
f 2397 2359 2399
f 2397 2399 2398
f 2398 2399 2400
f 2398 2400 2362
f 2399 2359 2401
f 2399 2401 2400
f 2400 2401 2402
f 2400 2402 2362
f 2401 2359 2403
f 2401 2403 2402
f 2402 2403 2404
f 2402 2404 2362
f 2403 2359 2405
f 2403 2405 2404
f 2404 2405 2406
f 2404 2406 2362
f 2405 2359 2407
f 2405 2407 2406
f 2406 2407 2408
f 2406 2408 2362
f 2407 2359 2409
f 2407 2409 2408
f 2408 2409 2410
f 2408 2410 2362
f 2409 2359 2411
f 2409 2411 2410
f 2410 2411 2412
f 2410 2412 2362
f 2411 2359 2413
f 2411 2413 2412
f 2412 2413 2414
f 2412 2414 2362
f 2413 2359 2415
f 2413 2415 2414
f 2414 2415 2416
f 2414 2416 2362
f 2415 2359 2417
f 2415 2417 2416
f 2416 2417 2418
f 2416 2418 2362
f 2417 2359 2419
f 2417 2419 2418
f 2418 2419 2420
f 2418 2420 2362
f 2419 2359 2421
f 2419 2421 2420
f 2420 2421 2422
f 2420 2422 2362
f 2421 2359 2423
f 2421 2423 2422
f 2422 2423 2424
f 2422 2424 2362
f 2423 2359 2360
f 2423 2360 2424
f 2424 2360 2361
f 2424 2361 2362
f 2426 2425 2429
f 2426 2429 2427
f 2427 2429 2430
f 2427 2430 2428
f 2429 2425 2431
f 2429 2431 2430
f 2430 2431 2432
f 2430 2432 2428
f 2431 2425 2433
f 2431 2433 2432
f 2432 2433 2434
f 2432 2434 2428
f 2433 2425 2435
f 2433 2435 2434
f 2434 2435 2436
f 2434 2436 2428
f 2435 2425 2437
f 2435 2437 2436
f 2436 2437 2438
f 2436 2438 2428
f 2437 2425 2439
f 2437 2439 2438
f 2438 2439 2440
f 2438 2440 2428
f 2439 2425 2441
f 2439 2441 2440
f 2440 2441 2442
f 2440 2442 2428
f 2441 2425 2443
f 2441 2443 2442
f 2442 2443 2444
f 2442 2444 2428
f 2443 2425 2445
f 2443 2445 2444
f 2444 2445 2446
f 2444 2446 2428
f 2445 2425 2447
f 2445 2447 2446
f 2446 2447 2448
f 2446 2448 2428
f 2447 2425 2449
f 2447 2449 2448
f 2448 2449 2450
f 2448 2450 2428
f 2449 2425 2451
f 2449 2451 2450
f 2450 2451 2452
f 2450 2452 2428
f 2451 2425 2453
f 2451 2453 2452
f 2452 2453 2454
f 2452 2454 2428
f 2453 2425 2455
f 2453 2455 2454
f 2454 2455 2456
f 2454 2456 2428
f 2455 2425 2457
f 2455 2457 2456
f 2456 2457 2458
f 2456 2458 2428
f 2457 2425 2459
f 2457 2459 2458
f 2458 2459 2460
f 2458 2460 2428
f 2459 2425 2461
f 2459 2461 2460
f 2460 2461 2462
f 2460 2462 2428
f 2461 2425 2463
f 2461 2463 2462
f 2462 2463 2464
f 2462 2464 2428
f 2463 2425 2465
f 2463 2465 2464
f 2464 2465 2466
f 2464 2466 2428
f 2465 2425 2467
f 2465 2467 2466
f 2466 2467 2468
f 2466 2468 2428
f 2467 2425 2469
f 2467 2469 2468
f 2468 2469 2470
f 2468 2470 2428
f 2469 2425 2471
f 2469 2471 2470
f 2470 2471 2472
f 2470 2472 2428
f 2471 2425 2473
f 2471 2473 2472
f 2472 2473 2474
f 2472 2474 2428
f 2473 2425 2475
f 2473 2475 2474
f 2474 2475 2476
f 2474 2476 2428
f 2475 2425 2477
f 2475 2477 2476
f 2476 2477 2478
f 2476 2478 2428
f 2477 2425 2479
f 2477 2479 2478
f 2478 2479 2480
f 2478 2480 2428
f 2479 2425 2481
f 2479 2481 2480
f 2480 2481 2482
f 2480 2482 2428
f 2481 2425 2483
f 2481 2483 2482
f 2482 2483 2484
f 2482 2484 2428
f 2483 2425 2485
f 2483 2485 2484
f 2484 2485 2486
f 2484 2486 2428
f 2485 2425 2487
f 2485 2487 2486
f 2486 2487 2488
f 2486 2488 2428
f 2487 2425 2489
f 2487 2489 2488
f 2488 2489 2490
f 2488 2490 2428
f 2489 2425 2426
f 2489 2426 2490
f 2490 2426 2427
f 2490 2427 2428
f 2492 2491 2495
f 2492 2495 2493
f 2493 2495 2496
f 2493 2496 2494
f 2495 2491 2497
f 2495 2497 2496
f 2496 2497 2498
f 2496 2498 2494
f 2497 2491 2499
f 2497 2499 2498
f 2498 2499 2500
f 2498 2500 2494
f 2499 2491 2501
f 2499 2501 2500
f 2500 2501 2502
f 2500 2502 2494
f 2501 2491 2503
f 2501 2503 2502
f 2502 2503 2504
f 2502 2504 2494
f 2503 2491 2505
f 2503 2505 2504
f 2504 2505 2506
f 2504 2506 2494
f 2505 2491 2507
f 2505 2507 2506
f 2506 2507 2508
f 2506 2508 2494
f 2507 2491 2509
f 2507 2509 2508
f 2508 2509 2510
f 2508 2510 2494
f 2509 2491 2511
f 2509 2511 2510
f 2510 2511 2512
f 2510 2512 2494
f 2511 2491 2513
f 2511 2513 2512
f 2512 2513 2514
f 2512 2514 2494
f 2513 2491 2515
f 2513 2515 2514
f 2514 2515 2516
f 2514 2516 2494
f 2515 2491 2517
f 2515 2517 2516
f 2516 2517 2518
f 2516 2518 2494
f 2517 2491 2519
f 2517 2519 2518
f 2518 2519 2520
f 2518 2520 2494
f 2519 2491 2521
f 2519 2521 2520
f 2520 2521 2522
f 2520 2522 2494
f 2521 2491 2523
f 2521 2523 2522
f 2522 2523 2524
f 2522 2524 2494
f 2523 2491 2525
f 2523 2525 2524
f 2524 2525 2526
f 2524 2526 2494
f 2525 2491 2527
f 2525 2527 2526
f 2526 2527 2528
f 2526 2528 2494
f 2527 2491 2529
f 2527 2529 2528
f 2528 2529 2530
f 2528 2530 2494
f 2529 2491 2531
f 2529 2531 2530
f 2530 2531 2532
f 2530 2532 2494
f 2531 2491 2533
f 2531 2533 2532
f 2532 2533 2534
f 2532 2534 2494
f 2533 2491 2535
f 2533 2535 2534
f 2534 2535 2536
f 2534 2536 2494
f 2535 2491 2537
f 2535 2537 2536
f 2536 2537 2538
f 2536 2538 2494
f 2537 2491 2539
f 2537 2539 2538
f 2538 2539 2540
f 2538 2540 2494
f 2539 2491 2541
f 2539 2541 2540
f 2540 2541 2542
f 2540 2542 2494
f 2541 2491 2543
f 2541 2543 2542
f 2542 2543 2544
f 2542 2544 2494
f 2543 2491 2545
f 2543 2545 2544
f 2544 2545 2546
f 2544 2546 2494
f 2545 2491 2547
f 2545 2547 2546
f 2546 2547 2548
f 2546 2548 2494
f 2547 2491 2549
f 2547 2549 2548
f 2548 2549 2550
f 2548 2550 2494
f 2549 2491 2551
f 2549 2551 2550
f 2550 2551 2552
f 2550 2552 2494
f 2551 2491 2553
f 2551 2553 2552
f 2552 2553 2554
f 2552 2554 2494
f 2553 2491 2555
f 2553 2555 2554
f 2554 2555 2556
f 2554 2556 2494
f 2555 2491 2492
f 2555 2492 2556
f 2556 2492 2493
f 2556 2493 2494
f 2558 2560 2557
f 2561 2558 2557
f 2557 2560 2559
f 2559 2561 2557
f 2558 2564 2560
f 2562 2558 2561
f 2562 2564 2558
f 2560 2564 2559
f 2563 2561 2559
f 2559 2564 2563
f 2563 2562 2561
f 2564 2562 2563
f 2566 2568 2565
f 2569 2566 2565
f 2565 2568 2567
f 2567 2569 2565
f 2566 2572 2568
f 2570 2566 2569
f 2570 2572 2566
f 2568 2572 2567
f 2571 2569 2567
f 2567 2572 2571
f 2571 2570 2569
f 2572 2570 2571
f 2574 2576 2573
f 2577 2574 2573
f 2573 2576 2575
f 2575 2577 2573
f 2574 2580 2576
f 2578 2574 2577
f 2578 2580 2574
f 2576 2580 2575
f 2579 2577 2575
f 2575 2580 2579
f 2579 2578 2577
f 2580 2578 2579
f 2582 2584 2581
f 2585 2582 2581
f 2581 2584 2583
f 2583 2585 2581
f 2582 2588 2584
f 2586 2582 2585
f 2586 2588 2582
f 2584 2588 2583
f 2587 2585 2583
f 2583 2588 2587
f 2587 2586 2585
f 2588 2586 2587
f 2590 2589 2593
f 2590 2593 2591
f 2591 2593 2594
f 2591 2594 2592
f 2593 2589 2595
f 2593 2595 2594
f 2594 2595 2596
f 2594 2596 2592
f 2595 2589 2597
f 2595 2597 2596
f 2596 2597 2598
f 2596 2598 2592
f 2597 2589 2599
f 2597 2599 2598
f 2598 2599 2600
f 2598 2600 2592
f 2599 2589 2601
f 2599 2601 2600
f 2600 2601 2602
f 2600 2602 2592
f 2601 2589 2603
f 2601 2603 2602
f 2602 2603 2604
f 2602 2604 2592
f 2603 2589 2605
f 2603 2605 2604
f 2604 2605 2606
f 2604 2606 2592
f 2605 2589 2607
f 2605 2607 2606
f 2606 2607 2608
f 2606 2608 2592
f 2607 2589 2609
f 2607 2609 2608
f 2608 2609 2610
f 2608 2610 2592
f 2609 2589 2611
f 2609 2611 2610
f 2610 2611 2612
f 2610 2612 2592
f 2611 2589 2613
f 2611 2613 2612
f 2612 2613 2614
f 2612 2614 2592
f 2613 2589 2615
f 2613 2615 2614
f 2614 2615 2616
f 2614 2616 2592
f 2615 2589 2617
f 2615 2617 2616
f 2616 2617 2618
f 2616 2618 2592
f 2617 2589 2619
f 2617 2619 2618
f 2618 2619 2620
f 2618 2620 2592
f 2619 2589 2621
f 2619 2621 2620
f 2620 2621 2622
f 2620 2622 2592
f 2621 2589 2623
f 2621 2623 2622
f 2622 2623 2624
f 2622 2624 2592
f 2623 2589 2625
f 2623 2625 2624
f 2624 2625 2626
f 2624 2626 2592
f 2625 2589 2627
f 2625 2627 2626
f 2626 2627 2628
f 2626 2628 2592
f 2627 2589 2629
f 2627 2629 2628
f 2628 2629 2630
f 2628 2630 2592
f 2629 2589 2631
f 2629 2631 2630
f 2630 2631 2632
f 2630 2632 2592
f 2631 2589 2633
f 2631 2633 2632
f 2632 2633 2634
f 2632 2634 2592
f 2633 2589 2635
f 2633 2635 2634
f 2634 2635 2636
f 2634 2636 2592
f 2635 2589 2637
f 2635 2637 2636
f 2636 2637 2638
f 2636 2638 2592
f 2637 2589 2639
f 2637 2639 2638
f 2638 2639 2640
f 2638 2640 2592
f 2639 2589 2641
f 2639 2641 2640
f 2640 2641 2642
f 2640 2642 2592
f 2641 2589 2643
f 2641 2643 2642
f 2642 2643 2644
f 2642 2644 2592
f 2643 2589 2645
f 2643 2645 2644
f 2644 2645 2646
f 2644 2646 2592
f 2645 2589 2647
f 2645 2647 2646
f 2646 2647 2648
f 2646 2648 2592
f 2647 2589 2649
f 2647 2649 2648
f 2648 2649 2650
f 2648 2650 2592
f 2649 2589 2651
f 2649 2651 2650
f 2650 2651 2652
f 2650 2652 2592
f 2651 2589 2653
f 2651 2653 2652
f 2652 2653 2654
f 2652 2654 2592
f 2653 2589 2590
f 2653 2590 2654
f 2654 2590 2591
f 2654 2591 2592
f 2656 2658 2655
f 2659 2656 2655
f 2655 2658 2657
f 2657 2659 2655
f 2656 2662 2658
f 2660 2656 2659
f 2660 2662 2656
f 2658 2662 2657
f 2661 2659 2657
f 2657 2662 2661
f 2661 2660 2659
f 2662 2660 2661
f 2664 2666 2663
f 2667 2664 2663
f 2663 2666 2665
f 2665 2667 2663
f 2664 2670 2666
f 2668 2664 2667
f 2668 2670 2664
f 2666 2670 2665
f 2669 2667 2665
f 2665 2670 2669
f 2669 2668 2667
f 2670 2668 2669
f 2672 2674 2671
f 2675 2672 2671
f 2671 2674 2673
f 2673 2675 2671
f 2672 2678 2674
f 2676 2672 2675
f 2676 2678 2672
f 2674 2678 2673
f 2677 2675 2673
f 2673 2678 2677
f 2677 2676 2675
f 2678 2676 2677
f 2680 2682 2679
f 2683 2680 2679
f 2679 2682 2681
f 2681 2683 2679
f 2680 2686 2682
f 2684 2680 2683
f 2684 2686 2680
f 2682 2686 2681
f 2685 2683 2681
f 2681 2686 2685
f 2685 2684 2683
f 2686 2684 2685
f 2688 2687 2691
f 2688 2691 2689
f 2689 2691 2692
f 2689 2692 2690
f 2691 2687 2693
f 2691 2693 2692
f 2692 2693 2694
f 2692 2694 2690
f 2693 2687 2695
f 2693 2695 2694
f 2694 2695 2696
f 2694 2696 2690
f 2695 2687 2697
f 2695 2697 2696
f 2696 2697 2698
f 2696 2698 2690
f 2697 2687 2699
f 2697 2699 2698
f 2698 2699 2700
f 2698 2700 2690
f 2699 2687 2701
f 2699 2701 2700
f 2700 2701 2702
f 2700 2702 2690
f 2701 2687 2703
f 2701 2703 2702
f 2702 2703 2704
f 2702 2704 2690
f 2703 2687 2705
f 2703 2705 2704
f 2704 2705 2706
f 2704 2706 2690
f 2705 2687 2707
f 2705 2707 2706
f 2706 2707 2708
f 2706 2708 2690
f 2707 2687 2709
f 2707 2709 2708
f 2708 2709 2710
f 2708 2710 2690
f 2709 2687 2711
f 2709 2711 2710
f 2710 2711 2712
f 2710 2712 2690
f 2711 2687 2713
f 2711 2713 2712
f 2712 2713 2714
f 2712 2714 2690
f 2713 2687 2715
f 2713 2715 2714
f 2714 2715 2716
f 2714 2716 2690
f 2715 2687 2717
f 2715 2717 2716
f 2716 2717 2718
f 2716 2718 2690
f 2717 2687 2719
f 2717 2719 2718
f 2718 2719 2720
f 2718 2720 2690
f 2719 2687 2721
f 2719 2721 2720
f 2720 2721 2722
f 2720 2722 2690
f 2721 2687 2723
f 2721 2723 2722
f 2722 2723 2724
f 2722 2724 2690
f 2723 2687 2725
f 2723 2725 2724
f 2724 2725 2726
f 2724 2726 2690
f 2725 2687 2727
f 2725 2727 2726
f 2726 2727 2728
f 2726 2728 2690
f 2727 2687 2729
f 2727 2729 2728
f 2728 2729 2730
f 2728 2730 2690
f 2729 2687 2731
f 2729 2731 2730
f 2730 2731 2732
f 2730 2732 2690
f 2731 2687 2733
f 2731 2733 2732
f 2732 2733 2734
f 2732 2734 2690
f 2733 2687 2735
f 2733 2735 2734
f 2734 2735 2736
f 2734 2736 2690
f 2735 2687 2737
f 2735 2737 2736
f 2736 2737 2738
f 2736 2738 2690
f 2737 2687 2739
f 2737 2739 2738
f 2738 2739 2740
f 2738 2740 2690
f 2739 2687 2741
f 2739 2741 2740
f 2740 2741 2742
f 2740 2742 2690
f 2741 2687 2743
f 2741 2743 2742
f 2742 2743 2744
f 2742 2744 2690
f 2743 2687 2745
f 2743 2745 2744
f 2744 2745 2746
f 2744 2746 2690
f 2745 2687 2747
f 2745 2747 2746
f 2746 2747 2748
f 2746 2748 2690
f 2747 2687 2749
f 2747 2749 2748
f 2748 2749 2750
f 2748 2750 2690
f 2749 2687 2751
f 2749 2751 2750
f 2750 2751 2752
f 2750 2752 2690
f 2751 2687 2688
f 2751 2688 2752
f 2752 2688 2689
f 2752 2689 2690
f 2754 2756 2753
f 2757 2754 2753
f 2753 2756 2755
f 2755 2757 2753
f 2754 2760 2756
f 2758 2754 2757
f 2758 2760 2754
f 2756 2760 2755
f 2759 2757 2755
f 2755 2760 2759
f 2759 2758 2757
f 2760 2758 2759
f 2762 2764 2761
f 2765 2762 2761
f 2761 2764 2763
f 2763 2765 2761
f 2762 2768 2764
f 2766 2762 2765
f 2766 2768 2762
f 2764 2768 2763
f 2767 2765 2763
f 2763 2768 2767
f 2767 2766 2765
f 2768 2766 2767
f 2770 2772 2769
f 2773 2770 2769
f 2769 2772 2771
f 2771 2773 2769
f 2770 2776 2772
f 2774 2770 2773
f 2774 2776 2770
f 2772 2776 2771
f 2775 2773 2771
f 2771 2776 2775
f 2775 2774 2773
f 2776 2774 2775
f 2778 2780 2777
f 2781 2778 2777
f 2777 2780 2779
f 2779 2781 2777
f 2778 2784 2780
f 2782 2778 2781
f 2782 2784 2778
f 2780 2784 2779
f 2783 2781 2779
f 2779 2784 2783
f 2783 2782 2781
f 2784 2782 2783
f 2786 2788 2785
f 2789 2786 2785
f 2785 2788 2787
f 2787 2789 2785
f 2786 2792 2788
f 2790 2786 2789
f 2790 2792 2786
f 2788 2792 2787
f 2791 2789 2787
f 2787 2792 2791
f 2791 2790 2789
f 2792 2790 2791
f 2794 2796 2793
f 2797 2794 2793
f 2793 2796 2795
f 2795 2797 2793
f 2794 2800 2796
f 2798 2794 2797
f 2798 2800 2794
f 2796 2800 2795
f 2799 2797 2795
f 2795 2800 2799
f 2799 2798 2797
f 2800 2798 2799

