# https://github.com/mikedh/trimesh
v -1.75000000 -0.22500000 0.00000000
v -1.75000000 -0.22500000 0.45000000
v -1.75000000 0.22500000 0.00000000
v -1.75000000 0.22500000 0.45000000
v -1.73200000 -0.22500000 0.00000000
v -1.73200000 -0.22500000 0.45000000
v -1.73200000 0.22500000 0.00000000
v -1.73200000 0.22500000 0.45000000
v -1.31800000 -0.22500000 0.00000000
v -1.31800000 -0.22500000 0.45000000
v -1.31800000 0.22500000 0.00000000
v -1.31800000 0.22500000 0.45000000
v -1.30000000 -0.22500000 0.00000000
v -1.30000000 -0.22500000 0.45000000
v -1.30000000 0.22500000 0.00000000
v -1.30000000 0.22500000 0.45000000
v -1.73200000 -0.22500000 0.43200000
v -1.73200000 -0.22500000 0.45000000
v -1.73200000 0.22500000 0.43200000
v -1.73200000 0.22500000 0.45000000
v -1.31800000 -0.22500000 0.43200000
v -1.31800000 -0.22500000 0.45000000
v -1.31800000 0.22500000 0.43200000
v -1.31800000 0.22500000 0.45000000
v -1.73200000 -0.22500000 0.00000000
v -1.73200000 -0.22500000 0.01800000
v -1.73200000 0.22500000 0.00000000
v -1.73200000 0.22500000 0.01800000
v -1.31800000 -0.22500000 0.00000000
v -1.31800000 -0.22500000 0.01800000
v -1.31800000 0.22500000 0.00000000
v -1.31800000 0.22500000 0.01800000
v -1.73200000 0.20700000 0.01800000
v -1.73200000 0.20700000 0.43200000
v -1.73200000 0.22500000 0.01800000
v -1.73200000 0.22500000 0.43200000
v -1.31800000 0.20700000 0.01800000
v -1.31800000 0.20700000 0.43200000
v -1.31800000 0.22500000 0.01800000
v -1.31800000 0.22500000 0.43200000
v -1.73200000 -0.22500000 0.01800000
v -1.73200000 -0.22500000 0.43200000
v -1.73200000 -0.20700000 0.01800000
v -1.73200000 -0.20700000 0.43200000
v -1.31800000 -0.22500000 0.01800000
v -1.31800000 -0.22500000 0.43200000
v -1.31800000 -0.20700000 0.01800000
v -1.31800000 -0.20700000 0.43200000
v -1.30000000 -0.22500000 0.00000000
v -1.30000000 -0.22500000 0.45000000
v -1.30000000 0.22500000 0.00000000
v -1.30000000 0.22500000 0.45000000
v -1.28200000 -0.22500000 0.00000000
v -1.28200000 -0.22500000 0.45000000
v -1.28200000 0.22500000 0.00000000
v -1.28200000 0.22500000 0.45000000
v -0.86800000 -0.22500000 0.00000000
v -0.86800000 -0.22500000 0.45000000
v -0.86800000 0.22500000 0.00000000
v -0.86800000 0.22500000 0.45000000
v -0.85000000 -0.22500000 0.00000000
v -0.85000000 -0.22500000 0.45000000
v -0.85000000 0.22500000 0.00000000
v -0.85000000 0.22500000 0.45000000
v -1.28200000 -0.22500000 0.43200000
v -1.28200000 -0.22500000 0.45000000
v -1.28200000 0.22500000 0.43200000
v -1.28200000 0.22500000 0.45000000
v -0.86800000 -0.22500000 0.43200000
v -0.86800000 -0.22500000 0.45000000
v -0.86800000 0.22500000 0.43200000
v -0.86800000 0.22500000 0.45000000
v -1.28200000 -0.22500000 0.00000000
v -1.28200000 -0.22500000 0.01800000
v -1.28200000 0.22500000 0.00000000
v -1.28200000 0.22500000 0.01800000
v -0.86800000 -0.22500000 0.00000000
v -0.86800000 -0.22500000 0.01800000
v -0.86800000 0.22500000 0.00000000
v -0.86800000 0.22500000 0.01800000
v -1.28200000 0.20700000 0.01800000
v -1.28200000 0.20700000 0.43200000
v -1.28200000 0.22500000 0.01800000
v -1.28200000 0.22500000 0.43200000
v -0.86800000 0.20700000 0.01800000
v -0.86800000 0.20700000 0.43200000
v -0.86800000 0.22500000 0.01800000
v -0.86800000 0.22500000 0.43200000
v -1.28200000 -0.22500000 0.01800000
v -1.28200000 -0.22500000 0.43200000
v -1.28200000 -0.20700000 0.01800000
v -1.28200000 -0.20700000 0.43200000
v -0.86800000 -0.22500000 0.01800000
v -0.86800000 -0.22500000 0.43200000
v -0.86800000 -0.20700000 0.01800000
v -0.86800000 -0.20700000 0.43200000
v -0.22500000 -0.22500000 0.00000000
v -0.22500000 -0.22500000 0.45000000
v -0.22500000 0.22500000 0.00000000
v -0.22500000 0.22500000 0.45000000
v -0.20700000 -0.22500000 0.00000000
v -0.20700000 -0.22500000 0.45000000
v -0.20700000 0.22500000 0.00000000
v -0.20700000 0.22500000 0.45000000
v 0.20700000 -0.22500000 0.00000000
v 0.20700000 -0.22500000 0.45000000
v 0.20700000 0.22500000 0.00000000
v 0.20700000 0.22500000 0.45000000
v 0.22500000 -0.22500000 0.00000000
v 0.22500000 -0.22500000 0.45000000
v 0.22500000 0.22500000 0.00000000
v 0.22500000 0.22500000 0.45000000
v -0.20700000 -0.22500000 0.43200000
v -0.20700000 -0.22500000 0.45000000
v -0.20700000 0.22500000 0.43200000
v -0.20700000 0.22500000 0.45000000
v 0.20700000 -0.22500000 0.43200000
v 0.20700000 -0.22500000 0.45000000
v 0.20700000 0.22500000 0.43200000
v 0.20700000 0.22500000 0.45000000
v -0.20700000 -0.22500000 0.00000000
v -0.20700000 -0.22500000 0.01800000
v -0.20700000 0.22500000 0.00000000
v -0.20700000 0.22500000 0.01800000
v 0.20700000 -0.22500000 0.00000000
v 0.20700000 -0.22500000 0.01800000
v 0.20700000 0.22500000 0.00000000
v 0.20700000 0.22500000 0.01800000
v -0.20700000 0.20700000 0.01800000
v -0.20700000 0.20700000 0.43200000
v -0.20700000 0.22500000 0.01800000
v -0.20700000 0.22500000 0.43200000
v 0.20700000 0.20700000 0.01800000
v 0.20700000 0.20700000 0.43200000
v 0.20700000 0.22500000 0.01800000
v 0.20700000 0.22500000 0.43200000
v -0.20700000 -0.22500000 0.01800000
v -0.20700000 -0.22500000 0.43200000
v -0.20700000 -0.20700000 0.01800000
v -0.20700000 -0.20700000 0.43200000
v 0.20700000 -0.22500000 0.01800000
v 0.20700000 -0.22500000 0.43200000
v 0.20700000 -0.20700000 0.01800000
v 0.20700000 -0.20700000 0.43200000
v -0.22500000 -0.22500000 0.45000000
v -0.22500000 -0.22500000 0.90000000
v -0.22500000 0.22500000 0.45000000
v -0.22500000 0.22500000 0.90000000
v -0.20700000 -0.22500000 0.45000000
v -0.20700000 -0.22500000 0.90000000
v -0.20700000 0.22500000 0.45000000
v -0.20700000 0.22500000 0.90000000
v 0.20700000 -0.22500000 0.45000000
v 0.20700000 -0.22500000 0.90000000
v 0.20700000 0.22500000 0.45000000
v 0.20700000 0.22500000 0.90000000
v 0.22500000 -0.22500000 0.45000000
v 0.22500000 -0.22500000 0.90000000
v 0.22500000 0.22500000 0.45000000
v 0.22500000 0.22500000 0.90000000
v -0.20700000 -0.22500000 0.88200000
v -0.20700000 -0.22500000 0.90000000
v -0.20700000 0.22500000 0.88200000
v -0.20700000 0.22500000 0.90000000
v 0.20700000 -0.22500000 0.88200000
v 0.20700000 -0.22500000 0.90000000
v 0.20700000 0.22500000 0.88200000
v 0.20700000 0.22500000 0.90000000
v -0.20700000 -0.22500000 0.45000000
v -0.20700000 -0.22500000 0.46800000
v -0.20700000 0.22500000 0.45000000
v -0.20700000 0.22500000 0.46800000
v 0.20700000 -0.22500000 0.45000000
v 0.20700000 -0.22500000 0.46800000
v 0.20700000 0.22500000 0.45000000
v 0.20700000 0.22500000 0.46800000
v -0.20700000 0.20700000 0.46800000
v -0.20700000 0.20700000 0.88200000
v -0.20700000 0.22500000 0.46800000
v -0.20700000 0.22500000 0.88200000
v 0.20700000 0.20700000 0.46800000
v 0.20700000 0.20700000 0.88200000
v 0.20700000 0.22500000 0.46800000
v 0.20700000 0.22500000 0.88200000
v -0.20700000 -0.22500000 0.46800000
v -0.20700000 -0.22500000 0.88200000
v -0.20700000 -0.20700000 0.46800000
v -0.20700000 -0.20700000 0.88200000
v 0.20700000 -0.22500000 0.46800000
v 0.20700000 -0.22500000 0.88200000
v 0.20700000 -0.20700000 0.46800000
v 0.20700000 -0.20700000 0.88200000
v -0.25400000 -0.01100000 0.45000000
v -0.25400000 -0.01100000 0.49500000
v -0.25400000 0.01100000 0.45000000
v -0.25400000 0.01100000 0.49500000
v -0.21600000 -0.01100000 0.45000000
v -0.21600000 -0.01100000 0.49500000
v -0.21600000 0.01100000 0.45000000
v -0.21600000 0.01100000 0.49500000
v 0.21600000 -0.01100000 0.45000000
v 0.21600000 -0.01100000 0.49500000
v 0.21600000 0.01100000 0.45000000
v 0.21600000 0.01100000 0.49500000
v 0.25400000 -0.01100000 0.45000000
v 0.25400000 -0.01100000 0.49500000
v 0.25400000 0.01100000 0.45000000
v 0.25400000 0.01100000 0.49500000
v 1.07500000 -0.22500000 0.00000000
v 1.07500000 -0.22500000 0.45000000
v 1.07500000 0.22500000 0.00000000
v 1.07500000 0.22500000 0.45000000
v 1.09300000 -0.22500000 0.00000000
v 1.09300000 -0.22500000 0.45000000
v 1.09300000 0.22500000 0.00000000
v 1.09300000 0.22500000 0.45000000
v 1.50700000 -0.22500000 0.00000000
v 1.50700000 -0.22500000 0.45000000
v 1.50700000 0.22500000 0.00000000
v 1.50700000 0.22500000 0.45000000
v 1.52500000 -0.22500000 0.00000000
v 1.52500000 -0.22500000 0.45000000
v 1.52500000 0.22500000 0.00000000
v 1.52500000 0.22500000 0.45000000
v 1.09300000 -0.22500000 0.43200000
v 1.09300000 -0.22500000 0.45000000
v 1.09300000 0.22500000 0.43200000
v 1.09300000 0.22500000 0.45000000
v 1.50700000 -0.22500000 0.43200000
v 1.50700000 -0.22500000 0.45000000
v 1.50700000 0.22500000 0.43200000
v 1.50700000 0.22500000 0.45000000
v 1.09300000 -0.22500000 0.00000000
v 1.09300000 -0.22500000 0.01800000
v 1.09300000 0.22500000 0.00000000
v 1.09300000 0.22500000 0.01800000
v 1.50700000 -0.22500000 0.00000000
v 1.50700000 -0.22500000 0.01800000
v 1.50700000 0.22500000 0.00000000
v 1.50700000 0.22500000 0.01800000
v 1.09300000 0.20700000 0.01800000
v 1.09300000 0.20700000 0.43200000
v 1.09300000 0.22500000 0.01800000
v 1.09300000 0.22500000 0.43200000
v 1.50700000 0.20700000 0.01800000
v 1.50700000 0.20700000 0.43200000
v 1.50700000 0.22500000 0.01800000
v 1.50700000 0.22500000 0.43200000
v 1.09300000 -0.20700000 0.21600000
v 1.09300000 -0.20700000 0.23400000
v 1.09300000 0.20700000 0.21600000
v 1.09300000 0.20700000 0.23400000
v 1.50700000 -0.20700000 0.21600000
v 1.50700000 -0.20700000 0.23400000
v 1.50700000 0.20700000 0.21600000
v 1.50700000 0.20700000 0.23400000
v 1.07500000 -0.22500000 0.45000000
v 1.07500000 -0.22500000 0.90000000
v 1.07500000 0.22500000 0.45000000
v 1.07500000 0.22500000 0.90000000
v 1.09300000 -0.22500000 0.45000000
v 1.09300000 -0.22500000 0.90000000
v 1.09300000 0.22500000 0.45000000
v 1.09300000 0.22500000 0.90000000
v 1.50700000 -0.22500000 0.45000000
v 1.50700000 -0.22500000 0.90000000
v 1.50700000 0.22500000 0.45000000
v 1.50700000 0.22500000 0.90000000
v 1.52500000 -0.22500000 0.45000000
v 1.52500000 -0.22500000 0.90000000
v 1.52500000 0.22500000 0.45000000
v 1.52500000 0.22500000 0.90000000
v 1.09300000 -0.22500000 0.88200000
v 1.09300000 -0.22500000 0.90000000
v 1.09300000 0.22500000 0.88200000
v 1.09300000 0.22500000 0.90000000
v 1.50700000 -0.22500000 0.88200000
v 1.50700000 -0.22500000 0.90000000
v 1.50700000 0.22500000 0.88200000
v 1.50700000 0.22500000 0.90000000
v 1.09300000 -0.22500000 0.45000000
v 1.09300000 -0.22500000 0.46800000
v 1.09300000 0.22500000 0.45000000
v 1.09300000 0.22500000 0.46800000
v 1.50700000 -0.22500000 0.45000000
v 1.50700000 -0.22500000 0.46800000
v 1.50700000 0.22500000 0.45000000
v 1.50700000 0.22500000 0.46800000
v 1.09300000 0.20700000 0.46800000
v 1.09300000 0.20700000 0.88200000
v 1.09300000 0.22500000 0.46800000
v 1.09300000 0.22500000 0.88200000
v 1.50700000 0.20700000 0.46800000
v 1.50700000 0.20700000 0.88200000
v 1.50700000 0.22500000 0.46800000
v 1.50700000 0.22500000 0.88200000
v 1.09300000 -0.20700000 0.66600000
v 1.09300000 -0.20700000 0.68400000
v 1.09300000 0.20700000 0.66600000
v 1.09300000 0.20700000 0.68400000
v 1.50700000 -0.20700000 0.66600000
v 1.50700000 -0.20700000 0.68400000
v 1.50700000 0.20700000 0.66600000
v 1.50700000 0.20700000 0.68400000
v 1.09500000 -0.63900000 0.45000000
v 1.09500000 -0.63900000 0.46800000
v 1.09500000 -0.22500000 0.45000000
v 1.09500000 -0.22500000 0.46800000
v 1.50500000 -0.63900000 0.45000000
v 1.50500000 -0.63900000 0.46800000
v 1.50500000 -0.22500000 0.45000000
v 1.50500000 -0.22500000 0.46800000
v 1.04600000 -0.01100000 0.45000000
v 1.04600000 -0.01100000 0.49500000
v 1.04600000 0.01100000 0.45000000
v 1.04600000 0.01100000 0.49500000
v 1.08400000 -0.01100000 0.45000000
v 1.08400000 -0.01100000 0.49500000
v 1.08400000 0.01100000 0.45000000
v 1.08400000 0.01100000 0.49500000
v 1.51600000 -0.01100000 0.45000000
v 1.51600000 -0.01100000 0.49500000
v 1.51600000 0.01100000 0.45000000
v 1.51600000 0.01100000 0.49500000
v 1.55400000 -0.01100000 0.45000000
v 1.55400000 -0.01100000 0.49500000
v 1.55400000 0.01100000 0.45000000
v 1.55400000 0.01100000 0.49500000
v 1.13000000 -0.10000000 0.68400000
v 1.13000000 -0.10000000 0.70800000
v 1.13000000 0.10000000 0.68400000
v 1.13000000 0.10000000 0.70800000
v 1.27000000 -0.10000000 0.68400000
v 1.27000000 -0.10000000 0.70800000
v 1.27000000 0.10000000 0.68400000
v 1.27000000 0.10000000 0.70800000
v 1.13500000 -0.09500000 0.70800000
v 1.13500000 -0.09500000 0.72800000
v 1.13500000 0.09500000 0.70800000
v 1.13500000 0.09500000 0.72800000
v 1.26500000 -0.09500000 0.70800000
v 1.26500000 -0.09500000 0.72800000
v 1.26500000 0.09500000 0.70800000
v 1.26500000 0.09500000 0.72800000
v -1.30000000 0.22500000 0.45300000
v -1.29820000 0.22500000 0.45300000
v -1.29820000 -0.22500000 0.45300000
v -1.30000000 -0.22500000 0.45300000
v -1.29823459 0.22500000 0.45335116
v -1.29823459 -0.22500000 0.45335116
v -1.29833702 0.22500000 0.45368883
v -1.29833702 -0.22500000 0.45368883
v -1.29850335 0.22500000 0.45400003
v -1.29850335 -0.22500000 0.45400003
v -1.29872721 0.22500000 0.45427279
v -1.29872721 -0.22500000 0.45427279
v -1.29899997 0.22500000 0.45449665
v -1.29899997 -0.22500000 0.45449665
v -1.29931117 0.22500000 0.45466298
v -1.29931117 -0.22500000 0.45466298
v -1.29964884 0.22500000 0.45476541
v -1.29964884 -0.22500000 0.45476541
v -1.30000000 0.22500000 0.45480000
v -1.30000000 -0.22500000 0.45480000
v -1.30035116 0.22500000 0.45476541
v -1.30035116 -0.22500000 0.45476541
v -1.30068883 0.22500000 0.45466298
v -1.30068883 -0.22500000 0.45466298
v -1.30100003 0.22500000 0.45449665
v -1.30100003 -0.22500000 0.45449665
v -1.30127279 0.22500000 0.45427279
v -1.30127279 -0.22500000 0.45427279
v -1.30149665 0.22500000 0.45400003
v -1.30149665 -0.22500000 0.45400003
v -1.30166298 0.22500000 0.45368883
v -1.30166298 -0.22500000 0.45368883
v -1.30176541 0.22500000 0.45335116
v -1.30176541 -0.22500000 0.45335116
v -1.30180000 0.22500000 0.45300000
v -1.30180000 -0.22500000 0.45300000
v -1.30176541 0.22500000 0.45264884
v -1.30176541 -0.22500000 0.45264884
v -1.30166298 0.22500000 0.45231117
v -1.30166298 -0.22500000 0.45231117
v -1.30149665 0.22500000 0.45199997
v -1.30149665 -0.22500000 0.45199997
v -1.30127279 0.22500000 0.45172721
v -1.30127279 -0.22500000 0.45172721
v -1.30100003 0.22500000 0.45150335
v -1.30100003 -0.22500000 0.45150335
v -1.30068883 0.22500000 0.45133702
v -1.30068883 -0.22500000 0.45133702
v -1.30035116 0.22500000 0.45123459
v -1.30035116 -0.22500000 0.45123459
v -1.30000000 0.22500000 0.45120000
v -1.30000000 -0.22500000 0.45120000
v -1.29964884 0.22500000 0.45123459
v -1.29964884 -0.22500000 0.45123459
v -1.29931117 0.22500000 0.45133702
v -1.29931117 -0.22500000 0.45133702
v -1.29899997 0.22500000 0.45150335
v -1.29899997 -0.22500000 0.45150335
v -1.29872721 0.22500000 0.45172721
v -1.29872721 -0.22500000 0.45172721
v -1.29850335 0.22500000 0.45199997
v -1.29850335 -0.22500000 0.45199997
v -1.29833702 0.22500000 0.45231117
v -1.29833702 -0.22500000 0.45231117
v -1.29823459 0.22500000 0.45264884
v -1.29823459 -0.22500000 0.45264884
v -1.30000000 -0.20062500 0.45300000
v -1.29650000 -0.20062500 0.45300000
v -1.29650000 -0.22437500 0.45300000
v -1.30000000 -0.22437500 0.45300000
v -1.29656725 -0.20062500 0.45368282
v -1.29656725 -0.22437500 0.45368282
v -1.29676642 -0.20062500 0.45433939
v -1.29676642 -0.22437500 0.45433939
v -1.29708986 -0.20062500 0.45494450
v -1.29708986 -0.22437500 0.45494450
v -1.29752513 -0.20062500 0.45547487
v -1.29752513 -0.22437500 0.45547487
v -1.29805550 -0.20062500 0.45591014
v -1.29805550 -0.22437500 0.45591014
v -1.29866061 -0.20062500 0.45623358
v -1.29866061 -0.22437500 0.45623358
v -1.29931718 -0.20062500 0.45643275
v -1.29931718 -0.22437500 0.45643275
v -1.30000000 -0.20062500 0.45650000
v -1.30000000 -0.22437500 0.45650000
v -1.30068282 -0.20062500 0.45643275
v -1.30068282 -0.22437500 0.45643275
v -1.30133939 -0.20062500 0.45623358
v -1.30133939 -0.22437500 0.45623358
v -1.30194450 -0.20062500 0.45591014
v -1.30194450 -0.22437500 0.45591014
v -1.30247487 -0.20062500 0.45547487
v -1.30247487 -0.22437500 0.45547487
v -1.30291014 -0.20062500 0.45494450
v -1.30291014 -0.22437500 0.45494450
v -1.30323358 -0.20062500 0.45433939
v -1.30323358 -0.22437500 0.45433939
v -1.30343275 -0.20062500 0.45368282
v -1.30343275 -0.22437500 0.45368282
v -1.30350000 -0.20062500 0.45300000
v -1.30350000 -0.22437500 0.45300000
v -1.30343275 -0.20062500 0.45231718
v -1.30343275 -0.22437500 0.45231718
v -1.30323358 -0.20062500 0.45166061
v -1.30323358 -0.22437500 0.45166061
v -1.30291014 -0.20062500 0.45105550
v -1.30291014 -0.22437500 0.45105550
v -1.30247487 -0.20062500 0.45052513
v -1.30247487 -0.22437500 0.45052513
v -1.30194450 -0.20062500 0.45008986
v -1.30194450 -0.22437500 0.45008986
v -1.30133939 -0.20062500 0.44976642
v -1.30133939 -0.22437500 0.44976642
v -1.30068282 -0.20062500 0.44956725
v -1.30068282 -0.22437500 0.44956725
v -1.30000000 -0.20062500 0.44950000
v -1.30000000 -0.22437500 0.44950000
v -1.29931718 -0.20062500 0.44956725
v -1.29931718 -0.22437500 0.44956725
v -1.29866061 -0.20062500 0.44976642
v -1.29866061 -0.22437500 0.44976642
v -1.29805550 -0.20062500 0.45008986
v -1.29805550 -0.22437500 0.45008986
v -1.29752513 -0.20062500 0.45052513
v -1.29752513 -0.22437500 0.45052513
v -1.29708986 -0.20062500 0.45105550
v -1.29708986 -0.22437500 0.45105550
v -1.29676642 -0.20062500 0.45166061
v -1.29676642 -0.22437500 0.45166061
v -1.29656725 -0.20062500 0.45231718
v -1.29656725 -0.22437500 0.45231718
v -1.30000000 -0.17562500 0.45300000
v -1.29650000 -0.17562500 0.45300000
v -1.29650000 -0.19937500 0.45300000
v -1.30000000 -0.19937500 0.45300000
v -1.29656725 -0.17562500 0.45368282
v -1.29656725 -0.19937500 0.45368282
v -1.29676642 -0.17562500 0.45433939
v -1.29676642 -0.19937500 0.45433939
v -1.29708986 -0.17562500 0.45494450
v -1.29708986 -0.19937500 0.45494450
v -1.29752513 -0.17562500 0.45547487
v -1.29752513 -0.19937500 0.45547487
v -1.29805550 -0.17562500 0.45591014
v -1.29805550 -0.19937500 0.45591014
v -1.29866061 -0.17562500 0.45623358
v -1.29866061 -0.19937500 0.45623358
v -1.29931718 -0.17562500 0.45643275
v -1.29931718 -0.19937500 0.45643275
v -1.30000000 -0.17562500 0.45650000
v -1.30000000 -0.19937500 0.45650000
v -1.30068282 -0.17562500 0.45643275
v -1.30068282 -0.19937500 0.45643275
v -1.30133939 -0.17562500 0.45623358
v -1.30133939 -0.19937500 0.45623358
v -1.30194450 -0.17562500 0.45591014
v -1.30194450 -0.19937500 0.45591014
v -1.30247487 -0.17562500 0.45547487
v -1.30247487 -0.19937500 0.45547487
v -1.30291014 -0.17562500 0.45494450
v -1.30291014 -0.19937500 0.45494450
v -1.30323358 -0.17562500 0.45433939
v -1.30323358 -0.19937500 0.45433939
v -1.30343275 -0.17562500 0.45368282
v -1.30343275 -0.19937500 0.45368282
v -1.30350000 -0.17562500 0.45300000
v -1.30350000 -0.19937500 0.45300000
v -1.30343275 -0.17562500 0.45231718
v -1.30343275 -0.19937500 0.45231718
v -1.30323358 -0.17562500 0.45166061
v -1.30323358 -0.19937500 0.45166061
v -1.30291014 -0.17562500 0.45105550
v -1.30291014 -0.19937500 0.45105550
v -1.30247487 -0.17562500 0.45052513
v -1.30247487 -0.19937500 0.45052513
v -1.30194450 -0.17562500 0.45008986
v -1.30194450 -0.19937500 0.45008986
v -1.30133939 -0.17562500 0.44976642
v -1.30133939 -0.19937500 0.44976642
v -1.30068282 -0.17562500 0.44956725
v -1.30068282 -0.19937500 0.44956725
v -1.30000000 -0.17562500 0.44950000
v -1.30000000 -0.19937500 0.44950000
v -1.29931718 -0.17562500 0.44956725
v -1.29931718 -0.19937500 0.44956725
v -1.29866061 -0.17562500 0.44976642
v -1.29866061 -0.19937500 0.44976642
v -1.29805550 -0.17562500 0.45008986
v -1.29805550 -0.19937500 0.45008986
v -1.29752513 -0.17562500 0.45052513
v -1.29752513 -0.19937500 0.45052513
v -1.29708986 -0.17562500 0.45105550
v -1.29708986 -0.19937500 0.45105550
v -1.29676642 -0.17562500 0.45166061
v -1.29676642 -0.19937500 0.45166061
v -1.29656725 -0.17562500 0.45231718
v -1.29656725 -0.19937500 0.45231718
v -1.30000000 -0.15062500 0.45300000
v -1.29650000 -0.15062500 0.45300000
v -1.29650000 -0.17437500 0.45300000
v -1.30000000 -0.17437500 0.45300000
v -1.29656725 -0.15062500 0.45368282
v -1.29656725 -0.17437500 0.45368282
v -1.29676642 -0.15062500 0.45433939
v -1.29676642 -0.17437500 0.45433939
v -1.29708986 -0.15062500 0.45494450
v -1.29708986 -0.17437500 0.45494450
v -1.29752513 -0.15062500 0.45547487
v -1.29752513 -0.17437500 0.45547487
v -1.29805550 -0.15062500 0.45591014
v -1.29805550 -0.17437500 0.45591014
v -1.29866061 -0.15062500 0.45623358
v -1.29866061 -0.17437500 0.45623358
v -1.29931718 -0.15062500 0.45643275
v -1.29931718 -0.17437500 0.45643275
v -1.30000000 -0.15062500 0.45650000
v -1.30000000 -0.17437500 0.45650000
v -1.30068282 -0.15062500 0.45643275
v -1.30068282 -0.17437500 0.45643275
v -1.30133939 -0.15062500 0.45623358
v -1.30133939 -0.17437500 0.45623358
v -1.30194450 -0.15062500 0.45591014
v -1.30194450 -0.17437500 0.45591014
v -1.30247487 -0.15062500 0.45547487
v -1.30247487 -0.17437500 0.45547487
v -1.30291014 -0.15062500 0.45494450
v -1.30291014 -0.17437500 0.45494450
v -1.30323358 -0.15062500 0.45433939
v -1.30323358 -0.17437500 0.45433939
v -1.30343275 -0.15062500 0.45368282
v -1.30343275 -0.17437500 0.45368282
v -1.30350000 -0.15062500 0.45300000
v -1.30350000 -0.17437500 0.45300000
v -1.30343275 -0.15062500 0.45231718
v -1.30343275 -0.17437500 0.45231718
v -1.30323358 -0.15062500 0.45166061
v -1.30323358 -0.17437500 0.45166061
v -1.30291014 -0.15062500 0.45105550
v -1.30291014 -0.17437500 0.45105550
v -1.30247487 -0.15062500 0.45052513
v -1.30247487 -0.17437500 0.45052513
v -1.30194450 -0.15062500 0.45008986
v -1.30194450 -0.17437500 0.45008986
v -1.30133939 -0.15062500 0.44976642
v -1.30133939 -0.17437500 0.44976642
v -1.30068282 -0.15062500 0.44956725
v -1.30068282 -0.17437500 0.44956725
v -1.30000000 -0.15062500 0.44950000
v -1.30000000 -0.17437500 0.44950000
v -1.29931718 -0.15062500 0.44956725
v -1.29931718 -0.17437500 0.44956725
v -1.29866061 -0.15062500 0.44976642
v -1.29866061 -0.17437500 0.44976642
v -1.29805550 -0.15062500 0.45008986
v -1.29805550 -0.17437500 0.45008986
v -1.29752513 -0.15062500 0.45052513
v -1.29752513 -0.17437500 0.45052513
v -1.29708986 -0.15062500 0.45105550
v -1.29708986 -0.17437500 0.45105550
v -1.29676642 -0.15062500 0.45166061
v -1.29676642 -0.17437500 0.45166061
v -1.29656725 -0.15062500 0.45231718
v -1.29656725 -0.17437500 0.45231718
v -1.30000000 -0.12562500 0.45300000
v -1.29650000 -0.12562500 0.45300000
v -1.29650000 -0.14937500 0.45300000
v -1.30000000 -0.14937500 0.45300000
v -1.29656725 -0.12562500 0.45368282
v -1.29656725 -0.14937500 0.45368282
v -1.29676642 -0.12562500 0.45433939
v -1.29676642 -0.14937500 0.45433939
v -1.29708986 -0.12562500 0.45494450
v -1.29708986 -0.14937500 0.45494450
v -1.29752513 -0.12562500 0.45547487
v -1.29752513 -0.14937500 0.45547487
v -1.29805550 -0.12562500 0.45591014
v -1.29805550 -0.14937500 0.45591014
v -1.29866061 -0.12562500 0.45623358
v -1.29866061 -0.14937500 0.45623358
v -1.29931718 -0.12562500 0.45643275
v -1.29931718 -0.14937500 0.45643275
v -1.30000000 -0.12562500 0.45650000
v -1.30000000 -0.14937500 0.45650000
v -1.30068282 -0.12562500 0.45643275
v -1.30068282 -0.14937500 0.45643275
v -1.30133939 -0.12562500 0.45623358
v -1.30133939 -0.14937500 0.45623358
v -1.30194450 -0.12562500 0.45591014
v -1.30194450 -0.14937500 0.45591014
v -1.30247487 -0.12562500 0.45547487
v -1.30247487 -0.14937500 0.45547487
v -1.30291014 -0.12562500 0.45494450
v -1.30291014 -0.14937500 0.45494450
v -1.30323358 -0.12562500 0.45433939
v -1.30323358 -0.14937500 0.45433939
v -1.30343275 -0.12562500 0.45368282
v -1.30343275 -0.14937500 0.45368282
v -1.30350000 -0.12562500 0.45300000
v -1.30350000 -0.14937500 0.45300000
v -1.30343275 -0.12562500 0.45231718
v -1.30343275 -0.14937500 0.45231718
v -1.30323358 -0.12562500 0.45166061
v -1.30323358 -0.14937500 0.45166061
v -1.30291014 -0.12562500 0.45105550
v -1.30291014 -0.14937500 0.45105550
v -1.30247487 -0.12562500 0.45052513
v -1.30247487 -0.14937500 0.45052513
v -1.30194450 -0.12562500 0.45008986
v -1.30194450 -0.14937500 0.45008986
v -1.30133939 -0.12562500 0.44976642
v -1.30133939 -0.14937500 0.44976642
v -1.30068282 -0.12562500 0.44956725
v -1.30068282 -0.14937500 0.44956725
v -1.30000000 -0.12562500 0.44950000
v -1.30000000 -0.14937500 0.44950000
v -1.29931718 -0.12562500 0.44956725
v -1.29931718 -0.14937500 0.44956725
v -1.29866061 -0.12562500 0.44976642
v -1.29866061 -0.14937500 0.44976642
v -1.29805550 -0.12562500 0.45008986
v -1.29805550 -0.14937500 0.45008986
v -1.29752513 -0.12562500 0.45052513
v -1.29752513 -0.14937500 0.45052513
v -1.29708986 -0.12562500 0.45105550
v -1.29708986 -0.14937500 0.45105550
v -1.29676642 -0.12562500 0.45166061
v -1.29676642 -0.14937500 0.45166061
v -1.29656725 -0.12562500 0.45231718
v -1.29656725 -0.14937500 0.45231718
v -1.30000000 -0.10062500 0.45300000
v -1.29650000 -0.10062500 0.45300000
v -1.29650000 -0.12437500 0.45300000
v -1.30000000 -0.12437500 0.45300000
v -1.29656725 -0.10062500 0.45368282
v -1.29656725 -0.12437500 0.45368282
v -1.29676642 -0.10062500 0.45433939
v -1.29676642 -0.12437500 0.45433939
v -1.29708986 -0.10062500 0.45494450
v -1.29708986 -0.12437500 0.45494450
v -1.29752513 -0.10062500 0.45547487
v -1.29752513 -0.12437500 0.45547487
v -1.29805550 -0.10062500 0.45591014
v -1.29805550 -0.12437500 0.45591014
v -1.29866061 -0.10062500 0.45623358
v -1.29866061 -0.12437500 0.45623358
v -1.29931718 -0.10062500 0.45643275
v -1.29931718 -0.12437500 0.45643275
v -1.30000000 -0.10062500 0.45650000
v -1.30000000 -0.12437500 0.45650000
v -1.30068282 -0.10062500 0.45643275
v -1.30068282 -0.12437500 0.45643275
v -1.30133939 -0.10062500 0.45623358
v -1.30133939 -0.12437500 0.45623358
v -1.30194450 -0.10062500 0.45591014
v -1.30194450 -0.12437500 0.45591014
v -1.30247487 -0.10062500 0.45547487
v -1.30247487 -0.12437500 0.45547487
v -1.30291014 -0.10062500 0.45494450
v -1.30291014 -0.12437500 0.45494450
v -1.30323358 -0.10062500 0.45433939
v -1.30323358 -0.12437500 0.45433939
v -1.30343275 -0.10062500 0.45368282
v -1.30343275 -0.12437500 0.45368282
v -1.30350000 -0.10062500 0.45300000
v -1.30350000 -0.12437500 0.45300000
v -1.30343275 -0.10062500 0.45231718
v -1.30343275 -0.12437500 0.45231718
v -1.30323358 -0.10062500 0.45166061
v -1.30323358 -0.12437500 0.45166061
v -1.30291014 -0.10062500 0.45105550
v -1.30291014 -0.12437500 0.45105550
v -1.30247487 -0.10062500 0.45052513
v -1.30247487 -0.12437500 0.45052513
v -1.30194450 -0.10062500 0.45008986
v -1.30194450 -0.12437500 0.45008986
v -1.30133939 -0.10062500 0.44976642
v -1.30133939 -0.12437500 0.44976642
v -1.30068282 -0.10062500 0.44956725
v -1.30068282 -0.12437500 0.44956725
v -1.30000000 -0.10062500 0.44950000
v -1.30000000 -0.12437500 0.44950000
v -1.29931718 -0.10062500 0.44956725
v -1.29931718 -0.12437500 0.44956725
v -1.29866061 -0.10062500 0.44976642
v -1.29866061 -0.12437500 0.44976642
v -1.29805550 -0.10062500 0.45008986
v -1.29805550 -0.12437500 0.45008986
v -1.29752513 -0.10062500 0.45052513
v -1.29752513 -0.12437500 0.45052513
v -1.29708986 -0.10062500 0.45105550
v -1.29708986 -0.12437500 0.45105550
v -1.29676642 -0.10062500 0.45166061
v -1.29676642 -0.12437500 0.45166061
v -1.29656725 -0.10062500 0.45231718
v -1.29656725 -0.12437500 0.45231718
v -1.30000000 -0.07562500 0.45300000
v -1.29650000 -0.07562500 0.45300000
v -1.29650000 -0.09937500 0.45300000
v -1.30000000 -0.09937500 0.45300000
v -1.29656725 -0.07562500 0.45368282
v -1.29656725 -0.09937500 0.45368282
v -1.29676642 -0.07562500 0.45433939
v -1.29676642 -0.09937500 0.45433939
v -1.29708986 -0.07562500 0.45494450
v -1.29708986 -0.09937500 0.45494450
v -1.29752513 -0.07562500 0.45547487
v -1.29752513 -0.09937500 0.45547487
v -1.29805550 -0.07562500 0.45591014
v -1.29805550 -0.09937500 0.45591014
v -1.29866061 -0.07562500 0.45623358
v -1.29866061 -0.09937500 0.45623358
v -1.29931718 -0.07562500 0.45643275
v -1.29931718 -0.09937500 0.45643275
v -1.30000000 -0.07562500 0.45650000
v -1.30000000 -0.09937500 0.45650000
v -1.30068282 -0.07562500 0.45643275
v -1.30068282 -0.09937500 0.45643275
v -1.30133939 -0.07562500 0.45623358
v -1.30133939 -0.09937500 0.45623358
v -1.30194450 -0.07562500 0.45591014
v -1.30194450 -0.09937500 0.45591014
v -1.30247487 -0.07562500 0.45547487
v -1.30247487 -0.09937500 0.45547487
v -1.30291014 -0.07562500 0.45494450
v -1.30291014 -0.09937500 0.45494450
v -1.30323358 -0.07562500 0.45433939
v -1.30323358 -0.09937500 0.45433939
v -1.30343275 -0.07562500 0.45368282
v -1.30343275 -0.09937500 0.45368282
v -1.30350000 -0.07562500 0.45300000
v -1.30350000 -0.09937500 0.45300000
v -1.30343275 -0.07562500 0.45231718
v -1.30343275 -0.09937500 0.45231718
v -1.30323358 -0.07562500 0.45166061
v -1.30323358 -0.09937500 0.45166061
v -1.30291014 -0.07562500 0.45105550
v -1.30291014 -0.09937500 0.45105550
v -1.30247487 -0.07562500 0.45052513
v -1.30247487 -0.09937500 0.45052513
v -1.30194450 -0.07562500 0.45008986
v -1.30194450 -0.09937500 0.45008986
v -1.30133939 -0.07562500 0.44976642
v -1.30133939 -0.09937500 0.44976642
v -1.30068282 -0.07562500 0.44956725
v -1.30068282 -0.09937500 0.44956725
v -1.30000000 -0.07562500 0.44950000
v -1.30000000 -0.09937500 0.44950000
v -1.29931718 -0.07562500 0.44956725
v -1.29931718 -0.09937500 0.44956725
v -1.29866061 -0.07562500 0.44976642
v -1.29866061 -0.09937500 0.44976642
v -1.29805550 -0.07562500 0.45008986
v -1.29805550 -0.09937500 0.45008986
v -1.29752513 -0.07562500 0.45052513
v -1.29752513 -0.09937500 0.45052513
v -1.29708986 -0.07562500 0.45105550
v -1.29708986 -0.09937500 0.45105550
v -1.29676642 -0.07562500 0.45166061
v -1.29676642 -0.09937500 0.45166061
v -1.29656725 -0.07562500 0.45231718
v -1.29656725 -0.09937500 0.45231718
v -1.30000000 -0.05062500 0.45300000
v -1.29650000 -0.05062500 0.45300000
v -1.29650000 -0.07437500 0.45300000
v -1.30000000 -0.07437500 0.45300000
v -1.29656725 -0.05062500 0.45368282
v -1.29656725 -0.07437500 0.45368282
v -1.29676642 -0.05062500 0.45433939
v -1.29676642 -0.07437500 0.45433939
v -1.29708986 -0.05062500 0.45494450
v -1.29708986 -0.07437500 0.45494450
v -1.29752513 -0.05062500 0.45547487
v -1.29752513 -0.07437500 0.45547487
v -1.29805550 -0.05062500 0.45591014
v -1.29805550 -0.07437500 0.45591014
v -1.29866061 -0.05062500 0.45623358
v -1.29866061 -0.07437500 0.45623358
v -1.29931718 -0.05062500 0.45643275
v -1.29931718 -0.07437500 0.45643275
v -1.30000000 -0.05062500 0.45650000
v -1.30000000 -0.07437500 0.45650000
v -1.30068282 -0.05062500 0.45643275
v -1.30068282 -0.07437500 0.45643275
v -1.30133939 -0.05062500 0.45623358
v -1.30133939 -0.07437500 0.45623358
v -1.30194450 -0.05062500 0.45591014
v -1.30194450 -0.07437500 0.45591014
v -1.30247487 -0.05062500 0.45547487
v -1.30247487 -0.07437500 0.45547487
v -1.30291014 -0.05062500 0.45494450
v -1.30291014 -0.07437500 0.45494450
v -1.30323358 -0.05062500 0.45433939
v -1.30323358 -0.07437500 0.45433939
v -1.30343275 -0.05062500 0.45368282
v -1.30343275 -0.07437500 0.45368282
v -1.30350000 -0.05062500 0.45300000
v -1.30350000 -0.07437500 0.45300000
v -1.30343275 -0.05062500 0.45231718
v -1.30343275 -0.07437500 0.45231718
v -1.30323358 -0.05062500 0.45166061
v -1.30323358 -0.07437500 0.45166061
v -1.30291014 -0.05062500 0.45105550
v -1.30291014 -0.07437500 0.45105550
v -1.30247487 -0.05062500 0.45052513
v -1.30247487 -0.07437500 0.45052513
v -1.30194450 -0.05062500 0.45008986
v -1.30194450 -0.07437500 0.45008986
v -1.30133939 -0.05062500 0.44976642
v -1.30133939 -0.07437500 0.44976642
v -1.30068282 -0.05062500 0.44956725
v -1.30068282 -0.07437500 0.44956725
v -1.30000000 -0.05062500 0.44950000
v -1.30000000 -0.07437500 0.44950000
v -1.29931718 -0.05062500 0.44956725
v -1.29931718 -0.07437500 0.44956725
v -1.29866061 -0.05062500 0.44976642
v -1.29866061 -0.07437500 0.44976642
v -1.29805550 -0.05062500 0.45008986
v -1.29805550 -0.07437500 0.45008986
v -1.29752513 -0.05062500 0.45052513
v -1.29752513 -0.07437500 0.45052513
v -1.29708986 -0.05062500 0.45105550
v -1.29708986 -0.07437500 0.45105550
v -1.29676642 -0.05062500 0.45166061
v -1.29676642 -0.07437500 0.45166061
v -1.29656725 -0.05062500 0.45231718
v -1.29656725 -0.07437500 0.45231718
v -1.30000000 -0.02562500 0.45300000
v -1.29650000 -0.02562500 0.45300000
v -1.29650000 -0.04937500 0.45300000
v -1.30000000 -0.04937500 0.45300000
v -1.29656725 -0.02562500 0.45368282
v -1.29656725 -0.04937500 0.45368282
v -1.29676642 -0.02562500 0.45433939
v -1.29676642 -0.04937500 0.45433939
v -1.29708986 -0.02562500 0.45494450
v -1.29708986 -0.04937500 0.45494450
v -1.29752513 -0.02562500 0.45547487
v -1.29752513 -0.04937500 0.45547487
v -1.29805550 -0.02562500 0.45591014
v -1.29805550 -0.04937500 0.45591014
v -1.29866061 -0.02562500 0.45623358
v -1.29866061 -0.04937500 0.45623358
v -1.29931718 -0.02562500 0.45643275
v -1.29931718 -0.04937500 0.45643275
v -1.30000000 -0.02562500 0.45650000
v -1.30000000 -0.04937500 0.45650000
v -1.30068282 -0.02562500 0.45643275
v -1.30068282 -0.04937500 0.45643275
v -1.30133939 -0.02562500 0.45623358
v -1.30133939 -0.04937500 0.45623358
v -1.30194450 -0.02562500 0.45591014
v -1.30194450 -0.04937500 0.45591014
v -1.30247487 -0.02562500 0.45547487
v -1.30247487 -0.04937500 0.45547487
v -1.30291014 -0.02562500 0.45494450
v -1.30291014 -0.04937500 0.45494450
v -1.30323358 -0.02562500 0.45433939
v -1.30323358 -0.04937500 0.45433939
v -1.30343275 -0.02562500 0.45368282
v -1.30343275 -0.04937500 0.45368282
v -1.30350000 -0.02562500 0.45300000
v -1.30350000 -0.04937500 0.45300000
v -1.30343275 -0.02562500 0.45231718
v -1.30343275 -0.04937500 0.45231718
v -1.30323358 -0.02562500 0.45166061
v -1.30323358 -0.04937500 0.45166061
v -1.30291014 -0.02562500 0.45105550
v -1.30291014 -0.04937500 0.45105550
v -1.30247487 -0.02562500 0.45052513
v -1.30247487 -0.04937500 0.45052513
v -1.30194450 -0.02562500 0.45008986
v -1.30194450 -0.04937500 0.45008986
v -1.30133939 -0.02562500 0.44976642
v -1.30133939 -0.04937500 0.44976642
v -1.30068282 -0.02562500 0.44956725
v -1.30068282 -0.04937500 0.44956725
v -1.30000000 -0.02562500 0.44950000
v -1.30000000 -0.04937500 0.44950000
v -1.29931718 -0.02562500 0.44956725
v -1.29931718 -0.04937500 0.44956725
v -1.29866061 -0.02562500 0.44976642
v -1.29866061 -0.04937500 0.44976642
v -1.29805550 -0.02562500 0.45008986
v -1.29805550 -0.04937500 0.45008986
v -1.29752513 -0.02562500 0.45052513
v -1.29752513 -0.04937500 0.45052513
v -1.29708986 -0.02562500 0.45105550
v -1.29708986 -0.04937500 0.45105550
v -1.29676642 -0.02562500 0.45166061
v -1.29676642 -0.04937500 0.45166061
v -1.29656725 -0.02562500 0.45231718
v -1.29656725 -0.04937500 0.45231718
v -1.30000000 -0.00062500 0.45300000
v -1.29650000 -0.00062500 0.45300000
v -1.29650000 -0.02437500 0.45300000
v -1.30000000 -0.02437500 0.45300000
v -1.29656725 -0.00062500 0.45368282
v -1.29656725 -0.02437500 0.45368282
v -1.29676642 -0.00062500 0.45433939
v -1.29676642 -0.02437500 0.45433939
v -1.29708986 -0.00062500 0.45494450
v -1.29708986 -0.02437500 0.45494450
v -1.29752513 -0.00062500 0.45547487
v -1.29752513 -0.02437500 0.45547487
v -1.29805550 -0.00062500 0.45591014
v -1.29805550 -0.02437500 0.45591014
v -1.29866061 -0.00062500 0.45623358
v -1.29866061 -0.02437500 0.45623358
v -1.29931718 -0.00062500 0.45643275
v -1.29931718 -0.02437500 0.45643275
v -1.30000000 -0.00062500 0.45650000
v -1.30000000 -0.02437500 0.45650000
v -1.30068282 -0.00062500 0.45643275
v -1.30068282 -0.02437500 0.45643275
v -1.30133939 -0.00062500 0.45623358
v -1.30133939 -0.02437500 0.45623358
v -1.30194450 -0.00062500 0.45591014
v -1.30194450 -0.02437500 0.45591014
v -1.30247487 -0.00062500 0.45547487
v -1.30247487 -0.02437500 0.45547487
v -1.30291014 -0.00062500 0.45494450
v -1.30291014 -0.02437500 0.45494450
v -1.30323358 -0.00062500 0.45433939
v -1.30323358 -0.02437500 0.45433939
v -1.30343275 -0.00062500 0.45368282
v -1.30343275 -0.02437500 0.45368282
v -1.30350000 -0.00062500 0.45300000
v -1.30350000 -0.02437500 0.45300000
v -1.30343275 -0.00062500 0.45231718
v -1.30343275 -0.02437500 0.45231718
v -1.30323358 -0.00062500 0.45166061
v -1.30323358 -0.02437500 0.45166061
v -1.30291014 -0.00062500 0.45105550
v -1.30291014 -0.02437500 0.45105550
v -1.30247487 -0.00062500 0.45052513
v -1.30247487 -0.02437500 0.45052513
v -1.30194450 -0.00062500 0.45008986
v -1.30194450 -0.02437500 0.45008986
v -1.30133939 -0.00062500 0.44976642
v -1.30133939 -0.02437500 0.44976642
v -1.30068282 -0.00062500 0.44956725
v -1.30068282 -0.02437500 0.44956725
v -1.30000000 -0.00062500 0.44950000
v -1.30000000 -0.02437500 0.44950000
v -1.29931718 -0.00062500 0.44956725
v -1.29931718 -0.02437500 0.44956725
v -1.29866061 -0.00062500 0.44976642
v -1.29866061 -0.02437500 0.44976642
v -1.29805550 -0.00062500 0.45008986
v -1.29805550 -0.02437500 0.45008986
v -1.29752513 -0.00062500 0.45052513
v -1.29752513 -0.02437500 0.45052513
v -1.29708986 -0.00062500 0.45105550
v -1.29708986 -0.02437500 0.45105550
v -1.29676642 -0.00062500 0.45166061
v -1.29676642 -0.02437500 0.45166061
v -1.29656725 -0.00062500 0.45231718
v -1.29656725 -0.02437500 0.45231718
v -1.30000000 0.02437500 0.45300000
v -1.29650000 0.02437500 0.45300000
v -1.29650000 0.00062500 0.45300000
v -1.30000000 0.00062500 0.45300000
v -1.29656725 0.02437500 0.45368282
v -1.29656725 0.00062500 0.45368282
v -1.29676642 0.02437500 0.45433939
v -1.29676642 0.00062500 0.45433939
v -1.29708986 0.02437500 0.45494450
v -1.29708986 0.00062500 0.45494450
v -1.29752513 0.02437500 0.45547487
v -1.29752513 0.00062500 0.45547487
v -1.29805550 0.02437500 0.45591014
v -1.29805550 0.00062500 0.45591014
v -1.29866061 0.02437500 0.45623358
v -1.29866061 0.00062500 0.45623358
v -1.29931718 0.02437500 0.45643275
v -1.29931718 0.00062500 0.45643275
v -1.30000000 0.02437500 0.45650000
v -1.30000000 0.00062500 0.45650000
v -1.30068282 0.02437500 0.45643275
v -1.30068282 0.00062500 0.45643275
v -1.30133939 0.02437500 0.45623358
v -1.30133939 0.00062500 0.45623358
v -1.30194450 0.02437500 0.45591014
v -1.30194450 0.00062500 0.45591014
v -1.30247487 0.02437500 0.45547487
v -1.30247487 0.00062500 0.45547487
v -1.30291014 0.02437500 0.45494450
v -1.30291014 0.00062500 0.45494450
v -1.30323358 0.02437500 0.45433939
v -1.30323358 0.00062500 0.45433939
v -1.30343275 0.02437500 0.45368282
v -1.30343275 0.00062500 0.45368282
v -1.30350000 0.02437500 0.45300000
v -1.30350000 0.00062500 0.45300000
v -1.30343275 0.02437500 0.45231718
v -1.30343275 0.00062500 0.45231718
v -1.30323358 0.02437500 0.45166061
v -1.30323358 0.00062500 0.45166061
v -1.30291014 0.02437500 0.45105550
v -1.30291014 0.00062500 0.45105550
v -1.30247487 0.02437500 0.45052513
v -1.30247487 0.00062500 0.45052513
v -1.30194450 0.02437500 0.45008986
v -1.30194450 0.00062500 0.45008986
v -1.30133939 0.02437500 0.44976642
v -1.30133939 0.00062500 0.44976642
v -1.30068282 0.02437500 0.44956725
v -1.30068282 0.00062500 0.44956725
v -1.30000000 0.02437500 0.44950000
v -1.30000000 0.00062500 0.44950000
v -1.29931718 0.02437500 0.44956725
v -1.29931718 0.00062500 0.44956725
v -1.29866061 0.02437500 0.44976642
v -1.29866061 0.00062500 0.44976642
v -1.29805550 0.02437500 0.45008986
v -1.29805550 0.00062500 0.45008986
v -1.29752513 0.02437500 0.45052513
v -1.29752513 0.00062500 0.45052513
v -1.29708986 0.02437500 0.45105550
v -1.29708986 0.00062500 0.45105550
v -1.29676642 0.02437500 0.45166061
v -1.29676642 0.00062500 0.45166061
v -1.29656725 0.02437500 0.45231718
v -1.29656725 0.00062500 0.45231718
v -1.30000000 0.04937500 0.45300000
v -1.29650000 0.04937500 0.45300000
v -1.29650000 0.02562500 0.45300000
v -1.30000000 0.02562500 0.45300000
v -1.29656725 0.04937500 0.45368282
v -1.29656725 0.02562500 0.45368282
v -1.29676642 0.04937500 0.45433939
v -1.29676642 0.02562500 0.45433939
v -1.29708986 0.04937500 0.45494450
v -1.29708986 0.02562500 0.45494450
v -1.29752513 0.04937500 0.45547487
v -1.29752513 0.02562500 0.45547487
v -1.29805550 0.04937500 0.45591014
v -1.29805550 0.02562500 0.45591014
v -1.29866061 0.04937500 0.45623358
v -1.29866061 0.02562500 0.45623358
v -1.29931718 0.04937500 0.45643275
v -1.29931718 0.02562500 0.45643275
v -1.30000000 0.04937500 0.45650000
v -1.30000000 0.02562500 0.45650000
v -1.30068282 0.04937500 0.45643275
v -1.30068282 0.02562500 0.45643275
v -1.30133939 0.04937500 0.45623358
v -1.30133939 0.02562500 0.45623358
v -1.30194450 0.04937500 0.45591014
v -1.30194450 0.02562500 0.45591014
v -1.30247487 0.04937500 0.45547487
v -1.30247487 0.02562500 0.45547487
v -1.30291014 0.04937500 0.45494450
v -1.30291014 0.02562500 0.45494450
v -1.30323358 0.04937500 0.45433939
v -1.30323358 0.02562500 0.45433939
v -1.30343275 0.04937500 0.45368282
v -1.30343275 0.02562500 0.45368282
v -1.30350000 0.04937500 0.45300000
v -1.30350000 0.02562500 0.45300000
v -1.30343275 0.04937500 0.45231718
v -1.30343275 0.02562500 0.45231718
v -1.30323358 0.04937500 0.45166061
v -1.30323358 0.02562500 0.45166061
v -1.30291014 0.04937500 0.45105550
v -1.30291014 0.02562500 0.45105550
v -1.30247487 0.04937500 0.45052513
v -1.30247487 0.02562500 0.45052513
v -1.30194450 0.04937500 0.45008986
v -1.30194450 0.02562500 0.45008986
v -1.30133939 0.04937500 0.44976642
v -1.30133939 0.02562500 0.44976642
v -1.30068282 0.04937500 0.44956725
v -1.30068282 0.02562500 0.44956725
v -1.30000000 0.04937500 0.44950000
v -1.30000000 0.02562500 0.44950000
v -1.29931718 0.04937500 0.44956725
v -1.29931718 0.02562500 0.44956725
v -1.29866061 0.04937500 0.44976642
v -1.29866061 0.02562500 0.44976642
v -1.29805550 0.04937500 0.45008986
v -1.29805550 0.02562500 0.45008986
v -1.29752513 0.04937500 0.45052513
v -1.29752513 0.02562500 0.45052513
v -1.29708986 0.04937500 0.45105550
v -1.29708986 0.02562500 0.45105550
v -1.29676642 0.04937500 0.45166061
v -1.29676642 0.02562500 0.45166061
v -1.29656725 0.04937500 0.45231718
v -1.29656725 0.02562500 0.45231718
v -1.30000000 0.07437500 0.45300000
v -1.29650000 0.07437500 0.45300000
v -1.29650000 0.05062500 0.45300000
v -1.30000000 0.05062500 0.45300000
v -1.29656725 0.07437500 0.45368282
v -1.29656725 0.05062500 0.45368282
v -1.29676642 0.07437500 0.45433939
v -1.29676642 0.05062500 0.45433939
v -1.29708986 0.07437500 0.45494450
v -1.29708986 0.05062500 0.45494450
v -1.29752513 0.07437500 0.45547487
v -1.29752513 0.05062500 0.45547487
v -1.29805550 0.07437500 0.45591014
v -1.29805550 0.05062500 0.45591014
v -1.29866061 0.07437500 0.45623358
v -1.29866061 0.05062500 0.45623358
v -1.29931718 0.07437500 0.45643275
v -1.29931718 0.05062500 0.45643275
v -1.30000000 0.07437500 0.45650000
v -1.30000000 0.05062500 0.45650000
v -1.30068282 0.07437500 0.45643275
v -1.30068282 0.05062500 0.45643275
v -1.30133939 0.07437500 0.45623358
v -1.30133939 0.05062500 0.45623358
v -1.30194450 0.07437500 0.45591014
v -1.30194450 0.05062500 0.45591014
v -1.30247487 0.07437500 0.45547487
v -1.30247487 0.05062500 0.45547487
v -1.30291014 0.07437500 0.45494450
v -1.30291014 0.05062500 0.45494450
v -1.30323358 0.07437500 0.45433939
v -1.30323358 0.05062500 0.45433939
v -1.30343275 0.07437500 0.45368282
v -1.30343275 0.05062500 0.45368282
v -1.30350000 0.07437500 0.45300000
v -1.30350000 0.05062500 0.45300000
v -1.30343275 0.07437500 0.45231718
v -1.30343275 0.05062500 0.45231718
v -1.30323358 0.07437500 0.45166061
v -1.30323358 0.05062500 0.45166061
v -1.30291014 0.07437500 0.45105550
v -1.30291014 0.05062500 0.45105550
v -1.30247487 0.07437500 0.45052513
v -1.30247487 0.05062500 0.45052513
v -1.30194450 0.07437500 0.45008986
v -1.30194450 0.05062500 0.45008986
v -1.30133939 0.07437500 0.44976642
v -1.30133939 0.05062500 0.44976642
v -1.30068282 0.07437500 0.44956725
v -1.30068282 0.05062500 0.44956725
v -1.30000000 0.07437500 0.44950000
v -1.30000000 0.05062500 0.44950000
v -1.29931718 0.07437500 0.44956725
v -1.29931718 0.05062500 0.44956725
v -1.29866061 0.07437500 0.44976642
v -1.29866061 0.05062500 0.44976642
v -1.29805550 0.07437500 0.45008986
v -1.29805550 0.05062500 0.45008986
v -1.29752513 0.07437500 0.45052513
v -1.29752513 0.05062500 0.45052513
v -1.29708986 0.07437500 0.45105550
v -1.29708986 0.05062500 0.45105550
v -1.29676642 0.07437500 0.45166061
v -1.29676642 0.05062500 0.45166061
v -1.29656725 0.07437500 0.45231718
v -1.29656725 0.05062500 0.45231718
v -1.30000000 0.09937500 0.45300000
v -1.29650000 0.09937500 0.45300000
v -1.29650000 0.07562500 0.45300000
v -1.30000000 0.07562500 0.45300000
v -1.29656725 0.09937500 0.45368282
v -1.29656725 0.07562500 0.45368282
v -1.29676642 0.09937500 0.45433939
v -1.29676642 0.07562500 0.45433939
v -1.29708986 0.09937500 0.45494450
v -1.29708986 0.07562500 0.45494450
v -1.29752513 0.09937500 0.45547487
v -1.29752513 0.07562500 0.45547487
v -1.29805550 0.09937500 0.45591014
v -1.29805550 0.07562500 0.45591014
v -1.29866061 0.09937500 0.45623358
v -1.29866061 0.07562500 0.45623358
v -1.29931718 0.09937500 0.45643275
v -1.29931718 0.07562500 0.45643275
v -1.30000000 0.09937500 0.45650000
v -1.30000000 0.07562500 0.45650000
v -1.30068282 0.09937500 0.45643275
v -1.30068282 0.07562500 0.45643275
v -1.30133939 0.09937500 0.45623358
v -1.30133939 0.07562500 0.45623358
v -1.30194450 0.09937500 0.45591014
v -1.30194450 0.07562500 0.45591014
v -1.30247487 0.09937500 0.45547487
v -1.30247487 0.07562500 0.45547487
v -1.30291014 0.09937500 0.45494450
v -1.30291014 0.07562500 0.45494450
v -1.30323358 0.09937500 0.45433939
v -1.30323358 0.07562500 0.45433939
v -1.30343275 0.09937500 0.45368282
v -1.30343275 0.07562500 0.45368282
v -1.30350000 0.09937500 0.45300000
v -1.30350000 0.07562500 0.45300000
v -1.30343275 0.09937500 0.45231718
v -1.30343275 0.07562500 0.45231718
v -1.30323358 0.09937500 0.45166061
v -1.30323358 0.07562500 0.45166061
v -1.30291014 0.09937500 0.45105550
v -1.30291014 0.07562500 0.45105550
v -1.30247487 0.09937500 0.45052513
v -1.30247487 0.07562500 0.45052513
v -1.30194450 0.09937500 0.45008986
v -1.30194450 0.07562500 0.45008986
v -1.30133939 0.09937500 0.44976642
v -1.30133939 0.07562500 0.44976642
v -1.30068282 0.09937500 0.44956725
v -1.30068282 0.07562500 0.44956725
v -1.30000000 0.09937500 0.44950000
v -1.30000000 0.07562500 0.44950000
v -1.29931718 0.09937500 0.44956725
v -1.29931718 0.07562500 0.44956725
v -1.29866061 0.09937500 0.44976642
v -1.29866061 0.07562500 0.44976642
v -1.29805550 0.09937500 0.45008986
v -1.29805550 0.07562500 0.45008986
v -1.29752513 0.09937500 0.45052513
v -1.29752513 0.07562500 0.45052513
v -1.29708986 0.09937500 0.45105550
v -1.29708986 0.07562500 0.45105550
v -1.29676642 0.09937500 0.45166061
v -1.29676642 0.07562500 0.45166061
v -1.29656725 0.09937500 0.45231718
v -1.29656725 0.07562500 0.45231718
v -1.30000000 0.12437500 0.45300000
v -1.29650000 0.12437500 0.45300000
v -1.29650000 0.10062500 0.45300000
v -1.30000000 0.10062500 0.45300000
v -1.29656725 0.12437500 0.45368282
v -1.29656725 0.10062500 0.45368282
v -1.29676642 0.12437500 0.45433939
v -1.29676642 0.10062500 0.45433939
v -1.29708986 0.12437500 0.45494450
v -1.29708986 0.10062500 0.45494450
v -1.29752513 0.12437500 0.45547487
v -1.29752513 0.10062500 0.45547487
v -1.29805550 0.12437500 0.45591014
v -1.29805550 0.10062500 0.45591014
v -1.29866061 0.12437500 0.45623358
v -1.29866061 0.10062500 0.45623358
v -1.29931718 0.12437500 0.45643275
v -1.29931718 0.10062500 0.45643275
v -1.30000000 0.12437500 0.45650000
v -1.30000000 0.10062500 0.45650000
v -1.30068282 0.12437500 0.45643275
v -1.30068282 0.10062500 0.45643275
v -1.30133939 0.12437500 0.45623358
v -1.30133939 0.10062500 0.45623358
v -1.30194450 0.12437500 0.45591014
v -1.30194450 0.10062500 0.45591014
v -1.30247487 0.12437500 0.45547487
v -1.30247487 0.10062500 0.45547487
v -1.30291014 0.12437500 0.45494450
v -1.30291014 0.10062500 0.45494450
v -1.30323358 0.12437500 0.45433939
v -1.30323358 0.10062500 0.45433939
v -1.30343275 0.12437500 0.45368282
v -1.30343275 0.10062500 0.45368282
v -1.30350000 0.12437500 0.45300000
v -1.30350000 0.10062500 0.45300000
v -1.30343275 0.12437500 0.45231718
v -1.30343275 0.10062500 0.45231718
v -1.30323358 0.12437500 0.45166061
v -1.30323358 0.10062500 0.45166061
v -1.30291014 0.12437500 0.45105550
v -1.30291014 0.10062500 0.45105550
v -1.30247487 0.12437500 0.45052513
v -1.30247487 0.10062500 0.45052513
v -1.30194450 0.12437500 0.45008986
v -1.30194450 0.10062500 0.45008986
v -1.30133939 0.12437500 0.44976642
v -1.30133939 0.10062500 0.44976642
v -1.30068282 0.12437500 0.44956725
v -1.30068282 0.10062500 0.44956725
v -1.30000000 0.12437500 0.44950000
v -1.30000000 0.10062500 0.44950000
v -1.29931718 0.12437500 0.44956725
v -1.29931718 0.10062500 0.44956725
v -1.29866061 0.12437500 0.44976642
v -1.29866061 0.10062500 0.44976642
v -1.29805550 0.12437500 0.45008986
v -1.29805550 0.10062500 0.45008986
v -1.29752513 0.12437500 0.45052513
v -1.29752513 0.10062500 0.45052513
v -1.29708986 0.12437500 0.45105550
v -1.29708986 0.10062500 0.45105550
v -1.29676642 0.12437500 0.45166061
v -1.29676642 0.10062500 0.45166061
v -1.29656725 0.12437500 0.45231718
v -1.29656725 0.10062500 0.45231718
v -1.30000000 0.14937500 0.45300000
v -1.29650000 0.14937500 0.45300000
v -1.29650000 0.12562500 0.45300000
v -1.30000000 0.12562500 0.45300000
v -1.29656725 0.14937500 0.45368282
v -1.29656725 0.12562500 0.45368282
v -1.29676642 0.14937500 0.45433939
v -1.29676642 0.12562500 0.45433939
v -1.29708986 0.14937500 0.45494450
v -1.29708986 0.12562500 0.45494450
v -1.29752513 0.14937500 0.45547487
v -1.29752513 0.12562500 0.45547487
v -1.29805550 0.14937500 0.45591014
v -1.29805550 0.12562500 0.45591014
v -1.29866061 0.14937500 0.45623358
v -1.29866061 0.12562500 0.45623358
v -1.29931718 0.14937500 0.45643275
v -1.29931718 0.12562500 0.45643275
v -1.30000000 0.14937500 0.45650000
v -1.30000000 0.12562500 0.45650000
v -1.30068282 0.14937500 0.45643275
v -1.30068282 0.12562500 0.45643275
v -1.30133939 0.14937500 0.45623358
v -1.30133939 0.12562500 0.45623358
v -1.30194450 0.14937500 0.45591014
v -1.30194450 0.12562500 0.45591014
v -1.30247487 0.14937500 0.45547487
v -1.30247487 0.12562500 0.45547487
v -1.30291014 0.14937500 0.45494450
v -1.30291014 0.12562500 0.45494450
v -1.30323358 0.14937500 0.45433939
v -1.30323358 0.12562500 0.45433939
v -1.30343275 0.14937500 0.45368282
v -1.30343275 0.12562500 0.45368282
v -1.30350000 0.14937500 0.45300000
v -1.30350000 0.12562500 0.45300000
v -1.30343275 0.14937500 0.45231718
v -1.30343275 0.12562500 0.45231718
v -1.30323358 0.14937500 0.45166061
v -1.30323358 0.12562500 0.45166061
v -1.30291014 0.14937500 0.45105550
v -1.30291014 0.12562500 0.45105550
v -1.30247487 0.14937500 0.45052513
v -1.30247487 0.12562500 0.45052513
v -1.30194450 0.14937500 0.45008986
v -1.30194450 0.12562500 0.45008986
v -1.30133939 0.14937500 0.44976642
v -1.30133939 0.12562500 0.44976642
v -1.30068282 0.14937500 0.44956725
v -1.30068282 0.12562500 0.44956725
v -1.30000000 0.14937500 0.44950000
v -1.30000000 0.12562500 0.44950000
v -1.29931718 0.14937500 0.44956725
v -1.29931718 0.12562500 0.44956725
v -1.29866061 0.14937500 0.44976642
v -1.29866061 0.12562500 0.44976642
v -1.29805550 0.14937500 0.45008986
v -1.29805550 0.12562500 0.45008986
v -1.29752513 0.14937500 0.45052513
v -1.29752513 0.12562500 0.45052513
v -1.29708986 0.14937500 0.45105550
v -1.29708986 0.12562500 0.45105550
v -1.29676642 0.14937500 0.45166061
v -1.29676642 0.12562500 0.45166061
v -1.29656725 0.14937500 0.45231718
v -1.29656725 0.12562500 0.45231718
v -1.30000000 0.17437500 0.45300000
v -1.29650000 0.17437500 0.45300000
v -1.29650000 0.15062500 0.45300000
v -1.30000000 0.15062500 0.45300000
v -1.29656725 0.17437500 0.45368282
v -1.29656725 0.15062500 0.45368282
v -1.29676642 0.17437500 0.45433939
v -1.29676642 0.15062500 0.45433939
v -1.29708986 0.17437500 0.45494450
v -1.29708986 0.15062500 0.45494450
v -1.29752513 0.17437500 0.45547487
v -1.29752513 0.15062500 0.45547487
v -1.29805550 0.17437500 0.45591014
v -1.29805550 0.15062500 0.45591014
v -1.29866061 0.17437500 0.45623358
v -1.29866061 0.15062500 0.45623358
v -1.29931718 0.17437500 0.45643275
v -1.29931718 0.15062500 0.45643275
v -1.30000000 0.17437500 0.45650000
v -1.30000000 0.15062500 0.45650000
v -1.30068282 0.17437500 0.45643275
v -1.30068282 0.15062500 0.45643275
v -1.30133939 0.17437500 0.45623358
v -1.30133939 0.15062500 0.45623358
v -1.30194450 0.17437500 0.45591014
v -1.30194450 0.15062500 0.45591014
v -1.30247487 0.17437500 0.45547487
v -1.30247487 0.15062500 0.45547487
v -1.30291014 0.17437500 0.45494450
v -1.30291014 0.15062500 0.45494450
v -1.30323358 0.17437500 0.45433939
v -1.30323358 0.15062500 0.45433939
v -1.30343275 0.17437500 0.45368282
v -1.30343275 0.15062500 0.45368282
v -1.30350000 0.17437500 0.45300000
v -1.30350000 0.15062500 0.45300000
v -1.30343275 0.17437500 0.45231718
v -1.30343275 0.15062500 0.45231718
v -1.30323358 0.17437500 0.45166061
v -1.30323358 0.15062500 0.45166061
v -1.30291014 0.17437500 0.45105550
v -1.30291014 0.15062500 0.45105550
v -1.30247487 0.17437500 0.45052513
v -1.30247487 0.15062500 0.45052513
v -1.30194450 0.17437500 0.45008986
v -1.30194450 0.15062500 0.45008986
v -1.30133939 0.17437500 0.44976642
v -1.30133939 0.15062500 0.44976642
v -1.30068282 0.17437500 0.44956725
v -1.30068282 0.15062500 0.44956725
v -1.30000000 0.17437500 0.44950000
v -1.30000000 0.15062500 0.44950000
v -1.29931718 0.17437500 0.44956725
v -1.29931718 0.15062500 0.44956725
v -1.29866061 0.17437500 0.44976642
v -1.29866061 0.15062500 0.44976642
v -1.29805550 0.17437500 0.45008986
v -1.29805550 0.15062500 0.45008986
v -1.29752513 0.17437500 0.45052513
v -1.29752513 0.15062500 0.45052513
v -1.29708986 0.17437500 0.45105550
v -1.29708986 0.15062500 0.45105550
v -1.29676642 0.17437500 0.45166061
v -1.29676642 0.15062500 0.45166061
v -1.29656725 0.17437500 0.45231718
v -1.29656725 0.15062500 0.45231718
v -1.30000000 0.19937500 0.45300000
v -1.29650000 0.19937500 0.45300000
v -1.29650000 0.17562500 0.45300000
v -1.30000000 0.17562500 0.45300000
v -1.29656725 0.19937500 0.45368282
v -1.29656725 0.17562500 0.45368282
v -1.29676642 0.19937500 0.45433939
v -1.29676642 0.17562500 0.45433939
v -1.29708986 0.19937500 0.45494450
v -1.29708986 0.17562500 0.45494450
v -1.29752513 0.19937500 0.45547487
v -1.29752513 0.17562500 0.45547487
v -1.29805550 0.19937500 0.45591014
v -1.29805550 0.17562500 0.45591014
v -1.29866061 0.19937500 0.45623358
v -1.29866061 0.17562500 0.45623358
v -1.29931718 0.19937500 0.45643275
v -1.29931718 0.17562500 0.45643275
v -1.30000000 0.19937500 0.45650000
v -1.30000000 0.17562500 0.45650000
v -1.30068282 0.19937500 0.45643275
v -1.30068282 0.17562500 0.45643275
v -1.30133939 0.19937500 0.45623358
v -1.30133939 0.17562500 0.45623358
v -1.30194450 0.19937500 0.45591014
v -1.30194450 0.17562500 0.45591014
v -1.30247487 0.19937500 0.45547487
v -1.30247487 0.17562500 0.45547487
v -1.30291014 0.19937500 0.45494450
v -1.30291014 0.17562500 0.45494450
v -1.30323358 0.19937500 0.45433939
v -1.30323358 0.17562500 0.45433939
v -1.30343275 0.19937500 0.45368282
v -1.30343275 0.17562500 0.45368282
v -1.30350000 0.19937500 0.45300000
v -1.30350000 0.17562500 0.45300000
v -1.30343275 0.19937500 0.45231718
v -1.30343275 0.17562500 0.45231718
v -1.30323358 0.19937500 0.45166061
v -1.30323358 0.17562500 0.45166061
v -1.30291014 0.19937500 0.45105550
v -1.30291014 0.17562500 0.45105550
v -1.30247487 0.19937500 0.45052513
v -1.30247487 0.17562500 0.45052513
v -1.30194450 0.19937500 0.45008986
v -1.30194450 0.17562500 0.45008986
v -1.30133939 0.19937500 0.44976642
v -1.30133939 0.17562500 0.44976642
v -1.30068282 0.19937500 0.44956725
v -1.30068282 0.17562500 0.44956725
v -1.30000000 0.19937500 0.44950000
v -1.30000000 0.17562500 0.44950000
v -1.29931718 0.19937500 0.44956725
v -1.29931718 0.17562500 0.44956725
v -1.29866061 0.19937500 0.44976642
v -1.29866061 0.17562500 0.44976642
v -1.29805550 0.19937500 0.45008986
v -1.29805550 0.17562500 0.45008986
v -1.29752513 0.19937500 0.45052513
v -1.29752513 0.17562500 0.45052513
v -1.29708986 0.19937500 0.45105550
v -1.29708986 0.17562500 0.45105550
v -1.29676642 0.19937500 0.45166061
v -1.29676642 0.17562500 0.45166061
v -1.29656725 0.19937500 0.45231718
v -1.29656725 0.17562500 0.45231718
v -1.30000000 0.22437500 0.45300000
v -1.29650000 0.22437500 0.45300000
v -1.29650000 0.20062500 0.45300000
v -1.30000000 0.20062500 0.45300000
v -1.29656725 0.22437500 0.45368282
v -1.29656725 0.20062500 0.45368282
v -1.29676642 0.22437500 0.45433939
v -1.29676642 0.20062500 0.45433939
v -1.29708986 0.22437500 0.45494450
v -1.29708986 0.20062500 0.45494450
v -1.29752513 0.22437500 0.45547487
v -1.29752513 0.20062500 0.45547487
v -1.29805550 0.22437500 0.45591014
v -1.29805550 0.20062500 0.45591014
v -1.29866061 0.22437500 0.45623358
v -1.29866061 0.20062500 0.45623358
v -1.29931718 0.22437500 0.45643275
v -1.29931718 0.20062500 0.45643275
v -1.30000000 0.22437500 0.45650000
v -1.30000000 0.20062500 0.45650000
v -1.30068282 0.22437500 0.45643275
v -1.30068282 0.20062500 0.45643275
v -1.30133939 0.22437500 0.45623358
v -1.30133939 0.20062500 0.45623358
v -1.30194450 0.22437500 0.45591014
v -1.30194450 0.20062500 0.45591014
v -1.30247487 0.22437500 0.45547487
v -1.30247487 0.20062500 0.45547487
v -1.30291014 0.22437500 0.45494450
v -1.30291014 0.20062500 0.45494450
v -1.30323358 0.22437500 0.45433939
v -1.30323358 0.20062500 0.45433939
v -1.30343275 0.22437500 0.45368282
v -1.30343275 0.20062500 0.45368282
v -1.30350000 0.22437500 0.45300000
v -1.30350000 0.20062500 0.45300000
v -1.30343275 0.22437500 0.45231718
v -1.30343275 0.20062500 0.45231718
v -1.30323358 0.22437500 0.45166061
v -1.30323358 0.20062500 0.45166061
v -1.30291014 0.22437500 0.45105550
v -1.30291014 0.20062500 0.45105550
v -1.30247487 0.22437500 0.45052513
v -1.30247487 0.20062500 0.45052513
v -1.30194450 0.22437500 0.45008986
v -1.30194450 0.20062500 0.45008986
v -1.30133939 0.22437500 0.44976642
v -1.30133939 0.20062500 0.44976642
v -1.30068282 0.22437500 0.44956725
v -1.30068282 0.20062500 0.44956725
v -1.30000000 0.22437500 0.44950000
v -1.30000000 0.20062500 0.44950000
v -1.29931718 0.22437500 0.44956725
v -1.29931718 0.20062500 0.44956725
v -1.29866061 0.22437500 0.44976642
v -1.29866061 0.20062500 0.44976642
v -1.29805550 0.22437500 0.45008986
v -1.29805550 0.20062500 0.45008986
v -1.29752513 0.22437500 0.45052513
v -1.29752513 0.20062500 0.45052513
v -1.29708986 0.22437500 0.45105550
v -1.29708986 0.20062500 0.45105550
v -1.29676642 0.22437500 0.45166061
v -1.29676642 0.20062500 0.45166061
v -1.29656725 0.22437500 0.45231718
v -1.29656725 0.20062500 0.45231718
v -1.32400000 -0.22500000 0.45085000
v -1.32400000 -0.22500000 0.45235000
v -1.32400000 0.22500000 0.45085000
v -1.32400000 0.22500000 0.45235000
v -1.30000000 -0.22500000 0.45085000
v -1.30000000 -0.22500000 0.45235000
v -1.30000000 0.22500000 0.45085000
v -1.30000000 0.22500000 0.45235000
v -1.30000000 -0.22500000 0.45085000
v -1.30000000 -0.22500000 0.45235000
v -1.30000000 0.22500000 0.45085000
v -1.30000000 0.22500000 0.45235000
v -1.27600000 -0.22500000 0.45085000
v -1.27600000 -0.22500000 0.45235000
v -1.27600000 0.22500000 0.45085000
v -1.27600000 0.22500000 0.45235000
v -0.24700000 0.00850000 0.42500000
v -0.24700000 0.00850000 0.44500000
v -0.24700000 0.01550000 0.42500000
v -0.24700000 0.01550000 0.44500000
v -0.22300000 0.00850000 0.42500000
v -0.22300000 0.00850000 0.44500000
v -0.22300000 0.01550000 0.42500000
v -0.22300000 0.01550000 0.44500000
v -0.24400000 0.01150000 0.44200000
v -0.24400000 0.01150000 0.47800000
v -0.24400000 0.01650000 0.44200000
v -0.24400000 0.01650000 0.47800000
v -0.22600000 0.01150000 0.44200000
v -0.22600000 0.01150000 0.47800000
v -0.22600000 0.01650000 0.44200000
v -0.22600000 0.01650000 0.47800000
v 0.22300000 0.00850000 0.42500000
v 0.22300000 0.00850000 0.44500000
v 0.22300000 0.01550000 0.42500000
v 0.22300000 0.01550000 0.44500000
v 0.24700000 0.00850000 0.42500000
v 0.24700000 0.00850000 0.44500000
v 0.24700000 0.01550000 0.42500000
v 0.24700000 0.01550000 0.44500000
v 0.22600000 0.01150000 0.44200000
v 0.22600000 0.01150000 0.47800000
v 0.22600000 0.01650000 0.44200000
v 0.22600000 0.01650000 0.47800000
v 0.24400000 0.01150000 0.44200000
v 0.24400000 0.01150000 0.47800000
v 0.24400000 0.01650000 0.44200000
v 0.24400000 0.01650000 0.47800000
v 1.09500000 -0.22500000 0.45900000
v 1.09500000 -0.22320000 0.45900000
v 1.50500000 -0.22320000 0.45900000
v 1.50500000 -0.22500000 0.45900000
v 1.09500000 -0.22323459 0.45935116
v 1.50500000 -0.22323459 0.45935116
v 1.09500000 -0.22333702 0.45968883
v 1.50500000 -0.22333702 0.45968883
v 1.09500000 -0.22350335 0.46000003
v 1.50500000 -0.22350335 0.46000003
v 1.09500000 -0.22372721 0.46027279
v 1.50500000 -0.22372721 0.46027279
v 1.09500000 -0.22399997 0.46049665
v 1.50500000 -0.22399997 0.46049665
v 1.09500000 -0.22431117 0.46066298
v 1.50500000 -0.22431117 0.46066298
v 1.09500000 -0.22464884 0.46076541
v 1.50500000 -0.22464884 0.46076541
v 1.09500000 -0.22500000 0.46080000
v 1.50500000 -0.22500000 0.46080000
v 1.09500000 -0.22535116 0.46076541
v 1.50500000 -0.22535116 0.46076541
v 1.09500000 -0.22568883 0.46066298
v 1.50500000 -0.22568883 0.46066298
v 1.09500000 -0.22600003 0.46049665
v 1.50500000 -0.22600003 0.46049665
v 1.09500000 -0.22627279 0.46027279
v 1.50500000 -0.22627279 0.46027279
v 1.09500000 -0.22649665 0.46000003
v 1.50500000 -0.22649665 0.46000003
v 1.09500000 -0.22666298 0.45968883
v 1.50500000 -0.22666298 0.45968883
v 1.09500000 -0.22676541 0.45935116
v 1.50500000 -0.22676541 0.45935116
v 1.09500000 -0.22680000 0.45900000
v 1.50500000 -0.22680000 0.45900000
v 1.09500000 -0.22676541 0.45864884
v 1.50500000 -0.22676541 0.45864884
v 1.09500000 -0.22666298 0.45831117
v 1.50500000 -0.22666298 0.45831117
v 1.09500000 -0.22649665 0.45799997
v 1.50500000 -0.22649665 0.45799997
v 1.09500000 -0.22627279 0.45772721
v 1.50500000 -0.22627279 0.45772721
v 1.09500000 -0.22600003 0.45750335
v 1.50500000 -0.22600003 0.45750335
v 1.09500000 -0.22568883 0.45733702
v 1.50500000 -0.22568883 0.45733702
v 1.09500000 -0.22535116 0.45723459
v 1.50500000 -0.22535116 0.45723459
v 1.09500000 -0.22500000 0.45720000
v 1.50500000 -0.22500000 0.45720000
v 1.09500000 -0.22464884 0.45723459
v 1.50500000 -0.22464884 0.45723459
v 1.09500000 -0.22431117 0.45733702
v 1.50500000 -0.22431117 0.45733702
v 1.09500000 -0.22399997 0.45750335
v 1.50500000 -0.22399997 0.45750335
v 1.09500000 -0.22372721 0.45772721
v 1.50500000 -0.22372721 0.45772721
v 1.09500000 -0.22350335 0.45799997
v 1.50500000 -0.22350335 0.45799997
v 1.09500000 -0.22333702 0.45831117
v 1.50500000 -0.22333702 0.45831117
v 1.09500000 -0.22323459 0.45864884
v 1.50500000 -0.22323459 0.45864884
v 1.48279167 -0.22500000 0.45900000
v 1.48279167 -0.22150000 0.45900000
v 1.50443056 -0.22150000 0.45900000
v 1.50443056 -0.22500000 0.45900000
v 1.48279167 -0.22156725 0.45968282
v 1.50443056 -0.22156725 0.45968282
v 1.48279167 -0.22176642 0.46033939
v 1.50443056 -0.22176642 0.46033939
v 1.48279167 -0.22208986 0.46094450
v 1.50443056 -0.22208986 0.46094450
v 1.48279167 -0.22252513 0.46147487
v 1.50443056 -0.22252513 0.46147487
v 1.48279167 -0.22305550 0.46191014
v 1.50443056 -0.22305550 0.46191014
v 1.48279167 -0.22366061 0.46223358
v 1.50443056 -0.22366061 0.46223358
v 1.48279167 -0.22431718 0.46243275
v 1.50443056 -0.22431718 0.46243275
v 1.48279167 -0.22500000 0.46250000
v 1.50443056 -0.22500000 0.46250000
v 1.48279167 -0.22568282 0.46243275
v 1.50443056 -0.22568282 0.46243275
v 1.48279167 -0.22633939 0.46223358
v 1.50443056 -0.22633939 0.46223358
v 1.48279167 -0.22694450 0.46191014
v 1.50443056 -0.22694450 0.46191014
v 1.48279167 -0.22747487 0.46147487
v 1.50443056 -0.22747487 0.46147487
v 1.48279167 -0.22791014 0.46094450
v 1.50443056 -0.22791014 0.46094450
v 1.48279167 -0.22823358 0.46033939
v 1.50443056 -0.22823358 0.46033939
v 1.48279167 -0.22843275 0.45968282
v 1.50443056 -0.22843275 0.45968282
v 1.48279167 -0.22850000 0.45900000
v 1.50443056 -0.22850000 0.45900000
v 1.48279167 -0.22843275 0.45831718
v 1.50443056 -0.22843275 0.45831718
v 1.48279167 -0.22823358 0.45766061
v 1.50443056 -0.22823358 0.45766061
v 1.48279167 -0.22791014 0.45705550
v 1.50443056 -0.22791014 0.45705550
v 1.48279167 -0.22747487 0.45652513
v 1.50443056 -0.22747487 0.45652513
v 1.48279167 -0.22694450 0.45608986
v 1.50443056 -0.22694450 0.45608986
v 1.48279167 -0.22633939 0.45576642
v 1.50443056 -0.22633939 0.45576642
v 1.48279167 -0.22568282 0.45556725
v 1.50443056 -0.22568282 0.45556725
v 1.48279167 -0.22500000 0.45550000
v 1.50443056 -0.22500000 0.45550000
v 1.48279167 -0.22431718 0.45556725
v 1.50443056 -0.22431718 0.45556725
v 1.48279167 -0.22366061 0.45576642
v 1.50443056 -0.22366061 0.45576642
v 1.48279167 -0.22305550 0.45608986
v 1.50443056 -0.22305550 0.45608986
v 1.48279167 -0.22252513 0.45652513
v 1.50443056 -0.22252513 0.45652513
v 1.48279167 -0.22208986 0.45705550
v 1.50443056 -0.22208986 0.45705550
v 1.48279167 -0.22176642 0.45766061
v 1.50443056 -0.22176642 0.45766061
v 1.48279167 -0.22156725 0.45831718
v 1.50443056 -0.22156725 0.45831718
v 1.46001389 -0.22500000 0.45900000
v 1.46001389 -0.22150000 0.45900000
v 1.48165278 -0.22150000 0.45900000
v 1.48165278 -0.22500000 0.45900000
v 1.46001389 -0.22156725 0.45968282
v 1.48165278 -0.22156725 0.45968282
v 1.46001389 -0.22176642 0.46033939
v 1.48165278 -0.22176642 0.46033939
v 1.46001389 -0.22208986 0.46094450
v 1.48165278 -0.22208986 0.46094450
v 1.46001389 -0.22252513 0.46147487
v 1.48165278 -0.22252513 0.46147487
v 1.46001389 -0.22305550 0.46191014
v 1.48165278 -0.22305550 0.46191014
v 1.46001389 -0.22366061 0.46223358
v 1.48165278 -0.22366061 0.46223358
v 1.46001389 -0.22431718 0.46243275
v 1.48165278 -0.22431718 0.46243275
v 1.46001389 -0.22500000 0.46250000
v 1.48165278 -0.22500000 0.46250000
v 1.46001389 -0.22568282 0.46243275
v 1.48165278 -0.22568282 0.46243275
v 1.46001389 -0.22633939 0.46223358
v 1.48165278 -0.22633939 0.46223358
v 1.46001389 -0.22694450 0.46191014
v 1.48165278 -0.22694450 0.46191014
v 1.46001389 -0.22747487 0.46147487
v 1.48165278 -0.22747487 0.46147487
v 1.46001389 -0.22791014 0.46094450
v 1.48165278 -0.22791014 0.46094450
v 1.46001389 -0.22823358 0.46033939
v 1.48165278 -0.22823358 0.46033939
v 1.46001389 -0.22843275 0.45968282
v 1.48165278 -0.22843275 0.45968282
v 1.46001389 -0.22850000 0.45900000
v 1.48165278 -0.22850000 0.45900000
v 1.46001389 -0.22843275 0.45831718
v 1.48165278 -0.22843275 0.45831718
v 1.46001389 -0.22823358 0.45766061
v 1.48165278 -0.22823358 0.45766061
v 1.46001389 -0.22791014 0.45705550
v 1.48165278 -0.22791014 0.45705550
v 1.46001389 -0.22747487 0.45652513
v 1.48165278 -0.22747487 0.45652513
v 1.46001389 -0.22694450 0.45608986
v 1.48165278 -0.22694450 0.45608986
v 1.46001389 -0.22633939 0.45576642
v 1.48165278 -0.22633939 0.45576642
v 1.46001389 -0.22568282 0.45556725
v 1.48165278 -0.22568282 0.45556725
v 1.46001389 -0.22500000 0.45550000
v 1.48165278 -0.22500000 0.45550000
v 1.46001389 -0.22431718 0.45556725
v 1.48165278 -0.22431718 0.45556725
v 1.46001389 -0.22366061 0.45576642
v 1.48165278 -0.22366061 0.45576642
v 1.46001389 -0.22305550 0.45608986
v 1.48165278 -0.22305550 0.45608986
v 1.46001389 -0.22252513 0.45652513
v 1.48165278 -0.22252513 0.45652513
v 1.46001389 -0.22208986 0.45705550
v 1.48165278 -0.22208986 0.45705550
v 1.46001389 -0.22176642 0.45766061
v 1.48165278 -0.22176642 0.45766061
v 1.46001389 -0.22156725 0.45831718
v 1.48165278 -0.22156725 0.45831718
v 1.43723611 -0.22500000 0.45900000
v 1.43723611 -0.22150000 0.45900000
v 1.45887500 -0.22150000 0.45900000
v 1.45887500 -0.22500000 0.45900000
v 1.43723611 -0.22156725 0.45968282
v 1.45887500 -0.22156725 0.45968282
v 1.43723611 -0.22176642 0.46033939
v 1.45887500 -0.22176642 0.46033939
v 1.43723611 -0.22208986 0.46094450
v 1.45887500 -0.22208986 0.46094450
v 1.43723611 -0.22252513 0.46147487
v 1.45887500 -0.22252513 0.46147487
v 1.43723611 -0.22305550 0.46191014
v 1.45887500 -0.22305550 0.46191014
v 1.43723611 -0.22366061 0.46223358
v 1.45887500 -0.22366061 0.46223358
v 1.43723611 -0.22431718 0.46243275
v 1.45887500 -0.22431718 0.46243275
v 1.43723611 -0.22500000 0.46250000
v 1.45887500 -0.22500000 0.46250000
v 1.43723611 -0.22568282 0.46243275
v 1.45887500 -0.22568282 0.46243275
v 1.43723611 -0.22633939 0.46223358
v 1.45887500 -0.22633939 0.46223358
v 1.43723611 -0.22694450 0.46191014
v 1.45887500 -0.22694450 0.46191014
v 1.43723611 -0.22747487 0.46147487
v 1.45887500 -0.22747487 0.46147487
v 1.43723611 -0.22791014 0.46094450
v 1.45887500 -0.22791014 0.46094450
v 1.43723611 -0.22823358 0.46033939
v 1.45887500 -0.22823358 0.46033939
v 1.43723611 -0.22843275 0.45968282
v 1.45887500 -0.22843275 0.45968282
v 1.43723611 -0.22850000 0.45900000
v 1.45887500 -0.22850000 0.45900000
v 1.43723611 -0.22843275 0.45831718
v 1.45887500 -0.22843275 0.45831718
v 1.43723611 -0.22823358 0.45766061
v 1.45887500 -0.22823358 0.45766061
v 1.43723611 -0.22791014 0.45705550
v 1.45887500 -0.22791014 0.45705550
v 1.43723611 -0.22747487 0.45652513
v 1.45887500 -0.22747487 0.45652513
v 1.43723611 -0.22694450 0.45608986
v 1.45887500 -0.22694450 0.45608986
v 1.43723611 -0.22633939 0.45576642
v 1.45887500 -0.22633939 0.45576642
v 1.43723611 -0.22568282 0.45556725
v 1.45887500 -0.22568282 0.45556725
v 1.43723611 -0.22500000 0.45550000
v 1.45887500 -0.22500000 0.45550000
v 1.43723611 -0.22431718 0.45556725
v 1.45887500 -0.22431718 0.45556725
v 1.43723611 -0.22366061 0.45576642
v 1.45887500 -0.22366061 0.45576642
v 1.43723611 -0.22305550 0.45608986
v 1.45887500 -0.22305550 0.45608986
v 1.43723611 -0.22252513 0.45652513
v 1.45887500 -0.22252513 0.45652513
v 1.43723611 -0.22208986 0.45705550
v 1.45887500 -0.22208986 0.45705550
v 1.43723611 -0.22176642 0.45766061
v 1.45887500 -0.22176642 0.45766061
v 1.43723611 -0.22156725 0.45831718
v 1.45887500 -0.22156725 0.45831718
v 1.41445833 -0.22500000 0.45900000
v 1.41445833 -0.22150000 0.45900000
v 1.43609722 -0.22150000 0.45900000
v 1.43609722 -0.22500000 0.45900000
v 1.41445833 -0.22156725 0.45968282
v 1.43609722 -0.22156725 0.45968282
v 1.41445833 -0.22176642 0.46033939
v 1.43609722 -0.22176642 0.46033939
v 1.41445833 -0.22208986 0.46094450
v 1.43609722 -0.22208986 0.46094450
v 1.41445833 -0.22252513 0.46147487
v 1.43609722 -0.22252513 0.46147487
v 1.41445833 -0.22305550 0.46191014
v 1.43609722 -0.22305550 0.46191014
v 1.41445833 -0.22366061 0.46223358
v 1.43609722 -0.22366061 0.46223358
v 1.41445833 -0.22431718 0.46243275
v 1.43609722 -0.22431718 0.46243275
v 1.41445833 -0.22500000 0.46250000
v 1.43609722 -0.22500000 0.46250000
v 1.41445833 -0.22568282 0.46243275
v 1.43609722 -0.22568282 0.46243275
v 1.41445833 -0.22633939 0.46223358
v 1.43609722 -0.22633939 0.46223358
v 1.41445833 -0.22694450 0.46191014
v 1.43609722 -0.22694450 0.46191014
v 1.41445833 -0.22747487 0.46147487
v 1.43609722 -0.22747487 0.46147487
v 1.41445833 -0.22791014 0.46094450
v 1.43609722 -0.22791014 0.46094450
v 1.41445833 -0.22823358 0.46033939
v 1.43609722 -0.22823358 0.46033939
v 1.41445833 -0.22843275 0.45968282
v 1.43609722 -0.22843275 0.45968282
v 1.41445833 -0.22850000 0.45900000
v 1.43609722 -0.22850000 0.45900000
v 1.41445833 -0.22843275 0.45831718
v 1.43609722 -0.22843275 0.45831718
v 1.41445833 -0.22823358 0.45766061
v 1.43609722 -0.22823358 0.45766061
v 1.41445833 -0.22791014 0.45705550
v 1.43609722 -0.22791014 0.45705550
v 1.41445833 -0.22747487 0.45652513
v 1.43609722 -0.22747487 0.45652513
v 1.41445833 -0.22694450 0.45608986
v 1.43609722 -0.22694450 0.45608986
v 1.41445833 -0.22633939 0.45576642
v 1.43609722 -0.22633939 0.45576642
v 1.41445833 -0.22568282 0.45556725
v 1.43609722 -0.22568282 0.45556725
v 1.41445833 -0.22500000 0.45550000
v 1.43609722 -0.22500000 0.45550000
v 1.41445833 -0.22431718 0.45556725
v 1.43609722 -0.22431718 0.45556725
v 1.41445833 -0.22366061 0.45576642
v 1.43609722 -0.22366061 0.45576642
v 1.41445833 -0.22305550 0.45608986
v 1.43609722 -0.22305550 0.45608986
v 1.41445833 -0.22252513 0.45652513
v 1.43609722 -0.22252513 0.45652513
v 1.41445833 -0.22208986 0.45705550
v 1.43609722 -0.22208986 0.45705550
v 1.41445833 -0.22176642 0.45766061
v 1.43609722 -0.22176642 0.45766061
v 1.41445833 -0.22156725 0.45831718
v 1.43609722 -0.22156725 0.45831718
v 1.39168056 -0.22500000 0.45900000
v 1.39168056 -0.22150000 0.45900000
v 1.41331944 -0.22150000 0.45900000
v 1.41331944 -0.22500000 0.45900000
v 1.39168056 -0.22156725 0.45968282
v 1.41331944 -0.22156725 0.45968282
v 1.39168056 -0.22176642 0.46033939
v 1.41331944 -0.22176642 0.46033939
v 1.39168056 -0.22208986 0.46094450
v 1.41331944 -0.22208986 0.46094450
v 1.39168056 -0.22252513 0.46147487
v 1.41331944 -0.22252513 0.46147487
v 1.39168056 -0.22305550 0.46191014
v 1.41331944 -0.22305550 0.46191014
v 1.39168056 -0.22366061 0.46223358
v 1.41331944 -0.22366061 0.46223358
v 1.39168056 -0.22431718 0.46243275
v 1.41331944 -0.22431718 0.46243275
v 1.39168056 -0.22500000 0.46250000
v 1.41331944 -0.22500000 0.46250000
v 1.39168056 -0.22568282 0.46243275
v 1.41331944 -0.22568282 0.46243275
v 1.39168056 -0.22633939 0.46223358
v 1.41331944 -0.22633939 0.46223358
v 1.39168056 -0.22694450 0.46191014
v 1.41331944 -0.22694450 0.46191014
v 1.39168056 -0.22747487 0.46147487
v 1.41331944 -0.22747487 0.46147487
v 1.39168056 -0.22791014 0.46094450
v 1.41331944 -0.22791014 0.46094450
v 1.39168056 -0.22823358 0.46033939
v 1.41331944 -0.22823358 0.46033939
v 1.39168056 -0.22843275 0.45968282
v 1.41331944 -0.22843275 0.45968282
v 1.39168056 -0.22850000 0.45900000
v 1.41331944 -0.22850000 0.45900000
v 1.39168056 -0.22843275 0.45831718
v 1.41331944 -0.22843275 0.45831718
v 1.39168056 -0.22823358 0.45766061
v 1.41331944 -0.22823358 0.45766061
v 1.39168056 -0.22791014 0.45705550
v 1.41331944 -0.22791014 0.45705550
v 1.39168056 -0.22747487 0.45652513
v 1.41331944 -0.22747487 0.45652513
v 1.39168056 -0.22694450 0.45608986
v 1.41331944 -0.22694450 0.45608986
v 1.39168056 -0.22633939 0.45576642
v 1.41331944 -0.22633939 0.45576642
v 1.39168056 -0.22568282 0.45556725
v 1.41331944 -0.22568282 0.45556725
v 1.39168056 -0.22500000 0.45550000
v 1.41331944 -0.22500000 0.45550000
v 1.39168056 -0.22431718 0.45556725
v 1.41331944 -0.22431718 0.45556725
v 1.39168056 -0.22366061 0.45576642
v 1.41331944 -0.22366061 0.45576642
v 1.39168056 -0.22305550 0.45608986
v 1.41331944 -0.22305550 0.45608986
v 1.39168056 -0.22252513 0.45652513
v 1.41331944 -0.22252513 0.45652513
v 1.39168056 -0.22208986 0.45705550
v 1.41331944 -0.22208986 0.45705550
v 1.39168056 -0.22176642 0.45766061
v 1.41331944 -0.22176642 0.45766061
v 1.39168056 -0.22156725 0.45831718
v 1.41331944 -0.22156725 0.45831718
v 1.36890278 -0.22500000 0.45900000
v 1.36890278 -0.22150000 0.45900000
v 1.39054167 -0.22150000 0.45900000
v 1.39054167 -0.22500000 0.45900000
v 1.36890278 -0.22156725 0.45968282
v 1.39054167 -0.22156725 0.45968282
v 1.36890278 -0.22176642 0.46033939
v 1.39054167 -0.22176642 0.46033939
v 1.36890278 -0.22208986 0.46094450
v 1.39054167 -0.22208986 0.46094450
v 1.36890278 -0.22252513 0.46147487
v 1.39054167 -0.22252513 0.46147487
v 1.36890278 -0.22305550 0.46191014
v 1.39054167 -0.22305550 0.46191014
v 1.36890278 -0.22366061 0.46223358
v 1.39054167 -0.22366061 0.46223358
v 1.36890278 -0.22431718 0.46243275
v 1.39054167 -0.22431718 0.46243275
v 1.36890278 -0.22500000 0.46250000
v 1.39054167 -0.22500000 0.46250000
v 1.36890278 -0.22568282 0.46243275
v 1.39054167 -0.22568282 0.46243275
v 1.36890278 -0.22633939 0.46223358
v 1.39054167 -0.22633939 0.46223358
v 1.36890278 -0.22694450 0.46191014
v 1.39054167 -0.22694450 0.46191014
v 1.36890278 -0.22747487 0.46147487
v 1.39054167 -0.22747487 0.46147487
v 1.36890278 -0.22791014 0.46094450
v 1.39054167 -0.22791014 0.46094450
v 1.36890278 -0.22823358 0.46033939
v 1.39054167 -0.22823358 0.46033939
v 1.36890278 -0.22843275 0.45968282
v 1.39054167 -0.22843275 0.45968282
v 1.36890278 -0.22850000 0.45900000
v 1.39054167 -0.22850000 0.45900000
v 1.36890278 -0.22843275 0.45831718
v 1.39054167 -0.22843275 0.45831718
v 1.36890278 -0.22823358 0.45766061
v 1.39054167 -0.22823358 0.45766061
v 1.36890278 -0.22791014 0.45705550
v 1.39054167 -0.22791014 0.45705550
v 1.36890278 -0.22747487 0.45652513
v 1.39054167 -0.22747487 0.45652513
v 1.36890278 -0.22694450 0.45608986
v 1.39054167 -0.22694450 0.45608986
v 1.36890278 -0.22633939 0.45576642
v 1.39054167 -0.22633939 0.45576642
v 1.36890278 -0.22568282 0.45556725
v 1.39054167 -0.22568282 0.45556725
v 1.36890278 -0.22500000 0.45550000
v 1.39054167 -0.22500000 0.45550000
v 1.36890278 -0.22431718 0.45556725
v 1.39054167 -0.22431718 0.45556725
v 1.36890278 -0.22366061 0.45576642
v 1.39054167 -0.22366061 0.45576642
v 1.36890278 -0.22305550 0.45608986
v 1.39054167 -0.22305550 0.45608986
v 1.36890278 -0.22252513 0.45652513
v 1.39054167 -0.22252513 0.45652513
v 1.36890278 -0.22208986 0.45705550
v 1.39054167 -0.22208986 0.45705550
v 1.36890278 -0.22176642 0.45766061
v 1.39054167 -0.22176642 0.45766061
v 1.36890278 -0.22156725 0.45831718
v 1.39054167 -0.22156725 0.45831718
v 1.34612500 -0.22500000 0.45900000
v 1.34612500 -0.22150000 0.45900000
v 1.36776389 -0.22150000 0.45900000
v 1.36776389 -0.22500000 0.45900000
v 1.34612500 -0.22156725 0.45968282
v 1.36776389 -0.22156725 0.45968282
v 1.34612500 -0.22176642 0.46033939
v 1.36776389 -0.22176642 0.46033939
v 1.34612500 -0.22208986 0.46094450
v 1.36776389 -0.22208986 0.46094450
v 1.34612500 -0.22252513 0.46147487
v 1.36776389 -0.22252513 0.46147487
v 1.34612500 -0.22305550 0.46191014
v 1.36776389 -0.22305550 0.46191014
v 1.34612500 -0.22366061 0.46223358
v 1.36776389 -0.22366061 0.46223358
v 1.34612500 -0.22431718 0.46243275
v 1.36776389 -0.22431718 0.46243275
v 1.34612500 -0.22500000 0.46250000
v 1.36776389 -0.22500000 0.46250000
v 1.34612500 -0.22568282 0.46243275
v 1.36776389 -0.22568282 0.46243275
v 1.34612500 -0.22633939 0.46223358
v 1.36776389 -0.22633939 0.46223358
v 1.34612500 -0.22694450 0.46191014
v 1.36776389 -0.22694450 0.46191014
v 1.34612500 -0.22747487 0.46147487
v 1.36776389 -0.22747487 0.46147487
v 1.34612500 -0.22791014 0.46094450
v 1.36776389 -0.22791014 0.46094450
v 1.34612500 -0.22823358 0.46033939
v 1.36776389 -0.22823358 0.46033939
v 1.34612500 -0.22843275 0.45968282
v 1.36776389 -0.22843275 0.45968282
v 1.34612500 -0.22850000 0.45900000
v 1.36776389 -0.22850000 0.45900000
v 1.34612500 -0.22843275 0.45831718
v 1.36776389 -0.22843275 0.45831718
v 1.34612500 -0.22823358 0.45766061
v 1.36776389 -0.22823358 0.45766061
v 1.34612500 -0.22791014 0.45705550
v 1.36776389 -0.22791014 0.45705550
v 1.34612500 -0.22747487 0.45652513
v 1.36776389 -0.22747487 0.45652513
v 1.34612500 -0.22694450 0.45608986
v 1.36776389 -0.22694450 0.45608986
v 1.34612500 -0.22633939 0.45576642
v 1.36776389 -0.22633939 0.45576642
v 1.34612500 -0.22568282 0.45556725
v 1.36776389 -0.22568282 0.45556725
v 1.34612500 -0.22500000 0.45550000
v 1.36776389 -0.22500000 0.45550000
v 1.34612500 -0.22431718 0.45556725
v 1.36776389 -0.22431718 0.45556725
v 1.34612500 -0.22366061 0.45576642
v 1.36776389 -0.22366061 0.45576642
v 1.34612500 -0.22305550 0.45608986
v 1.36776389 -0.22305550 0.45608986
v 1.34612500 -0.22252513 0.45652513
v 1.36776389 -0.22252513 0.45652513
v 1.34612500 -0.22208986 0.45705550
v 1.36776389 -0.22208986 0.45705550
v 1.34612500 -0.22176642 0.45766061
v 1.36776389 -0.22176642 0.45766061
v 1.34612500 -0.22156725 0.45831718
v 1.36776389 -0.22156725 0.45831718
v 1.32334722 -0.22500000 0.45900000
v 1.32334722 -0.22150000 0.45900000
v 1.34498611 -0.22150000 0.45900000
v 1.34498611 -0.22500000 0.45900000
v 1.32334722 -0.22156725 0.45968282
v 1.34498611 -0.22156725 0.45968282
v 1.32334722 -0.22176642 0.46033939
v 1.34498611 -0.22176642 0.46033939
v 1.32334722 -0.22208986 0.46094450
v 1.34498611 -0.22208986 0.46094450
v 1.32334722 -0.22252513 0.46147487
v 1.34498611 -0.22252513 0.46147487
v 1.32334722 -0.22305550 0.46191014
v 1.34498611 -0.22305550 0.46191014
v 1.32334722 -0.22366061 0.46223358
v 1.34498611 -0.22366061 0.46223358
v 1.32334722 -0.22431718 0.46243275
v 1.34498611 -0.22431718 0.46243275
v 1.32334722 -0.22500000 0.46250000
v 1.34498611 -0.22500000 0.46250000
v 1.32334722 -0.22568282 0.46243275
v 1.34498611 -0.22568282 0.46243275
v 1.32334722 -0.22633939 0.46223358
v 1.34498611 -0.22633939 0.46223358
v 1.32334722 -0.22694450 0.46191014
v 1.34498611 -0.22694450 0.46191014
v 1.32334722 -0.22747487 0.46147487
v 1.34498611 -0.22747487 0.46147487
v 1.32334722 -0.22791014 0.46094450
v 1.34498611 -0.22791014 0.46094450
v 1.32334722 -0.22823358 0.46033939
v 1.34498611 -0.22823358 0.46033939
v 1.32334722 -0.22843275 0.45968282
v 1.34498611 -0.22843275 0.45968282
v 1.32334722 -0.22850000 0.45900000
v 1.34498611 -0.22850000 0.45900000
v 1.32334722 -0.22843275 0.45831718
v 1.34498611 -0.22843275 0.45831718
v 1.32334722 -0.22823358 0.45766061
v 1.34498611 -0.22823358 0.45766061
v 1.32334722 -0.22791014 0.45705550
v 1.34498611 -0.22791014 0.45705550
v 1.32334722 -0.22747487 0.45652513
v 1.34498611 -0.22747487 0.45652513
v 1.32334722 -0.22694450 0.45608986
v 1.34498611 -0.22694450 0.45608986
v 1.32334722 -0.22633939 0.45576642
v 1.34498611 -0.22633939 0.45576642
v 1.32334722 -0.22568282 0.45556725
v 1.34498611 -0.22568282 0.45556725
v 1.32334722 -0.22500000 0.45550000
v 1.34498611 -0.22500000 0.45550000
v 1.32334722 -0.22431718 0.45556725
v 1.34498611 -0.22431718 0.45556725
v 1.32334722 -0.22366061 0.45576642
v 1.34498611 -0.22366061 0.45576642
v 1.32334722 -0.22305550 0.45608986
v 1.34498611 -0.22305550 0.45608986
v 1.32334722 -0.22252513 0.45652513
v 1.34498611 -0.22252513 0.45652513
v 1.32334722 -0.22208986 0.45705550
v 1.34498611 -0.22208986 0.45705550
v 1.32334722 -0.22176642 0.45766061
v 1.34498611 -0.22176642 0.45766061
v 1.32334722 -0.22156725 0.45831718
v 1.34498611 -0.22156725 0.45831718
v 1.30056944 -0.22500000 0.45900000
v 1.30056944 -0.22150000 0.45900000
v 1.32220833 -0.22150000 0.45900000
v 1.32220833 -0.22500000 0.45900000
v 1.30056944 -0.22156725 0.45968282
v 1.32220833 -0.22156725 0.45968282
v 1.30056944 -0.22176642 0.46033939
v 1.32220833 -0.22176642 0.46033939
v 1.30056944 -0.22208986 0.46094450
v 1.32220833 -0.22208986 0.46094450
v 1.30056944 -0.22252513 0.46147487
v 1.32220833 -0.22252513 0.46147487
v 1.30056944 -0.22305550 0.46191014
v 1.32220833 -0.22305550 0.46191014
v 1.30056944 -0.22366061 0.46223358
v 1.32220833 -0.22366061 0.46223358
v 1.30056944 -0.22431718 0.46243275
v 1.32220833 -0.22431718 0.46243275
v 1.30056944 -0.22500000 0.46250000
v 1.32220833 -0.22500000 0.46250000
v 1.30056944 -0.22568282 0.46243275
v 1.32220833 -0.22568282 0.46243275
v 1.30056944 -0.22633939 0.46223358
v 1.32220833 -0.22633939 0.46223358
v 1.30056944 -0.22694450 0.46191014
v 1.32220833 -0.22694450 0.46191014
v 1.30056944 -0.22747487 0.46147487
v 1.32220833 -0.22747487 0.46147487
v 1.30056944 -0.22791014 0.46094450
v 1.32220833 -0.22791014 0.46094450
v 1.30056944 -0.22823358 0.46033939
v 1.32220833 -0.22823358 0.46033939
v 1.30056944 -0.22843275 0.45968282
v 1.32220833 -0.22843275 0.45968282
v 1.30056944 -0.22850000 0.45900000
v 1.32220833 -0.22850000 0.45900000
v 1.30056944 -0.22843275 0.45831718
v 1.32220833 -0.22843275 0.45831718
v 1.30056944 -0.22823358 0.45766061
v 1.32220833 -0.22823358 0.45766061
v 1.30056944 -0.22791014 0.45705550
v 1.32220833 -0.22791014 0.45705550
v 1.30056944 -0.22747487 0.45652513
v 1.32220833 -0.22747487 0.45652513
v 1.30056944 -0.22694450 0.45608986
v 1.32220833 -0.22694450 0.45608986
v 1.30056944 -0.22633939 0.45576642
v 1.32220833 -0.22633939 0.45576642
v 1.30056944 -0.22568282 0.45556725
v 1.32220833 -0.22568282 0.45556725
v 1.30056944 -0.22500000 0.45550000
v 1.32220833 -0.22500000 0.45550000
v 1.30056944 -0.22431718 0.45556725
v 1.32220833 -0.22431718 0.45556725
v 1.30056944 -0.22366061 0.45576642
v 1.32220833 -0.22366061 0.45576642
v 1.30056944 -0.22305550 0.45608986
v 1.32220833 -0.22305550 0.45608986
v 1.30056944 -0.22252513 0.45652513
v 1.32220833 -0.22252513 0.45652513
v 1.30056944 -0.22208986 0.45705550
v 1.32220833 -0.22208986 0.45705550
v 1.30056944 -0.22176642 0.45766061
v 1.32220833 -0.22176642 0.45766061
v 1.30056944 -0.22156725 0.45831718
v 1.32220833 -0.22156725 0.45831718
v 1.27779167 -0.22500000 0.45900000
v 1.27779167 -0.22150000 0.45900000
v 1.29943056 -0.22150000 0.45900000
v 1.29943056 -0.22500000 0.45900000
v 1.27779167 -0.22156725 0.45968282
v 1.29943056 -0.22156725 0.45968282
v 1.27779167 -0.22176642 0.46033939
v 1.29943056 -0.22176642 0.46033939
v 1.27779167 -0.22208986 0.46094450
v 1.29943056 -0.22208986 0.46094450
v 1.27779167 -0.22252513 0.46147487
v 1.29943056 -0.22252513 0.46147487
v 1.27779167 -0.22305550 0.46191014
v 1.29943056 -0.22305550 0.46191014
v 1.27779167 -0.22366061 0.46223358
v 1.29943056 -0.22366061 0.46223358
v 1.27779167 -0.22431718 0.46243275
v 1.29943056 -0.22431718 0.46243275
v 1.27779167 -0.22500000 0.46250000
v 1.29943056 -0.22500000 0.46250000
v 1.27779167 -0.22568282 0.46243275
v 1.29943056 -0.22568282 0.46243275
v 1.27779167 -0.22633939 0.46223358
v 1.29943056 -0.22633939 0.46223358
v 1.27779167 -0.22694450 0.46191014
v 1.29943056 -0.22694450 0.46191014
v 1.27779167 -0.22747487 0.46147487
v 1.29943056 -0.22747487 0.46147487
v 1.27779167 -0.22791014 0.46094450
v 1.29943056 -0.22791014 0.46094450
v 1.27779167 -0.22823358 0.46033939
v 1.29943056 -0.22823358 0.46033939
v 1.27779167 -0.22843275 0.45968282
v 1.29943056 -0.22843275 0.45968282
v 1.27779167 -0.22850000 0.45900000
v 1.29943056 -0.22850000 0.45900000
v 1.27779167 -0.22843275 0.45831718
v 1.29943056 -0.22843275 0.45831718
v 1.27779167 -0.22823358 0.45766061
v 1.29943056 -0.22823358 0.45766061
v 1.27779167 -0.22791014 0.45705550
v 1.29943056 -0.22791014 0.45705550
v 1.27779167 -0.22747487 0.45652513
v 1.29943056 -0.22747487 0.45652513
v 1.27779167 -0.22694450 0.45608986
v 1.29943056 -0.22694450 0.45608986
v 1.27779167 -0.22633939 0.45576642
v 1.29943056 -0.22633939 0.45576642
v 1.27779167 -0.22568282 0.45556725
v 1.29943056 -0.22568282 0.45556725
v 1.27779167 -0.22500000 0.45550000
v 1.29943056 -0.22500000 0.45550000
v 1.27779167 -0.22431718 0.45556725
v 1.29943056 -0.22431718 0.45556725
v 1.27779167 -0.22366061 0.45576642
v 1.29943056 -0.22366061 0.45576642
v 1.27779167 -0.22305550 0.45608986
v 1.29943056 -0.22305550 0.45608986
v 1.27779167 -0.22252513 0.45652513
v 1.29943056 -0.22252513 0.45652513
v 1.27779167 -0.22208986 0.45705550
v 1.29943056 -0.22208986 0.45705550
v 1.27779167 -0.22176642 0.45766061
v 1.29943056 -0.22176642 0.45766061
v 1.27779167 -0.22156725 0.45831718
v 1.29943056 -0.22156725 0.45831718
v 1.25501389 -0.22500000 0.45900000
v 1.25501389 -0.22150000 0.45900000
v 1.27665278 -0.22150000 0.45900000
v 1.27665278 -0.22500000 0.45900000
v 1.25501389 -0.22156725 0.45968282
v 1.27665278 -0.22156725 0.45968282
v 1.25501389 -0.22176642 0.46033939
v 1.27665278 -0.22176642 0.46033939
v 1.25501389 -0.22208986 0.46094450
v 1.27665278 -0.22208986 0.46094450
v 1.25501389 -0.22252513 0.46147487
v 1.27665278 -0.22252513 0.46147487
v 1.25501389 -0.22305550 0.46191014
v 1.27665278 -0.22305550 0.46191014
v 1.25501389 -0.22366061 0.46223358
v 1.27665278 -0.22366061 0.46223358
v 1.25501389 -0.22431718 0.46243275
v 1.27665278 -0.22431718 0.46243275
v 1.25501389 -0.22500000 0.46250000
v 1.27665278 -0.22500000 0.46250000
v 1.25501389 -0.22568282 0.46243275
v 1.27665278 -0.22568282 0.46243275
v 1.25501389 -0.22633939 0.46223358
v 1.27665278 -0.22633939 0.46223358
v 1.25501389 -0.22694450 0.46191014
v 1.27665278 -0.22694450 0.46191014
v 1.25501389 -0.22747487 0.46147487
v 1.27665278 -0.22747487 0.46147487
v 1.25501389 -0.22791014 0.46094450
v 1.27665278 -0.22791014 0.46094450
v 1.25501389 -0.22823358 0.46033939
v 1.27665278 -0.22823358 0.46033939
v 1.25501389 -0.22843275 0.45968282
v 1.27665278 -0.22843275 0.45968282
v 1.25501389 -0.22850000 0.45900000
v 1.27665278 -0.22850000 0.45900000
v 1.25501389 -0.22843275 0.45831718
v 1.27665278 -0.22843275 0.45831718
v 1.25501389 -0.22823358 0.45766061
v 1.27665278 -0.22823358 0.45766061
v 1.25501389 -0.22791014 0.45705550
v 1.27665278 -0.22791014 0.45705550
v 1.25501389 -0.22747487 0.45652513
v 1.27665278 -0.22747487 0.45652513
v 1.25501389 -0.22694450 0.45608986
v 1.27665278 -0.22694450 0.45608986
v 1.25501389 -0.22633939 0.45576642
v 1.27665278 -0.22633939 0.45576642
v 1.25501389 -0.22568282 0.45556725
v 1.27665278 -0.22568282 0.45556725
v 1.25501389 -0.22500000 0.45550000
v 1.27665278 -0.22500000 0.45550000
v 1.25501389 -0.22431718 0.45556725
v 1.27665278 -0.22431718 0.45556725
v 1.25501389 -0.22366061 0.45576642
v 1.27665278 -0.22366061 0.45576642
v 1.25501389 -0.22305550 0.45608986
v 1.27665278 -0.22305550 0.45608986
v 1.25501389 -0.22252513 0.45652513
v 1.27665278 -0.22252513 0.45652513
v 1.25501389 -0.22208986 0.45705550
v 1.27665278 -0.22208986 0.45705550
v 1.25501389 -0.22176642 0.45766061
v 1.27665278 -0.22176642 0.45766061
v 1.25501389 -0.22156725 0.45831718
v 1.27665278 -0.22156725 0.45831718
v 1.23223611 -0.22500000 0.45900000
v 1.23223611 -0.22150000 0.45900000
v 1.25387500 -0.22150000 0.45900000
v 1.25387500 -0.22500000 0.45900000
v 1.23223611 -0.22156725 0.45968282
v 1.25387500 -0.22156725 0.45968282
v 1.23223611 -0.22176642 0.46033939
v 1.25387500 -0.22176642 0.46033939
v 1.23223611 -0.22208986 0.46094450
v 1.25387500 -0.22208986 0.46094450
v 1.23223611 -0.22252513 0.46147487
v 1.25387500 -0.22252513 0.46147487
v 1.23223611 -0.22305550 0.46191014
v 1.25387500 -0.22305550 0.46191014
v 1.23223611 -0.22366061 0.46223358
v 1.25387500 -0.22366061 0.46223358
v 1.23223611 -0.22431718 0.46243275
v 1.25387500 -0.22431718 0.46243275
v 1.23223611 -0.22500000 0.46250000
v 1.25387500 -0.22500000 0.46250000
v 1.23223611 -0.22568282 0.46243275
v 1.25387500 -0.22568282 0.46243275
v 1.23223611 -0.22633939 0.46223358
v 1.25387500 -0.22633939 0.46223358
v 1.23223611 -0.22694450 0.46191014
v 1.25387500 -0.22694450 0.46191014
v 1.23223611 -0.22747487 0.46147487
v 1.25387500 -0.22747487 0.46147487
v 1.23223611 -0.22791014 0.46094450
v 1.25387500 -0.22791014 0.46094450
v 1.23223611 -0.22823358 0.46033939
v 1.25387500 -0.22823358 0.46033939
v 1.23223611 -0.22843275 0.45968282
v 1.25387500 -0.22843275 0.45968282
v 1.23223611 -0.22850000 0.45900000
v 1.25387500 -0.22850000 0.45900000
v 1.23223611 -0.22843275 0.45831718
v 1.25387500 -0.22843275 0.45831718
v 1.23223611 -0.22823358 0.45766061
v 1.25387500 -0.22823358 0.45766061
v 1.23223611 -0.22791014 0.45705550
v 1.25387500 -0.22791014 0.45705550
v 1.23223611 -0.22747487 0.45652513
v 1.25387500 -0.22747487 0.45652513
v 1.23223611 -0.22694450 0.45608986
v 1.25387500 -0.22694450 0.45608986
v 1.23223611 -0.22633939 0.45576642
v 1.25387500 -0.22633939 0.45576642
v 1.23223611 -0.22568282 0.45556725
v 1.25387500 -0.22568282 0.45556725
v 1.23223611 -0.22500000 0.45550000
v 1.25387500 -0.22500000 0.45550000
v 1.23223611 -0.22431718 0.45556725
v 1.25387500 -0.22431718 0.45556725
v 1.23223611 -0.22366061 0.45576642
v 1.25387500 -0.22366061 0.45576642
v 1.23223611 -0.22305550 0.45608986
v 1.25387500 -0.22305550 0.45608986
v 1.23223611 -0.22252513 0.45652513
v 1.25387500 -0.22252513 0.45652513
v 1.23223611 -0.22208986 0.45705550
v 1.25387500 -0.22208986 0.45705550
v 1.23223611 -0.22176642 0.45766061
v 1.25387500 -0.22176642 0.45766061
v 1.23223611 -0.22156725 0.45831718
v 1.25387500 -0.22156725 0.45831718
v 1.20945833 -0.22500000 0.45900000
v 1.20945833 -0.22150000 0.45900000
v 1.23109722 -0.22150000 0.45900000
v 1.23109722 -0.22500000 0.45900000
v 1.20945833 -0.22156725 0.45968282
v 1.23109722 -0.22156725 0.45968282
v 1.20945833 -0.22176642 0.46033939
v 1.23109722 -0.22176642 0.46033939
v 1.20945833 -0.22208986 0.46094450
v 1.23109722 -0.22208986 0.46094450
v 1.20945833 -0.22252513 0.46147487
v 1.23109722 -0.22252513 0.46147487
v 1.20945833 -0.22305550 0.46191014
v 1.23109722 -0.22305550 0.46191014
v 1.20945833 -0.22366061 0.46223358
v 1.23109722 -0.22366061 0.46223358
v 1.20945833 -0.22431718 0.46243275
v 1.23109722 -0.22431718 0.46243275
v 1.20945833 -0.22500000 0.46250000
v 1.23109722 -0.22500000 0.46250000
v 1.20945833 -0.22568282 0.46243275
v 1.23109722 -0.22568282 0.46243275
v 1.20945833 -0.22633939 0.46223358
v 1.23109722 -0.22633939 0.46223358
v 1.20945833 -0.22694450 0.46191014
v 1.23109722 -0.22694450 0.46191014
v 1.20945833 -0.22747487 0.46147487
v 1.23109722 -0.22747487 0.46147487
v 1.20945833 -0.22791014 0.46094450
v 1.23109722 -0.22791014 0.46094450
v 1.20945833 -0.22823358 0.46033939
v 1.23109722 -0.22823358 0.46033939
v 1.20945833 -0.22843275 0.45968282
v 1.23109722 -0.22843275 0.45968282
v 1.20945833 -0.22850000 0.45900000
v 1.23109722 -0.22850000 0.45900000
v 1.20945833 -0.22843275 0.45831718
v 1.23109722 -0.22843275 0.45831718
v 1.20945833 -0.22823358 0.45766061
v 1.23109722 -0.22823358 0.45766061
v 1.20945833 -0.22791014 0.45705550
v 1.23109722 -0.22791014 0.45705550
v 1.20945833 -0.22747487 0.45652513
v 1.23109722 -0.22747487 0.45652513
v 1.20945833 -0.22694450 0.45608986
v 1.23109722 -0.22694450 0.45608986
v 1.20945833 -0.22633939 0.45576642
v 1.23109722 -0.22633939 0.45576642
v 1.20945833 -0.22568282 0.45556725
v 1.23109722 -0.22568282 0.45556725
v 1.20945833 -0.22500000 0.45550000
v 1.23109722 -0.22500000 0.45550000
v 1.20945833 -0.22431718 0.45556725
v 1.23109722 -0.22431718 0.45556725
v 1.20945833 -0.22366061 0.45576642
v 1.23109722 -0.22366061 0.45576642
v 1.20945833 -0.22305550 0.45608986
v 1.23109722 -0.22305550 0.45608986
v 1.20945833 -0.22252513 0.45652513
v 1.23109722 -0.22252513 0.45652513
v 1.20945833 -0.22208986 0.45705550
v 1.23109722 -0.22208986 0.45705550
v 1.20945833 -0.22176642 0.45766061
v 1.23109722 -0.22176642 0.45766061
v 1.20945833 -0.22156725 0.45831718
v 1.23109722 -0.22156725 0.45831718
v 1.18668056 -0.22500000 0.45900000
v 1.18668056 -0.22150000 0.45900000
v 1.20831944 -0.22150000 0.45900000
v 1.20831944 -0.22500000 0.45900000
v 1.18668056 -0.22156725 0.45968282
v 1.20831944 -0.22156725 0.45968282
v 1.18668056 -0.22176642 0.46033939
v 1.20831944 -0.22176642 0.46033939
v 1.18668056 -0.22208986 0.46094450
v 1.20831944 -0.22208986 0.46094450
v 1.18668056 -0.22252513 0.46147487
v 1.20831944 -0.22252513 0.46147487
v 1.18668056 -0.22305550 0.46191014
v 1.20831944 -0.22305550 0.46191014
v 1.18668056 -0.22366061 0.46223358
v 1.20831944 -0.22366061 0.46223358
v 1.18668056 -0.22431718 0.46243275
v 1.20831944 -0.22431718 0.46243275
v 1.18668056 -0.22500000 0.46250000
v 1.20831944 -0.22500000 0.46250000
v 1.18668056 -0.22568282 0.46243275
v 1.20831944 -0.22568282 0.46243275
v 1.18668056 -0.22633939 0.46223358
v 1.20831944 -0.22633939 0.46223358
v 1.18668056 -0.22694450 0.46191014
v 1.20831944 -0.22694450 0.46191014
v 1.18668056 -0.22747487 0.46147487
v 1.20831944 -0.22747487 0.46147487
v 1.18668056 -0.22791014 0.46094450
v 1.20831944 -0.22791014 0.46094450
v 1.18668056 -0.22823358 0.46033939
v 1.20831944 -0.22823358 0.46033939
v 1.18668056 -0.22843275 0.45968282
v 1.20831944 -0.22843275 0.45968282
v 1.18668056 -0.22850000 0.45900000
v 1.20831944 -0.22850000 0.45900000
v 1.18668056 -0.22843275 0.45831718
v 1.20831944 -0.22843275 0.45831718
v 1.18668056 -0.22823358 0.45766061
v 1.20831944 -0.22823358 0.45766061
v 1.18668056 -0.22791014 0.45705550
v 1.20831944 -0.22791014 0.45705550
v 1.18668056 -0.22747487 0.45652513
v 1.20831944 -0.22747487 0.45652513
v 1.18668056 -0.22694450 0.45608986
v 1.20831944 -0.22694450 0.45608986
v 1.18668056 -0.22633939 0.45576642
v 1.20831944 -0.22633939 0.45576642
v 1.18668056 -0.22568282 0.45556725
v 1.20831944 -0.22568282 0.45556725
v 1.18668056 -0.22500000 0.45550000
v 1.20831944 -0.22500000 0.45550000
v 1.18668056 -0.22431718 0.45556725
v 1.20831944 -0.22431718 0.45556725
v 1.18668056 -0.22366061 0.45576642
v 1.20831944 -0.22366061 0.45576642
v 1.18668056 -0.22305550 0.45608986
v 1.20831944 -0.22305550 0.45608986
v 1.18668056 -0.22252513 0.45652513
v 1.20831944 -0.22252513 0.45652513
v 1.18668056 -0.22208986 0.45705550
v 1.20831944 -0.22208986 0.45705550
v 1.18668056 -0.22176642 0.45766061
v 1.20831944 -0.22176642 0.45766061
v 1.18668056 -0.22156725 0.45831718
v 1.20831944 -0.22156725 0.45831718
v 1.16390278 -0.22500000 0.45900000
v 1.16390278 -0.22150000 0.45900000
v 1.18554167 -0.22150000 0.45900000
v 1.18554167 -0.22500000 0.45900000
v 1.16390278 -0.22156725 0.45968282
v 1.18554167 -0.22156725 0.45968282
v 1.16390278 -0.22176642 0.46033939
v 1.18554167 -0.22176642 0.46033939
v 1.16390278 -0.22208986 0.46094450
v 1.18554167 -0.22208986 0.46094450
v 1.16390278 -0.22252513 0.46147487
v 1.18554167 -0.22252513 0.46147487
v 1.16390278 -0.22305550 0.46191014
v 1.18554167 -0.22305550 0.46191014
v 1.16390278 -0.22366061 0.46223358
v 1.18554167 -0.22366061 0.46223358
v 1.16390278 -0.22431718 0.46243275
v 1.18554167 -0.22431718 0.46243275
v 1.16390278 -0.22500000 0.46250000
v 1.18554167 -0.22500000 0.46250000
v 1.16390278 -0.22568282 0.46243275
v 1.18554167 -0.22568282 0.46243275
v 1.16390278 -0.22633939 0.46223358
v 1.18554167 -0.22633939 0.46223358
v 1.16390278 -0.22694450 0.46191014
v 1.18554167 -0.22694450 0.46191014
v 1.16390278 -0.22747487 0.46147487
v 1.18554167 -0.22747487 0.46147487
v 1.16390278 -0.22791014 0.46094450
v 1.18554167 -0.22791014 0.46094450
v 1.16390278 -0.22823358 0.46033939
v 1.18554167 -0.22823358 0.46033939
v 1.16390278 -0.22843275 0.45968282
v 1.18554167 -0.22843275 0.45968282
v 1.16390278 -0.22850000 0.45900000
v 1.18554167 -0.22850000 0.45900000
v 1.16390278 -0.22843275 0.45831718
v 1.18554167 -0.22843275 0.45831718
v 1.16390278 -0.22823358 0.45766061
v 1.18554167 -0.22823358 0.45766061
v 1.16390278 -0.22791014 0.45705550
v 1.18554167 -0.22791014 0.45705550
v 1.16390278 -0.22747487 0.45652513
v 1.18554167 -0.22747487 0.45652513
v 1.16390278 -0.22694450 0.45608986
v 1.18554167 -0.22694450 0.45608986
v 1.16390278 -0.22633939 0.45576642
v 1.18554167 -0.22633939 0.45576642
v 1.16390278 -0.22568282 0.45556725
v 1.18554167 -0.22568282 0.45556725
v 1.16390278 -0.22500000 0.45550000
v 1.18554167 -0.22500000 0.45550000
v 1.16390278 -0.22431718 0.45556725
v 1.18554167 -0.22431718 0.45556725
v 1.16390278 -0.22366061 0.45576642
v 1.18554167 -0.22366061 0.45576642
v 1.16390278 -0.22305550 0.45608986
v 1.18554167 -0.22305550 0.45608986
v 1.16390278 -0.22252513 0.45652513
v 1.18554167 -0.22252513 0.45652513
v 1.16390278 -0.22208986 0.45705550
v 1.18554167 -0.22208986 0.45705550
v 1.16390278 -0.22176642 0.45766061
v 1.18554167 -0.22176642 0.45766061
v 1.16390278 -0.22156725 0.45831718
v 1.18554167 -0.22156725 0.45831718
v 1.14112500 -0.22500000 0.45900000
v 1.14112500 -0.22150000 0.45900000
v 1.16276389 -0.22150000 0.45900000
v 1.16276389 -0.22500000 0.45900000
v 1.14112500 -0.22156725 0.45968282
v 1.16276389 -0.22156725 0.45968282
v 1.14112500 -0.22176642 0.46033939
v 1.16276389 -0.22176642 0.46033939
v 1.14112500 -0.22208986 0.46094450
v 1.16276389 -0.22208986 0.46094450
v 1.14112500 -0.22252513 0.46147487
v 1.16276389 -0.22252513 0.46147487
v 1.14112500 -0.22305550 0.46191014
v 1.16276389 -0.22305550 0.46191014
v 1.14112500 -0.22366061 0.46223358
v 1.16276389 -0.22366061 0.46223358
v 1.14112500 -0.22431718 0.46243275
v 1.16276389 -0.22431718 0.46243275
v 1.14112500 -0.22500000 0.46250000
v 1.16276389 -0.22500000 0.46250000
v 1.14112500 -0.22568282 0.46243275
v 1.16276389 -0.22568282 0.46243275
v 1.14112500 -0.22633939 0.46223358
v 1.16276389 -0.22633939 0.46223358
v 1.14112500 -0.22694450 0.46191014
v 1.16276389 -0.22694450 0.46191014
v 1.14112500 -0.22747487 0.46147487
v 1.16276389 -0.22747487 0.46147487
v 1.14112500 -0.22791014 0.46094450
v 1.16276389 -0.22791014 0.46094450
v 1.14112500 -0.22823358 0.46033939
v 1.16276389 -0.22823358 0.46033939
v 1.14112500 -0.22843275 0.45968282
v 1.16276389 -0.22843275 0.45968282
v 1.14112500 -0.22850000 0.45900000
v 1.16276389 -0.22850000 0.45900000
v 1.14112500 -0.22843275 0.45831718
v 1.16276389 -0.22843275 0.45831718
v 1.14112500 -0.22823358 0.45766061
v 1.16276389 -0.22823358 0.45766061
v 1.14112500 -0.22791014 0.45705550
v 1.16276389 -0.22791014 0.45705550
v 1.14112500 -0.22747487 0.45652513
v 1.16276389 -0.22747487 0.45652513
v 1.14112500 -0.22694450 0.45608986
v 1.16276389 -0.22694450 0.45608986
v 1.14112500 -0.22633939 0.45576642
v 1.16276389 -0.22633939 0.45576642
v 1.14112500 -0.22568282 0.45556725
v 1.16276389 -0.22568282 0.45556725
v 1.14112500 -0.22500000 0.45550000
v 1.16276389 -0.22500000 0.45550000
v 1.14112500 -0.22431718 0.45556725
v 1.16276389 -0.22431718 0.45556725
v 1.14112500 -0.22366061 0.45576642
v 1.16276389 -0.22366061 0.45576642
v 1.14112500 -0.22305550 0.45608986
v 1.16276389 -0.22305550 0.45608986
v 1.14112500 -0.22252513 0.45652513
v 1.16276389 -0.22252513 0.45652513
v 1.14112500 -0.22208986 0.45705550
v 1.16276389 -0.22208986 0.45705550
v 1.14112500 -0.22176642 0.45766061
v 1.16276389 -0.22176642 0.45766061
v 1.14112500 -0.22156725 0.45831718
v 1.16276389 -0.22156725 0.45831718
v 1.11834722 -0.22500000 0.45900000
v 1.11834722 -0.22150000 0.45900000
v 1.13998611 -0.22150000 0.45900000
v 1.13998611 -0.22500000 0.45900000
v 1.11834722 -0.22156725 0.45968282
v 1.13998611 -0.22156725 0.45968282
v 1.11834722 -0.22176642 0.46033939
v 1.13998611 -0.22176642 0.46033939
v 1.11834722 -0.22208986 0.46094450
v 1.13998611 -0.22208986 0.46094450
v 1.11834722 -0.22252513 0.46147487
v 1.13998611 -0.22252513 0.46147487
v 1.11834722 -0.22305550 0.46191014
v 1.13998611 -0.22305550 0.46191014
v 1.11834722 -0.22366061 0.46223358
v 1.13998611 -0.22366061 0.46223358
v 1.11834722 -0.22431718 0.46243275
v 1.13998611 -0.22431718 0.46243275
v 1.11834722 -0.22500000 0.46250000
v 1.13998611 -0.22500000 0.46250000
v 1.11834722 -0.22568282 0.46243275
v 1.13998611 -0.22568282 0.46243275
v 1.11834722 -0.22633939 0.46223358
v 1.13998611 -0.22633939 0.46223358
v 1.11834722 -0.22694450 0.46191014
v 1.13998611 -0.22694450 0.46191014
v 1.11834722 -0.22747487 0.46147487
v 1.13998611 -0.22747487 0.46147487
v 1.11834722 -0.22791014 0.46094450
v 1.13998611 -0.22791014 0.46094450
v 1.11834722 -0.22823358 0.46033939
v 1.13998611 -0.22823358 0.46033939
v 1.11834722 -0.22843275 0.45968282
v 1.13998611 -0.22843275 0.45968282
v 1.11834722 -0.22850000 0.45900000
v 1.13998611 -0.22850000 0.45900000
v 1.11834722 -0.22843275 0.45831718
v 1.13998611 -0.22843275 0.45831718
v 1.11834722 -0.22823358 0.45766061
v 1.13998611 -0.22823358 0.45766061
v 1.11834722 -0.22791014 0.45705550
v 1.13998611 -0.22791014 0.45705550
v 1.11834722 -0.22747487 0.45652513
v 1.13998611 -0.22747487 0.45652513
v 1.11834722 -0.22694450 0.45608986
v 1.13998611 -0.22694450 0.45608986
v 1.11834722 -0.22633939 0.45576642
v 1.13998611 -0.22633939 0.45576642
v 1.11834722 -0.22568282 0.45556725
v 1.13998611 -0.22568282 0.45556725
v 1.11834722 -0.22500000 0.45550000
v 1.13998611 -0.22500000 0.45550000
v 1.11834722 -0.22431718 0.45556725
v 1.13998611 -0.22431718 0.45556725
v 1.11834722 -0.22366061 0.45576642
v 1.13998611 -0.22366061 0.45576642
v 1.11834722 -0.22305550 0.45608986
v 1.13998611 -0.22305550 0.45608986
v 1.11834722 -0.22252513 0.45652513
v 1.13998611 -0.22252513 0.45652513
v 1.11834722 -0.22208986 0.45705550
v 1.13998611 -0.22208986 0.45705550
v 1.11834722 -0.22176642 0.45766061
v 1.13998611 -0.22176642 0.45766061
v 1.11834722 -0.22156725 0.45831718
v 1.13998611 -0.22156725 0.45831718
v 1.09556944 -0.22500000 0.45900000
v 1.09556944 -0.22150000 0.45900000
v 1.11720833 -0.22150000 0.45900000
v 1.11720833 -0.22500000 0.45900000
v 1.09556944 -0.22156725 0.45968282
v 1.11720833 -0.22156725 0.45968282
v 1.09556944 -0.22176642 0.46033939
v 1.11720833 -0.22176642 0.46033939
v 1.09556944 -0.22208986 0.46094450
v 1.11720833 -0.22208986 0.46094450
v 1.09556944 -0.22252513 0.46147487
v 1.11720833 -0.22252513 0.46147487
v 1.09556944 -0.22305550 0.46191014
v 1.11720833 -0.22305550 0.46191014
v 1.09556944 -0.22366061 0.46223358
v 1.11720833 -0.22366061 0.46223358
v 1.09556944 -0.22431718 0.46243275
v 1.11720833 -0.22431718 0.46243275
v 1.09556944 -0.22500000 0.46250000
v 1.11720833 -0.22500000 0.46250000
v 1.09556944 -0.22568282 0.46243275
v 1.11720833 -0.22568282 0.46243275
v 1.09556944 -0.22633939 0.46223358
v 1.11720833 -0.22633939 0.46223358
v 1.09556944 -0.22694450 0.46191014
v 1.11720833 -0.22694450 0.46191014
v 1.09556944 -0.22747487 0.46147487
v 1.11720833 -0.22747487 0.46147487
v 1.09556944 -0.22791014 0.46094450
v 1.11720833 -0.22791014 0.46094450
v 1.09556944 -0.22823358 0.46033939
v 1.11720833 -0.22823358 0.46033939
v 1.09556944 -0.22843275 0.45968282
v 1.11720833 -0.22843275 0.45968282
v 1.09556944 -0.22850000 0.45900000
v 1.11720833 -0.22850000 0.45900000
v 1.09556944 -0.22843275 0.45831718
v 1.11720833 -0.22843275 0.45831718
v 1.09556944 -0.22823358 0.45766061
v 1.11720833 -0.22823358 0.45766061
v 1.09556944 -0.22791014 0.45705550
v 1.11720833 -0.22791014 0.45705550
v 1.09556944 -0.22747487 0.45652513
v 1.11720833 -0.22747487 0.45652513
v 1.09556944 -0.22694450 0.45608986
v 1.11720833 -0.22694450 0.45608986
v 1.09556944 -0.22633939 0.45576642
v 1.11720833 -0.22633939 0.45576642
v 1.09556944 -0.22568282 0.45556725
v 1.11720833 -0.22568282 0.45556725
v 1.09556944 -0.22500000 0.45550000
v 1.11720833 -0.22500000 0.45550000
v 1.09556944 -0.22431718 0.45556725
v 1.11720833 -0.22431718 0.45556725
v 1.09556944 -0.22366061 0.45576642
v 1.11720833 -0.22366061 0.45576642
v 1.09556944 -0.22305550 0.45608986
v 1.11720833 -0.22305550 0.45608986
v 1.09556944 -0.22252513 0.45652513
v 1.11720833 -0.22252513 0.45652513
v 1.09556944 -0.22208986 0.45705550
v 1.11720833 -0.22208986 0.45705550
v 1.09556944 -0.22176642 0.45766061
v 1.11720833 -0.22176642 0.45766061
v 1.09556944 -0.22156725 0.45831718
v 1.11720833 -0.22156725 0.45831718
v 1.50500000 -0.24900000 0.45685000
v 1.50500000 -0.24900000 0.45835000
v 1.09500000 -0.24900000 0.45685000
v 1.09500000 -0.24900000 0.45835000
v 1.50500000 -0.22500000 0.45685000
v 1.50500000 -0.22500000 0.45835000
v 1.09500000 -0.22500000 0.45685000
v 1.09500000 -0.22500000 0.45835000
v 1.50500000 -0.22500000 0.45685000
v 1.50500000 -0.22500000 0.45835000
v 1.09500000 -0.22500000 0.45685000
v 1.09500000 -0.22500000 0.45835000
v 1.50500000 -0.20100000 0.45685000
v 1.50500000 -0.20100000 0.45835000
v 1.09500000 -0.20100000 0.45685000
v 1.09500000 -0.20100000 0.45835000
v 1.11000000 -0.33618202 0.38492349
v 1.11000000 -0.26538095 0.47554473
v 1.11000000 -0.33381798 0.38307651
v 1.11000000 -0.26301691 0.47369774
v 1.12400000 -0.33618202 0.38492349
v 1.12400000 -0.26538095 0.47554473
v 1.12400000 -0.33381798 0.38307651
v 1.12400000 -0.26301691 0.47369774
v 1.11000000 -0.26569893 0.47462124
v 1.11000000 -0.26569893 0.58962124
v 1.11000000 -0.26269893 0.47462124
v 1.11000000 -0.26269893 0.58962124
v 1.12400000 -0.26569893 0.47462124
v 1.12400000 -0.26569893 0.58962124
v 1.12400000 -0.26269893 0.47462124
v 1.12400000 -0.26269893 0.58962124
v 1.11250000 -0.26419893 0.47462124
v 1.11250000 -0.26666158 0.47146919
v 1.12150000 -0.26666158 0.47146919
v 1.12150000 -0.26419893 0.47462124
v 1.11250000 -0.26599932 0.47104932
v 1.12150000 -0.26599932 0.47104932
v 1.11250000 -0.26526788 0.47076671
v 1.12150000 -0.26526788 0.47076671
v 1.11250000 -0.26449536 0.47063224
v 1.12150000 -0.26449536 0.47063224
v 1.11250000 -0.26371145 0.47065105
v 1.12150000 -0.26371145 0.47065105
v 1.11250000 -0.26294628 0.47082244
v 1.12150000 -0.26294628 0.47082244
v 1.11250000 -0.26222924 0.47113981
v 1.12150000 -0.26222924 0.47113981
v 1.11250000 -0.26158789 0.47159098
v 1.12150000 -0.26158789 0.47159098
v 1.11250000 -0.26104689 0.47215859
v 1.12150000 -0.26104689 0.47215859
v 1.11250000 -0.26062701 0.47282084
v 1.12150000 -0.26062701 0.47282084
v 1.11250000 -0.26034441 0.47355228
v 1.12150000 -0.26034441 0.47355228
v 1.11250000 -0.26020993 0.47432480
v 1.12150000 -0.26020993 0.47432480
v 1.11250000 -0.26022875 0.47510871
v 1.12150000 -0.26022875 0.47510871
v 1.11250000 -0.26040013 0.47587389
v 1.12150000 -0.26040013 0.47587389
v 1.11250000 -0.26071751 0.47659093
v 1.12150000 -0.26071751 0.47659093
v 1.11250000 -0.26116867 0.47723228
v 1.12150000 -0.26116867 0.47723228
v 1.11250000 -0.26173628 0.47777328
v 1.12150000 -0.26173628 0.47777328
v 1.11250000 -0.26239854 0.47819315
v 1.12150000 -0.26239854 0.47819315
v 1.11250000 -0.26312998 0.47847576
v 1.12150000 -0.26312998 0.47847576
v 1.11250000 -0.26390250 0.47861024
v 1.12150000 -0.26390250 0.47861024
v 1.11250000 -0.26468641 0.47859142
v 1.12150000 -0.26468641 0.47859142
v 1.11250000 -0.26545159 0.47842003
v 1.12150000 -0.26545159 0.47842003
v 1.11250000 -0.26616862 0.47810266
v 1.12150000 -0.26616862 0.47810266
v 1.11250000 -0.26680997 0.47765150
v 1.12150000 -0.26680997 0.47765150
v 1.11250000 -0.26735097 0.47708388
v 1.12150000 -0.26735097 0.47708388
v 1.11250000 -0.26777085 0.47642163
v 1.12150000 -0.26777085 0.47642163
v 1.11250000 -0.26805345 0.47569019
v 1.12150000 -0.26805345 0.47569019
v 1.11250000 -0.26818793 0.47491767
v 1.12150000 -0.26818793 0.47491767
v 1.11250000 -0.26816911 0.47413376
v 1.12150000 -0.26816911 0.47413376
v 1.11250000 -0.26799773 0.47336858
v 1.12150000 -0.26799773 0.47336858
v 1.11250000 -0.26768035 0.47265154
v 1.12150000 -0.26768035 0.47265154
v 1.11250000 -0.26722919 0.47201020
v 1.12150000 -0.26722919 0.47201020
v 1.10650000 -0.33907554 0.38528063
v 1.10650000 -0.33722855 0.38764466
v 1.10650000 -0.31701123 0.36804211
v 1.10650000 -0.31516425 0.37040614
v 1.12750000 -0.33907554 0.38528063
v 1.12750000 -0.33722855 0.38764466
v 1.12750000 -0.31701123 0.36804211
v 1.12750000 -0.31516425 0.37040614
v 1.10650000 -0.22296178 0.53389946
v 1.10650000 -0.22111480 0.53626349
v 1.10650000 -0.20089748 0.51666094
v 1.10650000 -0.19905050 0.51902497
v 1.12750000 -0.22296178 0.53389946
v 1.12750000 -0.22111480 0.53626349
v 1.12750000 -0.20089748 0.51666094
v 1.12750000 -0.19905050 0.51902497
v 1.47600000 -0.33618202 0.38492349
v 1.47600000 -0.26538095 0.47554473
v 1.47600000 -0.33381798 0.38307651
v 1.47600000 -0.26301691 0.47369774
v 1.49000000 -0.33618202 0.38492349
v 1.49000000 -0.26538095 0.47554473
v 1.49000000 -0.33381798 0.38307651
v 1.49000000 -0.26301691 0.47369774
v 1.47600000 -0.26569893 0.47462124
v 1.47600000 -0.26569893 0.58962124
v 1.47600000 -0.26269893 0.47462124
v 1.47600000 -0.26269893 0.58962124
v 1.49000000 -0.26569893 0.47462124
v 1.49000000 -0.26569893 0.58962124
v 1.49000000 -0.26269893 0.47462124
v 1.49000000 -0.26269893 0.58962124
v 1.47850000 -0.26419893 0.47462124
v 1.47850000 -0.26666158 0.47146919
v 1.48750000 -0.26666158 0.47146919
v 1.48750000 -0.26419893 0.47462124
v 1.47850000 -0.26599932 0.47104932
v 1.48750000 -0.26599932 0.47104932
v 1.47850000 -0.26526788 0.47076671
v 1.48750000 -0.26526788 0.47076671
v 1.47850000 -0.26449536 0.47063224
v 1.48750000 -0.26449536 0.47063224
v 1.47850000 -0.26371145 0.47065105
v 1.48750000 -0.26371145 0.47065105
v 1.47850000 -0.26294628 0.47082244
v 1.48750000 -0.26294628 0.47082244
v 1.47850000 -0.26222924 0.47113981
v 1.48750000 -0.26222924 0.47113981
v 1.47850000 -0.26158789 0.47159098
v 1.48750000 -0.26158789 0.47159098
v 1.47850000 -0.26104689 0.47215859
v 1.48750000 -0.26104689 0.47215859
v 1.47850000 -0.26062701 0.47282084
v 1.48750000 -0.26062701 0.47282084
v 1.47850000 -0.26034441 0.47355228
v 1.48750000 -0.26034441 0.47355228
v 1.47850000 -0.26020993 0.47432480
v 1.48750000 -0.26020993 0.47432480
v 1.47850000 -0.26022875 0.47510871
v 1.48750000 -0.26022875 0.47510871
v 1.47850000 -0.26040013 0.47587389
v 1.48750000 -0.26040013 0.47587389
v 1.47850000 -0.26071751 0.47659093
v 1.48750000 -0.26071751 0.47659093
v 1.47850000 -0.26116867 0.47723228
v 1.48750000 -0.26116867 0.47723228
v 1.47850000 -0.26173628 0.47777328
v 1.48750000 -0.26173628 0.47777328
v 1.47850000 -0.26239854 0.47819315
v 1.48750000 -0.26239854 0.47819315
v 1.47850000 -0.26312998 0.47847576
v 1.48750000 -0.26312998 0.47847576
v 1.47850000 -0.26390250 0.47861024
v 1.48750000 -0.26390250 0.47861024
v 1.47850000 -0.26468641 0.47859142
v 1.48750000 -0.26468641 0.47859142
v 1.47850000 -0.26545159 0.47842003
v 1.48750000 -0.26545159 0.47842003
v 1.47850000 -0.26616862 0.47810266
v 1.48750000 -0.26616862 0.47810266
v 1.47850000 -0.26680997 0.47765150
v 1.48750000 -0.26680997 0.47765150
v 1.47850000 -0.26735097 0.47708388
v 1.48750000 -0.26735097 0.47708388
v 1.47850000 -0.26777085 0.47642163
v 1.48750000 -0.26777085 0.47642163
v 1.47850000 -0.26805345 0.47569019
v 1.48750000 -0.26805345 0.47569019
v 1.47850000 -0.26818793 0.47491767
v 1.48750000 -0.26818793 0.47491767
v 1.47850000 -0.26816911 0.47413376
v 1.48750000 -0.26816911 0.47413376
v 1.47850000 -0.26799773 0.47336858
v 1.48750000 -0.26799773 0.47336858
v 1.47850000 -0.26768035 0.47265154
v 1.48750000 -0.26768035 0.47265154
v 1.47850000 -0.26722919 0.47201020
v 1.48750000 -0.26722919 0.47201020
v 1.47250000 -0.33907554 0.38528063
v 1.47250000 -0.33722855 0.38764466
v 1.47250000 -0.31701123 0.36804211
v 1.47250000 -0.31516425 0.37040614
v 1.49350000 -0.33907554 0.38528063
v 1.49350000 -0.33722855 0.38764466
v 1.49350000 -0.31701123 0.36804211
v 1.49350000 -0.31516425 0.37040614
v 1.47250000 -0.22296178 0.53389946
v 1.47250000 -0.22111480 0.53626349
v 1.47250000 -0.20089748 0.51666094
v 1.47250000 -0.19905050 0.51902497
v 1.49350000 -0.22296178 0.53389946
v 1.49350000 -0.22111480 0.53626349
v 1.49350000 -0.20089748 0.51666094
v 1.49350000 -0.19905050 0.51902497
v 1.05300000 0.00850000 0.42500000
v 1.05300000 0.00850000 0.44500000
v 1.05300000 0.01550000 0.42500000
v 1.05300000 0.01550000 0.44500000
v 1.07700000 0.00850000 0.42500000
v 1.07700000 0.00850000 0.44500000
v 1.07700000 0.01550000 0.42500000
v 1.07700000 0.01550000 0.44500000
v 1.05600000 0.01150000 0.44200000
v 1.05600000 0.01150000 0.47800000
v 1.05600000 0.01650000 0.44200000
v 1.05600000 0.01650000 0.47800000
v 1.07400000 0.01150000 0.44200000
v 1.07400000 0.01150000 0.47800000
v 1.07400000 0.01650000 0.44200000
v 1.07400000 0.01650000 0.47800000
v 1.52300000 0.00850000 0.42500000
v 1.52300000 0.00850000 0.44500000
v 1.52300000 0.01550000 0.42500000
v 1.52300000 0.01550000 0.44500000
v 1.54700000 0.00850000 0.42500000
v 1.54700000 0.00850000 0.44500000
v 1.54700000 0.01550000 0.42500000
v 1.54700000 0.01550000 0.44500000
v 1.52600000 0.01150000 0.44200000
v 1.52600000 0.01150000 0.47800000
v 1.52600000 0.01650000 0.44200000
v 1.52600000 0.01650000 0.47800000
v 1.54400000 0.01150000 0.44200000
v 1.54400000 0.01150000 0.47800000
v 1.54400000 0.01650000 0.44200000
v 1.54400000 0.01650000 0.47800000
v 1.14800000 -0.51800000 0.46800000
v 1.14800000 -0.51800000 0.47600000
v 1.14800000 -0.30600000 0.46800000
v 1.14800000 -0.30600000 0.47600000
v 1.45200000 -0.51800000 0.46800000
v 1.45200000 -0.51800000 0.47600000
v 1.45200000 -0.30600000 0.46800000
v 1.45200000 -0.30600000 0.47600000
v 1.14800000 -0.31485317 0.47507295
v 1.14800000 -0.37603853 0.66338214
v 1.14800000 -0.30914683 0.47692705
v 1.14800000 -0.37033220 0.66523624
v 1.45200000 -0.31485317 0.47507295
v 1.45200000 -0.37603853 0.66338214
v 1.45200000 -0.30914683 0.47692705
v 1.45200000 -0.37033220 0.66523624
f 2 4 1
f 5 2 1
f 1 4 3
f 3 5 1
f 2 8 4
f 6 2 5
f 6 8 2
f 4 8 3
f 7 5 3
f 3 8 7
f 7 6 5
f 8 6 7
f 10 12 9
f 13 10 9
f 9 12 11
f 11 13 9
f 10 16 12
f 14 10 13
f 14 16 10
f 12 16 11
f 15 13 11
f 11 16 15
f 15 14 13
f 16 14 15
f 18 20 17
f 21 18 17
f 17 20 19
f 19 21 17
f 18 24 20
f 22 18 21
f 22 24 18
f 20 24 19
f 23 21 19
f 19 24 23
f 23 22 21
f 24 22 23
f 26 28 25
f 29 26 25
f 25 28 27
f 27 29 25
f 26 32 28
f 30 26 29
f 30 32 26
f 28 32 27
f 31 29 27
f 27 32 31
f 31 30 29
f 32 30 31
f 34 36 33
f 37 34 33
f 33 36 35
f 35 37 33
f 34 40 36
f 38 34 37
f 38 40 34
f 36 40 35
f 39 37 35
f 35 40 39
f 39 38 37
f 40 38 39
f 42 44 41
f 45 42 41
f 41 44 43
f 43 45 41
f 42 48 44
f 46 42 45
f 46 48 42
f 44 48 43
f 47 45 43
f 43 48 47
f 47 46 45
f 48 46 47
f 50 52 49
f 53 50 49
f 49 52 51
f 51 53 49
f 50 56 52
f 54 50 53
f 54 56 50
f 52 56 51
f 55 53 51
f 51 56 55
f 55 54 53
f 56 54 55
f 58 60 57
f 61 58 57
f 57 60 59
f 59 61 57
f 58 64 60
f 62 58 61
f 62 64 58
f 60 64 59
f 63 61 59
f 59 64 63
f 63 62 61
f 64 62 63
f 66 68 65
f 69 66 65
f 65 68 67
f 67 69 65
f 66 72 68
f 70 66 69
f 70 72 66
f 68 72 67
f 71 69 67
f 67 72 71
f 71 70 69
f 72 70 71
f 74 76 73
f 77 74 73
f 73 76 75
f 75 77 73
f 74 80 76
f 78 74 77
f 78 80 74
f 76 80 75
f 79 77 75
f 75 80 79
f 79 78 77
f 80 78 79
f 82 84 81
f 85 82 81
f 81 84 83
f 83 85 81
f 82 88 84
f 86 82 85
f 86 88 82
f 84 88 83
f 87 85 83
f 83 88 87
f 87 86 85
f 88 86 87
f 90 92 89
f 93 90 89
f 89 92 91
f 91 93 89
f 90 96 92
f 94 90 93
f 94 96 90
f 92 96 91
f 95 93 91
f 91 96 95
f 95 94 93
f 96 94 95
f 98 100 97
f 101 98 97
f 97 100 99
f 99 101 97
f 98 104 100
f 102 98 101
f 102 104 98
f 100 104 99
f 103 101 99
f 99 104 103
f 103 102 101
f 104 102 103
f 106 108 105
f 109 106 105
f 105 108 107
f 107 109 105
f 106 112 108
f 110 106 109
f 110 112 106
f 108 112 107
f 111 109 107
f 107 112 111
f 111 110 109
f 112 110 111
f 114 116 113
f 117 114 113
f 113 116 115
f 115 117 113
f 114 120 116
f 118 114 117
f 118 120 114
f 116 120 115
f 119 117 115
f 115 120 119
f 119 118 117
f 120 118 119
f 122 124 121
f 125 122 121
f 121 124 123
f 123 125 121
f 122 128 124
f 126 122 125
f 126 128 122
f 124 128 123
f 127 125 123
f 123 128 127
f 127 126 125
f 128 126 127
f 130 132 129
f 133 130 129
f 129 132 131
f 131 133 129
f 130 136 132
f 134 130 133
f 134 136 130
f 132 136 131
f 135 133 131
f 131 136 135
f 135 134 133
f 136 134 135
f 138 140 137
f 141 138 137
f 137 140 139
f 139 141 137
f 138 144 140
f 142 138 141
f 142 144 138
f 140 144 139
f 143 141 139
f 139 144 143
f 143 142 141
f 144 142 143
f 146 148 145
f 149 146 145
f 145 148 147
f 147 149 145
f 146 152 148
f 150 146 149
f 150 152 146
f 148 152 147
f 151 149 147
f 147 152 151
f 151 150 149
f 152 150 151
f 154 156 153
f 157 154 153
f 153 156 155
f 155 157 153
f 154 160 156
f 158 154 157
f 158 160 154
f 156 160 155
f 159 157 155
f 155 160 159
f 159 158 157
f 160 158 159
f 162 164 161
f 165 162 161
f 161 164 163
f 163 165 161
f 162 168 164
f 166 162 165
f 166 168 162
f 164 168 163
f 167 165 163
f 163 168 167
f 167 166 165
f 168 166 167
f 170 172 169
f 173 170 169
f 169 172 171
f 171 173 169
f 170 176 172
f 174 170 173
f 174 176 170
f 172 176 171
f 175 173 171
f 171 176 175
f 175 174 173
f 176 174 175
f 178 180 177
f 181 178 177
f 177 180 179
f 179 181 177
f 178 184 180
f 182 178 181
f 182 184 178
f 180 184 179
f 183 181 179
f 179 184 183
f 183 182 181
f 184 182 183
f 186 188 185
f 189 186 185
f 185 188 187
f 187 189 185
f 186 192 188
f 190 186 189
f 190 192 186
f 188 192 187
f 191 189 187
f 187 192 191
f 191 190 189
f 192 190 191
f 194 196 193
f 197 194 193
f 193 196 195
f 195 197 193
f 194 200 196
f 198 194 197
f 198 200 194
f 196 200 195
f 199 197 195
f 195 200 199
f 199 198 197
f 200 198 199
f 202 204 201
f 205 202 201
f 201 204 203
f 203 205 201
f 202 208 204
f 206 202 205
f 206 208 202
f 204 208 203
f 207 205 203
f 203 208 207
f 207 206 205
f 208 206 207
f 210 212 209
f 213 210 209
f 209 212 211
f 211 213 209
f 210 216 212
f 214 210 213
f 214 216 210
f 212 216 211
f 215 213 211
f 211 216 215
f 215 214 213
f 216 214 215
f 218 220 217
f 221 218 217
f 217 220 219
f 219 221 217
f 218 224 220
f 222 218 221
f 222 224 218
f 220 224 219
f 223 221 219
f 219 224 223
f 223 222 221
f 224 222 223
f 226 228 225
f 229 226 225
f 225 228 227
f 227 229 225
f 226 232 228
f 230 226 229
f 230 232 226
f 228 232 227
f 231 229 227
f 227 232 231
f 231 230 229
f 232 230 231
f 234 236 233
f 237 234 233
f 233 236 235
f 235 237 233
f 234 240 236
f 238 234 237
f 238 240 234
f 236 240 235
f 239 237 235
f 235 240 239
f 239 238 237
f 240 238 239
f 242 244 241
f 245 242 241
f 241 244 243
f 243 245 241
f 242 248 244
f 246 242 245
f 246 248 242
f 244 248 243
f 247 245 243
f 243 248 247
f 247 246 245
f 248 246 247
f 250 252 249
f 253 250 249
f 249 252 251
f 251 253 249
f 250 256 252
f 254 250 253
f 254 256 250
f 252 256 251
f 255 253 251
f 251 256 255
f 255 254 253
f 256 254 255
f 258 260 257
f 261 258 257
f 257 260 259
f 259 261 257
f 258 264 260
f 262 258 261
f 262 264 258
f 260 264 259
f 263 261 259
f 259 264 263
f 263 262 261
f 264 262 263
f 266 268 265
f 269 266 265
f 265 268 267
f 267 269 265
f 266 272 268
f 270 266 269
f 270 272 266
f 268 272 267
f 271 269 267
f 267 272 271
f 271 270 269
f 272 270 271
f 274 276 273
f 277 274 273
f 273 276 275
f 275 277 273
f 274 280 276
f 278 274 277
f 278 280 274
f 276 280 275
f 279 277 275
f 275 280 279
f 279 278 277
f 280 278 279
f 282 284 281
f 285 282 281
f 281 284 283
f 283 285 281
f 282 288 284
f 286 282 285
f 286 288 282
f 284 288 283
f 287 285 283
f 283 288 287
f 287 286 285
f 288 286 287
f 290 292 289
f 293 290 289
f 289 292 291
f 291 293 289
f 290 296 292
f 294 290 293
f 294 296 290
f 292 296 291
f 295 293 291
f 291 296 295
f 295 294 293
f 296 294 295
f 298 300 297
f 301 298 297
f 297 300 299
f 299 301 297
f 298 304 300
f 302 298 301
f 302 304 298
f 300 304 299
f 303 301 299
f 299 304 303
f 303 302 301
f 304 302 303
f 306 308 305
f 309 306 305
f 305 308 307
f 307 309 305
f 306 312 308
f 310 306 309
f 310 312 306
f 308 312 307
f 311 309 307
f 307 312 311
f 311 310 309
f 312 310 311
f 314 316 313
f 317 314 313
f 313 316 315
f 315 317 313
f 314 320 316
f 318 314 317
f 318 320 314
f 316 320 315
f 319 317 315
f 315 320 319
f 319 318 317
f 320 318 319
f 322 324 321
f 325 322 321
f 321 324 323
f 323 325 321
f 322 328 324
f 326 322 325
f 326 328 322
f 324 328 323
f 327 325 323
f 323 328 327
f 327 326 325
f 328 326 327
f 330 332 329
f 333 330 329
f 329 332 331
f 331 333 329
f 330 336 332
f 334 330 333
f 334 336 330
f 332 336 331
f 335 333 331
f 331 336 335
f 335 334 333
f 336 334 335
f 338 340 337
f 341 338 337
f 337 340 339
f 339 341 337
f 338 344 340
f 342 338 341
f 342 344 338
f 340 344 339
f 343 341 339
f 339 344 343
f 343 342 341
f 344 342 343
f 346 345 349
f 346 349 347
f 347 349 350
f 347 350 348
f 349 345 351
f 349 351 350
f 350 351 352
f 350 352 348
f 351 345 353
f 351 353 352
f 352 353 354
f 352 354 348
f 353 345 355
f 353 355 354
f 354 355 356
f 354 356 348
f 355 345 357
f 355 357 356
f 356 357 358
f 356 358 348
f 357 345 359
f 357 359 358
f 358 359 360
f 358 360 348
f 359 345 361
f 359 361 360
f 360 361 362
f 360 362 348
f 361 345 363
f 361 363 362
f 362 363 364
f 362 364 348
f 363 345 365
f 363 365 364
f 364 365 366
f 364 366 348
f 365 345 367
f 365 367 366
f 366 367 368
f 366 368 348
f 367 345 369
f 367 369 368
f 368 369 370
f 368 370 348
f 369 345 371
f 369 371 370
f 370 371 372
f 370 372 348
f 371 345 373
f 371 373 372
f 372 373 374
f 372 374 348
f 373 345 375
f 373 375 374
f 374 375 376
f 374 376 348
f 375 345 377
f 375 377 376
f 376 377 378
f 376 378 348
f 377 345 379
f 377 379 378
f 378 379 380
f 378 380 348
f 379 345 381
f 379 381 380
f 380 381 382
f 380 382 348
f 381 345 383
f 381 383 382
f 382 383 384
f 382 384 348
f 383 345 385
f 383 385 384
f 384 385 386
f 384 386 348
f 385 345 387
f 385 387 386
f 386 387 388
f 386 388 348
f 387 345 389
f 387 389 388
f 388 389 390
f 388 390 348
f 389 345 391
f 389 391 390
f 390 391 392
f 390 392 348
f 391 345 393
f 391 393 392
f 392 393 394
f 392 394 348
f 393 345 395
f 393 395 394
f 394 395 396
f 394 396 348
f 395 345 397
f 395 397 396
f 396 397 398
f 396 398 348
f 397 345 399
f 397 399 398
f 398 399 400
f 398 400 348
f 399 345 401
f 399 401 400
f 400 401 402
f 400 402 348
f 401 345 403
f 401 403 402
f 402 403 404
f 402 404 348
f 403 345 405
f 403 405 404
f 404 405 406
f 404 406 348
f 405 345 407
f 405 407 406
f 406 407 408
f 406 408 348
f 407 345 409
f 407 409 408
f 408 409 410
f 408 410 348
f 409 345 346
f 409 346 410
f 410 346 347
f 410 347 348
f 412 411 415
f 412 415 413
f 413 415 416
f 413 416 414
f 415 411 417
f 415 417 416
f 416 417 418
f 416 418 414
f 417 411 419
f 417 419 418
f 418 419 420
f 418 420 414
f 419 411 421
f 419 421 420
f 420 421 422
f 420 422 414
f 421 411 423
f 421 423 422
f 422 423 424
f 422 424 414
f 423 411 425
f 423 425 424
f 424 425 426
f 424 426 414
f 425 411 427
f 425 427 426
f 426 427 428
f 426 428 414
f 427 411 429
f 427 429 428
f 428 429 430
f 428 430 414
f 429 411 431
f 429 431 430
f 430 431 432
f 430 432 414
f 431 411 433
f 431 433 432
f 432 433 434
f 432 434 414
f 433 411 435
f 433 435 434
f 434 435 436
f 434 436 414
f 435 411 437
f 435 437 436
f 436 437 438
f 436 438 414
f 437 411 439
f 437 439 438
f 438 439 440
f 438 440 414
f 439 411 441
f 439 441 440
f 440 441 442
f 440 442 414
f 441 411 443
f 441 443 442
f 442 443 444
f 442 444 414
f 443 411 445
f 443 445 444
f 444 445 446
f 444 446 414
f 445 411 447
f 445 447 446
f 446 447 448
f 446 448 414
f 447 411 449
f 447 449 448
f 448 449 450
f 448 450 414
f 449 411 451
f 449 451 450
f 450 451 452
f 450 452 414
f 451 411 453
f 451 453 452
f 452 453 454
f 452 454 414
f 453 411 455
f 453 455 454
f 454 455 456
f 454 456 414
f 455 411 457
f 455 457 456
f 456 457 458
f 456 458 414
f 457 411 459
f 457 459 458
f 458 459 460
f 458 460 414
f 459 411 461
f 459 461 460
f 460 461 462
f 460 462 414
f 461 411 463
f 461 463 462
f 462 463 464
f 462 464 414
f 463 411 465
f 463 465 464
f 464 465 466
f 464 466 414
f 465 411 467
f 465 467 466
f 466 467 468
f 466 468 414
f 467 411 469
f 467 469 468
f 468 469 470
f 468 470 414
f 469 411 471
f 469 471 470
f 470 471 472
f 470 472 414
f 471 411 473
f 471 473 472
f 472 473 474
f 472 474 414
f 473 411 475
f 473 475 474
f 474 475 476
f 474 476 414
f 475 411 412
f 475 412 476
f 476 412 413
f 476 413 414
f 478 477 481
f 478 481 479
f 479 481 482
f 479 482 480
f 481 477 483
f 481 483 482
f 482 483 484
f 482 484 480
f 483 477 485
f 483 485 484
f 484 485 486
f 484 486 480
f 485 477 487
f 485 487 486
f 486 487 488
f 486 488 480
f 487 477 489
f 487 489 488
f 488 489 490
f 488 490 480
f 489 477 491
f 489 491 490
f 490 491 492
f 490 492 480
f 491 477 493
f 491 493 492
f 492 493 494
f 492 494 480
f 493 477 495
f 493 495 494
f 494 495 496
f 494 496 480
f 495 477 497
f 495 497 496
f 496 497 498
f 496 498 480
f 497 477 499
f 497 499 498
f 498 499 500
f 498 500 480
f 499 477 501
f 499 501 500
f 500 501 502
f 500 502 480
f 501 477 503
f 501 503 502
f 502 503 504
f 502 504 480
f 503 477 505
f 503 505 504
f 504 505 506
f 504 506 480
f 505 477 507
f 505 507 506
f 506 507 508
f 506 508 480
f 507 477 509
f 507 509 508
f 508 509 510
f 508 510 480
f 509 477 511
f 509 511 510
f 510 511 512
f 510 512 480
f 511 477 513
f 511 513 512
f 512 513 514
f 512 514 480
f 513 477 515
f 513 515 514
f 514 515 516
f 514 516 480
f 515 477 517
f 515 517 516
f 516 517 518
f 516 518 480
f 517 477 519
f 517 519 518
f 518 519 520
f 518 520 480
f 519 477 521
f 519 521 520
f 520 521 522
f 520 522 480
f 521 477 523
f 521 523 522
f 522 523 524
f 522 524 480
f 523 477 525
f 523 525 524
f 524 525 526
f 524 526 480
f 525 477 527
f 525 527 526
f 526 527 528
f 526 528 480
f 527 477 529
f 527 529 528
f 528 529 530
f 528 530 480
f 529 477 531
f 529 531 530
f 530 531 532
f 530 532 480
f 531 477 533
f 531 533 532
f 532 533 534
f 532 534 480
f 533 477 535
f 533 535 534
f 534 535 536
f 534 536 480
f 535 477 537
f 535 537 536
f 536 537 538
f 536 538 480
f 537 477 539
f 537 539 538
f 538 539 540
f 538 540 480
f 539 477 541
f 539 541 540
f 540 541 542
f 540 542 480
f 541 477 478
f 541 478 542
f 542 478 479
f 542 479 480
f 544 543 547
f 544 547 545
f 545 547 548
f 545 548 546
f 547 543 549
f 547 549 548
f 548 549 550
f 548 550 546
f 549 543 551
f 549 551 550
f 550 551 552
f 550 552 546
f 551 543 553
f 551 553 552
f 552 553 554
f 552 554 546
f 553 543 555
f 553 555 554
f 554 555 556
f 554 556 546
f 555 543 557
f 555 557 556
f 556 557 558
f 556 558 546
f 557 543 559
f 557 559 558
f 558 559 560
f 558 560 546
f 559 543 561
f 559 561 560
f 560 561 562
f 560 562 546
f 561 543 563
f 561 563 562
f 562 563 564
f 562 564 546
f 563 543 565
f 563 565 564
f 564 565 566
f 564 566 546
f 565 543 567
f 565 567 566
f 566 567 568
f 566 568 546
f 567 543 569
f 567 569 568
f 568 569 570
f 568 570 546
f 569 543 571
f 569 571 570
f 570 571 572
f 570 572 546
f 571 543 573
f 571 573 572
f 572 573 574
f 572 574 546
f 573 543 575
f 573 575 574
f 574 575 576
f 574 576 546
f 575 543 577
f 575 577 576
f 576 577 578
f 576 578 546
f 577 543 579
f 577 579 578
f 578 579 580
f 578 580 546
f 579 543 581
f 579 581 580
f 580 581 582
f 580 582 546
f 581 543 583
f 581 583 582
f 582 583 584
f 582 584 546
f 583 543 585
f 583 585 584
f 584 585 586
f 584 586 546
f 585 543 587
f 585 587 586
f 586 587 588
f 586 588 546
f 587 543 589
f 587 589 588
f 588 589 590
f 588 590 546
f 589 543 591
f 589 591 590
f 590 591 592
f 590 592 546
f 591 543 593
f 591 593 592
f 592 593 594
f 592 594 546
f 593 543 595
f 593 595 594
f 594 595 596
f 594 596 546
f 595 543 597
f 595 597 596
f 596 597 598
f 596 598 546
f 597 543 599
f 597 599 598
f 598 599 600
f 598 600 546
f 599 543 601
f 599 601 600
f 600 601 602
f 600 602 546
f 601 543 603
f 601 603 602
f 602 603 604
f 602 604 546
f 603 543 605
f 603 605 604
f 604 605 606
f 604 606 546
f 605 543 607
f 605 607 606
f 606 607 608
f 606 608 546
f 607 543 544
f 607 544 608
f 608 544 545
f 608 545 546
f 610 609 613
f 610 613 611
f 611 613 614
f 611 614 612
f 613 609 615
f 613 615 614
f 614 615 616
f 614 616 612
f 615 609 617
f 615 617 616
f 616 617 618
f 616 618 612
f 617 609 619
f 617 619 618
f 618 619 620
f 618 620 612
f 619 609 621
f 619 621 620
f 620 621 622
f 620 622 612
f 621 609 623
f 621 623 622
f 622 623 624
f 622 624 612
f 623 609 625
f 623 625 624
f 624 625 626
f 624 626 612
f 625 609 627
f 625 627 626
f 626 627 628
f 626 628 612
f 627 609 629
f 627 629 628
f 628 629 630
f 628 630 612
f 629 609 631
f 629 631 630
f 630 631 632
f 630 632 612
f 631 609 633
f 631 633 632
f 632 633 634
f 632 634 612
f 633 609 635
f 633 635 634
f 634 635 636
f 634 636 612
f 635 609 637
f 635 637 636
f 636 637 638
f 636 638 612
f 637 609 639
f 637 639 638
f 638 639 640
f 638 640 612
f 639 609 641
f 639 641 640
f 640 641 642
f 640 642 612
f 641 609 643
f 641 643 642
f 642 643 644
f 642 644 612
f 643 609 645
f 643 645 644
f 644 645 646
f 644 646 612
f 645 609 647
f 645 647 646
f 646 647 648
f 646 648 612
f 647 609 649
f 647 649 648
f 648 649 650
f 648 650 612
f 649 609 651
f 649 651 650
f 650 651 652
f 650 652 612
f 651 609 653
f 651 653 652
f 652 653 654
f 652 654 612
f 653 609 655
f 653 655 654
f 654 655 656
f 654 656 612
f 655 609 657
f 655 657 656
f 656 657 658
f 656 658 612
f 657 609 659
f 657 659 658
f 658 659 660
f 658 660 612
f 659 609 661
f 659 661 660
f 660 661 662
f 660 662 612
f 661 609 663
f 661 663 662
f 662 663 664
f 662 664 612
f 663 609 665
f 663 665 664
f 664 665 666
f 664 666 612
f 665 609 667
f 665 667 666
f 666 667 668
f 666 668 612
f 667 609 669
f 667 669 668
f 668 669 670
f 668 670 612
f 669 609 671
f 669 671 670
f 670 671 672
f 670 672 612
f 671 609 673
f 671 673 672
f 672 673 674
f 672 674 612
f 673 609 610
f 673 610 674
f 674 610 611
f 674 611 612
f 676 675 679
f 676 679 677
f 677 679 680
f 677 680 678
f 679 675 681
f 679 681 680
f 680 681 682
f 680 682 678
f 681 675 683
f 681 683 682
f 682 683 684
f 682 684 678
f 683 675 685
f 683 685 684
f 684 685 686
f 684 686 678
f 685 675 687
f 685 687 686
f 686 687 688
f 686 688 678
f 687 675 689
f 687 689 688
f 688 689 690
f 688 690 678
f 689 675 691
f 689 691 690
f 690 691 692
f 690 692 678
f 691 675 693
f 691 693 692
f 692 693 694
f 692 694 678
f 693 675 695
f 693 695 694
f 694 695 696
f 694 696 678
f 695 675 697
f 695 697 696
f 696 697 698
f 696 698 678
f 697 675 699
f 697 699 698
f 698 699 700
f 698 700 678
f 699 675 701
f 699 701 700
f 700 701 702
f 700 702 678
f 701 675 703
f 701 703 702
f 702 703 704
f 702 704 678
f 703 675 705
f 703 705 704
f 704 705 706
f 704 706 678
f 705 675 707
f 705 707 706
f 706 707 708
f 706 708 678
f 707 675 709
f 707 709 708
f 708 709 710
f 708 710 678
f 709 675 711
f 709 711 710
f 710 711 712
f 710 712 678
f 711 675 713
f 711 713 712
f 712 713 714
f 712 714 678
f 713 675 715
f 713 715 714
f 714 715 716
f 714 716 678
f 715 675 717
f 715 717 716
f 716 717 718
f 716 718 678
f 717 675 719
f 717 719 718
f 718 719 720
f 718 720 678
f 719 675 721
f 719 721 720
f 720 721 722
f 720 722 678
f 721 675 723
f 721 723 722
f 722 723 724
f 722 724 678
f 723 675 725
f 723 725 724
f 724 725 726
f 724 726 678
f 725 675 727
f 725 727 726
f 726 727 728
f 726 728 678
f 727 675 729
f 727 729 728
f 728 729 730
f 728 730 678
f 729 675 731
f 729 731 730
f 730 731 732
f 730 732 678
f 731 675 733
f 731 733 732
f 732 733 734
f 732 734 678
f 733 675 735
f 733 735 734
f 734 735 736
f 734 736 678
f 735 675 737
f 735 737 736
f 736 737 738
f 736 738 678
f 737 675 739
f 737 739 738
f 738 739 740
f 738 740 678
f 739 675 676
f 739 676 740
f 740 676 677
f 740 677 678
f 742 741 745
f 742 745 743
f 743 745 746
f 743 746 744
f 745 741 747
f 745 747 746
f 746 747 748
f 746 748 744
f 747 741 749
f 747 749 748
f 748 749 750
f 748 750 744
f 749 741 751
f 749 751 750
f 750 751 752
f 750 752 744
f 751 741 753
f 751 753 752
f 752 753 754
f 752 754 744
f 753 741 755
f 753 755 754
f 754 755 756
f 754 756 744
f 755 741 757
f 755 757 756
f 756 757 758
f 756 758 744
f 757 741 759
f 757 759 758
f 758 759 760
f 758 760 744
f 759 741 761
f 759 761 760
f 760 761 762
f 760 762 744
f 761 741 763
f 761 763 762
f 762 763 764
f 762 764 744
f 763 741 765
f 763 765 764
f 764 765 766
f 764 766 744
f 765 741 767
f 765 767 766
f 766 767 768
f 766 768 744
f 767 741 769
f 767 769 768
f 768 769 770
f 768 770 744
f 769 741 771
f 769 771 770
f 770 771 772
f 770 772 744
f 771 741 773
f 771 773 772
f 772 773 774
f 772 774 744
f 773 741 775
f 773 775 774
f 774 775 776
f 774 776 744
f 775 741 777
f 775 777 776
f 776 777 778
f 776 778 744
f 777 741 779
f 777 779 778
f 778 779 780
f 778 780 744
f 779 741 781
f 779 781 780
f 780 781 782
f 780 782 744
f 781 741 783
f 781 783 782
f 782 783 784
f 782 784 744
f 783 741 785
f 783 785 784
f 784 785 786
f 784 786 744
f 785 741 787
f 785 787 786
f 786 787 788
f 786 788 744
f 787 741 789
f 787 789 788
f 788 789 790
f 788 790 744
f 789 741 791
f 789 791 790
f 790 791 792
f 790 792 744
f 791 741 793
f 791 793 792
f 792 793 794
f 792 794 744
f 793 741 795
f 793 795 794
f 794 795 796
f 794 796 744
f 795 741 797
f 795 797 796
f 796 797 798
f 796 798 744
f 797 741 799
f 797 799 798
f 798 799 800
f 798 800 744
f 799 741 801
f 799 801 800
f 800 801 802
f 800 802 744
f 801 741 803
f 801 803 802
f 802 803 804
f 802 804 744
f 803 741 805
f 803 805 804
f 804 805 806
f 804 806 744
f 805 741 742
f 805 742 806
f 806 742 743
f 806 743 744
f 808 807 811
f 808 811 809
f 809 811 812
f 809 812 810
f 811 807 813
f 811 813 812
f 812 813 814
f 812 814 810
f 813 807 815
f 813 815 814
f 814 815 816
f 814 816 810
f 815 807 817
f 815 817 816
f 816 817 818
f 816 818 810
f 817 807 819
f 817 819 818
f 818 819 820
f 818 820 810
f 819 807 821
f 819 821 820
f 820 821 822
f 820 822 810
f 821 807 823
f 821 823 822
f 822 823 824
f 822 824 810
f 823 807 825
f 823 825 824
f 824 825 826
f 824 826 810
f 825 807 827
f 825 827 826
f 826 827 828
f 826 828 810
f 827 807 829
f 827 829 828
f 828 829 830
f 828 830 810
f 829 807 831
f 829 831 830
f 830 831 832
f 830 832 810
f 831 807 833
f 831 833 832
f 832 833 834
f 832 834 810
f 833 807 835
f 833 835 834
f 834 835 836
f 834 836 810
f 835 807 837
f 835 837 836
f 836 837 838
f 836 838 810
f 837 807 839
f 837 839 838
f 838 839 840
f 838 840 810
f 839 807 841
f 839 841 840
f 840 841 842
f 840 842 810
f 841 807 843
f 841 843 842
f 842 843 844
f 842 844 810
f 843 807 845
f 843 845 844
f 844 845 846
f 844 846 810
f 845 807 847
f 845 847 846
f 846 847 848
f 846 848 810
f 847 807 849
f 847 849 848
f 848 849 850
f 848 850 810
f 849 807 851
f 849 851 850
f 850 851 852
f 850 852 810
f 851 807 853
f 851 853 852
f 852 853 854
f 852 854 810
f 853 807 855
f 853 855 854
f 854 855 856
f 854 856 810
f 855 807 857
f 855 857 856
f 856 857 858
f 856 858 810
f 857 807 859
f 857 859 858
f 858 859 860
f 858 860 810
f 859 807 861
f 859 861 860
f 860 861 862
f 860 862 810
f 861 807 863
f 861 863 862
f 862 863 864
f 862 864 810
f 863 807 865
f 863 865 864
f 864 865 866
f 864 866 810
f 865 807 867
f 865 867 866
f 866 867 868
f 866 868 810
f 867 807 869
f 867 869 868
f 868 869 870
f 868 870 810
f 869 807 871
f 869 871 870
f 870 871 872
f 870 872 810
f 871 807 808
f 871 808 872
f 872 808 809
f 872 809 810
f 874 873 877
f 874 877 875
f 875 877 878
f 875 878 876
f 877 873 879
f 877 879 878
f 878 879 880
f 878 880 876
f 879 873 881
f 879 881 880
f 880 881 882
f 880 882 876
f 881 873 883
f 881 883 882
f 882 883 884
f 882 884 876
f 883 873 885
f 883 885 884
f 884 885 886
f 884 886 876
f 885 873 887
f 885 887 886
f 886 887 888
f 886 888 876
f 887 873 889
f 887 889 888
f 888 889 890
f 888 890 876
f 889 873 891
f 889 891 890
f 890 891 892
f 890 892 876
f 891 873 893
f 891 893 892
f 892 893 894
f 892 894 876
f 893 873 895
f 893 895 894
f 894 895 896
f 894 896 876
f 895 873 897
f 895 897 896
f 896 897 898
f 896 898 876
f 897 873 899
f 897 899 898
f 898 899 900
f 898 900 876
f 899 873 901
f 899 901 900
f 900 901 902
f 900 902 876
f 901 873 903
f 901 903 902
f 902 903 904
f 902 904 876
f 903 873 905
f 903 905 904
f 904 905 906
f 904 906 876
f 905 873 907
f 905 907 906
f 906 907 908
f 906 908 876
f 907 873 909
f 907 909 908
f 908 909 910
f 908 910 876
f 909 873 911
f 909 911 910
f 910 911 912
f 910 912 876
f 911 873 913
f 911 913 912
f 912 913 914
f 912 914 876
f 913 873 915
f 913 915 914
f 914 915 916
f 914 916 876
f 915 873 917
f 915 917 916
f 916 917 918
f 916 918 876
f 917 873 919
f 917 919 918
f 918 919 920
f 918 920 876
f 919 873 921
f 919 921 920
f 920 921 922
f 920 922 876
f 921 873 923
f 921 923 922
f 922 923 924
f 922 924 876
f 923 873 925
f 923 925 924
f 924 925 926
f 924 926 876
f 925 873 927
f 925 927 926
f 926 927 928
f 926 928 876
f 927 873 929
f 927 929 928
f 928 929 930
f 928 930 876
f 929 873 931
f 929 931 930
f 930 931 932
f 930 932 876
f 931 873 933
f 931 933 932
f 932 933 934
f 932 934 876
f 933 873 935
f 933 935 934
f 934 935 936
f 934 936 876
f 935 873 937
f 935 937 936
f 936 937 938
f 936 938 876
f 937 873 874
f 937 874 938
f 938 874 875
f 938 875 876
f 940 939 943
f 940 943 941
f 941 943 944
f 941 944 942
f 943 939 945
f 943 945 944
f 944 945 946
f 944 946 942
f 945 939 947
f 945 947 946
f 946 947 948
f 946 948 942
f 947 939 949
f 947 949 948
f 948 949 950
f 948 950 942
f 949 939 951
f 949 951 950
f 950 951 952
f 950 952 942
f 951 939 953
f 951 953 952
f 952 953 954
f 952 954 942
f 953 939 955
f 953 955 954
f 954 955 956
f 954 956 942
f 955 939 957
f 955 957 956
f 956 957 958
f 956 958 942
f 957 939 959
f 957 959 958
f 958 959 960
f 958 960 942
f 959 939 961
f 959 961 960
f 960 961 962
f 960 962 942
f 961 939 963
f 961 963 962
f 962 963 964
f 962 964 942
f 963 939 965
f 963 965 964
f 964 965 966
f 964 966 942
f 965 939 967
f 965 967 966
f 966 967 968
f 966 968 942
f 967 939 969
f 967 969 968
f 968 969 970
f 968 970 942
f 969 939 971
f 969 971 970
f 970 971 972
f 970 972 942
f 971 939 973
f 971 973 972
f 972 973 974
f 972 974 942
f 973 939 975
f 973 975 974
f 974 975 976
f 974 976 942
f 975 939 977
f 975 977 976
f 976 977 978
f 976 978 942
f 977 939 979
f 977 979 978
f 978 979 980
f 978 980 942
f 979 939 981
f 979 981 980
f 980 981 982
f 980 982 942
f 981 939 983
f 981 983 982
f 982 983 984
f 982 984 942
f 983 939 985
f 983 985 984
f 984 985 986
f 984 986 942
f 985 939 987
f 985 987 986
f 986 987 988
f 986 988 942
f 987 939 989
f 987 989 988
f 988 989 990
f 988 990 942
f 989 939 991
f 989 991 990
f 990 991 992
f 990 992 942
f 991 939 993
f 991 993 992
f 992 993 994
f 992 994 942
f 993 939 995
f 993 995 994
f 994 995 996
f 994 996 942
f 995 939 997
f 995 997 996
f 996 997 998
f 996 998 942
f 997 939 999
f 997 999 998
f 998 999 1000
f 998 1000 942
f 999 939 1001
f 999 1001 1000
f 1000 1001 1002
f 1000 1002 942
f 1001 939 1003
f 1001 1003 1002
f 1002 1003 1004
f 1002 1004 942
f 1003 939 940
f 1003 940 1004
f 1004 940 941
f 1004 941 942
f 1006 1005 1009
f 1006 1009 1007
f 1007 1009 1010
f 1007 1010 1008
f 1009 1005 1011
f 1009 1011 1010
f 1010 1011 1012
f 1010 1012 1008
f 1011 1005 1013
f 1011 1013 1012
f 1012 1013 1014
f 1012 1014 1008
f 1013 1005 1015
f 1013 1015 1014
f 1014 1015 1016
f 1014 1016 1008
f 1015 1005 1017
f 1015 1017 1016
f 1016 1017 1018
f 1016 1018 1008
f 1017 1005 1019
f 1017 1019 1018
f 1018 1019 1020
f 1018 1020 1008
f 1019 1005 1021
f 1019 1021 1020
f 1020 1021 1022
f 1020 1022 1008
f 1021 1005 1023
f 1021 1023 1022
f 1022 1023 1024
f 1022 1024 1008
f 1023 1005 1025
f 1023 1025 1024
f 1024 1025 1026
f 1024 1026 1008
f 1025 1005 1027
f 1025 1027 1026
f 1026 1027 1028
f 1026 1028 1008
f 1027 1005 1029
f 1027 1029 1028
f 1028 1029 1030
f 1028 1030 1008
f 1029 1005 1031
f 1029 1031 1030
f 1030 1031 1032
f 1030 1032 1008
f 1031 1005 1033
f 1031 1033 1032
f 1032 1033 1034
f 1032 1034 1008
f 1033 1005 1035
f 1033 1035 1034
f 1034 1035 1036
f 1034 1036 1008
f 1035 1005 1037
f 1035 1037 1036
f 1036 1037 1038
f 1036 1038 1008
f 1037 1005 1039
f 1037 1039 1038
f 1038 1039 1040
f 1038 1040 1008
f 1039 1005 1041
f 1039 1041 1040
f 1040 1041 1042
f 1040 1042 1008
f 1041 1005 1043
f 1041 1043 1042
f 1042 1043 1044
f 1042 1044 1008
f 1043 1005 1045
f 1043 1045 1044
f 1044 1045 1046
f 1044 1046 1008
f 1045 1005 1047
f 1045 1047 1046
f 1046 1047 1048
f 1046 1048 1008
f 1047 1005 1049
f 1047 1049 1048
f 1048 1049 1050
f 1048 1050 1008
f 1049 1005 1051
f 1049 1051 1050
f 1050 1051 1052
f 1050 1052 1008
f 1051 1005 1053
f 1051 1053 1052
f 1052 1053 1054
f 1052 1054 1008
f 1053 1005 1055
f 1053 1055 1054
f 1054 1055 1056
f 1054 1056 1008
f 1055 1005 1057
f 1055 1057 1056
f 1056 1057 1058
f 1056 1058 1008
f 1057 1005 1059
f 1057 1059 1058
f 1058 1059 1060
f 1058 1060 1008
f 1059 1005 1061
f 1059 1061 1060
f 1060 1061 1062
f 1060 1062 1008
f 1061 1005 1063
f 1061 1063 1062
f 1062 1063 1064
f 1062 1064 1008
f 1063 1005 1065
f 1063 1065 1064
f 1064 1065 1066
f 1064 1066 1008
f 1065 1005 1067
f 1065 1067 1066
f 1066 1067 1068
f 1066 1068 1008
f 1067 1005 1069
f 1067 1069 1068
f 1068 1069 1070
f 1068 1070 1008
f 1069 1005 1006
f 1069 1006 1070
f 1070 1006 1007
f 1070 1007 1008
f 1072 1071 1075
f 1072 1075 1073
f 1073 1075 1076
f 1073 1076 1074
f 1075 1071 1077
f 1075 1077 1076
f 1076 1077 1078
f 1076 1078 1074
f 1077 1071 1079
f 1077 1079 1078
f 1078 1079 1080
f 1078 1080 1074
f 1079 1071 1081
f 1079 1081 1080
f 1080 1081 1082
f 1080 1082 1074
f 1081 1071 1083
f 1081 1083 1082
f 1082 1083 1084
f 1082 1084 1074
f 1083 1071 1085
f 1083 1085 1084
f 1084 1085 1086
f 1084 1086 1074
f 1085 1071 1087
f 1085 1087 1086
f 1086 1087 1088
f 1086 1088 1074
f 1087 1071 1089
f 1087 1089 1088
f 1088 1089 1090
f 1088 1090 1074
f 1089 1071 1091
f 1089 1091 1090
f 1090 1091 1092
f 1090 1092 1074
f 1091 1071 1093
f 1091 1093 1092
f 1092 1093 1094
f 1092 1094 1074
f 1093 1071 1095
f 1093 1095 1094
f 1094 1095 1096
f 1094 1096 1074
f 1095 1071 1097
f 1095 1097 1096
f 1096 1097 1098
f 1096 1098 1074
f 1097 1071 1099
f 1097 1099 1098
f 1098 1099 1100
f 1098 1100 1074
f 1099 1071 1101
f 1099 1101 1100
f 1100 1101 1102
f 1100 1102 1074
f 1101 1071 1103
f 1101 1103 1102
f 1102 1103 1104
f 1102 1104 1074
f 1103 1071 1105
f 1103 1105 1104
f 1104 1105 1106
f 1104 1106 1074
f 1105 1071 1107
f 1105 1107 1106
f 1106 1107 1108
f 1106 1108 1074
f 1107 1071 1109
f 1107 1109 1108
f 1108 1109 1110
f 1108 1110 1074
f 1109 1071 1111
f 1109 1111 1110
f 1110 1111 1112
f 1110 1112 1074
f 1111 1071 1113
f 1111 1113 1112
f 1112 1113 1114
f 1112 1114 1074
f 1113 1071 1115
f 1113 1115 1114
f 1114 1115 1116
f 1114 1116 1074
f 1115 1071 1117
f 1115 1117 1116
f 1116 1117 1118
f 1116 1118 1074
f 1117 1071 1119
f 1117 1119 1118
f 1118 1119 1120
f 1118 1120 1074
f 1119 1071 1121
f 1119 1121 1120
f 1120 1121 1122
f 1120 1122 1074
f 1121 1071 1123
f 1121 1123 1122
f 1122 1123 1124
f 1122 1124 1074
f 1123 1071 1125
f 1123 1125 1124
f 1124 1125 1126
f 1124 1126 1074
f 1125 1071 1127
f 1125 1127 1126
f 1126 1127 1128
f 1126 1128 1074
f 1127 1071 1129
f 1127 1129 1128
f 1128 1129 1130
f 1128 1130 1074
f 1129 1071 1131
f 1129 1131 1130
f 1130 1131 1132
f 1130 1132 1074
f 1131 1071 1133
f 1131 1133 1132
f 1132 1133 1134
f 1132 1134 1074
f 1133 1071 1135
f 1133 1135 1134
f 1134 1135 1136
f 1134 1136 1074
f 1135 1071 1072
f 1135 1072 1136
f 1136 1072 1073
f 1136 1073 1074
f 1138 1137 1141
f 1138 1141 1139
f 1139 1141 1142
f 1139 1142 1140
f 1141 1137 1143
f 1141 1143 1142
f 1142 1143 1144
f 1142 1144 1140
f 1143 1137 1145
f 1143 1145 1144
f 1144 1145 1146
f 1144 1146 1140
f 1145 1137 1147
f 1145 1147 1146
f 1146 1147 1148
f 1146 1148 1140
f 1147 1137 1149
f 1147 1149 1148
f 1148 1149 1150
f 1148 1150 1140
f 1149 1137 1151
f 1149 1151 1150
f 1150 1151 1152
f 1150 1152 1140
f 1151 1137 1153
f 1151 1153 1152
f 1152 1153 1154
f 1152 1154 1140
f 1153 1137 1155
f 1153 1155 1154
f 1154 1155 1156
f 1154 1156 1140
f 1155 1137 1157
f 1155 1157 1156
f 1156 1157 1158
f 1156 1158 1140
f 1157 1137 1159
f 1157 1159 1158
f 1158 1159 1160
f 1158 1160 1140
f 1159 1137 1161
f 1159 1161 1160
f 1160 1161 1162
f 1160 1162 1140
f 1161 1137 1163
f 1161 1163 1162
f 1162 1163 1164
f 1162 1164 1140
f 1163 1137 1165
f 1163 1165 1164
f 1164 1165 1166
f 1164 1166 1140
f 1165 1137 1167
f 1165 1167 1166
f 1166 1167 1168
f 1166 1168 1140
f 1167 1137 1169
f 1167 1169 1168
f 1168 1169 1170
f 1168 1170 1140
f 1169 1137 1171
f 1169 1171 1170
f 1170 1171 1172
f 1170 1172 1140
f 1171 1137 1173
f 1171 1173 1172
f 1172 1173 1174
f 1172 1174 1140
f 1173 1137 1175
f 1173 1175 1174
f 1174 1175 1176
f 1174 1176 1140
f 1175 1137 1177
f 1175 1177 1176
f 1176 1177 1178
f 1176 1178 1140
f 1177 1137 1179
f 1177 1179 1178
f 1178 1179 1180
f 1178 1180 1140
f 1179 1137 1181
f 1179 1181 1180
f 1180 1181 1182
f 1180 1182 1140
f 1181 1137 1183
f 1181 1183 1182
f 1182 1183 1184
f 1182 1184 1140
f 1183 1137 1185
f 1183 1185 1184
f 1184 1185 1186
f 1184 1186 1140
f 1185 1137 1187
f 1185 1187 1186
f 1186 1187 1188
f 1186 1188 1140
f 1187 1137 1189
f 1187 1189 1188
f 1188 1189 1190
f 1188 1190 1140
f 1189 1137 1191
f 1189 1191 1190
f 1190 1191 1192
f 1190 1192 1140
f 1191 1137 1193
f 1191 1193 1192
f 1192 1193 1194
f 1192 1194 1140
f 1193 1137 1195
f 1193 1195 1194
f 1194 1195 1196
f 1194 1196 1140
f 1195 1137 1197
f 1195 1197 1196
f 1196 1197 1198
f 1196 1198 1140
f 1197 1137 1199
f 1197 1199 1198
f 1198 1199 1200
f 1198 1200 1140
f 1199 1137 1201
f 1199 1201 1200
f 1200 1201 1202
f 1200 1202 1140
f 1201 1137 1138
f 1201 1138 1202
f 1202 1138 1139
f 1202 1139 1140
f 1204 1203 1207
f 1204 1207 1205
f 1205 1207 1208
f 1205 1208 1206
f 1207 1203 1209
f 1207 1209 1208
f 1208 1209 1210
f 1208 1210 1206
f 1209 1203 1211
f 1209 1211 1210
f 1210 1211 1212
f 1210 1212 1206
f 1211 1203 1213
f 1211 1213 1212
f 1212 1213 1214
f 1212 1214 1206
f 1213 1203 1215
f 1213 1215 1214
f 1214 1215 1216
f 1214 1216 1206
f 1215 1203 1217
f 1215 1217 1216
f 1216 1217 1218
f 1216 1218 1206
f 1217 1203 1219
f 1217 1219 1218
f 1218 1219 1220
f 1218 1220 1206
f 1219 1203 1221
f 1219 1221 1220
f 1220 1221 1222
f 1220 1222 1206
f 1221 1203 1223
f 1221 1223 1222
f 1222 1223 1224
f 1222 1224 1206
f 1223 1203 1225
f 1223 1225 1224
f 1224 1225 1226
f 1224 1226 1206
f 1225 1203 1227
f 1225 1227 1226
f 1226 1227 1228
f 1226 1228 1206
f 1227 1203 1229
f 1227 1229 1228
f 1228 1229 1230
f 1228 1230 1206
f 1229 1203 1231
f 1229 1231 1230
f 1230 1231 1232
f 1230 1232 1206
f 1231 1203 1233
f 1231 1233 1232
f 1232 1233 1234
f 1232 1234 1206
f 1233 1203 1235
f 1233 1235 1234
f 1234 1235 1236
f 1234 1236 1206
f 1235 1203 1237
f 1235 1237 1236
f 1236 1237 1238
f 1236 1238 1206
f 1237 1203 1239
f 1237 1239 1238
f 1238 1239 1240
f 1238 1240 1206
f 1239 1203 1241
f 1239 1241 1240
f 1240 1241 1242
f 1240 1242 1206
f 1241 1203 1243
f 1241 1243 1242
f 1242 1243 1244
f 1242 1244 1206
f 1243 1203 1245
f 1243 1245 1244
f 1244 1245 1246
f 1244 1246 1206
f 1245 1203 1247
f 1245 1247 1246
f 1246 1247 1248
f 1246 1248 1206
f 1247 1203 1249
f 1247 1249 1248
f 1248 1249 1250
f 1248 1250 1206
f 1249 1203 1251
f 1249 1251 1250
f 1250 1251 1252
f 1250 1252 1206
f 1251 1203 1253
f 1251 1253 1252
f 1252 1253 1254
f 1252 1254 1206
f 1253 1203 1255
f 1253 1255 1254
f 1254 1255 1256
f 1254 1256 1206
f 1255 1203 1257
f 1255 1257 1256
f 1256 1257 1258
f 1256 1258 1206
f 1257 1203 1259
f 1257 1259 1258
f 1258 1259 1260
f 1258 1260 1206
f 1259 1203 1261
f 1259 1261 1260
f 1260 1261 1262
f 1260 1262 1206
f 1261 1203 1263
f 1261 1263 1262
f 1262 1263 1264
f 1262 1264 1206
f 1263 1203 1265
f 1263 1265 1264
f 1264 1265 1266
f 1264 1266 1206
f 1265 1203 1267
f 1265 1267 1266
f 1266 1267 1268
f 1266 1268 1206
f 1267 1203 1204
f 1267 1204 1268
f 1268 1204 1205
f 1268 1205 1206
f 1270 1269 1273
f 1270 1273 1271
f 1271 1273 1274
f 1271 1274 1272
f 1273 1269 1275
f 1273 1275 1274
f 1274 1275 1276
f 1274 1276 1272
f 1275 1269 1277
f 1275 1277 1276
f 1276 1277 1278
f 1276 1278 1272
f 1277 1269 1279
f 1277 1279 1278
f 1278 1279 1280
f 1278 1280 1272
f 1279 1269 1281
f 1279 1281 1280
f 1280 1281 1282
f 1280 1282 1272
f 1281 1269 1283
f 1281 1283 1282
f 1282 1283 1284
f 1282 1284 1272
f 1283 1269 1285
f 1283 1285 1284
f 1284 1285 1286
f 1284 1286 1272
f 1285 1269 1287
f 1285 1287 1286
f 1286 1287 1288
f 1286 1288 1272
f 1287 1269 1289
f 1287 1289 1288
f 1288 1289 1290
f 1288 1290 1272
f 1289 1269 1291
f 1289 1291 1290
f 1290 1291 1292
f 1290 1292 1272
f 1291 1269 1293
f 1291 1293 1292
f 1292 1293 1294
f 1292 1294 1272
f 1293 1269 1295
f 1293 1295 1294
f 1294 1295 1296
f 1294 1296 1272
f 1295 1269 1297
f 1295 1297 1296
f 1296 1297 1298
f 1296 1298 1272
f 1297 1269 1299
f 1297 1299 1298
f 1298 1299 1300
f 1298 1300 1272
f 1299 1269 1301
f 1299 1301 1300
f 1300 1301 1302
f 1300 1302 1272
f 1301 1269 1303
f 1301 1303 1302
f 1302 1303 1304
f 1302 1304 1272
f 1303 1269 1305
f 1303 1305 1304
f 1304 1305 1306
f 1304 1306 1272
f 1305 1269 1307
f 1305 1307 1306
f 1306 1307 1308
f 1306 1308 1272
f 1307 1269 1309
f 1307 1309 1308
f 1308 1309 1310
f 1308 1310 1272
f 1309 1269 1311
f 1309 1311 1310
f 1310 1311 1312
f 1310 1312 1272
f 1311 1269 1313
f 1311 1313 1312
f 1312 1313 1314
f 1312 1314 1272
f 1313 1269 1315
f 1313 1315 1314
f 1314 1315 1316
f 1314 1316 1272
f 1315 1269 1317
f 1315 1317 1316
f 1316 1317 1318
f 1316 1318 1272
f 1317 1269 1319
f 1317 1319 1318
f 1318 1319 1320
f 1318 1320 1272
f 1319 1269 1321
f 1319 1321 1320
f 1320 1321 1322
f 1320 1322 1272
f 1321 1269 1323
f 1321 1323 1322
f 1322 1323 1324
f 1322 1324 1272
f 1323 1269 1325
f 1323 1325 1324
f 1324 1325 1326
f 1324 1326 1272
f 1325 1269 1327
f 1325 1327 1326
f 1326 1327 1328
f 1326 1328 1272
f 1327 1269 1329
f 1327 1329 1328
f 1328 1329 1330
f 1328 1330 1272
f 1329 1269 1331
f 1329 1331 1330
f 1330 1331 1332
f 1330 1332 1272
f 1331 1269 1333
f 1331 1333 1332
f 1332 1333 1334
f 1332 1334 1272
f 1333 1269 1270
f 1333 1270 1334
f 1334 1270 1271
f 1334 1271 1272
f 1336 1335 1339
f 1336 1339 1337
f 1337 1339 1340
f 1337 1340 1338
f 1339 1335 1341
f 1339 1341 1340
f 1340 1341 1342
f 1340 1342 1338
f 1341 1335 1343
f 1341 1343 1342
f 1342 1343 1344
f 1342 1344 1338
f 1343 1335 1345
f 1343 1345 1344
f 1344 1345 1346
f 1344 1346 1338
f 1345 1335 1347
f 1345 1347 1346
f 1346 1347 1348
f 1346 1348 1338
f 1347 1335 1349
f 1347 1349 1348
f 1348 1349 1350
f 1348 1350 1338
f 1349 1335 1351
f 1349 1351 1350
f 1350 1351 1352
f 1350 1352 1338
f 1351 1335 1353
f 1351 1353 1352
f 1352 1353 1354
f 1352 1354 1338
f 1353 1335 1355
f 1353 1355 1354
f 1354 1355 1356
f 1354 1356 1338
f 1355 1335 1357
f 1355 1357 1356
f 1356 1357 1358
f 1356 1358 1338
f 1357 1335 1359
f 1357 1359 1358
f 1358 1359 1360
f 1358 1360 1338
f 1359 1335 1361
f 1359 1361 1360
f 1360 1361 1362
f 1360 1362 1338
f 1361 1335 1363
f 1361 1363 1362
f 1362 1363 1364
f 1362 1364 1338
f 1363 1335 1365
f 1363 1365 1364
f 1364 1365 1366
f 1364 1366 1338
f 1365 1335 1367
f 1365 1367 1366
f 1366 1367 1368
f 1366 1368 1338
f 1367 1335 1369
f 1367 1369 1368
f 1368 1369 1370
f 1368 1370 1338
f 1369 1335 1371
f 1369 1371 1370
f 1370 1371 1372
f 1370 1372 1338
f 1371 1335 1373
f 1371 1373 1372
f 1372 1373 1374
f 1372 1374 1338
f 1373 1335 1375
f 1373 1375 1374
f 1374 1375 1376
f 1374 1376 1338
f 1375 1335 1377
f 1375 1377 1376
f 1376 1377 1378
f 1376 1378 1338
f 1377 1335 1379
f 1377 1379 1378
f 1378 1379 1380
f 1378 1380 1338
f 1379 1335 1381
f 1379 1381 1380
f 1380 1381 1382
f 1380 1382 1338
f 1381 1335 1383
f 1381 1383 1382
f 1382 1383 1384
f 1382 1384 1338
f 1383 1335 1385
f 1383 1385 1384
f 1384 1385 1386
f 1384 1386 1338
f 1385 1335 1387
f 1385 1387 1386
f 1386 1387 1388
f 1386 1388 1338
f 1387 1335 1389
f 1387 1389 1388
f 1388 1389 1390
f 1388 1390 1338
f 1389 1335 1391
f 1389 1391 1390
f 1390 1391 1392
f 1390 1392 1338
f 1391 1335 1393
f 1391 1393 1392
f 1392 1393 1394
f 1392 1394 1338
f 1393 1335 1395
f 1393 1395 1394
f 1394 1395 1396
f 1394 1396 1338
f 1395 1335 1397
f 1395 1397 1396
f 1396 1397 1398
f 1396 1398 1338
f 1397 1335 1399
f 1397 1399 1398
f 1398 1399 1400
f 1398 1400 1338
f 1399 1335 1336
f 1399 1336 1400
f 1400 1336 1337
f 1400 1337 1338
f 1402 1401 1405
f 1402 1405 1403
f 1403 1405 1406
f 1403 1406 1404
f 1405 1401 1407
f 1405 1407 1406
f 1406 1407 1408
f 1406 1408 1404
f 1407 1401 1409
f 1407 1409 1408
f 1408 1409 1410
f 1408 1410 1404
f 1409 1401 1411
f 1409 1411 1410
f 1410 1411 1412
f 1410 1412 1404
f 1411 1401 1413
f 1411 1413 1412
f 1412 1413 1414
f 1412 1414 1404
f 1413 1401 1415
f 1413 1415 1414
f 1414 1415 1416
f 1414 1416 1404
f 1415 1401 1417
f 1415 1417 1416
f 1416 1417 1418
f 1416 1418 1404
f 1417 1401 1419
f 1417 1419 1418
f 1418 1419 1420
f 1418 1420 1404
f 1419 1401 1421
f 1419 1421 1420
f 1420 1421 1422
f 1420 1422 1404
f 1421 1401 1423
f 1421 1423 1422
f 1422 1423 1424
f 1422 1424 1404
f 1423 1401 1425
f 1423 1425 1424
f 1424 1425 1426
f 1424 1426 1404
f 1425 1401 1427
f 1425 1427 1426
f 1426 1427 1428
f 1426 1428 1404
f 1427 1401 1429
f 1427 1429 1428
f 1428 1429 1430
f 1428 1430 1404
f 1429 1401 1431
f 1429 1431 1430
f 1430 1431 1432
f 1430 1432 1404
f 1431 1401 1433
f 1431 1433 1432
f 1432 1433 1434
f 1432 1434 1404
f 1433 1401 1435
f 1433 1435 1434
f 1434 1435 1436
f 1434 1436 1404
f 1435 1401 1437
f 1435 1437 1436
f 1436 1437 1438
f 1436 1438 1404
f 1437 1401 1439
f 1437 1439 1438
f 1438 1439 1440
f 1438 1440 1404
f 1439 1401 1441
f 1439 1441 1440
f 1440 1441 1442
f 1440 1442 1404
f 1441 1401 1443
f 1441 1443 1442
f 1442 1443 1444
f 1442 1444 1404
f 1443 1401 1445
f 1443 1445 1444
f 1444 1445 1446
f 1444 1446 1404
f 1445 1401 1447
f 1445 1447 1446
f 1446 1447 1448
f 1446 1448 1404
f 1447 1401 1449
f 1447 1449 1448
f 1448 1449 1450
f 1448 1450 1404
f 1449 1401 1451
f 1449 1451 1450
f 1450 1451 1452
f 1450 1452 1404
f 1451 1401 1453
f 1451 1453 1452
f 1452 1453 1454
f 1452 1454 1404
f 1453 1401 1455
f 1453 1455 1454
f 1454 1455 1456
f 1454 1456 1404
f 1455 1401 1457
f 1455 1457 1456
f 1456 1457 1458
f 1456 1458 1404
f 1457 1401 1459
f 1457 1459 1458
f 1458 1459 1460
f 1458 1460 1404
f 1459 1401 1461
f 1459 1461 1460
f 1460 1461 1462
f 1460 1462 1404
f 1461 1401 1463
f 1461 1463 1462
f 1462 1463 1464
f 1462 1464 1404
f 1463 1401 1465
f 1463 1465 1464
f 1464 1465 1466
f 1464 1466 1404
f 1465 1401 1402
f 1465 1402 1466
f 1466 1402 1403
f 1466 1403 1404
f 1468 1467 1471
f 1468 1471 1469
f 1469 1471 1472
f 1469 1472 1470
f 1471 1467 1473
f 1471 1473 1472
f 1472 1473 1474
f 1472 1474 1470
f 1473 1467 1475
f 1473 1475 1474
f 1474 1475 1476
f 1474 1476 1470
f 1475 1467 1477
f 1475 1477 1476
f 1476 1477 1478
f 1476 1478 1470
f 1477 1467 1479
f 1477 1479 1478
f 1478 1479 1480
f 1478 1480 1470
f 1479 1467 1481
f 1479 1481 1480
f 1480 1481 1482
f 1480 1482 1470
f 1481 1467 1483
f 1481 1483 1482
f 1482 1483 1484
f 1482 1484 1470
f 1483 1467 1485
f 1483 1485 1484
f 1484 1485 1486
f 1484 1486 1470
f 1485 1467 1487
f 1485 1487 1486
f 1486 1487 1488
f 1486 1488 1470
f 1487 1467 1489
f 1487 1489 1488
f 1488 1489 1490
f 1488 1490 1470
f 1489 1467 1491
f 1489 1491 1490
f 1490 1491 1492
f 1490 1492 1470
f 1491 1467 1493
f 1491 1493 1492
f 1492 1493 1494
f 1492 1494 1470
f 1493 1467 1495
f 1493 1495 1494
f 1494 1495 1496
f 1494 1496 1470
f 1495 1467 1497
f 1495 1497 1496
f 1496 1497 1498
f 1496 1498 1470
f 1497 1467 1499
f 1497 1499 1498
f 1498 1499 1500
f 1498 1500 1470
f 1499 1467 1501
f 1499 1501 1500
f 1500 1501 1502
f 1500 1502 1470
f 1501 1467 1503
f 1501 1503 1502
f 1502 1503 1504
f 1502 1504 1470
f 1503 1467 1505
f 1503 1505 1504
f 1504 1505 1506
f 1504 1506 1470
f 1505 1467 1507
f 1505 1507 1506
f 1506 1507 1508
f 1506 1508 1470
f 1507 1467 1509
f 1507 1509 1508
f 1508 1509 1510
f 1508 1510 1470
f 1509 1467 1511
f 1509 1511 1510
f 1510 1511 1512
f 1510 1512 1470
f 1511 1467 1513
f 1511 1513 1512
f 1512 1513 1514
f 1512 1514 1470
f 1513 1467 1515
f 1513 1515 1514
f 1514 1515 1516
f 1514 1516 1470
f 1515 1467 1517
f 1515 1517 1516
f 1516 1517 1518
f 1516 1518 1470
f 1517 1467 1519
f 1517 1519 1518
f 1518 1519 1520
f 1518 1520 1470
f 1519 1467 1521
f 1519 1521 1520
f 1520 1521 1522
f 1520 1522 1470
f 1521 1467 1523
f 1521 1523 1522
f 1522 1523 1524
f 1522 1524 1470
f 1523 1467 1525
f 1523 1525 1524
f 1524 1525 1526
f 1524 1526 1470
f 1525 1467 1527
f 1525 1527 1526
f 1526 1527 1528
f 1526 1528 1470
f 1527 1467 1529
f 1527 1529 1528
f 1528 1529 1530
f 1528 1530 1470
f 1529 1467 1531
f 1529 1531 1530
f 1530 1531 1532
f 1530 1532 1470
f 1531 1467 1468
f 1531 1468 1532
f 1532 1468 1469
f 1532 1469 1470
f 1534 1533 1537
f 1534 1537 1535
f 1535 1537 1538
f 1535 1538 1536
f 1537 1533 1539
f 1537 1539 1538
f 1538 1539 1540
f 1538 1540 1536
f 1539 1533 1541
f 1539 1541 1540
f 1540 1541 1542
f 1540 1542 1536
f 1541 1533 1543
f 1541 1543 1542
f 1542 1543 1544
f 1542 1544 1536
f 1543 1533 1545
f 1543 1545 1544
f 1544 1545 1546
f 1544 1546 1536
f 1545 1533 1547
f 1545 1547 1546
f 1546 1547 1548
f 1546 1548 1536
f 1547 1533 1549
f 1547 1549 1548
f 1548 1549 1550
f 1548 1550 1536
f 1549 1533 1551
f 1549 1551 1550
f 1550 1551 1552
f 1550 1552 1536
f 1551 1533 1553
f 1551 1553 1552
f 1552 1553 1554
f 1552 1554 1536
f 1553 1533 1555
f 1553 1555 1554
f 1554 1555 1556
f 1554 1556 1536
f 1555 1533 1557
f 1555 1557 1556
f 1556 1557 1558
f 1556 1558 1536
f 1557 1533 1559
f 1557 1559 1558
f 1558 1559 1560
f 1558 1560 1536
f 1559 1533 1561
f 1559 1561 1560
f 1560 1561 1562
f 1560 1562 1536
f 1561 1533 1563
f 1561 1563 1562
f 1562 1563 1564
f 1562 1564 1536
f 1563 1533 1565
f 1563 1565 1564
f 1564 1565 1566
f 1564 1566 1536
f 1565 1533 1567
f 1565 1567 1566
f 1566 1567 1568
f 1566 1568 1536
f 1567 1533 1569
f 1567 1569 1568
f 1568 1569 1570
f 1568 1570 1536
f 1569 1533 1571
f 1569 1571 1570
f 1570 1571 1572
f 1570 1572 1536
f 1571 1533 1573
f 1571 1573 1572
f 1572 1573 1574
f 1572 1574 1536
f 1573 1533 1575
f 1573 1575 1574
f 1574 1575 1576
f 1574 1576 1536
f 1575 1533 1577
f 1575 1577 1576
f 1576 1577 1578
f 1576 1578 1536
f 1577 1533 1579
f 1577 1579 1578
f 1578 1579 1580
f 1578 1580 1536
f 1579 1533 1581
f 1579 1581 1580
f 1580 1581 1582
f 1580 1582 1536
f 1581 1533 1583
f 1581 1583 1582
f 1582 1583 1584
f 1582 1584 1536
f 1583 1533 1585
f 1583 1585 1584
f 1584 1585 1586
f 1584 1586 1536
f 1585 1533 1587
f 1585 1587 1586
f 1586 1587 1588
f 1586 1588 1536
f 1587 1533 1589
f 1587 1589 1588
f 1588 1589 1590
f 1588 1590 1536
f 1589 1533 1591
f 1589 1591 1590
f 1590 1591 1592
f 1590 1592 1536
f 1591 1533 1593
f 1591 1593 1592
f 1592 1593 1594
f 1592 1594 1536
f 1593 1533 1595
f 1593 1595 1594
f 1594 1595 1596
f 1594 1596 1536
f 1595 1533 1597
f 1595 1597 1596
f 1596 1597 1598
f 1596 1598 1536
f 1597 1533 1534
f 1597 1534 1598
f 1598 1534 1535
f 1598 1535 1536
f 1600 1602 1599
f 1603 1600 1599
f 1599 1602 1601
f 1601 1603 1599
f 1600 1606 1602
f 1604 1600 1603
f 1604 1606 1600
f 1602 1606 1601
f 1605 1603 1601
f 1601 1606 1605
f 1605 1604 1603
f 1606 1604 1605
f 1608 1610 1607
f 1611 1608 1607
f 1607 1610 1609
f 1609 1611 1607
f 1608 1614 1610
f 1612 1608 1611
f 1612 1614 1608
f 1610 1614 1609
f 1613 1611 1609
f 1609 1614 1613
f 1613 1612 1611
f 1614 1612 1613
f 1616 1618 1615
f 1619 1616 1615
f 1615 1618 1617
f 1617 1619 1615
f 1616 1622 1618
f 1620 1616 1619
f 1620 1622 1616
f 1618 1622 1617
f 1621 1619 1617
f 1617 1622 1621
f 1621 1620 1619
f 1622 1620 1621
f 1624 1626 1623
f 1627 1624 1623
f 1623 1626 1625
f 1625 1627 1623
f 1624 1630 1626
f 1628 1624 1627
f 1628 1630 1624
f 1626 1630 1625
f 1629 1627 1625
f 1625 1630 1629
f 1629 1628 1627
f 1630 1628 1629
f 1632 1634 1631
f 1635 1632 1631
f 1631 1634 1633
f 1633 1635 1631
f 1632 1638 1634
f 1636 1632 1635
f 1636 1638 1632
f 1634 1638 1633
f 1637 1635 1633
f 1633 1638 1637
f 1637 1636 1635
f 1638 1636 1637
f 1640 1642 1639
f 1643 1640 1639
f 1639 1642 1641
f 1641 1643 1639
f 1640 1646 1642
f 1644 1640 1643
f 1644 1646 1640
f 1642 1646 1641
f 1645 1643 1641
f 1641 1646 1645
f 1645 1644 1643
f 1646 1644 1645
f 1648 1647 1651
f 1648 1651 1649
f 1649 1651 1652
f 1649 1652 1650
f 1651 1647 1653
f 1651 1653 1652
f 1652 1653 1654
f 1652 1654 1650
f 1653 1647 1655
f 1653 1655 1654
f 1654 1655 1656
f 1654 1656 1650
f 1655 1647 1657
f 1655 1657 1656
f 1656 1657 1658
f 1656 1658 1650
f 1657 1647 1659
f 1657 1659 1658
f 1658 1659 1660
f 1658 1660 1650
f 1659 1647 1661
f 1659 1661 1660
f 1660 1661 1662
f 1660 1662 1650
f 1661 1647 1663
f 1661 1663 1662
f 1662 1663 1664
f 1662 1664 1650
f 1663 1647 1665
f 1663 1665 1664
f 1664 1665 1666
f 1664 1666 1650
f 1665 1647 1667
f 1665 1667 1666
f 1666 1667 1668
f 1666 1668 1650
f 1667 1647 1669
f 1667 1669 1668
f 1668 1669 1670
f 1668 1670 1650
f 1669 1647 1671
f 1669 1671 1670
f 1670 1671 1672
f 1670 1672 1650
f 1671 1647 1673
f 1671 1673 1672
f 1672 1673 1674
f 1672 1674 1650
f 1673 1647 1675
f 1673 1675 1674
f 1674 1675 1676
f 1674 1676 1650
f 1675 1647 1677
f 1675 1677 1676
f 1676 1677 1678
f 1676 1678 1650
f 1677 1647 1679
f 1677 1679 1678
f 1678 1679 1680
f 1678 1680 1650
f 1679 1647 1681
f 1679 1681 1680
f 1680 1681 1682
f 1680 1682 1650
f 1681 1647 1683
f 1681 1683 1682
f 1682 1683 1684
f 1682 1684 1650
f 1683 1647 1685
f 1683 1685 1684
f 1684 1685 1686
f 1684 1686 1650
f 1685 1647 1687
f 1685 1687 1686
f 1686 1687 1688
f 1686 1688 1650
f 1687 1647 1689
f 1687 1689 1688
f 1688 1689 1690
f 1688 1690 1650
f 1689 1647 1691
f 1689 1691 1690
f 1690 1691 1692
f 1690 1692 1650
f 1691 1647 1693
f 1691 1693 1692
f 1692 1693 1694
f 1692 1694 1650
f 1693 1647 1695
f 1693 1695 1694
f 1694 1695 1696
f 1694 1696 1650
f 1695 1647 1697
f 1695 1697 1696
f 1696 1697 1698
f 1696 1698 1650
f 1697 1647 1699
f 1697 1699 1698
f 1698 1699 1700
f 1698 1700 1650
f 1699 1647 1701
f 1699 1701 1700
f 1700 1701 1702
f 1700 1702 1650
f 1701 1647 1703
f 1701 1703 1702
f 1702 1703 1704
f 1702 1704 1650
f 1703 1647 1705
f 1703 1705 1704
f 1704 1705 1706
f 1704 1706 1650
f 1705 1647 1707
f 1705 1707 1706
f 1706 1707 1708
f 1706 1708 1650
f 1707 1647 1709
f 1707 1709 1708
f 1708 1709 1710
f 1708 1710 1650
f 1709 1647 1711
f 1709 1711 1710
f 1710 1711 1712
f 1710 1712 1650
f 1711 1647 1648
f 1711 1648 1712
f 1712 1648 1649
f 1712 1649 1650
f 1714 1713 1717
f 1714 1717 1715
f 1715 1717 1718
f 1715 1718 1716
f 1717 1713 1719
f 1717 1719 1718
f 1718 1719 1720
f 1718 1720 1716
f 1719 1713 1721
f 1719 1721 1720
f 1720 1721 1722
f 1720 1722 1716
f 1721 1713 1723
f 1721 1723 1722
f 1722 1723 1724
f 1722 1724 1716
f 1723 1713 1725
f 1723 1725 1724
f 1724 1725 1726
f 1724 1726 1716
f 1725 1713 1727
f 1725 1727 1726
f 1726 1727 1728
f 1726 1728 1716
f 1727 1713 1729
f 1727 1729 1728
f 1728 1729 1730
f 1728 1730 1716
f 1729 1713 1731
f 1729 1731 1730
f 1730 1731 1732
f 1730 1732 1716
f 1731 1713 1733
f 1731 1733 1732
f 1732 1733 1734
f 1732 1734 1716
f 1733 1713 1735
f 1733 1735 1734
f 1734 1735 1736
f 1734 1736 1716
f 1735 1713 1737
f 1735 1737 1736
f 1736 1737 1738
f 1736 1738 1716
f 1737 1713 1739
f 1737 1739 1738
f 1738 1739 1740
f 1738 1740 1716
f 1739 1713 1741
f 1739 1741 1740
f 1740 1741 1742
f 1740 1742 1716
f 1741 1713 1743
f 1741 1743 1742
f 1742 1743 1744
f 1742 1744 1716
f 1743 1713 1745
f 1743 1745 1744
f 1744 1745 1746
f 1744 1746 1716
f 1745 1713 1747
f 1745 1747 1746
f 1746 1747 1748
f 1746 1748 1716
f 1747 1713 1749
f 1747 1749 1748
f 1748 1749 1750
f 1748 1750 1716
f 1749 1713 1751
f 1749 1751 1750
f 1750 1751 1752
f 1750 1752 1716
f 1751 1713 1753
f 1751 1753 1752
f 1752 1753 1754
f 1752 1754 1716
f 1753 1713 1755
f 1753 1755 1754
f 1754 1755 1756
f 1754 1756 1716
f 1755 1713 1757
f 1755 1757 1756
f 1756 1757 1758
f 1756 1758 1716
f 1757 1713 1759
f 1757 1759 1758
f 1758 1759 1760
f 1758 1760 1716
f 1759 1713 1761
f 1759 1761 1760
f 1760 1761 1762
f 1760 1762 1716
f 1761 1713 1763
f 1761 1763 1762
f 1762 1763 1764
f 1762 1764 1716
f 1763 1713 1765
f 1763 1765 1764
f 1764 1765 1766
f 1764 1766 1716
f 1765 1713 1767
f 1765 1767 1766
f 1766 1767 1768
f 1766 1768 1716
f 1767 1713 1769
f 1767 1769 1768
f 1768 1769 1770
f 1768 1770 1716
f 1769 1713 1771
f 1769 1771 1770
f 1770 1771 1772
f 1770 1772 1716
f 1771 1713 1773
f 1771 1773 1772
f 1772 1773 1774
f 1772 1774 1716
f 1773 1713 1775
f 1773 1775 1774
f 1774 1775 1776
f 1774 1776 1716
f 1775 1713 1777
f 1775 1777 1776
f 1776 1777 1778
f 1776 1778 1716
f 1777 1713 1714
f 1777 1714 1778
f 1778 1714 1715
f 1778 1715 1716
f 1780 1779 1783
f 1780 1783 1781
f 1781 1783 1784
f 1781 1784 1782
f 1783 1779 1785
f 1783 1785 1784
f 1784 1785 1786
f 1784 1786 1782
f 1785 1779 1787
f 1785 1787 1786
f 1786 1787 1788
f 1786 1788 1782
f 1787 1779 1789
f 1787 1789 1788
f 1788 1789 1790
f 1788 1790 1782
f 1789 1779 1791
f 1789 1791 1790
f 1790 1791 1792
f 1790 1792 1782
f 1791 1779 1793
f 1791 1793 1792
f 1792 1793 1794
f 1792 1794 1782
f 1793 1779 1795
f 1793 1795 1794
f 1794 1795 1796
f 1794 1796 1782
f 1795 1779 1797
f 1795 1797 1796
f 1796 1797 1798
f 1796 1798 1782
f 1797 1779 1799
f 1797 1799 1798
f 1798 1799 1800
f 1798 1800 1782
f 1799 1779 1801
f 1799 1801 1800
f 1800 1801 1802
f 1800 1802 1782
f 1801 1779 1803
f 1801 1803 1802
f 1802 1803 1804
f 1802 1804 1782
f 1803 1779 1805
f 1803 1805 1804
f 1804 1805 1806
f 1804 1806 1782
f 1805 1779 1807
f 1805 1807 1806
f 1806 1807 1808
f 1806 1808 1782
f 1807 1779 1809
f 1807 1809 1808
f 1808 1809 1810
f 1808 1810 1782
f 1809 1779 1811
f 1809 1811 1810
f 1810 1811 1812
f 1810 1812 1782
f 1811 1779 1813
f 1811 1813 1812
f 1812 1813 1814
f 1812 1814 1782
f 1813 1779 1815
f 1813 1815 1814
f 1814 1815 1816
f 1814 1816 1782
f 1815 1779 1817
f 1815 1817 1816
f 1816 1817 1818
f 1816 1818 1782
f 1817 1779 1819
f 1817 1819 1818
f 1818 1819 1820
f 1818 1820 1782
f 1819 1779 1821
f 1819 1821 1820
f 1820 1821 1822
f 1820 1822 1782
f 1821 1779 1823
f 1821 1823 1822
f 1822 1823 1824
f 1822 1824 1782
f 1823 1779 1825
f 1823 1825 1824
f 1824 1825 1826
f 1824 1826 1782
f 1825 1779 1827
f 1825 1827 1826
f 1826 1827 1828
f 1826 1828 1782
f 1827 1779 1829
f 1827 1829 1828
f 1828 1829 1830
f 1828 1830 1782
f 1829 1779 1831
f 1829 1831 1830
f 1830 1831 1832
f 1830 1832 1782
f 1831 1779 1833
f 1831 1833 1832
f 1832 1833 1834
f 1832 1834 1782
f 1833 1779 1835
f 1833 1835 1834
f 1834 1835 1836
f 1834 1836 1782
f 1835 1779 1837
f 1835 1837 1836
f 1836 1837 1838
f 1836 1838 1782
f 1837 1779 1839
f 1837 1839 1838
f 1838 1839 1840
f 1838 1840 1782
f 1839 1779 1841
f 1839 1841 1840
f 1840 1841 1842
f 1840 1842 1782
f 1841 1779 1843
f 1841 1843 1842
f 1842 1843 1844
f 1842 1844 1782
f 1843 1779 1780
f 1843 1780 1844
f 1844 1780 1781
f 1844 1781 1782
f 1846 1845 1849
f 1846 1849 1847
f 1847 1849 1850
f 1847 1850 1848
f 1849 1845 1851
f 1849 1851 1850
f 1850 1851 1852
f 1850 1852 1848
f 1851 1845 1853
f 1851 1853 1852
f 1852 1853 1854
f 1852 1854 1848
f 1853 1845 1855
f 1853 1855 1854
f 1854 1855 1856
f 1854 1856 1848
f 1855 1845 1857
f 1855 1857 1856
f 1856 1857 1858
f 1856 1858 1848
f 1857 1845 1859
f 1857 1859 1858
f 1858 1859 1860
f 1858 1860 1848
f 1859 1845 1861
f 1859 1861 1860
f 1860 1861 1862
f 1860 1862 1848
f 1861 1845 1863
f 1861 1863 1862
f 1862 1863 1864
f 1862 1864 1848
f 1863 1845 1865
f 1863 1865 1864
f 1864 1865 1866
f 1864 1866 1848
f 1865 1845 1867
f 1865 1867 1866
f 1866 1867 1868
f 1866 1868 1848
f 1867 1845 1869
f 1867 1869 1868
f 1868 1869 1870
f 1868 1870 1848
f 1869 1845 1871
f 1869 1871 1870
f 1870 1871 1872
f 1870 1872 1848
f 1871 1845 1873
f 1871 1873 1872
f 1872 1873 1874
f 1872 1874 1848
f 1873 1845 1875
f 1873 1875 1874
f 1874 1875 1876
f 1874 1876 1848
f 1875 1845 1877
f 1875 1877 1876
f 1876 1877 1878
f 1876 1878 1848
f 1877 1845 1879
f 1877 1879 1878
f 1878 1879 1880
f 1878 1880 1848
f 1879 1845 1881
f 1879 1881 1880
f 1880 1881 1882
f 1880 1882 1848
f 1881 1845 1883
f 1881 1883 1882
f 1882 1883 1884
f 1882 1884 1848
f 1883 1845 1885
f 1883 1885 1884
f 1884 1885 1886
f 1884 1886 1848
f 1885 1845 1887
f 1885 1887 1886
f 1886 1887 1888
f 1886 1888 1848
f 1887 1845 1889
f 1887 1889 1888
f 1888 1889 1890
f 1888 1890 1848
f 1889 1845 1891
f 1889 1891 1890
f 1890 1891 1892
f 1890 1892 1848
f 1891 1845 1893
f 1891 1893 1892
f 1892 1893 1894
f 1892 1894 1848
f 1893 1845 1895
f 1893 1895 1894
f 1894 1895 1896
f 1894 1896 1848
f 1895 1845 1897
f 1895 1897 1896
f 1896 1897 1898
f 1896 1898 1848
f 1897 1845 1899
f 1897 1899 1898
f 1898 1899 1900
f 1898 1900 1848
f 1899 1845 1901
f 1899 1901 1900
f 1900 1901 1902
f 1900 1902 1848
f 1901 1845 1903
f 1901 1903 1902
f 1902 1903 1904
f 1902 1904 1848
f 1903 1845 1905
f 1903 1905 1904
f 1904 1905 1906
f 1904 1906 1848
f 1905 1845 1907
f 1905 1907 1906
f 1906 1907 1908
f 1906 1908 1848
f 1907 1845 1909
f 1907 1909 1908
f 1908 1909 1910
f 1908 1910 1848
f 1909 1845 1846
f 1909 1846 1910
f 1910 1846 1847
f 1910 1847 1848
f 1912 1911 1915
f 1912 1915 1913
f 1913 1915 1916
f 1913 1916 1914
f 1915 1911 1917
f 1915 1917 1916
f 1916 1917 1918
f 1916 1918 1914
f 1917 1911 1919
f 1917 1919 1918
f 1918 1919 1920
f 1918 1920 1914
f 1919 1911 1921
f 1919 1921 1920
f 1920 1921 1922
f 1920 1922 1914
f 1921 1911 1923
f 1921 1923 1922
f 1922 1923 1924
f 1922 1924 1914
f 1923 1911 1925
f 1923 1925 1924
f 1924 1925 1926
f 1924 1926 1914
f 1925 1911 1927
f 1925 1927 1926
f 1926 1927 1928
f 1926 1928 1914
f 1927 1911 1929
f 1927 1929 1928
f 1928 1929 1930
f 1928 1930 1914
f 1929 1911 1931
f 1929 1931 1930
f 1930 1931 1932
f 1930 1932 1914
f 1931 1911 1933
f 1931 1933 1932
f 1932 1933 1934
f 1932 1934 1914
f 1933 1911 1935
f 1933 1935 1934
f 1934 1935 1936
f 1934 1936 1914
f 1935 1911 1937
f 1935 1937 1936
f 1936 1937 1938
f 1936 1938 1914
f 1937 1911 1939
f 1937 1939 1938
f 1938 1939 1940
f 1938 1940 1914
f 1939 1911 1941
f 1939 1941 1940
f 1940 1941 1942
f 1940 1942 1914
f 1941 1911 1943
f 1941 1943 1942
f 1942 1943 1944
f 1942 1944 1914
f 1943 1911 1945
f 1943 1945 1944
f 1944 1945 1946
f 1944 1946 1914
f 1945 1911 1947
f 1945 1947 1946
f 1946 1947 1948
f 1946 1948 1914
f 1947 1911 1949
f 1947 1949 1948
f 1948 1949 1950
f 1948 1950 1914
f 1949 1911 1951
f 1949 1951 1950
f 1950 1951 1952
f 1950 1952 1914
f 1951 1911 1953
f 1951 1953 1952
f 1952 1953 1954
f 1952 1954 1914
f 1953 1911 1955
f 1953 1955 1954
f 1954 1955 1956
f 1954 1956 1914
f 1955 1911 1957
f 1955 1957 1956
f 1956 1957 1958
f 1956 1958 1914
f 1957 1911 1959
f 1957 1959 1958
f 1958 1959 1960
f 1958 1960 1914
f 1959 1911 1961
f 1959 1961 1960
f 1960 1961 1962
f 1960 1962 1914
f 1961 1911 1963
f 1961 1963 1962
f 1962 1963 1964
f 1962 1964 1914
f 1963 1911 1965
f 1963 1965 1964
f 1964 1965 1966
f 1964 1966 1914
f 1965 1911 1967
f 1965 1967 1966
f 1966 1967 1968
f 1966 1968 1914
f 1967 1911 1969
f 1967 1969 1968
f 1968 1969 1970
f 1968 1970 1914
f 1969 1911 1971
f 1969 1971 1970
f 1970 1971 1972
f 1970 1972 1914
f 1971 1911 1973
f 1971 1973 1972
f 1972 1973 1974
f 1972 1974 1914
f 1973 1911 1975
f 1973 1975 1974
f 1974 1975 1976
f 1974 1976 1914
f 1975 1911 1912
f 1975 1912 1976
f 1976 1912 1913
f 1976 1913 1914
f 1978 1977 1981
f 1978 1981 1979
f 1979 1981 1982
f 1979 1982 1980
f 1981 1977 1983
f 1981 1983 1982
f 1982 1983 1984
f 1982 1984 1980
f 1983 1977 1985
f 1983 1985 1984
f 1984 1985 1986
f 1984 1986 1980
f 1985 1977 1987
f 1985 1987 1986
f 1986 1987 1988
f 1986 1988 1980
f 1987 1977 1989
f 1987 1989 1988
f 1988 1989 1990
f 1988 1990 1980
f 1989 1977 1991
f 1989 1991 1990
f 1990 1991 1992
f 1990 1992 1980
f 1991 1977 1993
f 1991 1993 1992
f 1992 1993 1994
f 1992 1994 1980
f 1993 1977 1995
f 1993 1995 1994
f 1994 1995 1996
f 1994 1996 1980
f 1995 1977 1997
f 1995 1997 1996
f 1996 1997 1998
f 1996 1998 1980
f 1997 1977 1999
f 1997 1999 1998
f 1998 1999 2000
f 1998 2000 1980
f 1999 1977 2001
f 1999 2001 2000
f 2000 2001 2002
f 2000 2002 1980
f 2001 1977 2003
f 2001 2003 2002
f 2002 2003 2004
f 2002 2004 1980
f 2003 1977 2005
f 2003 2005 2004
f 2004 2005 2006
f 2004 2006 1980
f 2005 1977 2007
f 2005 2007 2006
f 2006 2007 2008
f 2006 2008 1980
f 2007 1977 2009
f 2007 2009 2008
f 2008 2009 2010
f 2008 2010 1980
f 2009 1977 2011
f 2009 2011 2010
f 2010 2011 2012
f 2010 2012 1980
f 2011 1977 2013
f 2011 2013 2012
f 2012 2013 2014
f 2012 2014 1980
f 2013 1977 2015
f 2013 2015 2014
f 2014 2015 2016
f 2014 2016 1980
f 2015 1977 2017
f 2015 2017 2016
f 2016 2017 2018
f 2016 2018 1980
f 2017 1977 2019
f 2017 2019 2018
f 2018 2019 2020
f 2018 2020 1980
f 2019 1977 2021
f 2019 2021 2020
f 2020 2021 2022
f 2020 2022 1980
f 2021 1977 2023
f 2021 2023 2022
f 2022 2023 2024
f 2022 2024 1980
f 2023 1977 2025
f 2023 2025 2024
f 2024 2025 2026
f 2024 2026 1980
f 2025 1977 2027
f 2025 2027 2026
f 2026 2027 2028
f 2026 2028 1980
f 2027 1977 2029
f 2027 2029 2028
f 2028 2029 2030
f 2028 2030 1980
f 2029 1977 2031
f 2029 2031 2030
f 2030 2031 2032
f 2030 2032 1980
f 2031 1977 2033
f 2031 2033 2032
f 2032 2033 2034
f 2032 2034 1980
f 2033 1977 2035
f 2033 2035 2034
f 2034 2035 2036
f 2034 2036 1980
f 2035 1977 2037
f 2035 2037 2036
f 2036 2037 2038
f 2036 2038 1980
f 2037 1977 2039
f 2037 2039 2038
f 2038 2039 2040
f 2038 2040 1980
f 2039 1977 2041
f 2039 2041 2040
f 2040 2041 2042
f 2040 2042 1980
f 2041 1977 1978
f 2041 1978 2042
f 2042 1978 1979
f 2042 1979 1980
f 2044 2043 2047
f 2044 2047 2045
f 2045 2047 2048
f 2045 2048 2046
f 2047 2043 2049
f 2047 2049 2048
f 2048 2049 2050
f 2048 2050 2046
f 2049 2043 2051
f 2049 2051 2050
f 2050 2051 2052
f 2050 2052 2046
f 2051 2043 2053
f 2051 2053 2052
f 2052 2053 2054
f 2052 2054 2046
f 2053 2043 2055
f 2053 2055 2054
f 2054 2055 2056
f 2054 2056 2046
f 2055 2043 2057
f 2055 2057 2056
f 2056 2057 2058
f 2056 2058 2046
f 2057 2043 2059
f 2057 2059 2058
f 2058 2059 2060
f 2058 2060 2046
f 2059 2043 2061
f 2059 2061 2060
f 2060 2061 2062
f 2060 2062 2046
f 2061 2043 2063
f 2061 2063 2062
f 2062 2063 2064
f 2062 2064 2046
f 2063 2043 2065
f 2063 2065 2064
f 2064 2065 2066
f 2064 2066 2046
f 2065 2043 2067
f 2065 2067 2066
f 2066 2067 2068
f 2066 2068 2046
f 2067 2043 2069
f 2067 2069 2068
f 2068 2069 2070
f 2068 2070 2046
f 2069 2043 2071
f 2069 2071 2070
f 2070 2071 2072
f 2070 2072 2046
f 2071 2043 2073
f 2071 2073 2072
f 2072 2073 2074
f 2072 2074 2046
f 2073 2043 2075
f 2073 2075 2074
f 2074 2075 2076
f 2074 2076 2046
f 2075 2043 2077
f 2075 2077 2076
f 2076 2077 2078
f 2076 2078 2046
f 2077 2043 2079
f 2077 2079 2078
f 2078 2079 2080
f 2078 2080 2046
f 2079 2043 2081
f 2079 2081 2080
f 2080 2081 2082
f 2080 2082 2046
f 2081 2043 2083
f 2081 2083 2082
f 2082 2083 2084
f 2082 2084 2046
f 2083 2043 2085
f 2083 2085 2084
f 2084 2085 2086
f 2084 2086 2046
f 2085 2043 2087
f 2085 2087 2086
f 2086 2087 2088
f 2086 2088 2046
f 2087 2043 2089
f 2087 2089 2088
f 2088 2089 2090
f 2088 2090 2046
f 2089 2043 2091
f 2089 2091 2090
f 2090 2091 2092
f 2090 2092 2046
f 2091 2043 2093
f 2091 2093 2092
f 2092 2093 2094
f 2092 2094 2046
f 2093 2043 2095
f 2093 2095 2094
f 2094 2095 2096
f 2094 2096 2046
f 2095 2043 2097
f 2095 2097 2096
f 2096 2097 2098
f 2096 2098 2046
f 2097 2043 2099
f 2097 2099 2098
f 2098 2099 2100
f 2098 2100 2046
f 2099 2043 2101
f 2099 2101 2100
f 2100 2101 2102
f 2100 2102 2046
f 2101 2043 2103
f 2101 2103 2102
f 2102 2103 2104
f 2102 2104 2046
f 2103 2043 2105
f 2103 2105 2104
f 2104 2105 2106
f 2104 2106 2046
f 2105 2043 2107
f 2105 2107 2106
f 2106 2107 2108
f 2106 2108 2046
f 2107 2043 2044
f 2107 2044 2108
f 2108 2044 2045
f 2108 2045 2046
f 2110 2109 2113
f 2110 2113 2111
f 2111 2113 2114
f 2111 2114 2112
f 2113 2109 2115
f 2113 2115 2114
f 2114 2115 2116
f 2114 2116 2112
f 2115 2109 2117
f 2115 2117 2116
f 2116 2117 2118
f 2116 2118 2112
f 2117 2109 2119
f 2117 2119 2118
f 2118 2119 2120
f 2118 2120 2112
f 2119 2109 2121
f 2119 2121 2120
f 2120 2121 2122
f 2120 2122 2112
f 2121 2109 2123
f 2121 2123 2122
f 2122 2123 2124
f 2122 2124 2112
f 2123 2109 2125
f 2123 2125 2124
f 2124 2125 2126
f 2124 2126 2112
f 2125 2109 2127
f 2125 2127 2126
f 2126 2127 2128
f 2126 2128 2112
f 2127 2109 2129
f 2127 2129 2128
f 2128 2129 2130
f 2128 2130 2112
f 2129 2109 2131
f 2129 2131 2130
f 2130 2131 2132
f 2130 2132 2112
f 2131 2109 2133
f 2131 2133 2132
f 2132 2133 2134
f 2132 2134 2112
f 2133 2109 2135
f 2133 2135 2134
f 2134 2135 2136
f 2134 2136 2112
f 2135 2109 2137
f 2135 2137 2136
f 2136 2137 2138
f 2136 2138 2112
f 2137 2109 2139
f 2137 2139 2138
f 2138 2139 2140
f 2138 2140 2112
f 2139 2109 2141
f 2139 2141 2140
f 2140 2141 2142
f 2140 2142 2112
f 2141 2109 2143
f 2141 2143 2142
f 2142 2143 2144
f 2142 2144 2112
f 2143 2109 2145
f 2143 2145 2144
f 2144 2145 2146
f 2144 2146 2112
f 2145 2109 2147
f 2145 2147 2146
f 2146 2147 2148
f 2146 2148 2112
f 2147 2109 2149
f 2147 2149 2148
f 2148 2149 2150
f 2148 2150 2112
f 2149 2109 2151
f 2149 2151 2150
f 2150 2151 2152
f 2150 2152 2112
f 2151 2109 2153
f 2151 2153 2152
f 2152 2153 2154
f 2152 2154 2112
f 2153 2109 2155
f 2153 2155 2154
f 2154 2155 2156
f 2154 2156 2112
f 2155 2109 2157
f 2155 2157 2156
f 2156 2157 2158
f 2156 2158 2112
f 2157 2109 2159
f 2157 2159 2158
f 2158 2159 2160
f 2158 2160 2112
f 2159 2109 2161
f 2159 2161 2160
f 2160 2161 2162
f 2160 2162 2112
f 2161 2109 2163
f 2161 2163 2162
f 2162 2163 2164
f 2162 2164 2112
f 2163 2109 2165
f 2163 2165 2164
f 2164 2165 2166
f 2164 2166 2112
f 2165 2109 2167
f 2165 2167 2166
f 2166 2167 2168
f 2166 2168 2112
f 2167 2109 2169
f 2167 2169 2168
f 2168 2169 2170
f 2168 2170 2112
f 2169 2109 2171
f 2169 2171 2170
f 2170 2171 2172
f 2170 2172 2112
f 2171 2109 2173
f 2171 2173 2172
f 2172 2173 2174
f 2172 2174 2112
f 2173 2109 2110
f 2173 2110 2174
f 2174 2110 2111
f 2174 2111 2112
f 2176 2175 2179
f 2176 2179 2177
f 2177 2179 2180
f 2177 2180 2178
f 2179 2175 2181
f 2179 2181 2180
f 2180 2181 2182
f 2180 2182 2178
f 2181 2175 2183
f 2181 2183 2182
f 2182 2183 2184
f 2182 2184 2178
f 2183 2175 2185
f 2183 2185 2184
f 2184 2185 2186
f 2184 2186 2178
f 2185 2175 2187
f 2185 2187 2186
f 2186 2187 2188
f 2186 2188 2178
f 2187 2175 2189
f 2187 2189 2188
f 2188 2189 2190
f 2188 2190 2178
f 2189 2175 2191
f 2189 2191 2190
f 2190 2191 2192
f 2190 2192 2178
f 2191 2175 2193
f 2191 2193 2192
f 2192 2193 2194
f 2192 2194 2178
f 2193 2175 2195
f 2193 2195 2194
f 2194 2195 2196
f 2194 2196 2178
f 2195 2175 2197
f 2195 2197 2196
f 2196 2197 2198
f 2196 2198 2178
f 2197 2175 2199
f 2197 2199 2198
f 2198 2199 2200
f 2198 2200 2178
f 2199 2175 2201
f 2199 2201 2200
f 2200 2201 2202
f 2200 2202 2178
f 2201 2175 2203
f 2201 2203 2202
f 2202 2203 2204
f 2202 2204 2178
f 2203 2175 2205
f 2203 2205 2204
f 2204 2205 2206
f 2204 2206 2178
f 2205 2175 2207
f 2205 2207 2206
f 2206 2207 2208
f 2206 2208 2178
f 2207 2175 2209
f 2207 2209 2208
f 2208 2209 2210
f 2208 2210 2178
f 2209 2175 2211
f 2209 2211 2210
f 2210 2211 2212
f 2210 2212 2178
f 2211 2175 2213
f 2211 2213 2212
f 2212 2213 2214
f 2212 2214 2178
f 2213 2175 2215
f 2213 2215 2214
f 2214 2215 2216
f 2214 2216 2178
f 2215 2175 2217
f 2215 2217 2216
f 2216 2217 2218
f 2216 2218 2178
f 2217 2175 2219
f 2217 2219 2218
f 2218 2219 2220
f 2218 2220 2178
f 2219 2175 2221
f 2219 2221 2220
f 2220 2221 2222
f 2220 2222 2178
f 2221 2175 2223
f 2221 2223 2222
f 2222 2223 2224
f 2222 2224 2178
f 2223 2175 2225
f 2223 2225 2224
f 2224 2225 2226
f 2224 2226 2178
f 2225 2175 2227
f 2225 2227 2226
f 2226 2227 2228
f 2226 2228 2178
f 2227 2175 2229
f 2227 2229 2228
f 2228 2229 2230
f 2228 2230 2178
f 2229 2175 2231
f 2229 2231 2230
f 2230 2231 2232
f 2230 2232 2178
f 2231 2175 2233
f 2231 2233 2232
f 2232 2233 2234
f 2232 2234 2178
f 2233 2175 2235
f 2233 2235 2234
f 2234 2235 2236
f 2234 2236 2178
f 2235 2175 2237
f 2235 2237 2236
f 2236 2237 2238
f 2236 2238 2178
f 2237 2175 2239
f 2237 2239 2238
f 2238 2239 2240
f 2238 2240 2178
f 2239 2175 2176
f 2239 2176 2240
f 2240 2176 2177
f 2240 2177 2178
f 2242 2241 2245
f 2242 2245 2243
f 2243 2245 2246
f 2243 2246 2244
f 2245 2241 2247
f 2245 2247 2246
f 2246 2247 2248
f 2246 2248 2244
f 2247 2241 2249
f 2247 2249 2248
f 2248 2249 2250
f 2248 2250 2244
f 2249 2241 2251
f 2249 2251 2250
f 2250 2251 2252
f 2250 2252 2244
f 2251 2241 2253
f 2251 2253 2252
f 2252 2253 2254
f 2252 2254 2244
f 2253 2241 2255
f 2253 2255 2254
f 2254 2255 2256
f 2254 2256 2244
f 2255 2241 2257
f 2255 2257 2256
f 2256 2257 2258
f 2256 2258 2244
f 2257 2241 2259
f 2257 2259 2258
f 2258 2259 2260
f 2258 2260 2244
f 2259 2241 2261
f 2259 2261 2260
f 2260 2261 2262
f 2260 2262 2244
f 2261 2241 2263
f 2261 2263 2262
f 2262 2263 2264
f 2262 2264 2244
f 2263 2241 2265
f 2263 2265 2264
f 2264 2265 2266
f 2264 2266 2244
f 2265 2241 2267
f 2265 2267 2266
f 2266 2267 2268
f 2266 2268 2244
f 2267 2241 2269
f 2267 2269 2268
f 2268 2269 2270
f 2268 2270 2244
f 2269 2241 2271
f 2269 2271 2270
f 2270 2271 2272
f 2270 2272 2244
f 2271 2241 2273
f 2271 2273 2272
f 2272 2273 2274
f 2272 2274 2244
f 2273 2241 2275
f 2273 2275 2274
f 2274 2275 2276
f 2274 2276 2244
f 2275 2241 2277
f 2275 2277 2276
f 2276 2277 2278
f 2276 2278 2244
f 2277 2241 2279
f 2277 2279 2278
f 2278 2279 2280
f 2278 2280 2244
f 2279 2241 2281
f 2279 2281 2280
f 2280 2281 2282
f 2280 2282 2244
f 2281 2241 2283
f 2281 2283 2282
f 2282 2283 2284
f 2282 2284 2244
f 2283 2241 2285
f 2283 2285 2284
f 2284 2285 2286
f 2284 2286 2244
f 2285 2241 2287
f 2285 2287 2286
f 2286 2287 2288
f 2286 2288 2244
f 2287 2241 2289
f 2287 2289 2288
f 2288 2289 2290
f 2288 2290 2244
f 2289 2241 2291
f 2289 2291 2290
f 2290 2291 2292
f 2290 2292 2244
f 2291 2241 2293
f 2291 2293 2292
f 2292 2293 2294
f 2292 2294 2244
f 2293 2241 2295
f 2293 2295 2294
f 2294 2295 2296
f 2294 2296 2244
f 2295 2241 2297
f 2295 2297 2296
f 2296 2297 2298
f 2296 2298 2244
f 2297 2241 2299
f 2297 2299 2298
f 2298 2299 2300
f 2298 2300 2244
f 2299 2241 2301
f 2299 2301 2300
f 2300 2301 2302
f 2300 2302 2244
f 2301 2241 2303
f 2301 2303 2302
f 2302 2303 2304
f 2302 2304 2244
f 2303 2241 2305
f 2303 2305 2304
f 2304 2305 2306
f 2304 2306 2244
f 2305 2241 2242
f 2305 2242 2306
f 2306 2242 2243
f 2306 2243 2244
f 2308 2307 2311
f 2308 2311 2309
f 2309 2311 2312
f 2309 2312 2310
f 2311 2307 2313
f 2311 2313 2312
f 2312 2313 2314
f 2312 2314 2310
f 2313 2307 2315
f 2313 2315 2314
f 2314 2315 2316
f 2314 2316 2310
f 2315 2307 2317
f 2315 2317 2316
f 2316 2317 2318
f 2316 2318 2310
f 2317 2307 2319
f 2317 2319 2318
f 2318 2319 2320
f 2318 2320 2310
f 2319 2307 2321
f 2319 2321 2320
f 2320 2321 2322
f 2320 2322 2310
f 2321 2307 2323
f 2321 2323 2322
f 2322 2323 2324
f 2322 2324 2310
f 2323 2307 2325
f 2323 2325 2324
f 2324 2325 2326
f 2324 2326 2310
f 2325 2307 2327
f 2325 2327 2326
f 2326 2327 2328
f 2326 2328 2310
f 2327 2307 2329
f 2327 2329 2328
f 2328 2329 2330
f 2328 2330 2310
f 2329 2307 2331
f 2329 2331 2330
f 2330 2331 2332
f 2330 2332 2310
f 2331 2307 2333
f 2331 2333 2332
f 2332 2333 2334
f 2332 2334 2310
f 2333 2307 2335
f 2333 2335 2334
f 2334 2335 2336
f 2334 2336 2310
f 2335 2307 2337
f 2335 2337 2336
f 2336 2337 2338
f 2336 2338 2310
f 2337 2307 2339
f 2337 2339 2338
f 2338 2339 2340
f 2338 2340 2310
f 2339 2307 2341
f 2339 2341 2340
f 2340 2341 2342
f 2340 2342 2310
f 2341 2307 2343
f 2341 2343 2342
f 2342 2343 2344
f 2342 2344 2310
f 2343 2307 2345
f 2343 2345 2344
f 2344 2345 2346
f 2344 2346 2310
f 2345 2307 2347
f 2345 2347 2346
f 2346 2347 2348
f 2346 2348 2310
f 2347 2307 2349
f 2347 2349 2348
f 2348 2349 2350
f 2348 2350 2310
f 2349 2307 2351
f 2349 2351 2350
f 2350 2351 2352
f 2350 2352 2310
f 2351 2307 2353
f 2351 2353 2352
f 2352 2353 2354
f 2352 2354 2310
f 2353 2307 2355
f 2353 2355 2354
f 2354 2355 2356
f 2354 2356 2310
f 2355 2307 2357
f 2355 2357 2356
f 2356 2357 2358
f 2356 2358 2310
f 2357 2307 2359
f 2357 2359 2358
f 2358 2359 2360
f 2358 2360 2310
f 2359 2307 2361
f 2359 2361 2360
f 2360 2361 2362
f 2360 2362 2310
f 2361 2307 2363
f 2361 2363 2362
f 2362 2363 2364
f 2362 2364 2310
f 2363 2307 2365
f 2363 2365 2364
f 2364 2365 2366
f 2364 2366 2310
f 2365 2307 2367
f 2365 2367 2366
f 2366 2367 2368
f 2366 2368 2310
f 2367 2307 2369
f 2367 2369 2368
f 2368 2369 2370
f 2368 2370 2310
f 2369 2307 2371
f 2369 2371 2370
f 2370 2371 2372
f 2370 2372 2310
f 2371 2307 2308
f 2371 2308 2372
f 2372 2308 2309
f 2372 2309 2310
f 2374 2373 2377
f 2374 2377 2375
f 2375 2377 2378
f 2375 2378 2376
f 2377 2373 2379
f 2377 2379 2378
f 2378 2379 2380
f 2378 2380 2376
f 2379 2373 2381
f 2379 2381 2380
f 2380 2381 2382
f 2380 2382 2376
f 2381 2373 2383
f 2381 2383 2382
f 2382 2383 2384
f 2382 2384 2376
f 2383 2373 2385
f 2383 2385 2384
f 2384 2385 2386
f 2384 2386 2376
f 2385 2373 2387
f 2385 2387 2386
f 2386 2387 2388
f 2386 2388 2376
f 2387 2373 2389
f 2387 2389 2388
f 2388 2389 2390
f 2388 2390 2376
f 2389 2373 2391
f 2389 2391 2390
f 2390 2391 2392
f 2390 2392 2376
f 2391 2373 2393
f 2391 2393 2392
f 2392 2393 2394
f 2392 2394 2376
f 2393 2373 2395
f 2393 2395 2394
f 2394 2395 2396
f 2394 2396 2376
f 2395 2373 2397
f 2395 2397 2396
f 2396 2397 2398
f 2396 2398 2376
f 2397 2373 2399
f 2397 2399 2398
f 2398 2399 2400
f 2398 2400 2376
f 2399 2373 2401
f 2399 2401 2400
f 2400 2401 2402
f 2400 2402 2376
f 2401 2373 2403
f 2401 2403 2402
f 2402 2403 2404
f 2402 2404 2376
f 2403 2373 2405
f 2403 2405 2404
f 2404 2405 2406
f 2404 2406 2376
f 2405 2373 2407
f 2405 2407 2406
f 2406 2407 2408
f 2406 2408 2376
f 2407 2373 2409
f 2407 2409 2408
f 2408 2409 2410
f 2408 2410 2376
f 2409 2373 2411
f 2409 2411 2410
f 2410 2411 2412
f 2410 2412 2376
f 2411 2373 2413
f 2411 2413 2412
f 2412 2413 2414
f 2412 2414 2376
f 2413 2373 2415
f 2413 2415 2414
f 2414 2415 2416
f 2414 2416 2376
f 2415 2373 2417
f 2415 2417 2416
f 2416 2417 2418
f 2416 2418 2376
f 2417 2373 2419
f 2417 2419 2418
f 2418 2419 2420
f 2418 2420 2376
f 2419 2373 2421
f 2419 2421 2420
f 2420 2421 2422
f 2420 2422 2376
f 2421 2373 2423
f 2421 2423 2422
f 2422 2423 2424
f 2422 2424 2376
f 2423 2373 2425
f 2423 2425 2424
f 2424 2425 2426
f 2424 2426 2376
f 2425 2373 2427
f 2425 2427 2426
f 2426 2427 2428
f 2426 2428 2376
f 2427 2373 2429
f 2427 2429 2428
f 2428 2429 2430
f 2428 2430 2376
f 2429 2373 2431
f 2429 2431 2430
f 2430 2431 2432
f 2430 2432 2376
f 2431 2373 2433
f 2431 2433 2432
f 2432 2433 2434
f 2432 2434 2376
f 2433 2373 2435
f 2433 2435 2434
f 2434 2435 2436
f 2434 2436 2376
f 2435 2373 2437
f 2435 2437 2436
f 2436 2437 2438
f 2436 2438 2376
f 2437 2373 2374
f 2437 2374 2438
f 2438 2374 2375
f 2438 2375 2376
f 2440 2439 2443
f 2440 2443 2441
f 2441 2443 2444
f 2441 2444 2442
f 2443 2439 2445
f 2443 2445 2444
f 2444 2445 2446
f 2444 2446 2442
f 2445 2439 2447
f 2445 2447 2446
f 2446 2447 2448
f 2446 2448 2442
f 2447 2439 2449
f 2447 2449 2448
f 2448 2449 2450
f 2448 2450 2442
f 2449 2439 2451
f 2449 2451 2450
f 2450 2451 2452
f 2450 2452 2442
f 2451 2439 2453
f 2451 2453 2452
f 2452 2453 2454
f 2452 2454 2442
f 2453 2439 2455
f 2453 2455 2454
f 2454 2455 2456
f 2454 2456 2442
f 2455 2439 2457
f 2455 2457 2456
f 2456 2457 2458
f 2456 2458 2442
f 2457 2439 2459
f 2457 2459 2458
f 2458 2459 2460
f 2458 2460 2442
f 2459 2439 2461
f 2459 2461 2460
f 2460 2461 2462
f 2460 2462 2442
f 2461 2439 2463
f 2461 2463 2462
f 2462 2463 2464
f 2462 2464 2442
f 2463 2439 2465
f 2463 2465 2464
f 2464 2465 2466
f 2464 2466 2442
f 2465 2439 2467
f 2465 2467 2466
f 2466 2467 2468
f 2466 2468 2442
f 2467 2439 2469
f 2467 2469 2468
f 2468 2469 2470
f 2468 2470 2442
f 2469 2439 2471
f 2469 2471 2470
f 2470 2471 2472
f 2470 2472 2442
f 2471 2439 2473
f 2471 2473 2472
f 2472 2473 2474
f 2472 2474 2442
f 2473 2439 2475
f 2473 2475 2474
f 2474 2475 2476
f 2474 2476 2442
f 2475 2439 2477
f 2475 2477 2476
f 2476 2477 2478
f 2476 2478 2442
f 2477 2439 2479
f 2477 2479 2478
f 2478 2479 2480
f 2478 2480 2442
f 2479 2439 2481
f 2479 2481 2480
f 2480 2481 2482
f 2480 2482 2442
f 2481 2439 2483
f 2481 2483 2482
f 2482 2483 2484
f 2482 2484 2442
f 2483 2439 2485
f 2483 2485 2484
f 2484 2485 2486
f 2484 2486 2442
f 2485 2439 2487
f 2485 2487 2486
f 2486 2487 2488
f 2486 2488 2442
f 2487 2439 2489
f 2487 2489 2488
f 2488 2489 2490
f 2488 2490 2442
f 2489 2439 2491
f 2489 2491 2490
f 2490 2491 2492
f 2490 2492 2442
f 2491 2439 2493
f 2491 2493 2492
f 2492 2493 2494
f 2492 2494 2442
f 2493 2439 2495
f 2493 2495 2494
f 2494 2495 2496
f 2494 2496 2442
f 2495 2439 2497
f 2495 2497 2496
f 2496 2497 2498
f 2496 2498 2442
f 2497 2439 2499
f 2497 2499 2498
f 2498 2499 2500
f 2498 2500 2442
f 2499 2439 2501
f 2499 2501 2500
f 2500 2501 2502
f 2500 2502 2442
f 2501 2439 2503
f 2501 2503 2502
f 2502 2503 2504
f 2502 2504 2442
f 2503 2439 2440
f 2503 2440 2504
f 2504 2440 2441
f 2504 2441 2442
f 2506 2505 2509
f 2506 2509 2507
f 2507 2509 2510
f 2507 2510 2508
f 2509 2505 2511
f 2509 2511 2510
f 2510 2511 2512
f 2510 2512 2508
f 2511 2505 2513
f 2511 2513 2512
f 2512 2513 2514
f 2512 2514 2508
f 2513 2505 2515
f 2513 2515 2514
f 2514 2515 2516
f 2514 2516 2508
f 2515 2505 2517
f 2515 2517 2516
f 2516 2517 2518
f 2516 2518 2508
f 2517 2505 2519
f 2517 2519 2518
f 2518 2519 2520
f 2518 2520 2508
f 2519 2505 2521
f 2519 2521 2520
f 2520 2521 2522
f 2520 2522 2508
f 2521 2505 2523
f 2521 2523 2522
f 2522 2523 2524
f 2522 2524 2508
f 2523 2505 2525
f 2523 2525 2524
f 2524 2525 2526
f 2524 2526 2508
f 2525 2505 2527
f 2525 2527 2526
f 2526 2527 2528
f 2526 2528 2508
f 2527 2505 2529
f 2527 2529 2528
f 2528 2529 2530
f 2528 2530 2508
f 2529 2505 2531
f 2529 2531 2530
f 2530 2531 2532
f 2530 2532 2508
f 2531 2505 2533
f 2531 2533 2532
f 2532 2533 2534
f 2532 2534 2508
f 2533 2505 2535
f 2533 2535 2534
f 2534 2535 2536
f 2534 2536 2508
f 2535 2505 2537
f 2535 2537 2536
f 2536 2537 2538
f 2536 2538 2508
f 2537 2505 2539
f 2537 2539 2538
f 2538 2539 2540
f 2538 2540 2508
f 2539 2505 2541
f 2539 2541 2540
f 2540 2541 2542
f 2540 2542 2508
f 2541 2505 2543
f 2541 2543 2542
f 2542 2543 2544
f 2542 2544 2508
f 2543 2505 2545
f 2543 2545 2544
f 2544 2545 2546
f 2544 2546 2508
f 2545 2505 2547
f 2545 2547 2546
f 2546 2547 2548
f 2546 2548 2508
f 2547 2505 2549
f 2547 2549 2548
f 2548 2549 2550
f 2548 2550 2508
f 2549 2505 2551
f 2549 2551 2550
f 2550 2551 2552
f 2550 2552 2508
f 2551 2505 2553
f 2551 2553 2552
f 2552 2553 2554
f 2552 2554 2508
f 2553 2505 2555
f 2553 2555 2554
f 2554 2555 2556
f 2554 2556 2508
f 2555 2505 2557
f 2555 2557 2556
f 2556 2557 2558
f 2556 2558 2508
f 2557 2505 2559
f 2557 2559 2558
f 2558 2559 2560
f 2558 2560 2508
f 2559 2505 2561
f 2559 2561 2560
f 2560 2561 2562
f 2560 2562 2508
f 2561 2505 2563
f 2561 2563 2562
f 2562 2563 2564
f 2562 2564 2508
f 2563 2505 2565
f 2563 2565 2564
f 2564 2565 2566
f 2564 2566 2508
f 2565 2505 2567
f 2565 2567 2566
f 2566 2567 2568
f 2566 2568 2508
f 2567 2505 2569
f 2567 2569 2568
f 2568 2569 2570
f 2568 2570 2508
f 2569 2505 2506
f 2569 2506 2570
f 2570 2506 2507
f 2570 2507 2508
f 2572 2571 2575
f 2572 2575 2573
f 2573 2575 2576
f 2573 2576 2574
f 2575 2571 2577
f 2575 2577 2576
f 2576 2577 2578
f 2576 2578 2574
f 2577 2571 2579
f 2577 2579 2578
f 2578 2579 2580
f 2578 2580 2574
f 2579 2571 2581
f 2579 2581 2580
f 2580 2581 2582
f 2580 2582 2574
f 2581 2571 2583
f 2581 2583 2582
f 2582 2583 2584
f 2582 2584 2574
f 2583 2571 2585
f 2583 2585 2584
f 2584 2585 2586
f 2584 2586 2574
f 2585 2571 2587
f 2585 2587 2586
f 2586 2587 2588
f 2586 2588 2574
f 2587 2571 2589
f 2587 2589 2588
f 2588 2589 2590
f 2588 2590 2574
f 2589 2571 2591
f 2589 2591 2590
f 2590 2591 2592
f 2590 2592 2574
f 2591 2571 2593
f 2591 2593 2592
f 2592 2593 2594
f 2592 2594 2574
f 2593 2571 2595
f 2593 2595 2594
f 2594 2595 2596
f 2594 2596 2574
f 2595 2571 2597
f 2595 2597 2596
f 2596 2597 2598
f 2596 2598 2574
f 2597 2571 2599
f 2597 2599 2598
f 2598 2599 2600
f 2598 2600 2574
f 2599 2571 2601
f 2599 2601 2600
f 2600 2601 2602
f 2600 2602 2574
f 2601 2571 2603
f 2601 2603 2602
f 2602 2603 2604
f 2602 2604 2574
f 2603 2571 2605
f 2603 2605 2604
f 2604 2605 2606
f 2604 2606 2574
f 2605 2571 2607
f 2605 2607 2606
f 2606 2607 2608
f 2606 2608 2574
f 2607 2571 2609
f 2607 2609 2608
f 2608 2609 2610
f 2608 2610 2574
f 2609 2571 2611
f 2609 2611 2610
f 2610 2611 2612
f 2610 2612 2574
f 2611 2571 2613
f 2611 2613 2612
f 2612 2613 2614
f 2612 2614 2574
f 2613 2571 2615
f 2613 2615 2614
f 2614 2615 2616
f 2614 2616 2574
f 2615 2571 2617
f 2615 2617 2616
f 2616 2617 2618
f 2616 2618 2574
f 2617 2571 2619
f 2617 2619 2618
f 2618 2619 2620
f 2618 2620 2574
f 2619 2571 2621
f 2619 2621 2620
f 2620 2621 2622
f 2620 2622 2574
f 2621 2571 2623
f 2621 2623 2622
f 2622 2623 2624
f 2622 2624 2574
f 2623 2571 2625
f 2623 2625 2624
f 2624 2625 2626
f 2624 2626 2574
f 2625 2571 2627
f 2625 2627 2626
f 2626 2627 2628
f 2626 2628 2574
f 2627 2571 2629
f 2627 2629 2628
f 2628 2629 2630
f 2628 2630 2574
f 2629 2571 2631
f 2629 2631 2630
f 2630 2631 2632
f 2630 2632 2574
f 2631 2571 2633
f 2631 2633 2632
f 2632 2633 2634
f 2632 2634 2574
f 2633 2571 2635
f 2633 2635 2634
f 2634 2635 2636
f 2634 2636 2574
f 2635 2571 2572
f 2635 2572 2636
f 2636 2572 2573
f 2636 2573 2574
f 2638 2637 2641
f 2638 2641 2639
f 2639 2641 2642
f 2639 2642 2640
f 2641 2637 2643
f 2641 2643 2642
f 2642 2643 2644
f 2642 2644 2640
f 2643 2637 2645
f 2643 2645 2644
f 2644 2645 2646
f 2644 2646 2640
f 2645 2637 2647
f 2645 2647 2646
f 2646 2647 2648
f 2646 2648 2640
f 2647 2637 2649
f 2647 2649 2648
f 2648 2649 2650
f 2648 2650 2640
f 2649 2637 2651
f 2649 2651 2650
f 2650 2651 2652
f 2650 2652 2640
f 2651 2637 2653
f 2651 2653 2652
f 2652 2653 2654
f 2652 2654 2640
f 2653 2637 2655
f 2653 2655 2654
f 2654 2655 2656
f 2654 2656 2640
f 2655 2637 2657
f 2655 2657 2656
f 2656 2657 2658
f 2656 2658 2640
f 2657 2637 2659
f 2657 2659 2658
f 2658 2659 2660
f 2658 2660 2640
f 2659 2637 2661
f 2659 2661 2660
f 2660 2661 2662
f 2660 2662 2640
f 2661 2637 2663
f 2661 2663 2662
f 2662 2663 2664
f 2662 2664 2640
f 2663 2637 2665
f 2663 2665 2664
f 2664 2665 2666
f 2664 2666 2640
f 2665 2637 2667
f 2665 2667 2666
f 2666 2667 2668
f 2666 2668 2640
f 2667 2637 2669
f 2667 2669 2668
f 2668 2669 2670
f 2668 2670 2640
f 2669 2637 2671
f 2669 2671 2670
f 2670 2671 2672
f 2670 2672 2640
f 2671 2637 2673
f 2671 2673 2672
f 2672 2673 2674
f 2672 2674 2640
f 2673 2637 2675
f 2673 2675 2674
f 2674 2675 2676
f 2674 2676 2640
f 2675 2637 2677
f 2675 2677 2676
f 2676 2677 2678
f 2676 2678 2640
f 2677 2637 2679
f 2677 2679 2678
f 2678 2679 2680
f 2678 2680 2640
f 2679 2637 2681
f 2679 2681 2680
f 2680 2681 2682
f 2680 2682 2640
f 2681 2637 2683
f 2681 2683 2682
f 2682 2683 2684
f 2682 2684 2640
f 2683 2637 2685
f 2683 2685 2684
f 2684 2685 2686
f 2684 2686 2640
f 2685 2637 2687
f 2685 2687 2686
f 2686 2687 2688
f 2686 2688 2640
f 2687 2637 2689
f 2687 2689 2688
f 2688 2689 2690
f 2688 2690 2640
f 2689 2637 2691
f 2689 2691 2690
f 2690 2691 2692
f 2690 2692 2640
f 2691 2637 2693
f 2691 2693 2692
f 2692 2693 2694
f 2692 2694 2640
f 2693 2637 2695
f 2693 2695 2694
f 2694 2695 2696
f 2694 2696 2640
f 2695 2637 2697
f 2695 2697 2696
f 2696 2697 2698
f 2696 2698 2640
f 2697 2637 2699
f 2697 2699 2698
f 2698 2699 2700
f 2698 2700 2640
f 2699 2637 2701
f 2699 2701 2700
f 2700 2701 2702
f 2700 2702 2640
f 2701 2637 2638
f 2701 2638 2702
f 2702 2638 2639
f 2702 2639 2640
f 2704 2703 2707
f 2704 2707 2705
f 2705 2707 2708
f 2705 2708 2706
f 2707 2703 2709
f 2707 2709 2708
f 2708 2709 2710
f 2708 2710 2706
f 2709 2703 2711
f 2709 2711 2710
f 2710 2711 2712
f 2710 2712 2706
f 2711 2703 2713
f 2711 2713 2712
f 2712 2713 2714
f 2712 2714 2706
f 2713 2703 2715
f 2713 2715 2714
f 2714 2715 2716
f 2714 2716 2706
f 2715 2703 2717
f 2715 2717 2716
f 2716 2717 2718
f 2716 2718 2706
f 2717 2703 2719
f 2717 2719 2718
f 2718 2719 2720
f 2718 2720 2706
f 2719 2703 2721
f 2719 2721 2720
f 2720 2721 2722
f 2720 2722 2706
f 2721 2703 2723
f 2721 2723 2722
f 2722 2723 2724
f 2722 2724 2706
f 2723 2703 2725
f 2723 2725 2724
f 2724 2725 2726
f 2724 2726 2706
f 2725 2703 2727
f 2725 2727 2726
f 2726 2727 2728
f 2726 2728 2706
f 2727 2703 2729
f 2727 2729 2728
f 2728 2729 2730
f 2728 2730 2706
f 2729 2703 2731
f 2729 2731 2730
f 2730 2731 2732
f 2730 2732 2706
f 2731 2703 2733
f 2731 2733 2732
f 2732 2733 2734
f 2732 2734 2706
f 2733 2703 2735
f 2733 2735 2734
f 2734 2735 2736
f 2734 2736 2706
f 2735 2703 2737
f 2735 2737 2736
f 2736 2737 2738
f 2736 2738 2706
f 2737 2703 2739
f 2737 2739 2738
f 2738 2739 2740
f 2738 2740 2706
f 2739 2703 2741
f 2739 2741 2740
f 2740 2741 2742
f 2740 2742 2706
f 2741 2703 2743
f 2741 2743 2742
f 2742 2743 2744
f 2742 2744 2706
f 2743 2703 2745
f 2743 2745 2744
f 2744 2745 2746
f 2744 2746 2706
f 2745 2703 2747
f 2745 2747 2746
f 2746 2747 2748
f 2746 2748 2706
f 2747 2703 2749
f 2747 2749 2748
f 2748 2749 2750
f 2748 2750 2706
f 2749 2703 2751
f 2749 2751 2750
f 2750 2751 2752
f 2750 2752 2706
f 2751 2703 2753
f 2751 2753 2752
f 2752 2753 2754
f 2752 2754 2706
f 2753 2703 2755
f 2753 2755 2754
f 2754 2755 2756
f 2754 2756 2706
f 2755 2703 2757
f 2755 2757 2756
f 2756 2757 2758
f 2756 2758 2706
f 2757 2703 2759
f 2757 2759 2758
f 2758 2759 2760
f 2758 2760 2706
f 2759 2703 2761
f 2759 2761 2760
f 2760 2761 2762
f 2760 2762 2706
f 2761 2703 2763
f 2761 2763 2762
f 2762 2763 2764
f 2762 2764 2706
f 2763 2703 2765
f 2763 2765 2764
f 2764 2765 2766
f 2764 2766 2706
f 2765 2703 2767
f 2765 2767 2766
f 2766 2767 2768
f 2766 2768 2706
f 2767 2703 2704
f 2767 2704 2768
f 2768 2704 2705
f 2768 2705 2706
f 2770 2769 2773
f 2770 2773 2771
f 2771 2773 2774
f 2771 2774 2772
f 2773 2769 2775
f 2773 2775 2774
f 2774 2775 2776
f 2774 2776 2772
f 2775 2769 2777
f 2775 2777 2776
f 2776 2777 2778
f 2776 2778 2772
f 2777 2769 2779
f 2777 2779 2778
f 2778 2779 2780
f 2778 2780 2772
f 2779 2769 2781
f 2779 2781 2780
f 2780 2781 2782
f 2780 2782 2772
f 2781 2769 2783
f 2781 2783 2782
f 2782 2783 2784
f 2782 2784 2772
f 2783 2769 2785
f 2783 2785 2784
f 2784 2785 2786
f 2784 2786 2772
f 2785 2769 2787
f 2785 2787 2786
f 2786 2787 2788
f 2786 2788 2772
f 2787 2769 2789
f 2787 2789 2788
f 2788 2789 2790
f 2788 2790 2772
f 2789 2769 2791
f 2789 2791 2790
f 2790 2791 2792
f 2790 2792 2772
f 2791 2769 2793
f 2791 2793 2792
f 2792 2793 2794
f 2792 2794 2772
f 2793 2769 2795
f 2793 2795 2794
f 2794 2795 2796
f 2794 2796 2772
f 2795 2769 2797
f 2795 2797 2796
f 2796 2797 2798
f 2796 2798 2772
f 2797 2769 2799
f 2797 2799 2798
f 2798 2799 2800
f 2798 2800 2772
f 2799 2769 2801
f 2799 2801 2800
f 2800 2801 2802
f 2800 2802 2772
f 2801 2769 2803
f 2801 2803 2802
f 2802 2803 2804
f 2802 2804 2772
f 2803 2769 2805
f 2803 2805 2804
f 2804 2805 2806
f 2804 2806 2772
f 2805 2769 2807
f 2805 2807 2806
f 2806 2807 2808
f 2806 2808 2772
f 2807 2769 2809
f 2807 2809 2808
f 2808 2809 2810
f 2808 2810 2772
f 2809 2769 2811
f 2809 2811 2810
f 2810 2811 2812
f 2810 2812 2772
f 2811 2769 2813
f 2811 2813 2812
f 2812 2813 2814
f 2812 2814 2772
f 2813 2769 2815
f 2813 2815 2814
f 2814 2815 2816
f 2814 2816 2772
f 2815 2769 2817
f 2815 2817 2816
f 2816 2817 2818
f 2816 2818 2772
f 2817 2769 2819
f 2817 2819 2818
f 2818 2819 2820
f 2818 2820 2772
f 2819 2769 2821
f 2819 2821 2820
f 2820 2821 2822
f 2820 2822 2772
f 2821 2769 2823
f 2821 2823 2822
f 2822 2823 2824
f 2822 2824 2772
f 2823 2769 2825
f 2823 2825 2824
f 2824 2825 2826
f 2824 2826 2772
f 2825 2769 2827
f 2825 2827 2826
f 2826 2827 2828
f 2826 2828 2772
f 2827 2769 2829
f 2827 2829 2828
f 2828 2829 2830
f 2828 2830 2772
f 2829 2769 2831
f 2829 2831 2830
f 2830 2831 2832
f 2830 2832 2772
f 2831 2769 2833
f 2831 2833 2832
f 2832 2833 2834
f 2832 2834 2772
f 2833 2769 2770
f 2833 2770 2834
f 2834 2770 2771
f 2834 2771 2772
f 2836 2835 2839
f 2836 2839 2837
f 2837 2839 2840
f 2837 2840 2838
f 2839 2835 2841
f 2839 2841 2840
f 2840 2841 2842
f 2840 2842 2838
f 2841 2835 2843
f 2841 2843 2842
f 2842 2843 2844
f 2842 2844 2838
f 2843 2835 2845
f 2843 2845 2844
f 2844 2845 2846
f 2844 2846 2838
f 2845 2835 2847
f 2845 2847 2846
f 2846 2847 2848
f 2846 2848 2838
f 2847 2835 2849
f 2847 2849 2848
f 2848 2849 2850
f 2848 2850 2838
f 2849 2835 2851
f 2849 2851 2850
f 2850 2851 2852
f 2850 2852 2838
f 2851 2835 2853
f 2851 2853 2852
f 2852 2853 2854
f 2852 2854 2838
f 2853 2835 2855
f 2853 2855 2854
f 2854 2855 2856
f 2854 2856 2838
f 2855 2835 2857
f 2855 2857 2856
f 2856 2857 2858
f 2856 2858 2838
f 2857 2835 2859
f 2857 2859 2858
f 2858 2859 2860
f 2858 2860 2838
f 2859 2835 2861
f 2859 2861 2860
f 2860 2861 2862
f 2860 2862 2838
f 2861 2835 2863
f 2861 2863 2862
f 2862 2863 2864
f 2862 2864 2838
f 2863 2835 2865
f 2863 2865 2864
f 2864 2865 2866
f 2864 2866 2838
f 2865 2835 2867
f 2865 2867 2866
f 2866 2867 2868
f 2866 2868 2838
f 2867 2835 2869
f 2867 2869 2868
f 2868 2869 2870
f 2868 2870 2838
f 2869 2835 2871
f 2869 2871 2870
f 2870 2871 2872
f 2870 2872 2838
f 2871 2835 2873
f 2871 2873 2872
f 2872 2873 2874
f 2872 2874 2838
f 2873 2835 2875
f 2873 2875 2874
f 2874 2875 2876
f 2874 2876 2838
f 2875 2835 2877
f 2875 2877 2876
f 2876 2877 2878
f 2876 2878 2838
f 2877 2835 2879
f 2877 2879 2878
f 2878 2879 2880
f 2878 2880 2838
f 2879 2835 2881
f 2879 2881 2880
f 2880 2881 2882
f 2880 2882 2838
f 2881 2835 2883
f 2881 2883 2882
f 2882 2883 2884
f 2882 2884 2838
f 2883 2835 2885
f 2883 2885 2884
f 2884 2885 2886
f 2884 2886 2838
f 2885 2835 2887
f 2885 2887 2886
f 2886 2887 2888
f 2886 2888 2838
f 2887 2835 2889
f 2887 2889 2888
f 2888 2889 2890
f 2888 2890 2838
f 2889 2835 2891
f 2889 2891 2890
f 2890 2891 2892
f 2890 2892 2838
f 2891 2835 2893
f 2891 2893 2892
f 2892 2893 2894
f 2892 2894 2838
f 2893 2835 2895
f 2893 2895 2894
f 2894 2895 2896
f 2894 2896 2838
f 2895 2835 2897
f 2895 2897 2896
f 2896 2897 2898
f 2896 2898 2838
f 2897 2835 2899
f 2897 2899 2898
f 2898 2899 2900
f 2898 2900 2838
f 2899 2835 2836
f 2899 2836 2900
f 2900 2836 2837
f 2900 2837 2838
f 2902 2904 2901
f 2905 2902 2901
f 2901 2904 2903
f 2903 2905 2901
f 2902 2908 2904
f 2906 2902 2905
f 2906 2908 2902
f 2904 2908 2903
f 2907 2905 2903
f 2903 2908 2907
f 2907 2906 2905
f 2908 2906 2907
f 2910 2912 2909
f 2913 2910 2909
f 2909 2912 2911
f 2911 2913 2909
f 2910 2916 2912
f 2914 2910 2913
f 2914 2916 2910
f 2912 2916 2911
f 2915 2913 2911
f 2911 2916 2915
f 2915 2914 2913
f 2916 2914 2915
f 2918 2920 2917
f 2921 2918 2917
f 2917 2920 2919
f 2919 2921 2917
f 2918 2924 2920
f 2922 2918 2921
f 2922 2924 2918
f 2920 2924 2919
f 2923 2921 2919
f 2919 2924 2923
f 2923 2922 2921
f 2924 2922 2923
f 2926 2928 2925
f 2929 2926 2925
f 2925 2928 2927
f 2927 2929 2925
f 2926 2932 2928
f 2930 2926 2929
f 2930 2932 2926
f 2928 2932 2927
f 2931 2929 2927
f 2927 2932 2931
f 2931 2930 2929
f 2932 2930 2931
f 2934 2933 2937
f 2934 2937 2935
f 2935 2937 2938
f 2935 2938 2936
f 2937 2933 2939
f 2937 2939 2938
f 2938 2939 2940
f 2938 2940 2936
f 2939 2933 2941
f 2939 2941 2940
f 2940 2941 2942
f 2940 2942 2936
f 2941 2933 2943
f 2941 2943 2942
f 2942 2943 2944
f 2942 2944 2936
f 2943 2933 2945
f 2943 2945 2944
f 2944 2945 2946
f 2944 2946 2936
f 2945 2933 2947
f 2945 2947 2946
f 2946 2947 2948
f 2946 2948 2936
f 2947 2933 2949
f 2947 2949 2948
f 2948 2949 2950
f 2948 2950 2936
f 2949 2933 2951
f 2949 2951 2950
f 2950 2951 2952
f 2950 2952 2936
f 2951 2933 2953
f 2951 2953 2952
f 2952 2953 2954
f 2952 2954 2936
f 2953 2933 2955
f 2953 2955 2954
f 2954 2955 2956
f 2954 2956 2936
f 2955 2933 2957
f 2955 2957 2956
f 2956 2957 2958
f 2956 2958 2936
f 2957 2933 2959
f 2957 2959 2958
f 2958 2959 2960
f 2958 2960 2936
f 2959 2933 2961
f 2959 2961 2960
f 2960 2961 2962
f 2960 2962 2936
f 2961 2933 2963
f 2961 2963 2962
f 2962 2963 2964
f 2962 2964 2936
f 2963 2933 2965
f 2963 2965 2964
f 2964 2965 2966
f 2964 2966 2936
f 2965 2933 2967
f 2965 2967 2966
f 2966 2967 2968
f 2966 2968 2936
f 2967 2933 2969
f 2967 2969 2968
f 2968 2969 2970
f 2968 2970 2936
f 2969 2933 2971
f 2969 2971 2970
f 2970 2971 2972
f 2970 2972 2936
f 2971 2933 2973
f 2971 2973 2972
f 2972 2973 2974
f 2972 2974 2936
f 2973 2933 2975
f 2973 2975 2974
f 2974 2975 2976
f 2974 2976 2936
f 2975 2933 2977
f 2975 2977 2976
f 2976 2977 2978
f 2976 2978 2936
f 2977 2933 2979
f 2977 2979 2978
f 2978 2979 2980
f 2978 2980 2936
f 2979 2933 2981
f 2979 2981 2980
f 2980 2981 2982
f 2980 2982 2936
f 2981 2933 2983
f 2981 2983 2982
f 2982 2983 2984
f 2982 2984 2936
f 2983 2933 2985
f 2983 2985 2984
f 2984 2985 2986
f 2984 2986 2936
f 2985 2933 2987
f 2985 2987 2986
f 2986 2987 2988
f 2986 2988 2936
f 2987 2933 2989
f 2987 2989 2988
f 2988 2989 2990
f 2988 2990 2936
f 2989 2933 2991
f 2989 2991 2990
f 2990 2991 2992
f 2990 2992 2936
f 2991 2933 2993
f 2991 2993 2992
f 2992 2993 2994
f 2992 2994 2936
f 2993 2933 2995
f 2993 2995 2994
f 2994 2995 2996
f 2994 2996 2936
f 2995 2933 2997
f 2995 2997 2996
f 2996 2997 2998
f 2996 2998 2936
f 2997 2933 2934
f 2997 2934 2998
f 2998 2934 2935
f 2998 2935 2936
f 3000 3002 2999
f 3003 3000 2999
f 2999 3002 3001
f 3001 3003 2999
f 3000 3006 3002
f 3004 3000 3003
f 3004 3006 3000
f 3002 3006 3001
f 3005 3003 3001
f 3001 3006 3005
f 3005 3004 3003
f 3006 3004 3005
f 3008 3010 3007
f 3011 3008 3007
f 3007 3010 3009
f 3009 3011 3007
f 3008 3014 3010
f 3012 3008 3011
f 3012 3014 3008
f 3010 3014 3009
f 3013 3011 3009
f 3009 3014 3013
f 3013 3012 3011
f 3014 3012 3013
f 3016 3018 3015
f 3019 3016 3015
f 3015 3018 3017
f 3017 3019 3015
f 3016 3022 3018
f 3020 3016 3019
f 3020 3022 3016
f 3018 3022 3017
f 3021 3019 3017
f 3017 3022 3021
f 3021 3020 3019
f 3022 3020 3021
f 3024 3026 3023
f 3027 3024 3023
f 3023 3026 3025
f 3025 3027 3023
f 3024 3030 3026
f 3028 3024 3027
f 3028 3030 3024
f 3026 3030 3025
f 3029 3027 3025
f 3025 3030 3029
f 3029 3028 3027
f 3030 3028 3029
f 3032 3031 3035
f 3032 3035 3033
f 3033 3035 3036
f 3033 3036 3034
f 3035 3031 3037
f 3035 3037 3036
f 3036 3037 3038
f 3036 3038 3034
f 3037 3031 3039
f 3037 3039 3038
f 3038 3039 3040
f 3038 3040 3034
f 3039 3031 3041
f 3039 3041 3040
f 3040 3041 3042
f 3040 3042 3034
f 3041 3031 3043
f 3041 3043 3042
f 3042 3043 3044
f 3042 3044 3034
f 3043 3031 3045
f 3043 3045 3044
f 3044 3045 3046
f 3044 3046 3034
f 3045 3031 3047
f 3045 3047 3046
f 3046 3047 3048
f 3046 3048 3034
f 3047 3031 3049
f 3047 3049 3048
f 3048 3049 3050
f 3048 3050 3034
f 3049 3031 3051
f 3049 3051 3050
f 3050 3051 3052
f 3050 3052 3034
f 3051 3031 3053
f 3051 3053 3052
f 3052 3053 3054
f 3052 3054 3034
f 3053 3031 3055
f 3053 3055 3054
f 3054 3055 3056
f 3054 3056 3034
f 3055 3031 3057
f 3055 3057 3056
f 3056 3057 3058
f 3056 3058 3034
f 3057 3031 3059
f 3057 3059 3058
f 3058 3059 3060
f 3058 3060 3034
f 3059 3031 3061
f 3059 3061 3060
f 3060 3061 3062
f 3060 3062 3034
f 3061 3031 3063
f 3061 3063 3062
f 3062 3063 3064
f 3062 3064 3034
f 3063 3031 3065
f 3063 3065 3064
f 3064 3065 3066
f 3064 3066 3034
f 3065 3031 3067
f 3065 3067 3066
f 3066 3067 3068
f 3066 3068 3034
f 3067 3031 3069
f 3067 3069 3068
f 3068 3069 3070
f 3068 3070 3034
f 3069 3031 3071
f 3069 3071 3070
f 3070 3071 3072
f 3070 3072 3034
f 3071 3031 3073
f 3071 3073 3072
f 3072 3073 3074
f 3072 3074 3034
f 3073 3031 3075
f 3073 3075 3074
f 3074 3075 3076
f 3074 3076 3034
f 3075 3031 3077
f 3075 3077 3076
f 3076 3077 3078
f 3076 3078 3034
f 3077 3031 3079
f 3077 3079 3078
f 3078 3079 3080
f 3078 3080 3034
f 3079 3031 3081
f 3079 3081 3080
f 3080 3081 3082
f 3080 3082 3034
f 3081 3031 3083
f 3081 3083 3082
f 3082 3083 3084
f 3082 3084 3034
f 3083 3031 3085
f 3083 3085 3084
f 3084 3085 3086
f 3084 3086 3034
f 3085 3031 3087
f 3085 3087 3086
f 3086 3087 3088
f 3086 3088 3034
f 3087 3031 3089
f 3087 3089 3088
f 3088 3089 3090
f 3088 3090 3034
f 3089 3031 3091
f 3089 3091 3090
f 3090 3091 3092
f 3090 3092 3034
f 3091 3031 3093
f 3091 3093 3092
f 3092 3093 3094
f 3092 3094 3034
f 3093 3031 3095
f 3093 3095 3094
f 3094 3095 3096
f 3094 3096 3034
f 3095 3031 3032
f 3095 3032 3096
f 3096 3032 3033
f 3096 3033 3034
f 3098 3100 3097
f 3101 3098 3097
f 3097 3100 3099
f 3099 3101 3097
f 3098 3104 3100
f 3102 3098 3101
f 3102 3104 3098
f 3100 3104 3099
f 3103 3101 3099
f 3099 3104 3103
f 3103 3102 3101
f 3104 3102 3103
f 3106 3108 3105
f 3109 3106 3105
f 3105 3108 3107
f 3107 3109 3105
f 3106 3112 3108
f 3110 3106 3109
f 3110 3112 3106
f 3108 3112 3107
f 3111 3109 3107
f 3107 3112 3111
f 3111 3110 3109
f 3112 3110 3111
f 3114 3116 3113
f 3117 3114 3113
f 3113 3116 3115
f 3115 3117 3113
f 3114 3120 3116
f 3118 3114 3117
f 3118 3120 3114
f 3116 3120 3115
f 3119 3117 3115
f 3115 3120 3119
f 3119 3118 3117
f 3120 3118 3119
f 3122 3124 3121
f 3125 3122 3121
f 3121 3124 3123
f 3123 3125 3121
f 3122 3128 3124
f 3126 3122 3125
f 3126 3128 3122
f 3124 3128 3123
f 3127 3125 3123
f 3123 3128 3127
f 3127 3126 3125
f 3128 3126 3127
f 3130 3132 3129
f 3133 3130 3129
f 3129 3132 3131
f 3131 3133 3129
f 3130 3136 3132
f 3134 3130 3133
f 3134 3136 3130
f 3132 3136 3131
f 3135 3133 3131
f 3131 3136 3135
f 3135 3134 3133
f 3136 3134 3135
f 3138 3140 3137
f 3141 3138 3137
f 3137 3140 3139
f 3139 3141 3137
f 3138 3144 3140
f 3142 3138 3141
f 3142 3144 3138
f 3140 3144 3139
f 3143 3141 3139
f 3139 3144 3143
f 3143 3142 3141
f 3144 3142 3143
f 3146 3148 3145
f 3149 3146 3145
f 3145 3148 3147
f 3147 3149 3145
f 3146 3152 3148
f 3150 3146 3149
f 3150 3152 3146
f 3148 3152 3147
f 3151 3149 3147
f 3147 3152 3151
f 3151 3150 3149
f 3152 3150 3151
f 3154 3156 3153
f 3157 3154 3153
f 3153 3156 3155
f 3155 3157 3153
f 3154 3160 3156
f 3158 3154 3157
f 3158 3160 3154
f 3156 3160 3155
f 3159 3157 3155
f 3155 3160 3159
f 3159 3158 3157
f 3160 3158 3159

