# https://github.com/mikedh/trimesh
v -0.22500000 -0.22500000 0.00000000
v -0.22500000 -0.22500000 0.45000000
v -0.22500000 0.22500000 0.00000000
v -0.22500000 0.22500000 0.45000000
v -0.20700000 -0.22500000 0.00000000
v -0.20700000 -0.22500000 0.45000000
v -0.20700000 0.22500000 0.00000000
v -0.20700000 0.22500000 0.45000000
v 0.20700000 -0.22500000 0.00000000
v 0.20700000 -0.22500000 0.45000000
v 0.20700000 0.22500000 0.00000000
v 0.20700000 0.22500000 0.45000000
v 0.22500000 -0.22500000 0.00000000
v 0.22500000 -0.22500000 0.45000000
v 0.22500000 0.22500000 0.00000000
v 0.22500000 0.22500000 0.45000000
v -0.20700000 -0.22500000 0.43200000
v -0.20700000 -0.22500000 0.45000000
v -0.20700000 0.22500000 0.43200000
v -0.20700000 0.22500000 0.45000000
v 0.20700000 -0.22500000 0.43200000
v 0.20700000 -0.22500000 0.45000000
v 0.20700000 0.22500000 0.43200000
v 0.20700000 0.22500000 0.45000000
v -0.20700000 -0.22500000 0.00000000
v -0.20700000 -0.22500000 0.01800000
v -0.20700000 0.22500000 0.00000000
v -0.20700000 0.22500000 0.01800000
v 0.20700000 -0.22500000 0.00000000
v 0.20700000 -0.22500000 0.01800000
v 0.20700000 0.22500000 0.00000000
v 0.20700000 0.22500000 0.01800000
v -0.20700000 0.20700000 0.01800000
v -0.20700000 0.20700000 0.43200000
v -0.20700000 0.22500000 0.01800000
v -0.20700000 0.22500000 0.43200000
v 0.20700000 0.20700000 0.01800000
v 0.20700000 0.20700000 0.43200000
v 0.20700000 0.22500000 0.01800000
v 0.20700000 0.22500000 0.43200000
v -0.20700000 -0.20700000 0.21600000
v -0.20700000 -0.20700000 0.23400000
v -0.20700000 0.20700000 0.21600000
v -0.20700000 0.20700000 0.23400000
v 0.20700000 -0.20700000 0.21600000
v 0.20700000 -0.20700000 0.23400000
v 0.20700000 0.20700000 0.21600000
v 0.20700000 0.20700000 0.23400000
v -0.22500000 -0.22500000 0.45000000
v -0.22500000 -0.22500000 0.90000000
v -0.22500000 0.22500000 0.45000000
v -0.22500000 0.22500000 0.90000000
v -0.20700000 -0.22500000 0.45000000
v -0.20700000 -0.22500000 0.90000000
v -0.20700000 0.22500000 0.45000000
v -0.20700000 0.22500000 0.90000000
v 0.20700000 -0.22500000 0.45000000
v 0.20700000 -0.22500000 0.90000000
v 0.20700000 0.22500000 0.45000000
v 0.20700000 0.22500000 0.90000000
v 0.22500000 -0.22500000 0.45000000
v 0.22500000 -0.22500000 0.90000000
v 0.22500000 0.22500000 0.45000000
v 0.22500000 0.22500000 0.90000000
v -0.20700000 -0.22500000 0.88200000
v -0.20700000 -0.22500000 0.90000000
v -0.20700000 0.22500000 0.88200000
v -0.20700000 0.22500000 0.90000000
v 0.20700000 -0.22500000 0.88200000
v 0.20700000 -0.22500000 0.90000000
v 0.20700000 0.22500000 0.88200000
v 0.20700000 0.22500000 0.90000000
v -0.20700000 -0.22500000 0.45000000
v -0.20700000 -0.22500000 0.46800000
v -0.20700000 0.22500000 0.45000000
v -0.20700000 0.22500000 0.46800000
v 0.20700000 -0.22500000 0.45000000
v 0.20700000 -0.22500000 0.46800000
v 0.20700000 0.22500000 0.45000000
v 0.20700000 0.22500000 0.46800000
v -0.20700000 0.20700000 0.46800000
v -0.20700000 0.20700000 0.88200000
v -0.20700000 0.22500000 0.46800000
v -0.20700000 0.22500000 0.88200000
v 0.20700000 0.20700000 0.46800000
v 0.20700000 0.20700000 0.88200000
v 0.20700000 0.22500000 0.46800000
v 0.20700000 0.22500000 0.88200000
v -0.20700000 -0.20700000 0.66600000
v -0.20700000 -0.20700000 0.68400000
v -0.20700000 0.20700000 0.66600000
v -0.20700000 0.20700000 0.68400000
v 0.20700000 -0.20700000 0.66600000
v 0.20700000 -0.20700000 0.68400000
v 0.20700000 0.20700000 0.66600000
v 0.20700000 0.20700000 0.68400000
v -0.20500000 -0.63900000 0.45000000
v -0.20500000 -0.63900000 0.46800000
v -0.20500000 -0.22500000 0.45000000
v -0.20500000 -0.22500000 0.46800000
v 0.20500000 -0.63900000 0.45000000
v 0.20500000 -0.63900000 0.46800000
v 0.20500000 -0.22500000 0.45000000
v 0.20500000 -0.22500000 0.46800000
v -0.25400000 -0.01100000 0.45000000
v -0.25400000 -0.01100000 0.49500000
v -0.25400000 0.01100000 0.45000000
v -0.25400000 0.01100000 0.49500000
v -0.21600000 -0.01100000 0.45000000
v -0.21600000 -0.01100000 0.49500000
v -0.21600000 0.01100000 0.45000000
v -0.21600000 0.01100000 0.49500000
v 0.21600000 -0.01100000 0.45000000
v 0.21600000 -0.01100000 0.49500000
v 0.21600000 0.01100000 0.45000000
v 0.21600000 0.01100000 0.49500000
v 0.25400000 -0.01100000 0.45000000
v 0.25400000 -0.01100000 0.49500000
v 0.25400000 0.01100000 0.45000000
v 0.25400000 0.01100000 0.49500000
v -0.17000000 -0.10000000 0.68400000
v -0.17000000 -0.10000000 0.70800000
v -0.17000000 0.10000000 0.68400000
v -0.17000000 0.10000000 0.70800000
v -0.03000000 -0.10000000 0.68400000
v -0.03000000 -0.10000000 0.70800000
v -0.03000000 0.10000000 0.68400000
v -0.03000000 0.10000000 0.70800000
v -0.16500000 -0.09500000 0.70800000
v -0.16500000 -0.09500000 0.72800000
v -0.16500000 0.09500000 0.70800000
v -0.16500000 0.09500000 0.72800000
v -0.03500000 -0.09500000 0.70800000
v -0.03500000 -0.09500000 0.72800000
v -0.03500000 0.09500000 0.70800000
v -0.03500000 0.09500000 0.72800000
v -0.20500000 -0.22500000 0.45900000
v -0.20500000 -0.22320000 0.45900000
v 0.20500000 -0.22320000 0.45900000
v 0.20500000 -0.22500000 0.45900000
v -0.20500000 -0.22323459 0.45935116
v 0.20500000 -0.22323459 0.45935116
v -0.20500000 -0.22333702 0.45968883
v 0.20500000 -0.22333702 0.45968883
v -0.20500000 -0.22350335 0.46000003
v 0.20500000 -0.22350335 0.46000003
v -0.20500000 -0.22372721 0.46027279
v 0.20500000 -0.22372721 0.46027279
v -0.20500000 -0.22399997 0.46049665
v 0.20500000 -0.22399997 0.46049665
v -0.20500000 -0.22431117 0.46066298
v 0.20500000 -0.22431117 0.46066298
v -0.20500000 -0.22464884 0.46076541
v 0.20500000 -0.22464884 0.46076541
v -0.20500000 -0.22500000 0.46080000
v 0.20500000 -0.22500000 0.46080000
v -0.20500000 -0.22535116 0.46076541
v 0.20500000 -0.22535116 0.46076541
v -0.20500000 -0.22568883 0.46066298
v 0.20500000 -0.22568883 0.46066298
v -0.20500000 -0.22600003 0.46049665
v 0.20500000 -0.22600003 0.46049665
v -0.20500000 -0.22627279 0.46027279
v 0.20500000 -0.22627279 0.46027279
v -0.20500000 -0.22649665 0.46000003
v 0.20500000 -0.22649665 0.46000003
v -0.20500000 -0.22666298 0.45968883
v 0.20500000 -0.22666298 0.45968883
v -0.20500000 -0.22676541 0.45935116
v 0.20500000 -0.22676541 0.45935116
v -0.20500000 -0.22680000 0.45900000
v 0.20500000 -0.22680000 0.45900000
v -0.20500000 -0.22676541 0.45864884
v 0.20500000 -0.22676541 0.45864884
v -0.20500000 -0.22666298 0.45831117
v 0.20500000 -0.22666298 0.45831117
v -0.20500000 -0.22649665 0.45799997
v 0.20500000 -0.22649665 0.45799997
v -0.20500000 -0.22627279 0.45772721
v 0.20500000 -0.22627279 0.45772721
v -0.20500000 -0.22600003 0.45750335
v 0.20500000 -0.22600003 0.45750335
v -0.20500000 -0.22568883 0.45733702
v 0.20500000 -0.22568883 0.45733702
v -0.20500000 -0.22535116 0.45723459
v 0.20500000 -0.22535116 0.45723459
v -0.20500000 -0.22500000 0.45720000
v 0.20500000 -0.22500000 0.45720000
v -0.20500000 -0.22464884 0.45723459
v 0.20500000 -0.22464884 0.45723459
v -0.20500000 -0.22431117 0.45733702
v 0.20500000 -0.22431117 0.45733702
v -0.20500000 -0.22399997 0.45750335
v 0.20500000 -0.22399997 0.45750335
v -0.20500000 -0.22372721 0.45772721
v 0.20500000 -0.22372721 0.45772721
v -0.20500000 -0.22350335 0.45799997
v 0.20500000 -0.22350335 0.45799997
v -0.20500000 -0.22333702 0.45831117
v 0.20500000 -0.22333702 0.45831117
v -0.20500000 -0.22323459 0.45864884
v 0.20500000 -0.22323459 0.45864884
v 0.18279167 -0.22500000 0.45900000
v 0.18279167 -0.22150000 0.45900000
v 0.20443056 -0.22150000 0.45900000
v 0.20443056 -0.22500000 0.45900000
v 0.18279167 -0.22156725 0.45968282
v 0.20443056 -0.22156725 0.45968282
v 0.18279167 -0.22176642 0.46033939
v 0.20443056 -0.22176642 0.46033939
v 0.18279167 -0.22208986 0.46094450
v 0.20443056 -0.22208986 0.46094450
v 0.18279167 -0.22252513 0.46147487
v 0.20443056 -0.22252513 0.46147487
v 0.18279167 -0.22305550 0.46191014
v 0.20443056 -0.22305550 0.46191014
v 0.18279167 -0.22366061 0.46223358
v 0.20443056 -0.22366061 0.46223358
v 0.18279167 -0.22431718 0.46243275
v 0.20443056 -0.22431718 0.46243275
v 0.18279167 -0.22500000 0.46250000
v 0.20443056 -0.22500000 0.46250000
v 0.18279167 -0.22568282 0.46243275
v 0.20443056 -0.22568282 0.46243275
v 0.18279167 -0.22633939 0.46223358
v 0.20443056 -0.22633939 0.46223358
v 0.18279167 -0.22694450 0.46191014
v 0.20443056 -0.22694450 0.46191014
v 0.18279167 -0.22747487 0.46147487
v 0.20443056 -0.22747487 0.46147487
v 0.18279167 -0.22791014 0.46094450
v 0.20443056 -0.22791014 0.46094450
v 0.18279167 -0.22823358 0.46033939
v 0.20443056 -0.22823358 0.46033939
v 0.18279167 -0.22843275 0.45968282
v 0.20443056 -0.22843275 0.45968282
v 0.18279167 -0.22850000 0.45900000
v 0.20443056 -0.22850000 0.45900000
v 0.18279167 -0.22843275 0.45831718
v 0.20443056 -0.22843275 0.45831718
v 0.18279167 -0.22823358 0.45766061
v 0.20443056 -0.22823358 0.45766061
v 0.18279167 -0.22791014 0.45705550
v 0.20443056 -0.22791014 0.45705550
v 0.18279167 -0.22747487 0.45652513
v 0.20443056 -0.22747487 0.45652513
v 0.18279167 -0.22694450 0.45608986
v 0.20443056 -0.22694450 0.45608986
v 0.18279167 -0.22633939 0.45576642
v 0.20443056 -0.22633939 0.45576642
v 0.18279167 -0.22568282 0.45556725
v 0.20443056 -0.22568282 0.45556725
v 0.18279167 -0.22500000 0.45550000
v 0.20443056 -0.22500000 0.45550000
v 0.18279167 -0.22431718 0.45556725
v 0.20443056 -0.22431718 0.45556725
v 0.18279167 -0.22366061 0.45576642
v 0.20443056 -0.22366061 0.45576642
v 0.18279167 -0.22305550 0.45608986
v 0.20443056 -0.22305550 0.45608986
v 0.18279167 -0.22252513 0.45652513
v 0.20443056 -0.22252513 0.45652513
v 0.18279167 -0.22208986 0.45705550
v 0.20443056 -0.22208986 0.45705550
v 0.18279167 -0.22176642 0.45766061
v 0.20443056 -0.22176642 0.45766061
v 0.18279167 -0.22156725 0.45831718
v 0.20443056 -0.22156725 0.45831718
v 0.16001389 -0.22500000 0.45900000
v 0.16001389 -0.22150000 0.45900000
v 0.18165278 -0.22150000 0.45900000
v 0.18165278 -0.22500000 0.45900000
v 0.16001389 -0.22156725 0.45968282
v 0.18165278 -0.22156725 0.45968282
v 0.16001389 -0.22176642 0.46033939
v 0.18165278 -0.22176642 0.46033939
v 0.16001389 -0.22208986 0.46094450
v 0.18165278 -0.22208986 0.46094450
v 0.16001389 -0.22252513 0.46147487
v 0.18165278 -0.22252513 0.46147487
v 0.16001389 -0.22305550 0.46191014
v 0.18165278 -0.22305550 0.46191014
v 0.16001389 -0.22366061 0.46223358
v 0.18165278 -0.22366061 0.46223358
v 0.16001389 -0.22431718 0.46243275
v 0.18165278 -0.22431718 0.46243275
v 0.16001389 -0.22500000 0.46250000
v 0.18165278 -0.22500000 0.46250000
v 0.16001389 -0.22568282 0.46243275
v 0.18165278 -0.22568282 0.46243275
v 0.16001389 -0.22633939 0.46223358
v 0.18165278 -0.22633939 0.46223358
v 0.16001389 -0.22694450 0.46191014
v 0.18165278 -0.22694450 0.46191014
v 0.16001389 -0.22747487 0.46147487
v 0.18165278 -0.22747487 0.46147487
v 0.16001389 -0.22791014 0.46094450
v 0.18165278 -0.22791014 0.46094450
v 0.16001389 -0.22823358 0.46033939
v 0.18165278 -0.22823358 0.46033939
v 0.16001389 -0.22843275 0.45968282
v 0.18165278 -0.22843275 0.45968282
v 0.16001389 -0.22850000 0.45900000
v 0.18165278 -0.22850000 0.45900000
v 0.16001389 -0.22843275 0.45831718
v 0.18165278 -0.22843275 0.45831718
v 0.16001389 -0.22823358 0.45766061
v 0.18165278 -0.22823358 0.45766061
v 0.16001389 -0.22791014 0.45705550
v 0.18165278 -0.22791014 0.45705550
v 0.16001389 -0.22747487 0.45652513
v 0.18165278 -0.22747487 0.45652513
v 0.16001389 -0.22694450 0.45608986
v 0.18165278 -0.22694450 0.45608986
v 0.16001389 -0.22633939 0.45576642
v 0.18165278 -0.22633939 0.45576642
v 0.16001389 -0.22568282 0.45556725
v 0.18165278 -0.22568282 0.45556725
v 0.16001389 -0.22500000 0.45550000
v 0.18165278 -0.22500000 0.45550000
v 0.16001389 -0.22431718 0.45556725
v 0.18165278 -0.22431718 0.45556725
v 0.16001389 -0.22366061 0.45576642
v 0.18165278 -0.22366061 0.45576642
v 0.16001389 -0.22305550 0.45608986
v 0.18165278 -0.22305550 0.45608986
v 0.16001389 -0.22252513 0.45652513
v 0.18165278 -0.22252513 0.45652513
v 0.16001389 -0.22208986 0.45705550
v 0.18165278 -0.22208986 0.45705550
v 0.16001389 -0.22176642 0.45766061
v 0.18165278 -0.22176642 0.45766061
v 0.16001389 -0.22156725 0.45831718
v 0.18165278 -0.22156725 0.45831718
v 0.13723611 -0.22500000 0.45900000
v 0.13723611 -0.22150000 0.45900000
v 0.15887500 -0.22150000 0.45900000
v 0.15887500 -0.22500000 0.45900000
v 0.13723611 -0.22156725 0.45968282
v 0.15887500 -0.22156725 0.45968282
v 0.13723611 -0.22176642 0.46033939
v 0.15887500 -0.22176642 0.46033939
v 0.13723611 -0.22208986 0.46094450
v 0.15887500 -0.22208986 0.46094450
v 0.13723611 -0.22252513 0.46147487
v 0.15887500 -0.22252513 0.46147487
v 0.13723611 -0.22305550 0.46191014
v 0.15887500 -0.22305550 0.46191014
v 0.13723611 -0.22366061 0.46223358
v 0.15887500 -0.22366061 0.46223358
v 0.13723611 -0.22431718 0.46243275
v 0.15887500 -0.22431718 0.46243275
v 0.13723611 -0.22500000 0.46250000
v 0.15887500 -0.22500000 0.46250000
v 0.13723611 -0.22568282 0.46243275
v 0.15887500 -0.22568282 0.46243275
v 0.13723611 -0.22633939 0.46223358
v 0.15887500 -0.22633939 0.46223358
v 0.13723611 -0.22694450 0.46191014
v 0.15887500 -0.22694450 0.46191014
v 0.13723611 -0.22747487 0.46147487
v 0.15887500 -0.22747487 0.46147487
v 0.13723611 -0.22791014 0.46094450
v 0.15887500 -0.22791014 0.46094450
v 0.13723611 -0.22823358 0.46033939
v 0.15887500 -0.22823358 0.46033939
v 0.13723611 -0.22843275 0.45968282
v 0.15887500 -0.22843275 0.45968282
v 0.13723611 -0.22850000 0.45900000
v 0.15887500 -0.22850000 0.45900000
v 0.13723611 -0.22843275 0.45831718
v 0.15887500 -0.22843275 0.45831718
v 0.13723611 -0.22823358 0.45766061
v 0.15887500 -0.22823358 0.45766061
v 0.13723611 -0.22791014 0.45705550
v 0.15887500 -0.22791014 0.45705550
v 0.13723611 -0.22747487 0.45652513
v 0.15887500 -0.22747487 0.45652513
v 0.13723611 -0.22694450 0.45608986
v 0.15887500 -0.22694450 0.45608986
v 0.13723611 -0.22633939 0.45576642
v 0.15887500 -0.22633939 0.45576642
v 0.13723611 -0.22568282 0.45556725
v 0.15887500 -0.22568282 0.45556725
v 0.13723611 -0.22500000 0.45550000
v 0.15887500 -0.22500000 0.45550000
v 0.13723611 -0.22431718 0.45556725
v 0.15887500 -0.22431718 0.45556725
v 0.13723611 -0.22366061 0.45576642
v 0.15887500 -0.22366061 0.45576642
v 0.13723611 -0.22305550 0.45608986
v 0.15887500 -0.22305550 0.45608986
v 0.13723611 -0.22252513 0.45652513
v 0.15887500 -0.22252513 0.45652513
v 0.13723611 -0.22208986 0.45705550
v 0.15887500 -0.22208986 0.45705550
v 0.13723611 -0.22176642 0.45766061
v 0.15887500 -0.22176642 0.45766061
v 0.13723611 -0.22156725 0.45831718
v 0.15887500 -0.22156725 0.45831718
v 0.11445833 -0.22500000 0.45900000
v 0.11445833 -0.22150000 0.45900000
v 0.13609722 -0.22150000 0.45900000
v 0.13609722 -0.22500000 0.45900000
v 0.11445833 -0.22156725 0.45968282
v 0.13609722 -0.22156725 0.45968282
v 0.11445833 -0.22176642 0.46033939
v 0.13609722 -0.22176642 0.46033939
v 0.11445833 -0.22208986 0.46094450
v 0.13609722 -0.22208986 0.46094450
v 0.11445833 -0.22252513 0.46147487
v 0.13609722 -0.22252513 0.46147487
v 0.11445833 -0.22305550 0.46191014
v 0.13609722 -0.22305550 0.46191014
v 0.11445833 -0.22366061 0.46223358
v 0.13609722 -0.22366061 0.46223358
v 0.11445833 -0.22431718 0.46243275
v 0.13609722 -0.22431718 0.46243275
v 0.11445833 -0.22500000 0.46250000
v 0.13609722 -0.22500000 0.46250000
v 0.11445833 -0.22568282 0.46243275
v 0.13609722 -0.22568282 0.46243275
v 0.11445833 -0.22633939 0.46223358
v 0.13609722 -0.22633939 0.46223358
v 0.11445833 -0.22694450 0.46191014
v 0.13609722 -0.22694450 0.46191014
v 0.11445833 -0.22747487 0.46147487
v 0.13609722 -0.22747487 0.46147487
v 0.11445833 -0.22791014 0.46094450
v 0.13609722 -0.22791014 0.46094450
v 0.11445833 -0.22823358 0.46033939
v 0.13609722 -0.22823358 0.46033939
v 0.11445833 -0.22843275 0.45968282
v 0.13609722 -0.22843275 0.45968282
v 0.11445833 -0.22850000 0.45900000
v 0.13609722 -0.22850000 0.45900000
v 0.11445833 -0.22843275 0.45831718
v 0.13609722 -0.22843275 0.45831718
v 0.11445833 -0.22823358 0.45766061
v 0.13609722 -0.22823358 0.45766061
v 0.11445833 -0.22791014 0.45705550
v 0.13609722 -0.22791014 0.45705550
v 0.11445833 -0.22747487 0.45652513
v 0.13609722 -0.22747487 0.45652513
v 0.11445833 -0.22694450 0.45608986
v 0.13609722 -0.22694450 0.45608986
v 0.11445833 -0.22633939 0.45576642
v 0.13609722 -0.22633939 0.45576642
v 0.11445833 -0.22568282 0.45556725
v 0.13609722 -0.22568282 0.45556725
v 0.11445833 -0.22500000 0.45550000
v 0.13609722 -0.22500000 0.45550000
v 0.11445833 -0.22431718 0.45556725
v 0.13609722 -0.22431718 0.45556725
v 0.11445833 -0.22366061 0.45576642
v 0.13609722 -0.22366061 0.45576642
v 0.11445833 -0.22305550 0.45608986
v 0.13609722 -0.22305550 0.45608986
v 0.11445833 -0.22252513 0.45652513
v 0.13609722 -0.22252513 0.45652513
v 0.11445833 -0.22208986 0.45705550
v 0.13609722 -0.22208986 0.45705550
v 0.11445833 -0.22176642 0.45766061
v 0.13609722 -0.22176642 0.45766061
v 0.11445833 -0.22156725 0.45831718
v 0.13609722 -0.22156725 0.45831718
v 0.09168056 -0.22500000 0.45900000
v 0.09168056 -0.22150000 0.45900000
v 0.11331944 -0.22150000 0.45900000
v 0.11331944 -0.22500000 0.45900000
v 0.09168056 -0.22156725 0.45968282
v 0.11331944 -0.22156725 0.45968282
v 0.09168056 -0.22176642 0.46033939
v 0.11331944 -0.22176642 0.46033939
v 0.09168056 -0.22208986 0.46094450
v 0.11331944 -0.22208986 0.46094450
v 0.09168056 -0.22252513 0.46147487
v 0.11331944 -0.22252513 0.46147487
v 0.09168056 -0.22305550 0.46191014
v 0.11331944 -0.22305550 0.46191014
v 0.09168056 -0.22366061 0.46223358
v 0.11331944 -0.22366061 0.46223358
v 0.09168056 -0.22431718 0.46243275
v 0.11331944 -0.22431718 0.46243275
v 0.09168056 -0.22500000 0.46250000
v 0.11331944 -0.22500000 0.46250000
v 0.09168056 -0.22568282 0.46243275
v 0.11331944 -0.22568282 0.46243275
v 0.09168056 -0.22633939 0.46223358
v 0.11331944 -0.22633939 0.46223358
v 0.09168056 -0.22694450 0.46191014
v 0.11331944 -0.22694450 0.46191014
v 0.09168056 -0.22747487 0.46147487
v 0.11331944 -0.22747487 0.46147487
v 0.09168056 -0.22791014 0.46094450
v 0.11331944 -0.22791014 0.46094450
v 0.09168056 -0.22823358 0.46033939
v 0.11331944 -0.22823358 0.46033939
v 0.09168056 -0.22843275 0.45968282
v 0.11331944 -0.22843275 0.45968282
v 0.09168056 -0.22850000 0.45900000
v 0.11331944 -0.22850000 0.45900000
v 0.09168056 -0.22843275 0.45831718
v 0.11331944 -0.22843275 0.45831718
v 0.09168056 -0.22823358 0.45766061
v 0.11331944 -0.22823358 0.45766061
v 0.09168056 -0.22791014 0.45705550
v 0.11331944 -0.22791014 0.45705550
v 0.09168056 -0.22747487 0.45652513
v 0.11331944 -0.22747487 0.45652513
v 0.09168056 -0.22694450 0.45608986
v 0.11331944 -0.22694450 0.45608986
v 0.09168056 -0.22633939 0.45576642
v 0.11331944 -0.22633939 0.45576642
v 0.09168056 -0.22568282 0.45556725
v 0.11331944 -0.22568282 0.45556725
v 0.09168056 -0.22500000 0.45550000
v 0.11331944 -0.22500000 0.45550000
v 0.09168056 -0.22431718 0.45556725
v 0.11331944 -0.22431718 0.45556725
v 0.09168056 -0.22366061 0.45576642
v 0.11331944 -0.22366061 0.45576642
v 0.09168056 -0.22305550 0.45608986
v 0.11331944 -0.22305550 0.45608986
v 0.09168056 -0.22252513 0.45652513
v 0.11331944 -0.22252513 0.45652513
v 0.09168056 -0.22208986 0.45705550
v 0.11331944 -0.22208986 0.45705550
v 0.09168056 -0.22176642 0.45766061
v 0.11331944 -0.22176642 0.45766061
v 0.09168056 -0.22156725 0.45831718
v 0.11331944 -0.22156725 0.45831718
v 0.06890278 -0.22500000 0.45900000
v 0.06890278 -0.22150000 0.45900000
v 0.09054167 -0.22150000 0.45900000
v 0.09054167 -0.22500000 0.45900000
v 0.06890278 -0.22156725 0.45968282
v 0.09054167 -0.22156725 0.45968282
v 0.06890278 -0.22176642 0.46033939
v 0.09054167 -0.22176642 0.46033939
v 0.06890278 -0.22208986 0.46094450
v 0.09054167 -0.22208986 0.46094450
v 0.06890278 -0.22252513 0.46147487
v 0.09054167 -0.22252513 0.46147487
v 0.06890278 -0.22305550 0.46191014
v 0.09054167 -0.22305550 0.46191014
v 0.06890278 -0.22366061 0.46223358
v 0.09054167 -0.22366061 0.46223358
v 0.06890278 -0.22431718 0.46243275
v 0.09054167 -0.22431718 0.46243275
v 0.06890278 -0.22500000 0.46250000
v 0.09054167 -0.22500000 0.46250000
v 0.06890278 -0.22568282 0.46243275
v 0.09054167 -0.22568282 0.46243275
v 0.06890278 -0.22633939 0.46223358
v 0.09054167 -0.22633939 0.46223358
v 0.06890278 -0.22694450 0.46191014
v 0.09054167 -0.22694450 0.46191014
v 0.06890278 -0.22747487 0.46147487
v 0.09054167 -0.22747487 0.46147487
v 0.06890278 -0.22791014 0.46094450
v 0.09054167 -0.22791014 0.46094450
v 0.06890278 -0.22823358 0.46033939
v 0.09054167 -0.22823358 0.46033939
v 0.06890278 -0.22843275 0.45968282
v 0.09054167 -0.22843275 0.45968282
v 0.06890278 -0.22850000 0.45900000
v 0.09054167 -0.22850000 0.45900000
v 0.06890278 -0.22843275 0.45831718
v 0.09054167 -0.22843275 0.45831718
v 0.06890278 -0.22823358 0.45766061
v 0.09054167 -0.22823358 0.45766061
v 0.06890278 -0.22791014 0.45705550
v 0.09054167 -0.22791014 0.45705550
v 0.06890278 -0.22747487 0.45652513
v 0.09054167 -0.22747487 0.45652513
v 0.06890278 -0.22694450 0.45608986
v 0.09054167 -0.22694450 0.45608986
v 0.06890278 -0.22633939 0.45576642
v 0.09054167 -0.22633939 0.45576642
v 0.06890278 -0.22568282 0.45556725
v 0.09054167 -0.22568282 0.45556725
v 0.06890278 -0.22500000 0.45550000
v 0.09054167 -0.22500000 0.45550000
v 0.06890278 -0.22431718 0.45556725
v 0.09054167 -0.22431718 0.45556725
v 0.06890278 -0.22366061 0.45576642
v 0.09054167 -0.22366061 0.45576642
v 0.06890278 -0.22305550 0.45608986
v 0.09054167 -0.22305550 0.45608986
v 0.06890278 -0.22252513 0.45652513
v 0.09054167 -0.22252513 0.45652513
v 0.06890278 -0.22208986 0.45705550
v 0.09054167 -0.22208986 0.45705550
v 0.06890278 -0.22176642 0.45766061
v 0.09054167 -0.22176642 0.45766061
v 0.06890278 -0.22156725 0.45831718
v 0.09054167 -0.22156725 0.45831718
v 0.04612500 -0.22500000 0.45900000
v 0.04612500 -0.22150000 0.45900000
v 0.06776389 -0.22150000 0.45900000
v 0.06776389 -0.22500000 0.45900000
v 0.04612500 -0.22156725 0.45968282
v 0.06776389 -0.22156725 0.45968282
v 0.04612500 -0.22176642 0.46033939
v 0.06776389 -0.22176642 0.46033939
v 0.04612500 -0.22208986 0.46094450
v 0.06776389 -0.22208986 0.46094450
v 0.04612500 -0.22252513 0.46147487
v 0.06776389 -0.22252513 0.46147487
v 0.04612500 -0.22305550 0.46191014
v 0.06776389 -0.22305550 0.46191014
v 0.04612500 -0.22366061 0.46223358
v 0.06776389 -0.22366061 0.46223358
v 0.04612500 -0.22431718 0.46243275
v 0.06776389 -0.22431718 0.46243275
v 0.04612500 -0.22500000 0.46250000
v 0.06776389 -0.22500000 0.46250000
v 0.04612500 -0.22568282 0.46243275
v 0.06776389 -0.22568282 0.46243275
v 0.04612500 -0.22633939 0.46223358
v 0.06776389 -0.22633939 0.46223358
v 0.04612500 -0.22694450 0.46191014
v 0.06776389 -0.22694450 0.46191014
v 0.04612500 -0.22747487 0.46147487
v 0.06776389 -0.22747487 0.46147487
v 0.04612500 -0.22791014 0.46094450
v 0.06776389 -0.22791014 0.46094450
v 0.04612500 -0.22823358 0.46033939
v 0.06776389 -0.22823358 0.46033939
v 0.04612500 -0.22843275 0.45968282
v 0.06776389 -0.22843275 0.45968282
v 0.04612500 -0.22850000 0.45900000
v 0.06776389 -0.22850000 0.45900000
v 0.04612500 -0.22843275 0.45831718
v 0.06776389 -0.22843275 0.45831718
v 0.04612500 -0.22823358 0.45766061
v 0.06776389 -0.22823358 0.45766061
v 0.04612500 -0.22791014 0.45705550
v 0.06776389 -0.22791014 0.45705550
v 0.04612500 -0.22747487 0.45652513
v 0.06776389 -0.22747487 0.45652513
v 0.04612500 -0.22694450 0.45608986
v 0.06776389 -0.22694450 0.45608986
v 0.04612500 -0.22633939 0.45576642
v 0.06776389 -0.22633939 0.45576642
v 0.04612500 -0.22568282 0.45556725
v 0.06776389 -0.22568282 0.45556725
v 0.04612500 -0.22500000 0.45550000
v 0.06776389 -0.22500000 0.45550000
v 0.04612500 -0.22431718 0.45556725
v 0.06776389 -0.22431718 0.45556725
v 0.04612500 -0.22366061 0.45576642
v 0.06776389 -0.22366061 0.45576642
v 0.04612500 -0.22305550 0.45608986
v 0.06776389 -0.22305550 0.45608986
v 0.04612500 -0.22252513 0.45652513
v 0.06776389 -0.22252513 0.45652513
v 0.04612500 -0.22208986 0.45705550
v 0.06776389 -0.22208986 0.45705550
v 0.04612500 -0.22176642 0.45766061
v 0.06776389 -0.22176642 0.45766061
v 0.04612500 -0.22156725 0.45831718
v 0.06776389 -0.22156725 0.45831718
v 0.02334722 -0.22500000 0.45900000
v 0.02334722 -0.22150000 0.45900000
v 0.04498611 -0.22150000 0.45900000
v 0.04498611 -0.22500000 0.45900000
v 0.02334722 -0.22156725 0.45968282
v 0.04498611 -0.22156725 0.45968282
v 0.02334722 -0.22176642 0.46033939
v 0.04498611 -0.22176642 0.46033939
v 0.02334722 -0.22208986 0.46094450
v 0.04498611 -0.22208986 0.46094450
v 0.02334722 -0.22252513 0.46147487
v 0.04498611 -0.22252513 0.46147487
v 0.02334722 -0.22305550 0.46191014
v 0.04498611 -0.22305550 0.46191014
v 0.02334722 -0.22366061 0.46223358
v 0.04498611 -0.22366061 0.46223358
v 0.02334722 -0.22431718 0.46243275
v 0.04498611 -0.22431718 0.46243275
v 0.02334722 -0.22500000 0.46250000
v 0.04498611 -0.22500000 0.46250000
v 0.02334722 -0.22568282 0.46243275
v 0.04498611 -0.22568282 0.46243275
v 0.02334722 -0.22633939 0.46223358
v 0.04498611 -0.22633939 0.46223358
v 0.02334722 -0.22694450 0.46191014
v 0.04498611 -0.22694450 0.46191014
v 0.02334722 -0.22747487 0.46147487
v 0.04498611 -0.22747487 0.46147487
v 0.02334722 -0.22791014 0.46094450
v 0.04498611 -0.22791014 0.46094450
v 0.02334722 -0.22823358 0.46033939
v 0.04498611 -0.22823358 0.46033939
v 0.02334722 -0.22843275 0.45968282
v 0.04498611 -0.22843275 0.45968282
v 0.02334722 -0.22850000 0.45900000
v 0.04498611 -0.22850000 0.45900000
v 0.02334722 -0.22843275 0.45831718
v 0.04498611 -0.22843275 0.45831718
v 0.02334722 -0.22823358 0.45766061
v 0.04498611 -0.22823358 0.45766061
v 0.02334722 -0.22791014 0.45705550
v 0.04498611 -0.22791014 0.45705550
v 0.02334722 -0.22747487 0.45652513
v 0.04498611 -0.22747487 0.45652513
v 0.02334722 -0.22694450 0.45608986
v 0.04498611 -0.22694450 0.45608986
v 0.02334722 -0.22633939 0.45576642
v 0.04498611 -0.22633939 0.45576642
v 0.02334722 -0.22568282 0.45556725
v 0.04498611 -0.22568282 0.45556725
v 0.02334722 -0.22500000 0.45550000
v 0.04498611 -0.22500000 0.45550000
v 0.02334722 -0.22431718 0.45556725
v 0.04498611 -0.22431718 0.45556725
v 0.02334722 -0.22366061 0.45576642
v 0.04498611 -0.22366061 0.45576642
v 0.02334722 -0.22305550 0.45608986
v 0.04498611 -0.22305550 0.45608986
v 0.02334722 -0.22252513 0.45652513
v 0.04498611 -0.22252513 0.45652513
v 0.02334722 -0.22208986 0.45705550
v 0.04498611 -0.22208986 0.45705550
v 0.02334722 -0.22176642 0.45766061
v 0.04498611 -0.22176642 0.45766061
v 0.02334722 -0.22156725 0.45831718
v 0.04498611 -0.22156725 0.45831718
v 0.00056944 -0.22500000 0.45900000
v 0.00056944 -0.22150000 0.45900000
v 0.02220833 -0.22150000 0.45900000
v 0.02220833 -0.22500000 0.45900000
v 0.00056944 -0.22156725 0.45968282
v 0.02220833 -0.22156725 0.45968282
v 0.00056944 -0.22176642 0.46033939
v 0.02220833 -0.22176642 0.46033939
v 0.00056944 -0.22208986 0.46094450
v 0.02220833 -0.22208986 0.46094450
v 0.00056944 -0.22252513 0.46147487
v 0.02220833 -0.22252513 0.46147487
v 0.00056944 -0.22305550 0.46191014
v 0.02220833 -0.22305550 0.46191014
v 0.00056944 -0.22366061 0.46223358
v 0.02220833 -0.22366061 0.46223358
v 0.00056944 -0.22431718 0.46243275
v 0.02220833 -0.22431718 0.46243275
v 0.00056944 -0.22500000 0.46250000
v 0.02220833 -0.22500000 0.46250000
v 0.00056944 -0.22568282 0.46243275
v 0.02220833 -0.22568282 0.46243275
v 0.00056944 -0.22633939 0.46223358
v 0.02220833 -0.22633939 0.46223358
v 0.00056944 -0.22694450 0.46191014
v 0.02220833 -0.22694450 0.46191014
v 0.00056944 -0.22747487 0.46147487
v 0.02220833 -0.22747487 0.46147487
v 0.00056944 -0.22791014 0.46094450
v 0.02220833 -0.22791014 0.46094450
v 0.00056944 -0.22823358 0.46033939
v 0.02220833 -0.22823358 0.46033939
v 0.00056944 -0.22843275 0.45968282
v 0.02220833 -0.22843275 0.45968282
v 0.00056944 -0.22850000 0.45900000
v 0.02220833 -0.22850000 0.45900000
v 0.00056944 -0.22843275 0.45831718
v 0.02220833 -0.22843275 0.45831718
v 0.00056944 -0.22823358 0.45766061
v 0.02220833 -0.22823358 0.45766061
v 0.00056944 -0.22791014 0.45705550
v 0.02220833 -0.22791014 0.45705550
v 0.00056944 -0.22747487 0.45652513
v 0.02220833 -0.22747487 0.45652513
v 0.00056944 -0.22694450 0.45608986
v 0.02220833 -0.22694450 0.45608986
v 0.00056944 -0.22633939 0.45576642
v 0.02220833 -0.22633939 0.45576642
v 0.00056944 -0.22568282 0.45556725
v 0.02220833 -0.22568282 0.45556725
v 0.00056944 -0.22500000 0.45550000
v 0.02220833 -0.22500000 0.45550000
v 0.00056944 -0.22431718 0.45556725
v 0.02220833 -0.22431718 0.45556725
v 0.00056944 -0.22366061 0.45576642
v 0.02220833 -0.22366061 0.45576642
v 0.00056944 -0.22305550 0.45608986
v 0.02220833 -0.22305550 0.45608986
v 0.00056944 -0.22252513 0.45652513
v 0.02220833 -0.22252513 0.45652513
v 0.00056944 -0.22208986 0.45705550
v 0.02220833 -0.22208986 0.45705550
v 0.00056944 -0.22176642 0.45766061
v 0.02220833 -0.22176642 0.45766061
v 0.00056944 -0.22156725 0.45831718
v 0.02220833 -0.22156725 0.45831718
v -0.02220833 -0.22500000 0.45900000
v -0.02220833 -0.22150000 0.45900000
v -0.00056944 -0.22150000 0.45900000
v -0.00056944 -0.22500000 0.45900000
v -0.02220833 -0.22156725 0.45968282
v -0.00056944 -0.22156725 0.45968282
v -0.02220833 -0.22176642 0.46033939
v -0.00056944 -0.22176642 0.46033939
v -0.02220833 -0.22208986 0.46094450
v -0.00056944 -0.22208986 0.46094450
v -0.02220833 -0.22252513 0.46147487
v -0.00056944 -0.22252513 0.46147487
v -0.02220833 -0.22305550 0.46191014
v -0.00056944 -0.22305550 0.46191014
v -0.02220833 -0.22366061 0.46223358
v -0.00056944 -0.22366061 0.46223358
v -0.02220833 -0.22431718 0.46243275
v -0.00056944 -0.22431718 0.46243275
v -0.02220833 -0.22500000 0.46250000
v -0.00056944 -0.22500000 0.46250000
v -0.02220833 -0.22568282 0.46243275
v -0.00056944 -0.22568282 0.46243275
v -0.02220833 -0.22633939 0.46223358
v -0.00056944 -0.22633939 0.46223358
v -0.02220833 -0.22694450 0.46191014
v -0.00056944 -0.22694450 0.46191014
v -0.02220833 -0.22747487 0.46147487
v -0.00056944 -0.22747487 0.46147487
v -0.02220833 -0.22791014 0.46094450
v -0.00056944 -0.22791014 0.46094450
v -0.02220833 -0.22823358 0.46033939
v -0.00056944 -0.22823358 0.46033939
v -0.02220833 -0.22843275 0.45968282
v -0.00056944 -0.22843275 0.45968282
v -0.02220833 -0.22850000 0.45900000
v -0.00056944 -0.22850000 0.45900000
v -0.02220833 -0.22843275 0.45831718
v -0.00056944 -0.22843275 0.45831718
v -0.02220833 -0.22823358 0.45766061
v -0.00056944 -0.22823358 0.45766061
v -0.02220833 -0.22791014 0.45705550
v -0.00056944 -0.22791014 0.45705550
v -0.02220833 -0.22747487 0.45652513
v -0.00056944 -0.22747487 0.45652513
v -0.02220833 -0.22694450 0.45608986
v -0.00056944 -0.22694450 0.45608986
v -0.02220833 -0.22633939 0.45576642
v -0.00056944 -0.22633939 0.45576642
v -0.02220833 -0.22568282 0.45556725
v -0.00056944 -0.22568282 0.45556725
v -0.02220833 -0.22500000 0.45550000
v -0.00056944 -0.22500000 0.45550000
v -0.02220833 -0.22431718 0.45556725
v -0.00056944 -0.22431718 0.45556725
v -0.02220833 -0.22366061 0.45576642
v -0.00056944 -0.22366061 0.45576642
v -0.02220833 -0.22305550 0.45608986
v -0.00056944 -0.22305550 0.45608986
v -0.02220833 -0.22252513 0.45652513
v -0.00056944 -0.22252513 0.45652513
v -0.02220833 -0.22208986 0.45705550
v -0.00056944 -0.22208986 0.45705550
v -0.02220833 -0.22176642 0.45766061
v -0.00056944 -0.22176642 0.45766061
v -0.02220833 -0.22156725 0.45831718
v -0.00056944 -0.22156725 0.45831718
v -0.04498611 -0.22500000 0.45900000
v -0.04498611 -0.22150000 0.45900000
v -0.02334722 -0.22150000 0.45900000
v -0.02334722 -0.22500000 0.45900000
v -0.04498611 -0.22156725 0.45968282
v -0.02334722 -0.22156725 0.45968282
v -0.04498611 -0.22176642 0.46033939
v -0.02334722 -0.22176642 0.46033939
v -0.04498611 -0.22208986 0.46094450
v -0.02334722 -0.22208986 0.46094450
v -0.04498611 -0.22252513 0.46147487
v -0.02334722 -0.22252513 0.46147487
v -0.04498611 -0.22305550 0.46191014
v -0.02334722 -0.22305550 0.46191014
v -0.04498611 -0.22366061 0.46223358
v -0.02334722 -0.22366061 0.46223358
v -0.04498611 -0.22431718 0.46243275
v -0.02334722 -0.22431718 0.46243275
v -0.04498611 -0.22500000 0.46250000
v -0.02334722 -0.22500000 0.46250000
v -0.04498611 -0.22568282 0.46243275
v -0.02334722 -0.22568282 0.46243275
v -0.04498611 -0.22633939 0.46223358
v -0.02334722 -0.22633939 0.46223358
v -0.04498611 -0.22694450 0.46191014
v -0.02334722 -0.22694450 0.46191014
v -0.04498611 -0.22747487 0.46147487
v -0.02334722 -0.22747487 0.46147487
v -0.04498611 -0.22791014 0.46094450
v -0.02334722 -0.22791014 0.46094450
v -0.04498611 -0.22823358 0.46033939
v -0.02334722 -0.22823358 0.46033939
v -0.04498611 -0.22843275 0.45968282
v -0.02334722 -0.22843275 0.45968282
v -0.04498611 -0.22850000 0.45900000
v -0.02334722 -0.22850000 0.45900000
v -0.04498611 -0.22843275 0.45831718
v -0.02334722 -0.22843275 0.45831718
v -0.04498611 -0.22823358 0.45766061
v -0.02334722 -0.22823358 0.45766061
v -0.04498611 -0.22791014 0.45705550
v -0.02334722 -0.22791014 0.45705550
v -0.04498611 -0.22747487 0.45652513
v -0.02334722 -0.22747487 0.45652513
v -0.04498611 -0.22694450 0.45608986
v -0.02334722 -0.22694450 0.45608986
v -0.04498611 -0.22633939 0.45576642
v -0.02334722 -0.22633939 0.45576642
v -0.04498611 -0.22568282 0.45556725
v -0.02334722 -0.22568282 0.45556725
v -0.04498611 -0.22500000 0.45550000
v -0.02334722 -0.22500000 0.45550000
v -0.04498611 -0.22431718 0.45556725
v -0.02334722 -0.22431718 0.45556725
v -0.04498611 -0.22366061 0.45576642
v -0.02334722 -0.22366061 0.45576642
v -0.04498611 -0.22305550 0.45608986
v -0.02334722 -0.22305550 0.45608986
v -0.04498611 -0.22252513 0.45652513
v -0.02334722 -0.22252513 0.45652513
v -0.04498611 -0.22208986 0.45705550
v -0.02334722 -0.22208986 0.45705550
v -0.04498611 -0.22176642 0.45766061
v -0.02334722 -0.22176642 0.45766061
v -0.04498611 -0.22156725 0.45831718
v -0.02334722 -0.22156725 0.45831718
v -0.06776389 -0.22500000 0.45900000
v -0.06776389 -0.22150000 0.45900000
v -0.04612500 -0.22150000 0.45900000
v -0.04612500 -0.22500000 0.45900000
v -0.06776389 -0.22156725 0.45968282
v -0.04612500 -0.22156725 0.45968282
v -0.06776389 -0.22176642 0.46033939
v -0.04612500 -0.22176642 0.46033939
v -0.06776389 -0.22208986 0.46094450
v -0.04612500 -0.22208986 0.46094450
v -0.06776389 -0.22252513 0.46147487
v -0.04612500 -0.22252513 0.46147487
v -0.06776389 -0.22305550 0.46191014
v -0.04612500 -0.22305550 0.46191014
v -0.06776389 -0.22366061 0.46223358
v -0.04612500 -0.22366061 0.46223358
v -0.06776389 -0.22431718 0.46243275
v -0.04612500 -0.22431718 0.46243275
v -0.06776389 -0.22500000 0.46250000
v -0.04612500 -0.22500000 0.46250000
v -0.06776389 -0.22568282 0.46243275
v -0.04612500 -0.22568282 0.46243275
v -0.06776389 -0.22633939 0.46223358
v -0.04612500 -0.22633939 0.46223358
v -0.06776389 -0.22694450 0.46191014
v -0.04612500 -0.22694450 0.46191014
v -0.06776389 -0.22747487 0.46147487
v -0.04612500 -0.22747487 0.46147487
v -0.06776389 -0.22791014 0.46094450
v -0.04612500 -0.22791014 0.46094450
v -0.06776389 -0.22823358 0.46033939
v -0.04612500 -0.22823358 0.46033939
v -0.06776389 -0.22843275 0.45968282
v -0.04612500 -0.22843275 0.45968282
v -0.06776389 -0.22850000 0.45900000
v -0.04612500 -0.22850000 0.45900000
v -0.06776389 -0.22843275 0.45831718
v -0.04612500 -0.22843275 0.45831718
v -0.06776389 -0.22823358 0.45766061
v -0.04612500 -0.22823358 0.45766061
v -0.06776389 -0.22791014 0.45705550
v -0.04612500 -0.22791014 0.45705550
v -0.06776389 -0.22747487 0.45652513
v -0.04612500 -0.22747487 0.45652513
v -0.06776389 -0.22694450 0.45608986
v -0.04612500 -0.22694450 0.45608986
v -0.06776389 -0.22633939 0.45576642
v -0.04612500 -0.22633939 0.45576642
v -0.06776389 -0.22568282 0.45556725
v -0.04612500 -0.22568282 0.45556725
v -0.06776389 -0.22500000 0.45550000
v -0.04612500 -0.22500000 0.45550000
v -0.06776389 -0.22431718 0.45556725
v -0.04612500 -0.22431718 0.45556725
v -0.06776389 -0.22366061 0.45576642
v -0.04612500 -0.22366061 0.45576642
v -0.06776389 -0.22305550 0.45608986
v -0.04612500 -0.22305550 0.45608986
v -0.06776389 -0.22252513 0.45652513
v -0.04612500 -0.22252513 0.45652513
v -0.06776389 -0.22208986 0.45705550
v -0.04612500 -0.22208986 0.45705550
v -0.06776389 -0.22176642 0.45766061
v -0.04612500 -0.22176642 0.45766061
v -0.06776389 -0.22156725 0.45831718
v -0.04612500 -0.22156725 0.45831718
v -0.09054167 -0.22500000 0.45900000
v -0.09054167 -0.22150000 0.45900000
v -0.06890278 -0.22150000 0.45900000
v -0.06890278 -0.22500000 0.45900000
v -0.09054167 -0.22156725 0.45968282
v -0.06890278 -0.22156725 0.45968282
v -0.09054167 -0.22176642 0.46033939
v -0.06890278 -0.22176642 0.46033939
v -0.09054167 -0.22208986 0.46094450
v -0.06890278 -0.22208986 0.46094450
v -0.09054167 -0.22252513 0.46147487
v -0.06890278 -0.22252513 0.46147487
v -0.09054167 -0.22305550 0.46191014
v -0.06890278 -0.22305550 0.46191014
v -0.09054167 -0.22366061 0.46223358
v -0.06890278 -0.22366061 0.46223358
v -0.09054167 -0.22431718 0.46243275
v -0.06890278 -0.22431718 0.46243275
v -0.09054167 -0.22500000 0.46250000
v -0.06890278 -0.22500000 0.46250000
v -0.09054167 -0.22568282 0.46243275
v -0.06890278 -0.22568282 0.46243275
v -0.09054167 -0.22633939 0.46223358
v -0.06890278 -0.22633939 0.46223358
v -0.09054167 -0.22694450 0.46191014
v -0.06890278 -0.22694450 0.46191014
v -0.09054167 -0.22747487 0.46147487
v -0.06890278 -0.22747487 0.46147487
v -0.09054167 -0.22791014 0.46094450
v -0.06890278 -0.22791014 0.46094450
v -0.09054167 -0.22823358 0.46033939
v -0.06890278 -0.22823358 0.46033939
v -0.09054167 -0.22843275 0.45968282
v -0.06890278 -0.22843275 0.45968282
v -0.09054167 -0.22850000 0.45900000
v -0.06890278 -0.22850000 0.45900000
v -0.09054167 -0.22843275 0.45831718
v -0.06890278 -0.22843275 0.45831718
v -0.09054167 -0.22823358 0.45766061
v -0.06890278 -0.22823358 0.45766061
v -0.09054167 -0.22791014 0.45705550
v -0.06890278 -0.22791014 0.45705550
v -0.09054167 -0.22747487 0.45652513
v -0.06890278 -0.22747487 0.45652513
v -0.09054167 -0.22694450 0.45608986
v -0.06890278 -0.22694450 0.45608986
v -0.09054167 -0.22633939 0.45576642
v -0.06890278 -0.22633939 0.45576642
v -0.09054167 -0.22568282 0.45556725
v -0.06890278 -0.22568282 0.45556725
v -0.09054167 -0.22500000 0.45550000
v -0.06890278 -0.22500000 0.45550000
v -0.09054167 -0.22431718 0.45556725
v -0.06890278 -0.22431718 0.45556725
v -0.09054167 -0.22366061 0.45576642
v -0.06890278 -0.22366061 0.45576642
v -0.09054167 -0.22305550 0.45608986
v -0.06890278 -0.22305550 0.45608986
v -0.09054167 -0.22252513 0.45652513
v -0.06890278 -0.22252513 0.45652513
v -0.09054167 -0.22208986 0.45705550
v -0.06890278 -0.22208986 0.45705550
v -0.09054167 -0.22176642 0.45766061
v -0.06890278 -0.22176642 0.45766061
v -0.09054167 -0.22156725 0.45831718
v -0.06890278 -0.22156725 0.45831718
v -0.11331944 -0.22500000 0.45900000
v -0.11331944 -0.22150000 0.45900000
v -0.09168056 -0.22150000 0.45900000
v -0.09168056 -0.22500000 0.45900000
v -0.11331944 -0.22156725 0.45968282
v -0.09168056 -0.22156725 0.45968282
v -0.11331944 -0.22176642 0.46033939
v -0.09168056 -0.22176642 0.46033939
v -0.11331944 -0.22208986 0.46094450
v -0.09168056 -0.22208986 0.46094450
v -0.11331944 -0.22252513 0.46147487
v -0.09168056 -0.22252513 0.46147487
v -0.11331944 -0.22305550 0.46191014
v -0.09168056 -0.22305550 0.46191014
v -0.11331944 -0.22366061 0.46223358
v -0.09168056 -0.22366061 0.46223358
v -0.11331944 -0.22431718 0.46243275
v -0.09168056 -0.22431718 0.46243275
v -0.11331944 -0.22500000 0.46250000
v -0.09168056 -0.22500000 0.46250000
v -0.11331944 -0.22568282 0.46243275
v -0.09168056 -0.22568282 0.46243275
v -0.11331944 -0.22633939 0.46223358
v -0.09168056 -0.22633939 0.46223358
v -0.11331944 -0.22694450 0.46191014
v -0.09168056 -0.22694450 0.46191014
v -0.11331944 -0.22747487 0.46147487
v -0.09168056 -0.22747487 0.46147487
v -0.11331944 -0.22791014 0.46094450
v -0.09168056 -0.22791014 0.46094450
v -0.11331944 -0.22823358 0.46033939
v -0.09168056 -0.22823358 0.46033939
v -0.11331944 -0.22843275 0.45968282
v -0.09168056 -0.22843275 0.45968282
v -0.11331944 -0.22850000 0.45900000
v -0.09168056 -0.22850000 0.45900000
v -0.11331944 -0.22843275 0.45831718
v -0.09168056 -0.22843275 0.45831718
v -0.11331944 -0.22823358 0.45766061
v -0.09168056 -0.22823358 0.45766061
v -0.11331944 -0.22791014 0.45705550
v -0.09168056 -0.22791014 0.45705550
v -0.11331944 -0.22747487 0.45652513
v -0.09168056 -0.22747487 0.45652513
v -0.11331944 -0.22694450 0.45608986
v -0.09168056 -0.22694450 0.45608986
v -0.11331944 -0.22633939 0.45576642
v -0.09168056 -0.22633939 0.45576642
v -0.11331944 -0.22568282 0.45556725
v -0.09168056 -0.22568282 0.45556725
v -0.11331944 -0.22500000 0.45550000
v -0.09168056 -0.22500000 0.45550000
v -0.11331944 -0.22431718 0.45556725
v -0.09168056 -0.22431718 0.45556725
v -0.11331944 -0.22366061 0.45576642
v -0.09168056 -0.22366061 0.45576642
v -0.11331944 -0.22305550 0.45608986
v -0.09168056 -0.22305550 0.45608986
v -0.11331944 -0.22252513 0.45652513
v -0.09168056 -0.22252513 0.45652513
v -0.11331944 -0.22208986 0.45705550
v -0.09168056 -0.22208986 0.45705550
v -0.11331944 -0.22176642 0.45766061
v -0.09168056 -0.22176642 0.45766061
v -0.11331944 -0.22156725 0.45831718
v -0.09168056 -0.22156725 0.45831718
v -0.13609722 -0.22500000 0.45900000
v -0.13609722 -0.22150000 0.45900000
v -0.11445833 -0.22150000 0.45900000
v -0.11445833 -0.22500000 0.45900000
v -0.13609722 -0.22156725 0.45968282
v -0.11445833 -0.22156725 0.45968282
v -0.13609722 -0.22176642 0.46033939
v -0.11445833 -0.22176642 0.46033939
v -0.13609722 -0.22208986 0.46094450
v -0.11445833 -0.22208986 0.46094450
v -0.13609722 -0.22252513 0.46147487
v -0.11445833 -0.22252513 0.46147487
v -0.13609722 -0.22305550 0.46191014
v -0.11445833 -0.22305550 0.46191014
v -0.13609722 -0.22366061 0.46223358
v -0.11445833 -0.22366061 0.46223358
v -0.13609722 -0.22431718 0.46243275
v -0.11445833 -0.22431718 0.46243275
v -0.13609722 -0.22500000 0.46250000
v -0.11445833 -0.22500000 0.46250000
v -0.13609722 -0.22568282 0.46243275
v -0.11445833 -0.22568282 0.46243275
v -0.13609722 -0.22633939 0.46223358
v -0.11445833 -0.22633939 0.46223358
v -0.13609722 -0.22694450 0.46191014
v -0.11445833 -0.22694450 0.46191014
v -0.13609722 -0.22747487 0.46147487
v -0.11445833 -0.22747487 0.46147487
v -0.13609722 -0.22791014 0.46094450
v -0.11445833 -0.22791014 0.46094450
v -0.13609722 -0.22823358 0.46033939
v -0.11445833 -0.22823358 0.46033939
v -0.13609722 -0.22843275 0.45968282
v -0.11445833 -0.22843275 0.45968282
v -0.13609722 -0.22850000 0.45900000
v -0.11445833 -0.22850000 0.45900000
v -0.13609722 -0.22843275 0.45831718
v -0.11445833 -0.22843275 0.45831718
v -0.13609722 -0.22823358 0.45766061
v -0.11445833 -0.22823358 0.45766061
v -0.13609722 -0.22791014 0.45705550
v -0.11445833 -0.22791014 0.45705550
v -0.13609722 -0.22747487 0.45652513
v -0.11445833 -0.22747487 0.45652513
v -0.13609722 -0.22694450 0.45608986
v -0.11445833 -0.22694450 0.45608986
v -0.13609722 -0.22633939 0.45576642
v -0.11445833 -0.22633939 0.45576642
v -0.13609722 -0.22568282 0.45556725
v -0.11445833 -0.22568282 0.45556725
v -0.13609722 -0.22500000 0.45550000
v -0.11445833 -0.22500000 0.45550000
v -0.13609722 -0.22431718 0.45556725
v -0.11445833 -0.22431718 0.45556725
v -0.13609722 -0.22366061 0.45576642
v -0.11445833 -0.22366061 0.45576642
v -0.13609722 -0.22305550 0.45608986
v -0.11445833 -0.22305550 0.45608986
v -0.13609722 -0.22252513 0.45652513
v -0.11445833 -0.22252513 0.45652513
v -0.13609722 -0.22208986 0.45705550
v -0.11445833 -0.22208986 0.45705550
v -0.13609722 -0.22176642 0.45766061
v -0.11445833 -0.22176642 0.45766061
v -0.13609722 -0.22156725 0.45831718
v -0.11445833 -0.22156725 0.45831718
v -0.15887500 -0.22500000 0.45900000
v -0.15887500 -0.22150000 0.45900000
v -0.13723611 -0.22150000 0.45900000
v -0.13723611 -0.22500000 0.45900000
v -0.15887500 -0.22156725 0.45968282
v -0.13723611 -0.22156725 0.45968282
v -0.15887500 -0.22176642 0.46033939
v -0.13723611 -0.22176642 0.46033939
v -0.15887500 -0.22208986 0.46094450
v -0.13723611 -0.22208986 0.46094450
v -0.15887500 -0.22252513 0.46147487
v -0.13723611 -0.22252513 0.46147487
v -0.15887500 -0.22305550 0.46191014
v -0.13723611 -0.22305550 0.46191014
v -0.15887500 -0.22366061 0.46223358
v -0.13723611 -0.22366061 0.46223358
v -0.15887500 -0.22431718 0.46243275
v -0.13723611 -0.22431718 0.46243275
v -0.15887500 -0.22500000 0.46250000
v -0.13723611 -0.22500000 0.46250000
v -0.15887500 -0.22568282 0.46243275
v -0.13723611 -0.22568282 0.46243275
v -0.15887500 -0.22633939 0.46223358
v -0.13723611 -0.22633939 0.46223358
v -0.15887500 -0.22694450 0.46191014
v -0.13723611 -0.22694450 0.46191014
v -0.15887500 -0.22747487 0.46147487
v -0.13723611 -0.22747487 0.46147487
v -0.15887500 -0.22791014 0.46094450
v -0.13723611 -0.22791014 0.46094450
v -0.15887500 -0.22823358 0.46033939
v -0.13723611 -0.22823358 0.46033939
v -0.15887500 -0.22843275 0.45968282
v -0.13723611 -0.22843275 0.45968282
v -0.15887500 -0.22850000 0.45900000
v -0.13723611 -0.22850000 0.45900000
v -0.15887500 -0.22843275 0.45831718
v -0.13723611 -0.22843275 0.45831718
v -0.15887500 -0.22823358 0.45766061
v -0.13723611 -0.22823358 0.45766061
v -0.15887500 -0.22791014 0.45705550
v -0.13723611 -0.22791014 0.45705550
v -0.15887500 -0.22747487 0.45652513
v -0.13723611 -0.22747487 0.45652513
v -0.15887500 -0.22694450 0.45608986
v -0.13723611 -0.22694450 0.45608986
v -0.15887500 -0.22633939 0.45576642
v -0.13723611 -0.22633939 0.45576642
v -0.15887500 -0.22568282 0.45556725
v -0.13723611 -0.22568282 0.45556725
v -0.15887500 -0.22500000 0.45550000
v -0.13723611 -0.22500000 0.45550000
v -0.15887500 -0.22431718 0.45556725
v -0.13723611 -0.22431718 0.45556725
v -0.15887500 -0.22366061 0.45576642
v -0.13723611 -0.22366061 0.45576642
v -0.15887500 -0.22305550 0.45608986
v -0.13723611 -0.22305550 0.45608986
v -0.15887500 -0.22252513 0.45652513
v -0.13723611 -0.22252513 0.45652513
v -0.15887500 -0.22208986 0.45705550
v -0.13723611 -0.22208986 0.45705550
v -0.15887500 -0.22176642 0.45766061
v -0.13723611 -0.22176642 0.45766061
v -0.15887500 -0.22156725 0.45831718
v -0.13723611 -0.22156725 0.45831718
v -0.18165278 -0.22500000 0.45900000
v -0.18165278 -0.22150000 0.45900000
v -0.16001389 -0.22150000 0.45900000
v -0.16001389 -0.22500000 0.45900000
v -0.18165278 -0.22156725 0.45968282
v -0.16001389 -0.22156725 0.45968282
v -0.18165278 -0.22176642 0.46033939
v -0.16001389 -0.22176642 0.46033939
v -0.18165278 -0.22208986 0.46094450
v -0.16001389 -0.22208986 0.46094450
v -0.18165278 -0.22252513 0.46147487
v -0.16001389 -0.22252513 0.46147487
v -0.18165278 -0.22305550 0.46191014
v -0.16001389 -0.22305550 0.46191014
v -0.18165278 -0.22366061 0.46223358
v -0.16001389 -0.22366061 0.46223358
v -0.18165278 -0.22431718 0.46243275
v -0.16001389 -0.22431718 0.46243275
v -0.18165278 -0.22500000 0.46250000
v -0.16001389 -0.22500000 0.46250000
v -0.18165278 -0.22568282 0.46243275
v -0.16001389 -0.22568282 0.46243275
v -0.18165278 -0.22633939 0.46223358
v -0.16001389 -0.22633939 0.46223358
v -0.18165278 -0.22694450 0.46191014
v -0.16001389 -0.22694450 0.46191014
v -0.18165278 -0.22747487 0.46147487
v -0.16001389 -0.22747487 0.46147487
v -0.18165278 -0.22791014 0.46094450
v -0.16001389 -0.22791014 0.46094450
v -0.18165278 -0.22823358 0.46033939
v -0.16001389 -0.22823358 0.46033939
v -0.18165278 -0.22843275 0.45968282
v -0.16001389 -0.22843275 0.45968282
v -0.18165278 -0.22850000 0.45900000
v -0.16001389 -0.22850000 0.45900000
v -0.18165278 -0.22843275 0.45831718
v -0.16001389 -0.22843275 0.45831718
v -0.18165278 -0.22823358 0.45766061
v -0.16001389 -0.22823358 0.45766061
v -0.18165278 -0.22791014 0.45705550
v -0.16001389 -0.22791014 0.45705550
v -0.18165278 -0.22747487 0.45652513
v -0.16001389 -0.22747487 0.45652513
v -0.18165278 -0.22694450 0.45608986
v -0.16001389 -0.22694450 0.45608986
v -0.18165278 -0.22633939 0.45576642
v -0.16001389 -0.22633939 0.45576642
v -0.18165278 -0.22568282 0.45556725
v -0.16001389 -0.22568282 0.45556725
v -0.18165278 -0.22500000 0.45550000
v -0.16001389 -0.22500000 0.45550000
v -0.18165278 -0.22431718 0.45556725
v -0.16001389 -0.22431718 0.45556725
v -0.18165278 -0.22366061 0.45576642
v -0.16001389 -0.22366061 0.45576642
v -0.18165278 -0.22305550 0.45608986
v -0.16001389 -0.22305550 0.45608986
v -0.18165278 -0.22252513 0.45652513
v -0.16001389 -0.22252513 0.45652513
v -0.18165278 -0.22208986 0.45705550
v -0.16001389 -0.22208986 0.45705550
v -0.18165278 -0.22176642 0.45766061
v -0.16001389 -0.22176642 0.45766061
v -0.18165278 -0.22156725 0.45831718
v -0.16001389 -0.22156725 0.45831718
v -0.20443056 -0.22500000 0.45900000
v -0.20443056 -0.22150000 0.45900000
v -0.18279167 -0.22150000 0.45900000
v -0.18279167 -0.22500000 0.45900000
v -0.20443056 -0.22156725 0.45968282
v -0.18279167 -0.22156725 0.45968282
v -0.20443056 -0.22176642 0.46033939
v -0.18279167 -0.22176642 0.46033939
v -0.20443056 -0.22208986 0.46094450
v -0.18279167 -0.22208986 0.46094450
v -0.20443056 -0.22252513 0.46147487
v -0.18279167 -0.22252513 0.46147487
v -0.20443056 -0.22305550 0.46191014
v -0.18279167 -0.22305550 0.46191014
v -0.20443056 -0.22366061 0.46223358
v -0.18279167 -0.22366061 0.46223358
v -0.20443056 -0.22431718 0.46243275
v -0.18279167 -0.22431718 0.46243275
v -0.20443056 -0.22500000 0.46250000
v -0.18279167 -0.22500000 0.46250000
v -0.20443056 -0.22568282 0.46243275
v -0.18279167 -0.22568282 0.46243275
v -0.20443056 -0.22633939 0.46223358
v -0.18279167 -0.22633939 0.46223358
v -0.20443056 -0.22694450 0.46191014
v -0.18279167 -0.22694450 0.46191014
v -0.20443056 -0.22747487 0.46147487
v -0.18279167 -0.22747487 0.46147487
v -0.20443056 -0.22791014 0.46094450
v -0.18279167 -0.22791014 0.46094450
v -0.20443056 -0.22823358 0.46033939
v -0.18279167 -0.22823358 0.46033939
v -0.20443056 -0.22843275 0.45968282
v -0.18279167 -0.22843275 0.45968282
v -0.20443056 -0.22850000 0.45900000
v -0.18279167 -0.22850000 0.45900000
v -0.20443056 -0.22843275 0.45831718
v -0.18279167 -0.22843275 0.45831718
v -0.20443056 -0.22823358 0.45766061
v -0.18279167 -0.22823358 0.45766061
v -0.20443056 -0.22791014 0.45705550
v -0.18279167 -0.22791014 0.45705550
v -0.20443056 -0.22747487 0.45652513
v -0.18279167 -0.22747487 0.45652513
v -0.20443056 -0.22694450 0.45608986
v -0.18279167 -0.22694450 0.45608986
v -0.20443056 -0.22633939 0.45576642
v -0.18279167 -0.22633939 0.45576642
v -0.20443056 -0.22568282 0.45556725
v -0.18279167 -0.22568282 0.45556725
v -0.20443056 -0.22500000 0.45550000
v -0.18279167 -0.22500000 0.45550000
v -0.20443056 -0.22431718 0.45556725
v -0.18279167 -0.22431718 0.45556725
v -0.20443056 -0.22366061 0.45576642
v -0.18279167 -0.22366061 0.45576642
v -0.20443056 -0.22305550 0.45608986
v -0.18279167 -0.22305550 0.45608986
v -0.20443056 -0.22252513 0.45652513
v -0.18279167 -0.22252513 0.45652513
v -0.20443056 -0.22208986 0.45705550
v -0.18279167 -0.22208986 0.45705550
v -0.20443056 -0.22176642 0.45766061
v -0.18279167 -0.22176642 0.45766061
v -0.20443056 -0.22156725 0.45831718
v -0.18279167 -0.22156725 0.45831718
v 0.20500000 -0.24900000 0.45685000
v 0.20500000 -0.24900000 0.45835000
v -0.20500000 -0.24900000 0.45685000
v -0.20500000 -0.24900000 0.45835000
v 0.20500000 -0.22500000 0.45685000
v 0.20500000 -0.22500000 0.45835000
v -0.20500000 -0.22500000 0.45685000
v -0.20500000 -0.22500000 0.45835000
v 0.20500000 -0.22500000 0.45685000
v 0.20500000 -0.22500000 0.45835000
v -0.20500000 -0.22500000 0.45685000
v -0.20500000 -0.22500000 0.45835000
v 0.20500000 -0.20100000 0.45685000
v 0.20500000 -0.20100000 0.45835000
v -0.20500000 -0.20100000 0.45685000
v -0.20500000 -0.20100000 0.45835000
v -0.19000000 -0.33618202 0.38492349
v -0.19000000 -0.26538095 0.47554473
v -0.19000000 -0.33381798 0.38307651
v -0.19000000 -0.26301691 0.47369774
v -0.17600000 -0.33618202 0.38492349
v -0.17600000 -0.26538095 0.47554473
v -0.17600000 -0.33381798 0.38307651
v -0.17600000 -0.26301691 0.47369774
v -0.19000000 -0.26569893 0.47462124
v -0.19000000 -0.26569893 0.58962124
v -0.19000000 -0.26269893 0.47462124
v -0.19000000 -0.26269893 0.58962124
v -0.17600000 -0.26569893 0.47462124
v -0.17600000 -0.26569893 0.58962124
v -0.17600000 -0.26269893 0.47462124
v -0.17600000 -0.26269893 0.58962124
v -0.18750000 -0.26419893 0.47462124
v -0.18750000 -0.26666158 0.47146919
v -0.17850000 -0.26666158 0.47146919
v -0.17850000 -0.26419893 0.47462124
v -0.18750000 -0.26599932 0.47104932
v -0.17850000 -0.26599932 0.47104932
v -0.18750000 -0.26526788 0.47076671
v -0.17850000 -0.26526788 0.47076671
v -0.18750000 -0.26449536 0.47063224
v -0.17850000 -0.26449536 0.47063224
v -0.18750000 -0.26371145 0.47065105
v -0.17850000 -0.26371145 0.47065105
v -0.18750000 -0.26294628 0.47082244
v -0.17850000 -0.26294628 0.47082244
v -0.18750000 -0.26222924 0.47113981
v -0.17850000 -0.26222924 0.47113981
v -0.18750000 -0.26158789 0.47159098
v -0.17850000 -0.26158789 0.47159098
v -0.18750000 -0.26104689 0.47215859
v -0.17850000 -0.26104689 0.47215859
v -0.18750000 -0.26062701 0.47282084
v -0.17850000 -0.26062701 0.47282084
v -0.18750000 -0.26034441 0.47355228
v -0.17850000 -0.26034441 0.47355228
v -0.18750000 -0.26020993 0.47432480
v -0.17850000 -0.26020993 0.47432480
v -0.18750000 -0.26022875 0.47510871
v -0.17850000 -0.26022875 0.47510871
v -0.18750000 -0.26040013 0.47587389
v -0.17850000 -0.26040013 0.47587389
v -0.18750000 -0.26071751 0.47659093
v -0.17850000 -0.26071751 0.47659093
v -0.18750000 -0.26116867 0.47723228
v -0.17850000 -0.26116867 0.47723228
v -0.18750000 -0.26173628 0.47777328
v -0.17850000 -0.26173628 0.47777328
v -0.18750000 -0.26239854 0.47819315
v -0.17850000 -0.26239854 0.47819315
v -0.18750000 -0.26312998 0.47847576
v -0.17850000 -0.26312998 0.47847576
v -0.18750000 -0.26390250 0.47861024
v -0.17850000 -0.26390250 0.47861024
v -0.18750000 -0.26468641 0.47859142
v -0.17850000 -0.26468641 0.47859142
v -0.18750000 -0.26545159 0.47842003
v -0.17850000 -0.26545159 0.47842003
v -0.18750000 -0.26616862 0.47810266
v -0.17850000 -0.26616862 0.47810266
v -0.18750000 -0.26680997 0.47765150
v -0.17850000 -0.26680997 0.47765150
v -0.18750000 -0.26735097 0.47708388
v -0.17850000 -0.26735097 0.47708388
v -0.18750000 -0.26777085 0.47642163
v -0.17850000 -0.26777085 0.47642163
v -0.18750000 -0.26805345 0.47569019
v -0.17850000 -0.26805345 0.47569019
v -0.18750000 -0.26818793 0.47491767
v -0.17850000 -0.26818793 0.47491767
v -0.18750000 -0.26816911 0.47413376
v -0.17850000 -0.26816911 0.47413376
v -0.18750000 -0.26799773 0.47336858
v -0.17850000 -0.26799773 0.47336858
v -0.18750000 -0.26768035 0.47265154
v -0.17850000 -0.26768035 0.47265154
v -0.18750000 -0.26722919 0.47201020
v -0.17850000 -0.26722919 0.47201020
v -0.19350000 -0.33907554 0.38528063
v -0.19350000 -0.33722855 0.38764466
v -0.19350000 -0.31701123 0.36804211
v -0.19350000 -0.31516425 0.37040614
v -0.17250000 -0.33907554 0.38528063
v -0.17250000 -0.33722855 0.38764466
v -0.17250000 -0.31701123 0.36804211
v -0.17250000 -0.31516425 0.37040614
v -0.19350000 -0.22296178 0.53389946
v -0.19350000 -0.22111480 0.53626349
v -0.19350000 -0.20089748 0.51666094
v -0.19350000 -0.19905050 0.51902497
v -0.17250000 -0.22296178 0.53389946
v -0.17250000 -0.22111480 0.53626349
v -0.17250000 -0.20089748 0.51666094
v -0.17250000 -0.19905050 0.51902497
v 0.17600000 -0.33618202 0.38492349
v 0.17600000 -0.26538095 0.47554473
v 0.17600000 -0.33381798 0.38307651
v 0.17600000 -0.26301691 0.47369774
v 0.19000000 -0.33618202 0.38492349
v 0.19000000 -0.26538095 0.47554473
v 0.19000000 -0.33381798 0.38307651
v 0.19000000 -0.26301691 0.47369774
v 0.17600000 -0.26569893 0.47462124
v 0.17600000 -0.26569893 0.58962124
v 0.17600000 -0.26269893 0.47462124
v 0.17600000 -0.26269893 0.58962124
v 0.19000000 -0.26569893 0.47462124
v 0.19000000 -0.26569893 0.58962124
v 0.19000000 -0.26269893 0.47462124
v 0.19000000 -0.26269893 0.58962124
v 0.17850000 -0.26419893 0.47462124
v 0.17850000 -0.26666158 0.47146919
v 0.18750000 -0.26666158 0.47146919
v 0.18750000 -0.26419893 0.47462124
v 0.17850000 -0.26599932 0.47104932
v 0.18750000 -0.26599932 0.47104932
v 0.17850000 -0.26526788 0.47076671
v 0.18750000 -0.26526788 0.47076671
v 0.17850000 -0.26449536 0.47063224
v 0.18750000 -0.26449536 0.47063224
v 0.17850000 -0.26371145 0.47065105
v 0.18750000 -0.26371145 0.47065105
v 0.17850000 -0.26294628 0.47082244
v 0.18750000 -0.26294628 0.47082244
v 0.17850000 -0.26222924 0.47113981
v 0.18750000 -0.26222924 0.47113981
v 0.17850000 -0.26158789 0.47159098
v 0.18750000 -0.26158789 0.47159098
v 0.17850000 -0.26104689 0.47215859
v 0.18750000 -0.26104689 0.47215859
v 0.17850000 -0.26062701 0.47282084
v 0.18750000 -0.26062701 0.47282084
v 0.17850000 -0.26034441 0.47355228
v 0.18750000 -0.26034441 0.47355228
v 0.17850000 -0.26020993 0.47432480
v 0.18750000 -0.26020993 0.47432480
v 0.17850000 -0.26022875 0.47510871
v 0.18750000 -0.26022875 0.47510871
v 0.17850000 -0.26040013 0.47587389
v 0.18750000 -0.26040013 0.47587389
v 0.17850000 -0.26071751 0.47659093
v 0.18750000 -0.26071751 0.47659093
v 0.17850000 -0.26116867 0.47723228
v 0.18750000 -0.26116867 0.47723228
v 0.17850000 -0.26173628 0.47777328
v 0.18750000 -0.26173628 0.47777328
v 0.17850000 -0.26239854 0.47819315
v 0.18750000 -0.26239854 0.47819315
v 0.17850000 -0.26312998 0.47847576
v 0.18750000 -0.26312998 0.47847576
v 0.17850000 -0.26390250 0.47861024
v 0.18750000 -0.26390250 0.47861024
v 0.17850000 -0.26468641 0.47859142
v 0.18750000 -0.26468641 0.47859142
v 0.17850000 -0.26545159 0.47842003
v 0.18750000 -0.26545159 0.47842003
v 0.17850000 -0.26616862 0.47810266
v 0.18750000 -0.26616862 0.47810266
v 0.17850000 -0.26680997 0.47765150
v 0.18750000 -0.26680997 0.47765150
v 0.17850000 -0.26735097 0.47708388
v 0.18750000 -0.26735097 0.47708388
v 0.17850000 -0.26777085 0.47642163
v 0.18750000 -0.26777085 0.47642163
v 0.17850000 -0.26805345 0.47569019
v 0.18750000 -0.26805345 0.47569019
v 0.17850000 -0.26818793 0.47491767
v 0.18750000 -0.26818793 0.47491767
v 0.17850000 -0.26816911 0.47413376
v 0.18750000 -0.26816911 0.47413376
v 0.17850000 -0.26799773 0.47336858
v 0.18750000 -0.26799773 0.47336858
v 0.17850000 -0.26768035 0.47265154
v 0.18750000 -0.26768035 0.47265154
v 0.17850000 -0.26722919 0.47201020
v 0.18750000 -0.26722919 0.47201020
v 0.17250000 -0.33907554 0.38528063
v 0.17250000 -0.33722855 0.38764466
v 0.17250000 -0.31701123 0.36804211
v 0.17250000 -0.31516425 0.37040614
v 0.19350000 -0.33907554 0.38528063
v 0.19350000 -0.33722855 0.38764466
v 0.19350000 -0.31701123 0.36804211
v 0.19350000 -0.31516425 0.37040614
v 0.17250000 -0.22296178 0.53389946
v 0.17250000 -0.22111480 0.53626349
v 0.17250000 -0.20089748 0.51666094
v 0.17250000 -0.19905050 0.51902497
v 0.19350000 -0.22296178 0.53389946
v 0.19350000 -0.22111480 0.53626349
v 0.19350000 -0.20089748 0.51666094
v 0.19350000 -0.19905050 0.51902497
v -0.24700000 0.00850000 0.42500000
v -0.24700000 0.00850000 0.44500000
v -0.24700000 0.01550000 0.42500000
v -0.24700000 0.01550000 0.44500000
v -0.22300000 0.00850000 0.42500000
v -0.22300000 0.00850000 0.44500000
v -0.22300000 0.01550000 0.42500000
v -0.22300000 0.01550000 0.44500000
v -0.24400000 0.01150000 0.44200000
v -0.24400000 0.01150000 0.47800000
v -0.24400000 0.01650000 0.44200000
v -0.24400000 0.01650000 0.47800000
v -0.22600000 0.01150000 0.44200000
v -0.22600000 0.01150000 0.47800000
v -0.22600000 0.01650000 0.44200000
v -0.22600000 0.01650000 0.47800000
v 0.22300000 0.00850000 0.42500000
v 0.22300000 0.00850000 0.44500000
v 0.22300000 0.01550000 0.42500000
v 0.22300000 0.01550000 0.44500000
v 0.24700000 0.00850000 0.42500000
v 0.24700000 0.00850000 0.44500000
v 0.24700000 0.01550000 0.42500000
v 0.24700000 0.01550000 0.44500000
v 0.22600000 0.01150000 0.44200000
v 0.22600000 0.01150000 0.47800000
v 0.22600000 0.01650000 0.44200000
v 0.22600000 0.01650000 0.47800000
v 0.24400000 0.01150000 0.44200000
v 0.24400000 0.01150000 0.47800000
v 0.24400000 0.01650000 0.44200000
v 0.24400000 0.01650000 0.47800000
v -0.15200000 -0.51800000 0.46800000
v -0.15200000 -0.51800000 0.47600000
v -0.15200000 -0.30600000 0.46800000
v -0.15200000 -0.30600000 0.47600000
v 0.15200000 -0.51800000 0.46800000
v 0.15200000 -0.51800000 0.47600000
v 0.15200000 -0.30600000 0.46800000
v 0.15200000 -0.30600000 0.47600000
v -0.15200000 -0.31485317 0.47507295
v -0.15200000 -0.37603853 0.66338214
v -0.15200000 -0.30914683 0.47692705
v -0.15200000 -0.37033220 0.66523624
v 0.15200000 -0.31485317 0.47507295
v 0.15200000 -0.37603853 0.66338214
v 0.15200000 -0.30914683 0.47692705
v 0.15200000 -0.37033220 0.66523624
f 2 4 1
f 5 2 1
f 1 4 3
f 3 5 1
f 2 8 4
f 6 2 5
f 6 8 2
f 4 8 3
f 7 5 3
f 3 8 7
f 7 6 5
f 8 6 7
f 10 12 9
f 13 10 9
f 9 12 11
f 11 13 9
f 10 16 12
f 14 10 13
f 14 16 10
f 12 16 11
f 15 13 11
f 11 16 15
f 15 14 13
f 16 14 15
f 18 20 17
f 21 18 17
f 17 20 19
f 19 21 17
f 18 24 20
f 22 18 21
f 22 24 18
f 20 24 19
f 23 21 19
f 19 24 23
f 23 22 21
f 24 22 23
f 26 28 25
f 29 26 25
f 25 28 27
f 27 29 25
f 26 32 28
f 30 26 29
f 30 32 26
f 28 32 27
f 31 29 27
f 27 32 31
f 31 30 29
f 32 30 31
f 34 36 33
f 37 34 33
f 33 36 35
f 35 37 33
f 34 40 36
f 38 34 37
f 38 40 34
f 36 40 35
f 39 37 35
f 35 40 39
f 39 38 37
f 40 38 39
f 42 44 41
f 45 42 41
f 41 44 43
f 43 45 41
f 42 48 44
f 46 42 45
f 46 48 42
f 44 48 43
f 47 45 43
f 43 48 47
f 47 46 45
f 48 46 47
f 50 52 49
f 53 50 49
f 49 52 51
f 51 53 49
f 50 56 52
f 54 50 53
f 54 56 50
f 52 56 51
f 55 53 51
f 51 56 55
f 55 54 53
f 56 54 55
f 58 60 57
f 61 58 57
f 57 60 59
f 59 61 57
f 58 64 60
f 62 58 61
f 62 64 58
f 60 64 59
f 63 61 59
f 59 64 63
f 63 62 61
f 64 62 63
f 66 68 65
f 69 66 65
f 65 68 67
f 67 69 65
f 66 72 68
f 70 66 69
f 70 72 66
f 68 72 67
f 71 69 67
f 67 72 71
f 71 70 69
f 72 70 71
f 74 76 73
f 77 74 73
f 73 76 75
f 75 77 73
f 74 80 76
f 78 74 77
f 78 80 74
f 76 80 75
f 79 77 75
f 75 80 79
f 79 78 77
f 80 78 79
f 82 84 81
f 85 82 81
f 81 84 83
f 83 85 81
f 82 88 84
f 86 82 85
f 86 88 82
f 84 88 83
f 87 85 83
f 83 88 87
f 87 86 85
f 88 86 87
f 90 92 89
f 93 90 89
f 89 92 91
f 91 93 89
f 90 96 92
f 94 90 93
f 94 96 90
f 92 96 91
f 95 93 91
f 91 96 95
f 95 94 93
f 96 94 95
f 98 100 97
f 101 98 97
f 97 100 99
f 99 101 97
f 98 104 100
f 102 98 101
f 102 104 98
f 100 104 99
f 103 101 99
f 99 104 103
f 103 102 101
f 104 102 103
f 106 108 105
f 109 106 105
f 105 108 107
f 107 109 105
f 106 112 108
f 110 106 109
f 110 112 106
f 108 112 107
f 111 109 107
f 107 112 111
f 111 110 109
f 112 110 111
f 114 116 113
f 117 114 113
f 113 116 115
f 115 117 113
f 114 120 116
f 118 114 117
f 118 120 114
f 116 120 115
f 119 117 115
f 115 120 119
f 119 118 117
f 120 118 119
f 122 124 121
f 125 122 121
f 121 124 123
f 123 125 121
f 122 128 124
f 126 122 125
f 126 128 122
f 124 128 123
f 127 125 123
f 123 128 127
f 127 126 125
f 128 126 127
f 130 132 129
f 133 130 129
f 129 132 131
f 131 133 129
f 130 136 132
f 134 130 133
f 134 136 130
f 132 136 131
f 135 133 131
f 131 136 135
f 135 134 133
f 136 134 135
f 138 137 141
f 138 141 139
f 139 141 142
f 139 142 140
f 141 137 143
f 141 143 142
f 142 143 144
f 142 144 140
f 143 137 145
f 143 145 144
f 144 145 146
f 144 146 140
f 145 137 147
f 145 147 146
f 146 147 148
f 146 148 140
f 147 137 149
f 147 149 148
f 148 149 150
f 148 150 140
f 149 137 151
f 149 151 150
f 150 151 152
f 150 152 140
f 151 137 153
f 151 153 152
f 152 153 154
f 152 154 140
f 153 137 155
f 153 155 154
f 154 155 156
f 154 156 140
f 155 137 157
f 155 157 156
f 156 157 158
f 156 158 140
f 157 137 159
f 157 159 158
f 158 159 160
f 158 160 140
f 159 137 161
f 159 161 160
f 160 161 162
f 160 162 140
f 161 137 163
f 161 163 162
f 162 163 164
f 162 164 140
f 163 137 165
f 163 165 164
f 164 165 166
f 164 166 140
f 165 137 167
f 165 167 166
f 166 167 168
f 166 168 140
f 167 137 169
f 167 169 168
f 168 169 170
f 168 170 140
f 169 137 171
f 169 171 170
f 170 171 172
f 170 172 140
f 171 137 173
f 171 173 172
f 172 173 174
f 172 174 140
f 173 137 175
f 173 175 174
f 174 175 176
f 174 176 140
f 175 137 177
f 175 177 176
f 176 177 178
f 176 178 140
f 177 137 179
f 177 179 178
f 178 179 180
f 178 180 140
f 179 137 181
f 179 181 180
f 180 181 182
f 180 182 140
f 181 137 183
f 181 183 182
f 182 183 184
f 182 184 140
f 183 137 185
f 183 185 184
f 184 185 186
f 184 186 140
f 185 137 187
f 185 187 186
f 186 187 188
f 186 188 140
f 187 137 189
f 187 189 188
f 188 189 190
f 188 190 140
f 189 137 191
f 189 191 190
f 190 191 192
f 190 192 140
f 191 137 193
f 191 193 192
f 192 193 194
f 192 194 140
f 193 137 195
f 193 195 194
f 194 195 196
f 194 196 140
f 195 137 197
f 195 197 196
f 196 197 198
f 196 198 140
f 197 137 199
f 197 199 198
f 198 199 200
f 198 200 140
f 199 137 201
f 199 201 200
f 200 201 202
f 200 202 140
f 201 137 138
f 201 138 202
f 202 138 139
f 202 139 140
f 204 203 207
f 204 207 205
f 205 207 208
f 205 208 206
f 207 203 209
f 207 209 208
f 208 209 210
f 208 210 206
f 209 203 211
f 209 211 210
f 210 211 212
f 210 212 206
f 211 203 213
f 211 213 212
f 212 213 214
f 212 214 206
f 213 203 215
f 213 215 214
f 214 215 216
f 214 216 206
f 215 203 217
f 215 217 216
f 216 217 218
f 216 218 206
f 217 203 219
f 217 219 218
f 218 219 220
f 218 220 206
f 219 203 221
f 219 221 220
f 220 221 222
f 220 222 206
f 221 203 223
f 221 223 222
f 222 223 224
f 222 224 206
f 223 203 225
f 223 225 224
f 224 225 226
f 224 226 206
f 225 203 227
f 225 227 226
f 226 227 228
f 226 228 206
f 227 203 229
f 227 229 228
f 228 229 230
f 228 230 206
f 229 203 231
f 229 231 230
f 230 231 232
f 230 232 206
f 231 203 233
f 231 233 232
f 232 233 234
f 232 234 206
f 233 203 235
f 233 235 234
f 234 235 236
f 234 236 206
f 235 203 237
f 235 237 236
f 236 237 238
f 236 238 206
f 237 203 239
f 237 239 238
f 238 239 240
f 238 240 206
f 239 203 241
f 239 241 240
f 240 241 242
f 240 242 206
f 241 203 243
f 241 243 242
f 242 243 244
f 242 244 206
f 243 203 245
f 243 245 244
f 244 245 246
f 244 246 206
f 245 203 247
f 245 247 246
f 246 247 248
f 246 248 206
f 247 203 249
f 247 249 248
f 248 249 250
f 248 250 206
f 249 203 251
f 249 251 250
f 250 251 252
f 250 252 206
f 251 203 253
f 251 253 252
f 252 253 254
f 252 254 206
f 253 203 255
f 253 255 254
f 254 255 256
f 254 256 206
f 255 203 257
f 255 257 256
f 256 257 258
f 256 258 206
f 257 203 259
f 257 259 258
f 258 259 260
f 258 260 206
f 259 203 261
f 259 261 260
f 260 261 262
f 260 262 206
f 261 203 263
f 261 263 262
f 262 263 264
f 262 264 206
f 263 203 265
f 263 265 264
f 264 265 266
f 264 266 206
f 265 203 267
f 265 267 266
f 266 267 268
f 266 268 206
f 267 203 204
f 267 204 268
f 268 204 205
f 268 205 206
f 270 269 273
f 270 273 271
f 271 273 274
f 271 274 272
f 273 269 275
f 273 275 274
f 274 275 276
f 274 276 272
f 275 269 277
f 275 277 276
f 276 277 278
f 276 278 272
f 277 269 279
f 277 279 278
f 278 279 280
f 278 280 272
f 279 269 281
f 279 281 280
f 280 281 282
f 280 282 272
f 281 269 283
f 281 283 282
f 282 283 284
f 282 284 272
f 283 269 285
f 283 285 284
f 284 285 286
f 284 286 272
f 285 269 287
f 285 287 286
f 286 287 288
f 286 288 272
f 287 269 289
f 287 289 288
f 288 289 290
f 288 290 272
f 289 269 291
f 289 291 290
f 290 291 292
f 290 292 272
f 291 269 293
f 291 293 292
f 292 293 294
f 292 294 272
f 293 269 295
f 293 295 294
f 294 295 296
f 294 296 272
f 295 269 297
f 295 297 296
f 296 297 298
f 296 298 272
f 297 269 299
f 297 299 298
f 298 299 300
f 298 300 272
f 299 269 301
f 299 301 300
f 300 301 302
f 300 302 272
f 301 269 303
f 301 303 302
f 302 303 304
f 302 304 272
f 303 269 305
f 303 305 304
f 304 305 306
f 304 306 272
f 305 269 307
f 305 307 306
f 306 307 308
f 306 308 272
f 307 269 309
f 307 309 308
f 308 309 310
f 308 310 272
f 309 269 311
f 309 311 310
f 310 311 312
f 310 312 272
f 311 269 313
f 311 313 312
f 312 313 314
f 312 314 272
f 313 269 315
f 313 315 314
f 314 315 316
f 314 316 272
f 315 269 317
f 315 317 316
f 316 317 318
f 316 318 272
f 317 269 319
f 317 319 318
f 318 319 320
f 318 320 272
f 319 269 321
f 319 321 320
f 320 321 322
f 320 322 272
f 321 269 323
f 321 323 322
f 322 323 324
f 322 324 272
f 323 269 325
f 323 325 324
f 324 325 326
f 324 326 272
f 325 269 327
f 325 327 326
f 326 327 328
f 326 328 272
f 327 269 329
f 327 329 328
f 328 329 330
f 328 330 272
f 329 269 331
f 329 331 330
f 330 331 332
f 330 332 272
f 331 269 333
f 331 333 332
f 332 333 334
f 332 334 272
f 333 269 270
f 333 270 334
f 334 270 271
f 334 271 272
f 336 335 339
f 336 339 337
f 337 339 340
f 337 340 338
f 339 335 341
f 339 341 340
f 340 341 342
f 340 342 338
f 341 335 343
f 341 343 342
f 342 343 344
f 342 344 338
f 343 335 345
f 343 345 344
f 344 345 346
f 344 346 338
f 345 335 347
f 345 347 346
f 346 347 348
f 346 348 338
f 347 335 349
f 347 349 348
f 348 349 350
f 348 350 338
f 349 335 351
f 349 351 350
f 350 351 352
f 350 352 338
f 351 335 353
f 351 353 352
f 352 353 354
f 352 354 338
f 353 335 355
f 353 355 354
f 354 355 356
f 354 356 338
f 355 335 357
f 355 357 356
f 356 357 358
f 356 358 338
f 357 335 359
f 357 359 358
f 358 359 360
f 358 360 338
f 359 335 361
f 359 361 360
f 360 361 362
f 360 362 338
f 361 335 363
f 361 363 362
f 362 363 364
f 362 364 338
f 363 335 365
f 363 365 364
f 364 365 366
f 364 366 338
f 365 335 367
f 365 367 366
f 366 367 368
f 366 368 338
f 367 335 369
f 367 369 368
f 368 369 370
f 368 370 338
f 369 335 371
f 369 371 370
f 370 371 372
f 370 372 338
f 371 335 373
f 371 373 372
f 372 373 374
f 372 374 338
f 373 335 375
f 373 375 374
f 374 375 376
f 374 376 338
f 375 335 377
f 375 377 376
f 376 377 378
f 376 378 338
f 377 335 379
f 377 379 378
f 378 379 380
f 378 380 338
f 379 335 381
f 379 381 380
f 380 381 382
f 380 382 338
f 381 335 383
f 381 383 382
f 382 383 384
f 382 384 338
f 383 335 385
f 383 385 384
f 384 385 386
f 384 386 338
f 385 335 387
f 385 387 386
f 386 387 388
f 386 388 338
f 387 335 389
f 387 389 388
f 388 389 390
f 388 390 338
f 389 335 391
f 389 391 390
f 390 391 392
f 390 392 338
f 391 335 393
f 391 393 392
f 392 393 394
f 392 394 338
f 393 335 395
f 393 395 394
f 394 395 396
f 394 396 338
f 395 335 397
f 395 397 396
f 396 397 398
f 396 398 338
f 397 335 399
f 397 399 398
f 398 399 400
f 398 400 338
f 399 335 336
f 399 336 400
f 400 336 337
f 400 337 338
f 402 401 405
f 402 405 403
f 403 405 406
f 403 406 404
f 405 401 407
f 405 407 406
f 406 407 408
f 406 408 404
f 407 401 409
f 407 409 408
f 408 409 410
f 408 410 404
f 409 401 411
f 409 411 410
f 410 411 412
f 410 412 404
f 411 401 413
f 411 413 412
f 412 413 414
f 412 414 404
f 413 401 415
f 413 415 414
f 414 415 416
f 414 416 404
f 415 401 417
f 415 417 416
f 416 417 418
f 416 418 404
f 417 401 419
f 417 419 418
f 418 419 420
f 418 420 404
f 419 401 421
f 419 421 420
f 420 421 422
f 420 422 404
f 421 401 423
f 421 423 422
f 422 423 424
f 422 424 404
f 423 401 425
f 423 425 424
f 424 425 426
f 424 426 404
f 425 401 427
f 425 427 426
f 426 427 428
f 426 428 404
f 427 401 429
f 427 429 428
f 428 429 430
f 428 430 404
f 429 401 431
f 429 431 430
f 430 431 432
f 430 432 404
f 431 401 433
f 431 433 432
f 432 433 434
f 432 434 404
f 433 401 435
f 433 435 434
f 434 435 436
f 434 436 404
f 435 401 437
f 435 437 436
f 436 437 438
f 436 438 404
f 437 401 439
f 437 439 438
f 438 439 440
f 438 440 404
f 439 401 441
f 439 441 440
f 440 441 442
f 440 442 404
f 441 401 443
f 441 443 442
f 442 443 444
f 442 444 404
f 443 401 445
f 443 445 444
f 444 445 446
f 444 446 404
f 445 401 447
f 445 447 446
f 446 447 448
f 446 448 404
f 447 401 449
f 447 449 448
f 448 449 450
f 448 450 404
f 449 401 451
f 449 451 450
f 450 451 452
f 450 452 404
f 451 401 453
f 451 453 452
f 452 453 454
f 452 454 404
f 453 401 455
f 453 455 454
f 454 455 456
f 454 456 404
f 455 401 457
f 455 457 456
f 456 457 458
f 456 458 404
f 457 401 459
f 457 459 458
f 458 459 460
f 458 460 404
f 459 401 461
f 459 461 460
f 460 461 462
f 460 462 404
f 461 401 463
f 461 463 462
f 462 463 464
f 462 464 404
f 463 401 465
f 463 465 464
f 464 465 466
f 464 466 404
f 465 401 402
f 465 402 466
f 466 402 403
f 466 403 404
f 468 467 471
f 468 471 469
f 469 471 472
f 469 472 470
f 471 467 473
f 471 473 472
f 472 473 474
f 472 474 470
f 473 467 475
f 473 475 474
f 474 475 476
f 474 476 470
f 475 467 477
f 475 477 476
f 476 477 478
f 476 478 470
f 477 467 479
f 477 479 478
f 478 479 480
f 478 480 470
f 479 467 481
f 479 481 480
f 480 481 482
f 480 482 470
f 481 467 483
f 481 483 482
f 482 483 484
f 482 484 470
f 483 467 485
f 483 485 484
f 484 485 486
f 484 486 470
f 485 467 487
f 485 487 486
f 486 487 488
f 486 488 470
f 487 467 489
f 487 489 488
f 488 489 490
f 488 490 470
f 489 467 491
f 489 491 490
f 490 491 492
f 490 492 470
f 491 467 493
f 491 493 492
f 492 493 494
f 492 494 470
f 493 467 495
f 493 495 494
f 494 495 496
f 494 496 470
f 495 467 497
f 495 497 496
f 496 497 498
f 496 498 470
f 497 467 499
f 497 499 498
f 498 499 500
f 498 500 470
f 499 467 501
f 499 501 500
f 500 501 502
f 500 502 470
f 501 467 503
f 501 503 502
f 502 503 504
f 502 504 470
f 503 467 505
f 503 505 504
f 504 505 506
f 504 506 470
f 505 467 507
f 505 507 506
f 506 507 508
f 506 508 470
f 507 467 509
f 507 509 508
f 508 509 510
f 508 510 470
f 509 467 511
f 509 511 510
f 510 511 512
f 510 512 470
f 511 467 513
f 511 513 512
f 512 513 514
f 512 514 470
f 513 467 515
f 513 515 514
f 514 515 516
f 514 516 470
f 515 467 517
f 515 517 516
f 516 517 518
f 516 518 470
f 517 467 519
f 517 519 518
f 518 519 520
f 518 520 470
f 519 467 521
f 519 521 520
f 520 521 522
f 520 522 470
f 521 467 523
f 521 523 522
f 522 523 524
f 522 524 470
f 523 467 525
f 523 525 524
f 524 525 526
f 524 526 470
f 525 467 527
f 525 527 526
f 526 527 528
f 526 528 470
f 527 467 529
f 527 529 528
f 528 529 530
f 528 530 470
f 529 467 531
f 529 531 530
f 530 531 532
f 530 532 470
f 531 467 468
f 531 468 532
f 532 468 469
f 532 469 470
f 534 533 537
f 534 537 535
f 535 537 538
f 535 538 536
f 537 533 539
f 537 539 538
f 538 539 540
f 538 540 536
f 539 533 541
f 539 541 540
f 540 541 542
f 540 542 536
f 541 533 543
f 541 543 542
f 542 543 544
f 542 544 536
f 543 533 545
f 543 545 544
f 544 545 546
f 544 546 536
f 545 533 547
f 545 547 546
f 546 547 548
f 546 548 536
f 547 533 549
f 547 549 548
f 548 549 550
f 548 550 536
f 549 533 551
f 549 551 550
f 550 551 552
f 550 552 536
f 551 533 553
f 551 553 552
f 552 553 554
f 552 554 536
f 553 533 555
f 553 555 554
f 554 555 556
f 554 556 536
f 555 533 557
f 555 557 556
f 556 557 558
f 556 558 536
f 557 533 559
f 557 559 558
f 558 559 560
f 558 560 536
f 559 533 561
f 559 561 560
f 560 561 562
f 560 562 536
f 561 533 563
f 561 563 562
f 562 563 564
f 562 564 536
f 563 533 565
f 563 565 564
f 564 565 566
f 564 566 536
f 565 533 567
f 565 567 566
f 566 567 568
f 566 568 536
f 567 533 569
f 567 569 568
f 568 569 570
f 568 570 536
f 569 533 571
f 569 571 570
f 570 571 572
f 570 572 536
f 571 533 573
f 571 573 572
f 572 573 574
f 572 574 536
f 573 533 575
f 573 575 574
f 574 575 576
f 574 576 536
f 575 533 577
f 575 577 576
f 576 577 578
f 576 578 536
f 577 533 579
f 577 579 578
f 578 579 580
f 578 580 536
f 579 533 581
f 579 581 580
f 580 581 582
f 580 582 536
f 581 533 583
f 581 583 582
f 582 583 584
f 582 584 536
f 583 533 585
f 583 585 584
f 584 585 586
f 584 586 536
f 585 533 587
f 585 587 586
f 586 587 588
f 586 588 536
f 587 533 589
f 587 589 588
f 588 589 590
f 588 590 536
f 589 533 591
f 589 591 590
f 590 591 592
f 590 592 536
f 591 533 593
f 591 593 592
f 592 593 594
f 592 594 536
f 593 533 595
f 593 595 594
f 594 595 596
f 594 596 536
f 595 533 597
f 595 597 596
f 596 597 598
f 596 598 536
f 597 533 534
f 597 534 598
f 598 534 535
f 598 535 536
f 600 599 603
f 600 603 601
f 601 603 604
f 601 604 602
f 603 599 605
f 603 605 604
f 604 605 606
f 604 606 602
f 605 599 607
f 605 607 606
f 606 607 608
f 606 608 602
f 607 599 609
f 607 609 608
f 608 609 610
f 608 610 602
f 609 599 611
f 609 611 610
f 610 611 612
f 610 612 602
f 611 599 613
f 611 613 612
f 612 613 614
f 612 614 602
f 613 599 615
f 613 615 614
f 614 615 616
f 614 616 602
f 615 599 617
f 615 617 616
f 616 617 618
f 616 618 602
f 617 599 619
f 617 619 618
f 618 619 620
f 618 620 602
f 619 599 621
f 619 621 620
f 620 621 622
f 620 622 602
f 621 599 623
f 621 623 622
f 622 623 624
f 622 624 602
f 623 599 625
f 623 625 624
f 624 625 626
f 624 626 602
f 625 599 627
f 625 627 626
f 626 627 628
f 626 628 602
f 627 599 629
f 627 629 628
f 628 629 630
f 628 630 602
f 629 599 631
f 629 631 630
f 630 631 632
f 630 632 602
f 631 599 633
f 631 633 632
f 632 633 634
f 632 634 602
f 633 599 635
f 633 635 634
f 634 635 636
f 634 636 602
f 635 599 637
f 635 637 636
f 636 637 638
f 636 638 602
f 637 599 639
f 637 639 638
f 638 639 640
f 638 640 602
f 639 599 641
f 639 641 640
f 640 641 642
f 640 642 602
f 641 599 643
f 641 643 642
f 642 643 644
f 642 644 602
f 643 599 645
f 643 645 644
f 644 645 646
f 644 646 602
f 645 599 647
f 645 647 646
f 646 647 648
f 646 648 602
f 647 599 649
f 647 649 648
f 648 649 650
f 648 650 602
f 649 599 651
f 649 651 650
f 650 651 652
f 650 652 602
f 651 599 653
f 651 653 652
f 652 653 654
f 652 654 602
f 653 599 655
f 653 655 654
f 654 655 656
f 654 656 602
f 655 599 657
f 655 657 656
f 656 657 658
f 656 658 602
f 657 599 659
f 657 659 658
f 658 659 660
f 658 660 602
f 659 599 661
f 659 661 660
f 660 661 662
f 660 662 602
f 661 599 663
f 661 663 662
f 662 663 664
f 662 664 602
f 663 599 600
f 663 600 664
f 664 600 601
f 664 601 602
f 666 665 669
f 666 669 667
f 667 669 670
f 667 670 668
f 669 665 671
f 669 671 670
f 670 671 672
f 670 672 668
f 671 665 673
f 671 673 672
f 672 673 674
f 672 674 668
f 673 665 675
f 673 675 674
f 674 675 676
f 674 676 668
f 675 665 677
f 675 677 676
f 676 677 678
f 676 678 668
f 677 665 679
f 677 679 678
f 678 679 680
f 678 680 668
f 679 665 681
f 679 681 680
f 680 681 682
f 680 682 668
f 681 665 683
f 681 683 682
f 682 683 684
f 682 684 668
f 683 665 685
f 683 685 684
f 684 685 686
f 684 686 668
f 685 665 687
f 685 687 686
f 686 687 688
f 686 688 668
f 687 665 689
f 687 689 688
f 688 689 690
f 688 690 668
f 689 665 691
f 689 691 690
f 690 691 692
f 690 692 668
f 691 665 693
f 691 693 692
f 692 693 694
f 692 694 668
f 693 665 695
f 693 695 694
f 694 695 696
f 694 696 668
f 695 665 697
f 695 697 696
f 696 697 698
f 696 698 668
f 697 665 699
f 697 699 698
f 698 699 700
f 698 700 668
f 699 665 701
f 699 701 700
f 700 701 702
f 700 702 668
f 701 665 703
f 701 703 702
f 702 703 704
f 702 704 668
f 703 665 705
f 703 705 704
f 704 705 706
f 704 706 668
f 705 665 707
f 705 707 706
f 706 707 708
f 706 708 668
f 707 665 709
f 707 709 708
f 708 709 710
f 708 710 668
f 709 665 711
f 709 711 710
f 710 711 712
f 710 712 668
f 711 665 713
f 711 713 712
f 712 713 714
f 712 714 668
f 713 665 715
f 713 715 714
f 714 715 716
f 714 716 668
f 715 665 717
f 715 717 716
f 716 717 718
f 716 718 668
f 717 665 719
f 717 719 718
f 718 719 720
f 718 720 668
f 719 665 721
f 719 721 720
f 720 721 722
f 720 722 668
f 721 665 723
f 721 723 722
f 722 723 724
f 722 724 668
f 723 665 725
f 723 725 724
f 724 725 726
f 724 726 668
f 725 665 727
f 725 727 726
f 726 727 728
f 726 728 668
f 727 665 729
f 727 729 728
f 728 729 730
f 728 730 668
f 729 665 666
f 729 666 730
f 730 666 667
f 730 667 668
f 732 731 735
f 732 735 733
f 733 735 736
f 733 736 734
f 735 731 737
f 735 737 736
f 736 737 738
f 736 738 734
f 737 731 739
f 737 739 738
f 738 739 740
f 738 740 734
f 739 731 741
f 739 741 740
f 740 741 742
f 740 742 734
f 741 731 743
f 741 743 742
f 742 743 744
f 742 744 734
f 743 731 745
f 743 745 744
f 744 745 746
f 744 746 734
f 745 731 747
f 745 747 746
f 746 747 748
f 746 748 734
f 747 731 749
f 747 749 748
f 748 749 750
f 748 750 734
f 749 731 751
f 749 751 750
f 750 751 752
f 750 752 734
f 751 731 753
f 751 753 752
f 752 753 754
f 752 754 734
f 753 731 755
f 753 755 754
f 754 755 756
f 754 756 734
f 755 731 757
f 755 757 756
f 756 757 758
f 756 758 734
f 757 731 759
f 757 759 758
f 758 759 760
f 758 760 734
f 759 731 761
f 759 761 760
f 760 761 762
f 760 762 734
f 761 731 763
f 761 763 762
f 762 763 764
f 762 764 734
f 763 731 765
f 763 765 764
f 764 765 766
f 764 766 734
f 765 731 767
f 765 767 766
f 766 767 768
f 766 768 734
f 767 731 769
f 767 769 768
f 768 769 770
f 768 770 734
f 769 731 771
f 769 771 770
f 770 771 772
f 770 772 734
f 771 731 773
f 771 773 772
f 772 773 774
f 772 774 734
f 773 731 775
f 773 775 774
f 774 775 776
f 774 776 734
f 775 731 777
f 775 777 776
f 776 777 778
f 776 778 734
f 777 731 779
f 777 779 778
f 778 779 780
f 778 780 734
f 779 731 781
f 779 781 780
f 780 781 782
f 780 782 734
f 781 731 783
f 781 783 782
f 782 783 784
f 782 784 734
f 783 731 785
f 783 785 784
f 784 785 786
f 784 786 734
f 785 731 787
f 785 787 786
f 786 787 788
f 786 788 734
f 787 731 789
f 787 789 788
f 788 789 790
f 788 790 734
f 789 731 791
f 789 791 790
f 790 791 792
f 790 792 734
f 791 731 793
f 791 793 792
f 792 793 794
f 792 794 734
f 793 731 795
f 793 795 794
f 794 795 796
f 794 796 734
f 795 731 732
f 795 732 796
f 796 732 733
f 796 733 734
f 798 797 801
f 798 801 799
f 799 801 802
f 799 802 800
f 801 797 803
f 801 803 802
f 802 803 804
f 802 804 800
f 803 797 805
f 803 805 804
f 804 805 806
f 804 806 800
f 805 797 807
f 805 807 806
f 806 807 808
f 806 808 800
f 807 797 809
f 807 809 808
f 808 809 810
f 808 810 800
f 809 797 811
f 809 811 810
f 810 811 812
f 810 812 800
f 811 797 813
f 811 813 812
f 812 813 814
f 812 814 800
f 813 797 815
f 813 815 814
f 814 815 816
f 814 816 800
f 815 797 817
f 815 817 816
f 816 817 818
f 816 818 800
f 817 797 819
f 817 819 818
f 818 819 820
f 818 820 800
f 819 797 821
f 819 821 820
f 820 821 822
f 820 822 800
f 821 797 823
f 821 823 822
f 822 823 824
f 822 824 800
f 823 797 825
f 823 825 824
f 824 825 826
f 824 826 800
f 825 797 827
f 825 827 826
f 826 827 828
f 826 828 800
f 827 797 829
f 827 829 828
f 828 829 830
f 828 830 800
f 829 797 831
f 829 831 830
f 830 831 832
f 830 832 800
f 831 797 833
f 831 833 832
f 832 833 834
f 832 834 800
f 833 797 835
f 833 835 834
f 834 835 836
f 834 836 800
f 835 797 837
f 835 837 836
f 836 837 838
f 836 838 800
f 837 797 839
f 837 839 838
f 838 839 840
f 838 840 800
f 839 797 841
f 839 841 840
f 840 841 842
f 840 842 800
f 841 797 843
f 841 843 842
f 842 843 844
f 842 844 800
f 843 797 845
f 843 845 844
f 844 845 846
f 844 846 800
f 845 797 847
f 845 847 846
f 846 847 848
f 846 848 800
f 847 797 849
f 847 849 848
f 848 849 850
f 848 850 800
f 849 797 851
f 849 851 850
f 850 851 852
f 850 852 800
f 851 797 853
f 851 853 852
f 852 853 854
f 852 854 800
f 853 797 855
f 853 855 854
f 854 855 856
f 854 856 800
f 855 797 857
f 855 857 856
f 856 857 858
f 856 858 800
f 857 797 859
f 857 859 858
f 858 859 860
f 858 860 800
f 859 797 861
f 859 861 860
f 860 861 862
f 860 862 800
f 861 797 798
f 861 798 862
f 862 798 799
f 862 799 800
f 864 863 867
f 864 867 865
f 865 867 868
f 865 868 866
f 867 863 869
f 867 869 868
f 868 869 870
f 868 870 866
f 869 863 871
f 869 871 870
f 870 871 872
f 870 872 866
f 871 863 873
f 871 873 872
f 872 873 874
f 872 874 866
f 873 863 875
f 873 875 874
f 874 875 876
f 874 876 866
f 875 863 877
f 875 877 876
f 876 877 878
f 876 878 866
f 877 863 879
f 877 879 878
f 878 879 880
f 878 880 866
f 879 863 881
f 879 881 880
f 880 881 882
f 880 882 866
f 881 863 883
f 881 883 882
f 882 883 884
f 882 884 866
f 883 863 885
f 883 885 884
f 884 885 886
f 884 886 866
f 885 863 887
f 885 887 886
f 886 887 888
f 886 888 866
f 887 863 889
f 887 889 888
f 888 889 890
f 888 890 866
f 889 863 891
f 889 891 890
f 890 891 892
f 890 892 866
f 891 863 893
f 891 893 892
f 892 893 894
f 892 894 866
f 893 863 895
f 893 895 894
f 894 895 896
f 894 896 866
f 895 863 897
f 895 897 896
f 896 897 898
f 896 898 866
f 897 863 899
f 897 899 898
f 898 899 900
f 898 900 866
f 899 863 901
f 899 901 900
f 900 901 902
f 900 902 866
f 901 863 903
f 901 903 902
f 902 903 904
f 902 904 866
f 903 863 905
f 903 905 904
f 904 905 906
f 904 906 866
f 905 863 907
f 905 907 906
f 906 907 908
f 906 908 866
f 907 863 909
f 907 909 908
f 908 909 910
f 908 910 866
f 909 863 911
f 909 911 910
f 910 911 912
f 910 912 866
f 911 863 913
f 911 913 912
f 912 913 914
f 912 914 866
f 913 863 915
f 913 915 914
f 914 915 916
f 914 916 866
f 915 863 917
f 915 917 916
f 916 917 918
f 916 918 866
f 917 863 919
f 917 919 918
f 918 919 920
f 918 920 866
f 919 863 921
f 919 921 920
f 920 921 922
f 920 922 866
f 921 863 923
f 921 923 922
f 922 923 924
f 922 924 866
f 923 863 925
f 923 925 924
f 924 925 926
f 924 926 866
f 925 863 927
f 925 927 926
f 926 927 928
f 926 928 866
f 927 863 864
f 927 864 928
f 928 864 865
f 928 865 866
f 930 929 933
f 930 933 931
f 931 933 934
f 931 934 932
f 933 929 935
f 933 935 934
f 934 935 936
f 934 936 932
f 935 929 937
f 935 937 936
f 936 937 938
f 936 938 932
f 937 929 939
f 937 939 938
f 938 939 940
f 938 940 932
f 939 929 941
f 939 941 940
f 940 941 942
f 940 942 932
f 941 929 943
f 941 943 942
f 942 943 944
f 942 944 932
f 943 929 945
f 943 945 944
f 944 945 946
f 944 946 932
f 945 929 947
f 945 947 946
f 946 947 948
f 946 948 932
f 947 929 949
f 947 949 948
f 948 949 950
f 948 950 932
f 949 929 951
f 949 951 950
f 950 951 952
f 950 952 932
f 951 929 953
f 951 953 952
f 952 953 954
f 952 954 932
f 953 929 955
f 953 955 954
f 954 955 956
f 954 956 932
f 955 929 957
f 955 957 956
f 956 957 958
f 956 958 932
f 957 929 959
f 957 959 958
f 958 959 960
f 958 960 932
f 959 929 961
f 959 961 960
f 960 961 962
f 960 962 932
f 961 929 963
f 961 963 962
f 962 963 964
f 962 964 932
f 963 929 965
f 963 965 964
f 964 965 966
f 964 966 932
f 965 929 967
f 965 967 966
f 966 967 968
f 966 968 932
f 967 929 969
f 967 969 968
f 968 969 970
f 968 970 932
f 969 929 971
f 969 971 970
f 970 971 972
f 970 972 932
f 971 929 973
f 971 973 972
f 972 973 974
f 972 974 932
f 973 929 975
f 973 975 974
f 974 975 976
f 974 976 932
f 975 929 977
f 975 977 976
f 976 977 978
f 976 978 932
f 977 929 979
f 977 979 978
f 978 979 980
f 978 980 932
f 979 929 981
f 979 981 980
f 980 981 982
f 980 982 932
f 981 929 983
f 981 983 982
f 982 983 984
f 982 984 932
f 983 929 985
f 983 985 984
f 984 985 986
f 984 986 932
f 985 929 987
f 985 987 986
f 986 987 988
f 986 988 932
f 987 929 989
f 987 989 988
f 988 989 990
f 988 990 932
f 989 929 991
f 989 991 990
f 990 991 992
f 990 992 932
f 991 929 993
f 991 993 992
f 992 993 994
f 992 994 932
f 993 929 930
f 993 930 994
f 994 930 931
f 994 931 932
f 996 995 999
f 996 999 997
f 997 999 1000
f 997 1000 998
f 999 995 1001
f 999 1001 1000
f 1000 1001 1002
f 1000 1002 998
f 1001 995 1003
f 1001 1003 1002
f 1002 1003 1004
f 1002 1004 998
f 1003 995 1005
f 1003 1005 1004
f 1004 1005 1006
f 1004 1006 998
f 1005 995 1007
f 1005 1007 1006
f 1006 1007 1008
f 1006 1008 998
f 1007 995 1009
f 1007 1009 1008
f 1008 1009 1010
f 1008 1010 998
f 1009 995 1011
f 1009 1011 1010
f 1010 1011 1012
f 1010 1012 998
f 1011 995 1013
f 1011 1013 1012
f 1012 1013 1014
f 1012 1014 998
f 1013 995 1015
f 1013 1015 1014
f 1014 1015 1016
f 1014 1016 998
f 1015 995 1017
f 1015 1017 1016
f 1016 1017 1018
f 1016 1018 998
f 1017 995 1019
f 1017 1019 1018
f 1018 1019 1020
f 1018 1020 998
f 1019 995 1021
f 1019 1021 1020
f 1020 1021 1022
f 1020 1022 998
f 1021 995 1023
f 1021 1023 1022
f 1022 1023 1024
f 1022 1024 998
f 1023 995 1025
f 1023 1025 1024
f 1024 1025 1026
f 1024 1026 998
f 1025 995 1027
f 1025 1027 1026
f 1026 1027 1028
f 1026 1028 998
f 1027 995 1029
f 1027 1029 1028
f 1028 1029 1030
f 1028 1030 998
f 1029 995 1031
f 1029 1031 1030
f 1030 1031 1032
f 1030 1032 998
f 1031 995 1033
f 1031 1033 1032
f 1032 1033 1034
f 1032 1034 998
f 1033 995 1035
f 1033 1035 1034
f 1034 1035 1036
f 1034 1036 998
f 1035 995 1037
f 1035 1037 1036
f 1036 1037 1038
f 1036 1038 998
f 1037 995 1039
f 1037 1039 1038
f 1038 1039 1040
f 1038 1040 998
f 1039 995 1041
f 1039 1041 1040
f 1040 1041 1042
f 1040 1042 998
f 1041 995 1043
f 1041 1043 1042
f 1042 1043 1044
f 1042 1044 998
f 1043 995 1045
f 1043 1045 1044
f 1044 1045 1046
f 1044 1046 998
f 1045 995 1047
f 1045 1047 1046
f 1046 1047 1048
f 1046 1048 998
f 1047 995 1049
f 1047 1049 1048
f 1048 1049 1050
f 1048 1050 998
f 1049 995 1051
f 1049 1051 1050
f 1050 1051 1052
f 1050 1052 998
f 1051 995 1053
f 1051 1053 1052
f 1052 1053 1054
f 1052 1054 998
f 1053 995 1055
f 1053 1055 1054
f 1054 1055 1056
f 1054 1056 998
f 1055 995 1057
f 1055 1057 1056
f 1056 1057 1058
f 1056 1058 998
f 1057 995 1059
f 1057 1059 1058
f 1058 1059 1060
f 1058 1060 998
f 1059 995 996
f 1059 996 1060
f 1060 996 997
f 1060 997 998
f 1062 1061 1065
f 1062 1065 1063
f 1063 1065 1066
f 1063 1066 1064
f 1065 1061 1067
f 1065 1067 1066
f 1066 1067 1068
f 1066 1068 1064
f 1067 1061 1069
f 1067 1069 1068
f 1068 1069 1070
f 1068 1070 1064
f 1069 1061 1071
f 1069 1071 1070
f 1070 1071 1072
f 1070 1072 1064
f 1071 1061 1073
f 1071 1073 1072
f 1072 1073 1074
f 1072 1074 1064
f 1073 1061 1075
f 1073 1075 1074
f 1074 1075 1076
f 1074 1076 1064
f 1075 1061 1077
f 1075 1077 1076
f 1076 1077 1078
f 1076 1078 1064
f 1077 1061 1079
f 1077 1079 1078
f 1078 1079 1080
f 1078 1080 1064
f 1079 1061 1081
f 1079 1081 1080
f 1080 1081 1082
f 1080 1082 1064
f 1081 1061 1083
f 1081 1083 1082
f 1082 1083 1084
f 1082 1084 1064
f 1083 1061 1085
f 1083 1085 1084
f 1084 1085 1086
f 1084 1086 1064
f 1085 1061 1087
f 1085 1087 1086
f 1086 1087 1088
f 1086 1088 1064
f 1087 1061 1089
f 1087 1089 1088
f 1088 1089 1090
f 1088 1090 1064
f 1089 1061 1091
f 1089 1091 1090
f 1090 1091 1092
f 1090 1092 1064
f 1091 1061 1093
f 1091 1093 1092
f 1092 1093 1094
f 1092 1094 1064
f 1093 1061 1095
f 1093 1095 1094
f 1094 1095 1096
f 1094 1096 1064
f 1095 1061 1097
f 1095 1097 1096
f 1096 1097 1098
f 1096 1098 1064
f 1097 1061 1099
f 1097 1099 1098
f 1098 1099 1100
f 1098 1100 1064
f 1099 1061 1101
f 1099 1101 1100
f 1100 1101 1102
f 1100 1102 1064
f 1101 1061 1103
f 1101 1103 1102
f 1102 1103 1104
f 1102 1104 1064
f 1103 1061 1105
f 1103 1105 1104
f 1104 1105 1106
f 1104 1106 1064
f 1105 1061 1107
f 1105 1107 1106
f 1106 1107 1108
f 1106 1108 1064
f 1107 1061 1109
f 1107 1109 1108
f 1108 1109 1110
f 1108 1110 1064
f 1109 1061 1111
f 1109 1111 1110
f 1110 1111 1112
f 1110 1112 1064
f 1111 1061 1113
f 1111 1113 1112
f 1112 1113 1114
f 1112 1114 1064
f 1113 1061 1115
f 1113 1115 1114
f 1114 1115 1116
f 1114 1116 1064
f 1115 1061 1117
f 1115 1117 1116
f 1116 1117 1118
f 1116 1118 1064
f 1117 1061 1119
f 1117 1119 1118
f 1118 1119 1120
f 1118 1120 1064
f 1119 1061 1121
f 1119 1121 1120
f 1120 1121 1122
f 1120 1122 1064
f 1121 1061 1123
f 1121 1123 1122
f 1122 1123 1124
f 1122 1124 1064
f 1123 1061 1125
f 1123 1125 1124
f 1124 1125 1126
f 1124 1126 1064
f 1125 1061 1062
f 1125 1062 1126
f 1126 1062 1063
f 1126 1063 1064
f 1128 1127 1131
f 1128 1131 1129
f 1129 1131 1132
f 1129 1132 1130
f 1131 1127 1133
f 1131 1133 1132
f 1132 1133 1134
f 1132 1134 1130
f 1133 1127 1135
f 1133 1135 1134
f 1134 1135 1136
f 1134 1136 1130
f 1135 1127 1137
f 1135 1137 1136
f 1136 1137 1138
f 1136 1138 1130
f 1137 1127 1139
f 1137 1139 1138
f 1138 1139 1140
f 1138 1140 1130
f 1139 1127 1141
f 1139 1141 1140
f 1140 1141 1142
f 1140 1142 1130
f 1141 1127 1143
f 1141 1143 1142
f 1142 1143 1144
f 1142 1144 1130
f 1143 1127 1145
f 1143 1145 1144
f 1144 1145 1146
f 1144 1146 1130
f 1145 1127 1147
f 1145 1147 1146
f 1146 1147 1148
f 1146 1148 1130
f 1147 1127 1149
f 1147 1149 1148
f 1148 1149 1150
f 1148 1150 1130
f 1149 1127 1151
f 1149 1151 1150
f 1150 1151 1152
f 1150 1152 1130
f 1151 1127 1153
f 1151 1153 1152
f 1152 1153 1154
f 1152 1154 1130
f 1153 1127 1155
f 1153 1155 1154
f 1154 1155 1156
f 1154 1156 1130
f 1155 1127 1157
f 1155 1157 1156
f 1156 1157 1158
f 1156 1158 1130
f 1157 1127 1159
f 1157 1159 1158
f 1158 1159 1160
f 1158 1160 1130
f 1159 1127 1161
f 1159 1161 1160
f 1160 1161 1162
f 1160 1162 1130
f 1161 1127 1163
f 1161 1163 1162
f 1162 1163 1164
f 1162 1164 1130
f 1163 1127 1165
f 1163 1165 1164
f 1164 1165 1166
f 1164 1166 1130
f 1165 1127 1167
f 1165 1167 1166
f 1166 1167 1168
f 1166 1168 1130
f 1167 1127 1169
f 1167 1169 1168
f 1168 1169 1170
f 1168 1170 1130
f 1169 1127 1171
f 1169 1171 1170
f 1170 1171 1172
f 1170 1172 1130
f 1171 1127 1173
f 1171 1173 1172
f 1172 1173 1174
f 1172 1174 1130
f 1173 1127 1175
f 1173 1175 1174
f 1174 1175 1176
f 1174 1176 1130
f 1175 1127 1177
f 1175 1177 1176
f 1176 1177 1178
f 1176 1178 1130
f 1177 1127 1179
f 1177 1179 1178
f 1178 1179 1180
f 1178 1180 1130
f 1179 1127 1181
f 1179 1181 1180
f 1180 1181 1182
f 1180 1182 1130
f 1181 1127 1183
f 1181 1183 1182
f 1182 1183 1184
f 1182 1184 1130
f 1183 1127 1185
f 1183 1185 1184
f 1184 1185 1186
f 1184 1186 1130
f 1185 1127 1187
f 1185 1187 1186
f 1186 1187 1188
f 1186 1188 1130
f 1187 1127 1189
f 1187 1189 1188
f 1188 1189 1190
f 1188 1190 1130
f 1189 1127 1191
f 1189 1191 1190
f 1190 1191 1192
f 1190 1192 1130
f 1191 1127 1128
f 1191 1128 1192
f 1192 1128 1129
f 1192 1129 1130
f 1194 1193 1197
f 1194 1197 1195
f 1195 1197 1198
f 1195 1198 1196
f 1197 1193 1199
f 1197 1199 1198
f 1198 1199 1200
f 1198 1200 1196
f 1199 1193 1201
f 1199 1201 1200
f 1200 1201 1202
f 1200 1202 1196
f 1201 1193 1203
f 1201 1203 1202
f 1202 1203 1204
f 1202 1204 1196
f 1203 1193 1205
f 1203 1205 1204
f 1204 1205 1206
f 1204 1206 1196
f 1205 1193 1207
f 1205 1207 1206
f 1206 1207 1208
f 1206 1208 1196
f 1207 1193 1209
f 1207 1209 1208
f 1208 1209 1210
f 1208 1210 1196
f 1209 1193 1211
f 1209 1211 1210
f 1210 1211 1212
f 1210 1212 1196
f 1211 1193 1213
f 1211 1213 1212
f 1212 1213 1214
f 1212 1214 1196
f 1213 1193 1215
f 1213 1215 1214
f 1214 1215 1216
f 1214 1216 1196
f 1215 1193 1217
f 1215 1217 1216
f 1216 1217 1218
f 1216 1218 1196
f 1217 1193 1219
f 1217 1219 1218
f 1218 1219 1220
f 1218 1220 1196
f 1219 1193 1221
f 1219 1221 1220
f 1220 1221 1222
f 1220 1222 1196
f 1221 1193 1223
f 1221 1223 1222
f 1222 1223 1224
f 1222 1224 1196
f 1223 1193 1225
f 1223 1225 1224
f 1224 1225 1226
f 1224 1226 1196
f 1225 1193 1227
f 1225 1227 1226
f 1226 1227 1228
f 1226 1228 1196
f 1227 1193 1229
f 1227 1229 1228
f 1228 1229 1230
f 1228 1230 1196
f 1229 1193 1231
f 1229 1231 1230
f 1230 1231 1232
f 1230 1232 1196
f 1231 1193 1233
f 1231 1233 1232
f 1232 1233 1234
f 1232 1234 1196
f 1233 1193 1235
f 1233 1235 1234
f 1234 1235 1236
f 1234 1236 1196
f 1235 1193 1237
f 1235 1237 1236
f 1236 1237 1238
f 1236 1238 1196
f 1237 1193 1239
f 1237 1239 1238
f 1238 1239 1240
f 1238 1240 1196
f 1239 1193 1241
f 1239 1241 1240
f 1240 1241 1242
f 1240 1242 1196
f 1241 1193 1243
f 1241 1243 1242
f 1242 1243 1244
f 1242 1244 1196
f 1243 1193 1245
f 1243 1245 1244
f 1244 1245 1246
f 1244 1246 1196
f 1245 1193 1247
f 1245 1247 1246
f 1246 1247 1248
f 1246 1248 1196
f 1247 1193 1249
f 1247 1249 1248
f 1248 1249 1250
f 1248 1250 1196
f 1249 1193 1251
f 1249 1251 1250
f 1250 1251 1252
f 1250 1252 1196
f 1251 1193 1253
f 1251 1253 1252
f 1252 1253 1254
f 1252 1254 1196
f 1253 1193 1255
f 1253 1255 1254
f 1254 1255 1256
f 1254 1256 1196
f 1255 1193 1257
f 1255 1257 1256
f 1256 1257 1258
f 1256 1258 1196
f 1257 1193 1194
f 1257 1194 1258
f 1258 1194 1195
f 1258 1195 1196
f 1260 1259 1263
f 1260 1263 1261
f 1261 1263 1264
f 1261 1264 1262
f 1263 1259 1265
f 1263 1265 1264
f 1264 1265 1266
f 1264 1266 1262
f 1265 1259 1267
f 1265 1267 1266
f 1266 1267 1268
f 1266 1268 1262
f 1267 1259 1269
f 1267 1269 1268
f 1268 1269 1270
f 1268 1270 1262
f 1269 1259 1271
f 1269 1271 1270
f 1270 1271 1272
f 1270 1272 1262
f 1271 1259 1273
f 1271 1273 1272
f 1272 1273 1274
f 1272 1274 1262
f 1273 1259 1275
f 1273 1275 1274
f 1274 1275 1276
f 1274 1276 1262
f 1275 1259 1277
f 1275 1277 1276
f 1276 1277 1278
f 1276 1278 1262
f 1277 1259 1279
f 1277 1279 1278
f 1278 1279 1280
f 1278 1280 1262
f 1279 1259 1281
f 1279 1281 1280
f 1280 1281 1282
f 1280 1282 1262
f 1281 1259 1283
f 1281 1283 1282
f 1282 1283 1284
f 1282 1284 1262
f 1283 1259 1285
f 1283 1285 1284
f 1284 1285 1286
f 1284 1286 1262
f 1285 1259 1287
f 1285 1287 1286
f 1286 1287 1288
f 1286 1288 1262
f 1287 1259 1289
f 1287 1289 1288
f 1288 1289 1290
f 1288 1290 1262
f 1289 1259 1291
f 1289 1291 1290
f 1290 1291 1292
f 1290 1292 1262
f 1291 1259 1293
f 1291 1293 1292
f 1292 1293 1294
f 1292 1294 1262
f 1293 1259 1295
f 1293 1295 1294
f 1294 1295 1296
f 1294 1296 1262
f 1295 1259 1297
f 1295 1297 1296
f 1296 1297 1298
f 1296 1298 1262
f 1297 1259 1299
f 1297 1299 1298
f 1298 1299 1300
f 1298 1300 1262
f 1299 1259 1301
f 1299 1301 1300
f 1300 1301 1302
f 1300 1302 1262
f 1301 1259 1303
f 1301 1303 1302
f 1302 1303 1304
f 1302 1304 1262
f 1303 1259 1305
f 1303 1305 1304
f 1304 1305 1306
f 1304 1306 1262
f 1305 1259 1307
f 1305 1307 1306
f 1306 1307 1308
f 1306 1308 1262
f 1307 1259 1309
f 1307 1309 1308
f 1308 1309 1310
f 1308 1310 1262
f 1309 1259 1311
f 1309 1311 1310
f 1310 1311 1312
f 1310 1312 1262
f 1311 1259 1313
f 1311 1313 1312
f 1312 1313 1314
f 1312 1314 1262
f 1313 1259 1315
f 1313 1315 1314
f 1314 1315 1316
f 1314 1316 1262
f 1315 1259 1317
f 1315 1317 1316
f 1316 1317 1318
f 1316 1318 1262
f 1317 1259 1319
f 1317 1319 1318
f 1318 1319 1320
f 1318 1320 1262
f 1319 1259 1321
f 1319 1321 1320
f 1320 1321 1322
f 1320 1322 1262
f 1321 1259 1323
f 1321 1323 1322
f 1322 1323 1324
f 1322 1324 1262
f 1323 1259 1260
f 1323 1260 1324
f 1324 1260 1261
f 1324 1261 1262
f 1326 1325 1329
f 1326 1329 1327
f 1327 1329 1330
f 1327 1330 1328
f 1329 1325 1331
f 1329 1331 1330
f 1330 1331 1332
f 1330 1332 1328
f 1331 1325 1333
f 1331 1333 1332
f 1332 1333 1334
f 1332 1334 1328
f 1333 1325 1335
f 1333 1335 1334
f 1334 1335 1336
f 1334 1336 1328
f 1335 1325 1337
f 1335 1337 1336
f 1336 1337 1338
f 1336 1338 1328
f 1337 1325 1339
f 1337 1339 1338
f 1338 1339 1340
f 1338 1340 1328
f 1339 1325 1341
f 1339 1341 1340
f 1340 1341 1342
f 1340 1342 1328
f 1341 1325 1343
f 1341 1343 1342
f 1342 1343 1344
f 1342 1344 1328
f 1343 1325 1345
f 1343 1345 1344
f 1344 1345 1346
f 1344 1346 1328
f 1345 1325 1347
f 1345 1347 1346
f 1346 1347 1348
f 1346 1348 1328
f 1347 1325 1349
f 1347 1349 1348
f 1348 1349 1350
f 1348 1350 1328
f 1349 1325 1351
f 1349 1351 1350
f 1350 1351 1352
f 1350 1352 1328
f 1351 1325 1353
f 1351 1353 1352
f 1352 1353 1354
f 1352 1354 1328
f 1353 1325 1355
f 1353 1355 1354
f 1354 1355 1356
f 1354 1356 1328
f 1355 1325 1357
f 1355 1357 1356
f 1356 1357 1358
f 1356 1358 1328
f 1357 1325 1359
f 1357 1359 1358
f 1358 1359 1360
f 1358 1360 1328
f 1359 1325 1361
f 1359 1361 1360
f 1360 1361 1362
f 1360 1362 1328
f 1361 1325 1363
f 1361 1363 1362
f 1362 1363 1364
f 1362 1364 1328
f 1363 1325 1365
f 1363 1365 1364
f 1364 1365 1366
f 1364 1366 1328
f 1365 1325 1367
f 1365 1367 1366
f 1366 1367 1368
f 1366 1368 1328
f 1367 1325 1369
f 1367 1369 1368
f 1368 1369 1370
f 1368 1370 1328
f 1369 1325 1371
f 1369 1371 1370
f 1370 1371 1372
f 1370 1372 1328
f 1371 1325 1373
f 1371 1373 1372
f 1372 1373 1374
f 1372 1374 1328
f 1373 1325 1375
f 1373 1375 1374
f 1374 1375 1376
f 1374 1376 1328
f 1375 1325 1377
f 1375 1377 1376
f 1376 1377 1378
f 1376 1378 1328
f 1377 1325 1379
f 1377 1379 1378
f 1378 1379 1380
f 1378 1380 1328
f 1379 1325 1381
f 1379 1381 1380
f 1380 1381 1382
f 1380 1382 1328
f 1381 1325 1383
f 1381 1383 1382
f 1382 1383 1384
f 1382 1384 1328
f 1383 1325 1385
f 1383 1385 1384
f 1384 1385 1386
f 1384 1386 1328
f 1385 1325 1387
f 1385 1387 1386
f 1386 1387 1388
f 1386 1388 1328
f 1387 1325 1389
f 1387 1389 1388
f 1388 1389 1390
f 1388 1390 1328
f 1389 1325 1326
f 1389 1326 1390
f 1390 1326 1327
f 1390 1327 1328
f 1392 1394 1391
f 1395 1392 1391
f 1391 1394 1393
f 1393 1395 1391
f 1392 1398 1394
f 1396 1392 1395
f 1396 1398 1392
f 1394 1398 1393
f 1397 1395 1393
f 1393 1398 1397
f 1397 1396 1395
f 1398 1396 1397
f 1400 1402 1399
f 1403 1400 1399
f 1399 1402 1401
f 1401 1403 1399
f 1400 1406 1402
f 1404 1400 1403
f 1404 1406 1400
f 1402 1406 1401
f 1405 1403 1401
f 1401 1406 1405
f 1405 1404 1403
f 1406 1404 1405
f 1408 1410 1407
f 1411 1408 1407
f 1407 1410 1409
f 1409 1411 1407
f 1408 1414 1410
f 1412 1408 1411
f 1412 1414 1408
f 1410 1414 1409
f 1413 1411 1409
f 1409 1414 1413
f 1413 1412 1411
f 1414 1412 1413
f 1416 1418 1415
f 1419 1416 1415
f 1415 1418 1417
f 1417 1419 1415
f 1416 1422 1418
f 1420 1416 1419
f 1420 1422 1416
f 1418 1422 1417
f 1421 1419 1417
f 1417 1422 1421
f 1421 1420 1419
f 1422 1420 1421
f 1424 1423 1427
f 1424 1427 1425
f 1425 1427 1428
f 1425 1428 1426
f 1427 1423 1429
f 1427 1429 1428
f 1428 1429 1430
f 1428 1430 1426
f 1429 1423 1431
f 1429 1431 1430
f 1430 1431 1432
f 1430 1432 1426
f 1431 1423 1433
f 1431 1433 1432
f 1432 1433 1434
f 1432 1434 1426
f 1433 1423 1435
f 1433 1435 1434
f 1434 1435 1436
f 1434 1436 1426
f 1435 1423 1437
f 1435 1437 1436
f 1436 1437 1438
f 1436 1438 1426
f 1437 1423 1439
f 1437 1439 1438
f 1438 1439 1440
f 1438 1440 1426
f 1439 1423 1441
f 1439 1441 1440
f 1440 1441 1442
f 1440 1442 1426
f 1441 1423 1443
f 1441 1443 1442
f 1442 1443 1444
f 1442 1444 1426
f 1443 1423 1445
f 1443 1445 1444
f 1444 1445 1446
f 1444 1446 1426
f 1445 1423 1447
f 1445 1447 1446
f 1446 1447 1448
f 1446 1448 1426
f 1447 1423 1449
f 1447 1449 1448
f 1448 1449 1450
f 1448 1450 1426
f 1449 1423 1451
f 1449 1451 1450
f 1450 1451 1452
f 1450 1452 1426
f 1451 1423 1453
f 1451 1453 1452
f 1452 1453 1454
f 1452 1454 1426
f 1453 1423 1455
f 1453 1455 1454
f 1454 1455 1456
f 1454 1456 1426
f 1455 1423 1457
f 1455 1457 1456
f 1456 1457 1458
f 1456 1458 1426
f 1457 1423 1459
f 1457 1459 1458
f 1458 1459 1460
f 1458 1460 1426
f 1459 1423 1461
f 1459 1461 1460
f 1460 1461 1462
f 1460 1462 1426
f 1461 1423 1463
f 1461 1463 1462
f 1462 1463 1464
f 1462 1464 1426
f 1463 1423 1465
f 1463 1465 1464
f 1464 1465 1466
f 1464 1466 1426
f 1465 1423 1467
f 1465 1467 1466
f 1466 1467 1468
f 1466 1468 1426
f 1467 1423 1469
f 1467 1469 1468
f 1468 1469 1470
f 1468 1470 1426
f 1469 1423 1471
f 1469 1471 1470
f 1470 1471 1472
f 1470 1472 1426
f 1471 1423 1473
f 1471 1473 1472
f 1472 1473 1474
f 1472 1474 1426
f 1473 1423 1475
f 1473 1475 1474
f 1474 1475 1476
f 1474 1476 1426
f 1475 1423 1477
f 1475 1477 1476
f 1476 1477 1478
f 1476 1478 1426
f 1477 1423 1479
f 1477 1479 1478
f 1478 1479 1480
f 1478 1480 1426
f 1479 1423 1481
f 1479 1481 1480
f 1480 1481 1482
f 1480 1482 1426
f 1481 1423 1483
f 1481 1483 1482
f 1482 1483 1484
f 1482 1484 1426
f 1483 1423 1485
f 1483 1485 1484
f 1484 1485 1486
f 1484 1486 1426
f 1485 1423 1487
f 1485 1487 1486
f 1486 1487 1488
f 1486 1488 1426
f 1487 1423 1424
f 1487 1424 1488
f 1488 1424 1425
f 1488 1425 1426
f 1490 1492 1489
f 1493 1490 1489
f 1489 1492 1491
f 1491 1493 1489
f 1490 1496 1492
f 1494 1490 1493
f 1494 1496 1490
f 1492 1496 1491
f 1495 1493 1491
f 1491 1496 1495
f 1495 1494 1493
f 1496 1494 1495
f 1498 1500 1497
f 1501 1498 1497
f 1497 1500 1499
f 1499 1501 1497
f 1498 1504 1500
f 1502 1498 1501
f 1502 1504 1498
f 1500 1504 1499
f 1503 1501 1499
f 1499 1504 1503
f 1503 1502 1501
f 1504 1502 1503
f 1506 1508 1505
f 1509 1506 1505
f 1505 1508 1507
f 1507 1509 1505
f 1506 1512 1508
f 1510 1506 1509
f 1510 1512 1506
f 1508 1512 1507
f 1511 1509 1507
f 1507 1512 1511
f 1511 1510 1509
f 1512 1510 1511
f 1514 1516 1513
f 1517 1514 1513
f 1513 1516 1515
f 1515 1517 1513
f 1514 1520 1516
f 1518 1514 1517
f 1518 1520 1514
f 1516 1520 1515
f 1519 1517 1515
f 1515 1520 1519
f 1519 1518 1517
f 1520 1518 1519
f 1522 1521 1525
f 1522 1525 1523
f 1523 1525 1526
f 1523 1526 1524
f 1525 1521 1527
f 1525 1527 1526
f 1526 1527 1528
f 1526 1528 1524
f 1527 1521 1529
f 1527 1529 1528
f 1528 1529 1530
f 1528 1530 1524
f 1529 1521 1531
f 1529 1531 1530
f 1530 1531 1532
f 1530 1532 1524
f 1531 1521 1533
f 1531 1533 1532
f 1532 1533 1534
f 1532 1534 1524
f 1533 1521 1535
f 1533 1535 1534
f 1534 1535 1536
f 1534 1536 1524
f 1535 1521 1537
f 1535 1537 1536
f 1536 1537 1538
f 1536 1538 1524
f 1537 1521 1539
f 1537 1539 1538
f 1538 1539 1540
f 1538 1540 1524
f 1539 1521 1541
f 1539 1541 1540
f 1540 1541 1542
f 1540 1542 1524
f 1541 1521 1543
f 1541 1543 1542
f 1542 1543 1544
f 1542 1544 1524
f 1543 1521 1545
f 1543 1545 1544
f 1544 1545 1546
f 1544 1546 1524
f 1545 1521 1547
f 1545 1547 1546
f 1546 1547 1548
f 1546 1548 1524
f 1547 1521 1549
f 1547 1549 1548
f 1548 1549 1550
f 1548 1550 1524
f 1549 1521 1551
f 1549 1551 1550
f 1550 1551 1552
f 1550 1552 1524
f 1551 1521 1553
f 1551 1553 1552
f 1552 1553 1554
f 1552 1554 1524
f 1553 1521 1555
f 1553 1555 1554
f 1554 1555 1556
f 1554 1556 1524
f 1555 1521 1557
f 1555 1557 1556
f 1556 1557 1558
f 1556 1558 1524
f 1557 1521 1559
f 1557 1559 1558
f 1558 1559 1560
f 1558 1560 1524
f 1559 1521 1561
f 1559 1561 1560
f 1560 1561 1562
f 1560 1562 1524
f 1561 1521 1563
f 1561 1563 1562
f 1562 1563 1564
f 1562 1564 1524
f 1563 1521 1565
f 1563 1565 1564
f 1564 1565 1566
f 1564 1566 1524
f 1565 1521 1567
f 1565 1567 1566
f 1566 1567 1568
f 1566 1568 1524
f 1567 1521 1569
f 1567 1569 1568
f 1568 1569 1570
f 1568 1570 1524
f 1569 1521 1571
f 1569 1571 1570
f 1570 1571 1572
f 1570 1572 1524
f 1571 1521 1573
f 1571 1573 1572
f 1572 1573 1574
f 1572 1574 1524
f 1573 1521 1575
f 1573 1575 1574
f 1574 1575 1576
f 1574 1576 1524
f 1575 1521 1577
f 1575 1577 1576
f 1576 1577 1578
f 1576 1578 1524
f 1577 1521 1579
f 1577 1579 1578
f 1578 1579 1580
f 1578 1580 1524
f 1579 1521 1581
f 1579 1581 1580
f 1580 1581 1582
f 1580 1582 1524
f 1581 1521 1583
f 1581 1583 1582
f 1582 1583 1584
f 1582 1584 1524
f 1583 1521 1585
f 1583 1585 1584
f 1584 1585 1586
f 1584 1586 1524
f 1585 1521 1522
f 1585 1522 1586
f 1586 1522 1523
f 1586 1523 1524
f 1588 1590 1587
f 1591 1588 1587
f 1587 1590 1589
f 1589 1591 1587
f 1588 1594 1590
f 1592 1588 1591
f 1592 1594 1588
f 1590 1594 1589
f 1593 1591 1589
f 1589 1594 1593
f 1593 1592 1591
f 1594 1592 1593
f 1596 1598 1595
f 1599 1596 1595
f 1595 1598 1597
f 1597 1599 1595
f 1596 1602 1598
f 1600 1596 1599
f 1600 1602 1596
f 1598 1602 1597
f 1601 1599 1597
f 1597 1602 1601
f 1601 1600 1599
f 1602 1600 1601
f 1604 1606 1603
f 1607 1604 1603
f 1603 1606 1605
f 1605 1607 1603
f 1604 1610 1606
f 1608 1604 1607
f 1608 1610 1604
f 1606 1610 1605
f 1609 1607 1605
f 1605 1610 1609
f 1609 1608 1607
f 1610 1608 1609
f 1612 1614 1611
f 1615 1612 1611
f 1611 1614 1613
f 1613 1615 1611
f 1612 1618 1614
f 1616 1612 1615
f 1616 1618 1612
f 1614 1618 1613
f 1617 1615 1613
f 1613 1618 1617
f 1617 1616 1615
f 1618 1616 1617
f 1620 1622 1619
f 1623 1620 1619
f 1619 1622 1621
f 1621 1623 1619
f 1620 1626 1622
f 1624 1620 1623
f 1624 1626 1620
f 1622 1626 1621
f 1625 1623 1621
f 1621 1626 1625
f 1625 1624 1623
f 1626 1624 1625
f 1628 1630 1627
f 1631 1628 1627
f 1627 1630 1629
f 1629 1631 1627
f 1628 1634 1630
f 1632 1628 1631
f 1632 1634 1628
f 1630 1634 1629
f 1633 1631 1629
f 1629 1634 1633
f 1633 1632 1631
f 1634 1632 1633
f 1636 1638 1635
f 1639 1636 1635
f 1635 1638 1637
f 1637 1639 1635
f 1636 1642 1638
f 1640 1636 1639
f 1640 1642 1636
f 1638 1642 1637
f 1641 1639 1637
f 1637 1642 1641
f 1641 1640 1639
f 1642 1640 1641
f 1644 1646 1643
f 1647 1644 1643
f 1643 1646 1645
f 1645 1647 1643
f 1644 1650 1646
f 1648 1644 1647
f 1648 1650 1644
f 1646 1650 1645
f 1649 1647 1645
f 1645 1650 1649
f 1649 1648 1647
f 1650 1648 1649

